symbol	binding	section_class	size_hex	source	object
g_gs_driver	local	bss	0x0	src/app/main_bootstrap.c	app/main_bootstrap.o
g_unknown_magic	local	bss	0x0	src/app/main_bootstrap.c	app/main_bootstrap.o
main_bootstrap_recovered	global	text	0x164	src/app/main_bootstrap.c	app/main_bootstrap.o
main_after_cdvd_recovered	global	text	0x170	src/app/main_flow_recovered.c	app/main_flow_recovered.o
xor_words	local	text	0x48	src/app/main_flow_recovered.c	app/main_flow_recovered.o
leaf_relation_a	local	text	0x38	src/ps2/address_leaf_recovered.c	ps2/address_leaf_recovered.o
snes_leaf_00101814	global	text	0x2c	src/ps2/address_leaf_recovered.c	ps2/address_leaf_recovered.o
snes_leaf_00101858	global	text	0x8	src/ps2/address_leaf_recovered.c	ps2/address_leaf_recovered.o
snes_leaf_00101860	global	text	0x8	src/ps2/address_leaf_recovered.c	ps2/address_leaf_recovered.o
snes_leaf_00101878	global	text	0x8	src/ps2/address_leaf_recovered.c	ps2/address_leaf_recovered.o
snes_leaf_00101880	global	text	0x8	src/ps2/address_leaf_recovered.c	ps2/address_leaf_recovered.o
snes_leaf_00101888	global	text	0x8	src/ps2/address_leaf_recovered.c	ps2/address_leaf_recovered.o
snes_leaf_001018fc	global	text	0x8	src/ps2/address_leaf_recovered.c	ps2/address_leaf_recovered.o
snes_leaf_00101904	global	text	0x8	src/ps2/address_leaf_recovered.c	ps2/address_leaf_recovered.o
snes_leaf_0010190c	global	text	0x8	src/ps2/address_leaf_recovered.c	ps2/address_leaf_recovered.o
snes_leaf_00101914	global	text	0x8	src/ps2/address_leaf_recovered.c	ps2/address_leaf_recovered.o
snes_leaf_0010191c	global	text	0x8	src/ps2/address_leaf_recovered.c	ps2/address_leaf_recovered.o
snes_leaf_001019a0	global	text	0x8	src/ps2/address_leaf_recovered.c	ps2/address_leaf_recovered.o
snes_leaf_00103cb0	global	text	0x1c	src/ps2/address_leaf_recovered.c	ps2/address_leaf_recovered.o
snes_leaf_001041c0	global	text	0x2c	src/ps2/address_leaf_recovered.c	ps2/address_leaf_recovered.o
snes_leaf_0010421c	global	text	0x18	src/ps2/address_leaf_recovered.c	ps2/address_leaf_recovered.o
snes_leaf_00104e48	global	text	0x8	src/ps2/address_leaf_recovered.c	ps2/address_leaf_recovered.o
snes_leaf_00104e50	global	text	0x8	src/ps2/address_leaf_recovered.c	ps2/address_leaf_recovered.o
snes_leaf_001056b0	global	text	0x8	src/ps2/address_leaf_recovered.c	ps2/address_leaf_recovered.o
snes_leaf_001056b8	global	text	0x8	src/ps2/address_leaf_recovered.c	ps2/address_leaf_recovered.o
snes_leaf_0010a768	global	text	0x1c	src/ps2/address_leaf_recovered.c	ps2/address_leaf_recovered.o
snes_leaf_0010a7ac	global	text	0x3c	src/ps2/address_leaf_recovered.c	ps2/address_leaf_recovered.o
snes_leaf_0010a7fc	global	text	0x1c	src/ps2/address_leaf_recovered.c	ps2/address_leaf_recovered.o
snes_leaf_0010e33c	global	text	0xc	src/ps2/address_leaf_recovered.c	ps2/address_leaf_recovered.o
snes_leaf_0010e348	global	text	0xc	src/ps2/address_leaf_recovered.c	ps2/address_leaf_recovered.o
snes_leaf_0010e354	global	text	0xc	src/ps2/address_leaf_recovered.c	ps2/address_leaf_recovered.o
snes_leaf_001140e0	global	text	0x10	src/ps2/address_leaf_recovered.c	ps2/address_leaf_recovered.o
snes_leaf_00116128	global	text	0x48	src/ps2/address_leaf_recovered.c	ps2/address_leaf_recovered.o
snes_leaf_00116174	global	text	0x30	src/ps2/address_leaf_recovered.c	ps2/address_leaf_recovered.o
snes_leaf_0012c13c	global	text	0x20	src/ps2/address_leaf_recovered.c	ps2/address_leaf_recovered.o
snes_leaf_0012c160	global	text	0x28	src/ps2/address_leaf_recovered.c	ps2/address_leaf_recovered.o
snes_leaf_0012de60	global	text	0x50	src/ps2/address_leaf_recovered.c	ps2/address_leaf_recovered.o
snes_leaf_0012deb0	global	text	0x50	src/ps2/address_leaf_recovered.c	ps2/address_leaf_recovered.o
snes_leaf_0012df50	global	text	0xbc	src/ps2/address_leaf_recovered.c	ps2/address_leaf_recovered.o
snes_leaf_0012dfb0	global	text	0x44	src/ps2/address_leaf_recovered.c	ps2/address_leaf_recovered.o
snes_leaf_0012dffc	global	text	0x4c	src/ps2/address_leaf_recovered.c	ps2/address_leaf_recovered.o
snes_leaf_0012e2c4	global	text	0x8	src/ps2/address_leaf_recovered.c	ps2/address_leaf_recovered.o
snes_leaf_0012e2d0	global	text	0xc	src/ps2/address_leaf_recovered.c	ps2/address_leaf_recovered.o
snes_leaf_0012e568	global	text	0x48	src/ps2/address_leaf_recovered.c	ps2/address_leaf_recovered.o
snes_leaf_0012fe5c	global	text	0x38	src/ps2/address_leaf_recovered.c	ps2/address_leaf_recovered.o
snes_leaf_0012fe9c	global	text	0x10	src/ps2/address_leaf_recovered.c	ps2/address_leaf_recovered.o
snes_leaf_0012feb4	global	text	0x8	src/ps2/address_leaf_recovered.c	ps2/address_leaf_recovered.o
snes_leaf_0012febc	global	text	0x8	src/ps2/address_leaf_recovered.c	ps2/address_leaf_recovered.o
snes_leaf_00148338	global	text	0x5c	src/ps2/address_leaf_recovered.c	ps2/address_leaf_recovered.o
snes_leaf_00150c90	global	text	0x48	src/ps2/address_leaf_recovered.c	ps2/address_leaf_recovered.o
snes_leaf_001535c0	global	text	0x34	src/ps2/address_leaf_recovered.c	ps2/address_leaf_recovered.o
snes_leaf_00156884	global	text	0x24	src/ps2/address_leaf_recovered.c	ps2/address_leaf_recovered.o
snes_leaf_001568c4	global	text	0x1c	src/ps2/address_leaf_recovered.c	ps2/address_leaf_recovered.o
snes_leaf_00156914	global	text	0x1c	src/ps2/address_leaf_recovered.c	ps2/address_leaf_recovered.o
snes_leaf_00158b3c	global	text	0x20	src/ps2/address_leaf_recovered.c	ps2/address_leaf_recovered.o
snes_leaf_00158b5c	global	text	0x18	src/ps2/address_leaf_recovered.c	ps2/address_leaf_recovered.o
snes_leaf_00158fd0	global	text	0xc	src/ps2/address_leaf_recovered.c	ps2/address_leaf_recovered.o
snes_leaf_00158fdc	global	text	0x14	src/ps2/address_leaf_recovered.c	ps2/address_leaf_recovered.o
snes_leaf_0015e190	global	text	0x8	src/ps2/address_leaf_recovered.c	ps2/address_leaf_recovered.o
snes_leaf_0016fcd4	global	text	0x34	src/ps2/address_leaf_recovered.c	ps2/address_leaf_recovered.o
snes_leaf_001701fc	global	text	0x8	src/ps2/address_leaf_recovered.c	ps2/address_leaf_recovered.o
snes_leaf_00171de8	global	text	0x24	src/ps2/address_leaf_recovered.c	ps2/address_leaf_recovered.o
snes_leaf_00173dfc	global	text	0x54	src/ps2/address_leaf_recovered.c	ps2/address_leaf_recovered.o
snes_leaf_00173e4c	global	text	0x1c	src/ps2/address_leaf_recovered.c	ps2/address_leaf_recovered.o
snes_leaf_00174204	global	text	0x28	src/ps2/address_leaf_recovered.c	ps2/address_leaf_recovered.o
snes_leaf_001742e8	global	text	0xc	src/ps2/address_leaf_recovered.c	ps2/address_leaf_recovered.o
snes_leaf_00174720	global	text	0x8	src/ps2/address_leaf_recovered.c	ps2/address_leaf_recovered.o
snes_leaf_00174860	global	text	0x14	src/ps2/address_leaf_recovered.c	ps2/address_leaf_recovered.o
snes_leaf_0017487c	global	text	0xc	src/ps2/address_leaf_recovered.c	ps2/address_leaf_recovered.o
snes_leaf_0017ec24	global	text	0x30	src/ps2/address_leaf_recovered.c	ps2/address_leaf_recovered.o
snes_leaf_0018339c	global	text	0x8	src/ps2/address_leaf_recovered.c	ps2/address_leaf_recovered.o
snes_leaf_00183660	global	text	0x10	src/ps2/address_leaf_recovered.c	ps2/address_leaf_recovered.o
snes_leaf_00193290	global	text	0x8	src/ps2/address_leaf_recovered.c	ps2/address_leaf_recovered.o
__alloc_heap_base	global	data	0x4	src/ps2/alloc.c	ps2/alloc.o
__alloc_heap_head	global	data	0x4	src/ps2/alloc.c	ps2/alloc.o
__alloc_heap_tail	global	data	0x4	src/ps2/alloc.c	ps2/alloc.o
_heap_mem_fit	global	text	0x48	src/ps2/alloc.c	ps2/alloc.o
calloc	global	weak-text	0x54	src/ps2/alloc.c	ps2/alloc.o
free	global	weak-text	0xf0	src/ps2/alloc.c	ps2/alloc.o
malloc	global	weak-text	0x1b4	src/ps2/alloc.c	ps2/alloc.o
memalign	global	weak-text	0xec	src/ps2/alloc.c	ps2/alloc.o
ModPuts	global	text	0x148	src/ps2/amigamod_rpc.c	ps2/amigamod_rpc.o
amigaModGetInfo	global	text	0x98	src/ps2/amigamod_rpc.c	ps2/amigamod_rpc.o
amigaModInit	global	text	0xe8	src/ps2/amigamod_rpc.c	ps2/amigamod_rpc.o
amigaModLoad	global	text	0xe0	src/ps2/amigamod_rpc.c	ps2/amigamod_rpc.o
amigaModPause	global	text	0x60	src/ps2/amigamod_rpc.c	ps2/amigamod_rpc.o
amigaModPlay	global	text	0x70	src/ps2/amigamod_rpc.c	ps2/amigamod_rpc.o
amigaModQuit	global	text	0x6c	src/ps2/amigamod_rpc.c	ps2/amigamod_rpc.o
amigaModSetVolume	global	text	0x6c	src/ps2/amigamod_rpc.c	ps2/amigamod_rpc.o
ammodi	local	data	0x4	src/ps2/amigamod_rpc.c	ps2/amigamod_rpc.o
amodCd	local	bss	0x0	src/ps2/amigamod_rpc.c	ps2/amigamod_rpc.o
iopmodimg	local	data	0x4	src/ps2/amigamod_rpc.c	ps2/amigamod_rpc.o
sbuff	local	bss	0x0	src/ps2/amigamod_rpc.c	ps2/amigamod_rpc.o
SjPCM_Quit_001077f8	global	text	0x2c	src/ps2/audio_rpc_recovered.c	ps2/audio_rpc_recovered.o
SjPCM_Setvol_001078f8	global	text	0x30	src/ps2/audio_rpc_recovered.c	ps2/audio_rpc_recovered.o
amigaModGetPosition_00107e14	global	text	0x2c	src/ps2/audio_rpc_recovered.c	ps2/audio_rpc_recovered.o
amigaModInit_00107b1c	global	text	0x30	src/ps2/audio_rpc_recovered.c	ps2/audio_rpc_recovered.o
amigaModLoad_00107c64	global	text	0x3c	src/ps2/audio_rpc_recovered.c	ps2/audio_rpc_recovered.o
amigaModPause_00107b7c	global	text	0x30	src/ps2/audio_rpc_recovered.c	ps2/audio_rpc_recovered.o
amigaModPlay_00107d44	global	text	0x30	src/ps2/audio_rpc_recovered.c	ps2/audio_rpc_recovered.o
amigaModQuit_00107f18	global	text	0x2c	src/ps2/audio_rpc_recovered.c	ps2/audio_rpc_recovered.o
amigaModSetVolume_00107db4	global	text	0x30	src/ps2/audio_rpc_recovered.c	ps2/audio_rpc_recovered.o
call	local	text	0x50	src/ps2/audio_rpc_recovered.c	ps2/audio_rpc_recovered.o
is_sram_extension_00106bcc	global	text	0x3c	src/ps2/audio_rpc_recovered.c	ps2/audio_rpc_recovered.o
snes_p28_0010c340	global	text	0x3b8	src/ps2/c4convoam.S	ps2/c4convoam.o
snes_p28_0010c6f8	global	text	0x4b8	src/ps2/c4doscalerotate.S	ps2/c4doscalerotate.o
snes_p28_0010cfa4	global	text	0x304	src/ps2/c4transformlines.S	ps2/c4transformlines.o
CDVD_DiskReady	global	text	0x6c	src/ps2/cdvd_rpc.c	ps2/cdvd_rpc.o
CDVD_FindFile	global	text	0xa0	src/ps2/cdvd_rpc.c	ps2/cdvd_rpc.o
CDVD_FlushCache	global	text	0x58	src/ps2/cdvd_rpc.c	ps2/cdvd_rpc.o
CDVD_GetSize	global	text	0x60	src/ps2/cdvd_rpc.c	ps2/cdvd_rpc.o
CDVD_Init	global	text	0x90	src/ps2/cdvd_rpc.c	ps2/cdvd_rpc.o
CDVD_Stop	global	text	0x58	src/ps2/cdvd_rpc.c	ps2/cdvd_rpc.o
CDVD_TrayReq	global	text	0x68	src/ps2/cdvd_rpc.c	ps2/cdvd_rpc.o
CDVD_getdir	global	text	0x118	src/ps2/cdvd_rpc.c	ps2/cdvd_rpc.o
cd0	local	bss	0x0	src/ps2/cdvd_rpc.c	ps2/cdvd_rpc.o
cdvd_inited	global	data	0x4	src/ps2/cdvd_rpc.c	ps2/cdvd_rpc.o
sbuff	local	bss	0x0	src/ps2/cdvd_rpc.c	ps2/cdvd_rpc.o
snes_operator_delete	global	text	0x30	src/ps2/cpp_runtime_recovered.c	ps2/cpp_runtime_recovered.o
snes_operator_delete_array	global	text	0x1c	src/ps2/cpp_runtime_recovered.c	ps2/cpp_runtime_recovered.o
snes_operator_new_array	global	text	0x30	src/ps2/cpp_runtime_recovered.c	ps2/cpp_runtime_recovered.o
snes_set_terminate	global	text	0xc	src/ps2/cpp_runtime_recovered.c	ps2/cpp_runtime_recovered.o
snes_set_unexpected	global	text	0xc	src/ps2/cpp_runtime_recovered.c	ps2/cpp_runtime_recovered.o
snes_std_terminate	global	text	0x20	src/ps2/cpp_runtime_recovered.c	ps2/cpp_runtime_recovered.o
snes_std_unexpected	global	text	0x20	src/ps2/cpp_runtime_recovered.c	ps2/cpp_runtime_recovered.o
snes_unexpected_core	global	text	0x3c	src/ps2/cpp_runtime_recovered.c	ps2/cpp_runtime_recovered.o
isalnum	global	text	0x4c	src/ps2/ctype.c	ps2/ctype.o
isalpha	global	text	0x4c	src/ps2/ctype.c	ps2/ctype.o
iscntrl	global	text	0x1c	src/ps2/ctype.c	ps2/ctype.o
isdigit	global	text	0x14	src/ps2/ctype.c	ps2/ctype.o
isgraph	global	text	0x40	src/ps2/ctype.c	ps2/ctype.o
islower	global	text	0x14	src/ps2/ctype.c	ps2/ctype.o
isprint	global	text	0x20	src/ps2/ctype.c	ps2/ctype.o
ispunct	global	text	0x50	src/ps2/ctype.c	ps2/ctype.o
isspace	global	text	0x20	src/ps2/ctype.c	ps2/ctype.o
isupper	global	text	0x14	src/ps2/ctype.c	ps2/ctype.o
isxdigit	global	text	0x48	src/ps2/ctype.c	ps2/ctype.o
tolower	global	text	0x30	src/ps2/ctype.c	ps2/ctype.o
toupper	global	text	0x30	src/ps2/ctype.c	ps2/ctype.o
SyncDCache_001ab3c0	global	text	0xb4	src/ps2/ee_cache_recovered.c	ps2/ee_cache_recovered.o
iSyncDCache_001ab440	global	text	0xec	src/ps2/ee_cache_recovered.c	ps2/ee_cache_recovered.o
_fio_block_mode	global	data	0x4	src/ps2/fileio.c	ps2/fileio.o
_fio_cd	global	data	0x28	src/ps2/fileio.c	ps2/fileio.o
_fio_completion_sema	global	data	0x4	src/ps2/fileio.c	ps2/fileio.o
_fio_init	global	data	0x4	src/ps2/fileio.c	ps2/fileio.o
_fio_intr	global	text	0x20	src/ps2/fileio.c	ps2/fileio.o
_fio_intr_data	global	data	0x80	src/ps2/fileio.c	ps2/fileio.o
_fio_read_intr	global	text	0x98	src/ps2/fileio.c	ps2/fileio.o
_fio_recv_data	global	data	0x800	src/ps2/fileio.c	ps2/fileio.o
fioClose	global	text	0x90	src/ps2/fileio.c	ps2/fileio.o
fioGets	global	text	0xa8	src/ps2/fileio.c	ps2/fileio.o
fioInit	global	text	0xec	src/ps2/fileio.c	ps2/fileio.o
fioLseek	global	text	0xb0	src/ps2/fileio.c	ps2/fileio.o
fioMkdir	global	text	0xa0	src/ps2/fileio.c	ps2/fileio.o
fioOpen	global	text	0xd0	src/ps2/fileio.c	ps2/fileio.o
fioPutc	global	text	0x24	src/ps2/fileio.c	ps2/fileio.o
fioRead	global	text	0x128	src/ps2/fileio.c	ps2/fileio.o
fioSetBlockMode	global	text	0xc	src/ps2/fileio.c	ps2/fileio.o
fioSync	global	text	0xd8	src/ps2/fileio.c	ps2/fileio.o
fioWrite	global	text	0x120	src/ps2/fileio.c	ps2/fileio.o
remove_list	local	text	0x44	src/ps2/gcc_fde_runtime_recovered.c	ps2/gcc_fde_runtime_recovered.o
s16	local	text	0x28	src/ps2/gcc_fde_runtime_recovered.c	ps2/gcc_fde_runtime_recovered.o
s32	local	text	0x28	src/ps2/gcc_fde_runtime_recovered.c	ps2/gcc_fde_runtime_recovered.o
s64	local	text	0x28	src/ps2/gcc_fde_runtime_recovered.c	ps2/gcc_fde_runtime_recovered.o
snes___deregister_frame	global	text	0x58	src/ps2/gcc_fde_runtime_recovered.c	ps2/gcc_fde_runtime_recovered.o
snes___deregister_frame_info	global	text	0x1c	src/ps2/gcc_fde_runtime_recovered.c	ps2/gcc_fde_runtime_recovered.o
snes___deregister_frame_info_bases	global	text	0x74	src/ps2/gcc_fde_runtime_recovered.c	ps2/gcc_fde_runtime_recovered.o
snes___register_frame	global	text	0x5c	src/ps2/gcc_fde_runtime_recovered.c	ps2/gcc_fde_runtime_recovered.o
snes___register_frame_info	global	text	0x20	src/ps2/gcc_fde_runtime_recovered.c	ps2/gcc_fde_runtime_recovered.o
snes___register_frame_info_bases	global	text	0xa0	src/ps2/gcc_fde_runtime_recovered.c	ps2/gcc_fde_runtime_recovered.o
snes___register_frame_info_table	global	text	0x20	src/ps2/gcc_fde_runtime_recovered.c	ps2/gcc_fde_runtime_recovered.o
snes___register_frame_info_table_bases	global	text	0x80	src/ps2/gcc_fde_runtime_recovered.c	ps2/gcc_fde_runtime_recovered.o
snes___register_frame_table	global	text	0x30	src/ps2/gcc_fde_runtime_recovered.c	ps2/gcc_fde_runtime_recovered.o
snes_fde_alloc_object	local	text	0x28	src/ps2/gcc_fde_runtime_recovered.c	ps2/gcc_fde_runtime_recovered.o
snes_fde_base_from_object	global	text	0x80	src/ps2/gcc_fde_runtime_recovered.c	ps2/gcc_fde_runtime_recovered.o
snes_fde_get_cie_encoding	global	text	0x134	src/ps2/gcc_fde_runtime_recovered.c	ps2/gcc_fde_runtime_recovered.o
snes_fde_objects	local	bss	0x0	src/ps2/gcc_fde_runtime_recovered.c	ps2/gcc_fde_runtime_recovered.o
snes_fde_read_encoded_value_with_base	global	text	0x1d8	src/ps2/gcc_fde_runtime_recovered.c	ps2/gcc_fde_runtime_recovered.o
snes_fde_read_sleb128	global	text	0x60	src/ps2/gcc_fde_runtime_recovered.c	ps2/gcc_fde_runtime_recovered.o
snes_fde_read_uleb128	global	text	0x3c	src/ps2/gcc_fde_runtime_recovered.c	ps2/gcc_fde_runtime_recovered.o
snes_fde_seen_objects	local	bss	0x0	src/ps2/gcc_fde_runtime_recovered.c	ps2/gcc_fde_runtime_recovered.o
snes_fde_size_of_encoded_value	global	text	0x6c	src/ps2/gcc_fde_runtime_recovered.c	ps2/gcc_fde_runtime_recovered.o
u16	local	text	0x28	src/ps2/gcc_fde_runtime_recovered.c	ps2/gcc_fde_runtime_recovered.o
u32	local	text	0x28	src/ps2/gcc_fde_runtime_recovered.c	ps2/gcc_fde_runtime_recovered.o
u64	local	text	0x28	src/ps2/gcc_fde_runtime_recovered.c	ps2/gcc_fde_runtime_recovered.o
load_s16_unaligned	local	text	0x28	src/ps2/gcc_unwind_pe_recovered.c	ps2/gcc_unwind_pe_recovered.o
load_s32_unaligned	local	text	0x28	src/ps2/gcc_unwind_pe_recovered.c	ps2/gcc_unwind_pe_recovered.o
load_s64_unaligned	local	text	0x28	src/ps2/gcc_unwind_pe_recovered.c	ps2/gcc_unwind_pe_recovered.o
load_u32_unaligned	local	text	0x28	src/ps2/gcc_unwind_pe_recovered.c	ps2/gcc_unwind_pe_recovered.o
load_u64_unaligned	local	text	0x28	src/ps2/gcc_unwind_pe_recovered.c	ps2/gcc_unwind_pe_recovered.o
snes_Unwind_GetDataRelBase	global	text	0x1c	src/ps2/gcc_unwind_pe_recovered.c	ps2/gcc_unwind_pe_recovered.o
snes_Unwind_GetGR	global	text	0x34	src/ps2/gcc_unwind_pe_recovered.c	ps2/gcc_unwind_pe_recovered.o
snes_Unwind_GetIP	global	text	0x1c	src/ps2/gcc_unwind_pe_recovered.c	ps2/gcc_unwind_pe_recovered.o
snes_Unwind_GetLanguageSpecificData	global	text	0x1c	src/ps2/gcc_unwind_pe_recovered.c	ps2/gcc_unwind_pe_recovered.o
snes_Unwind_GetRegionStart	global	text	0x1c	src/ps2/gcc_unwind_pe_recovered.c	ps2/gcc_unwind_pe_recovered.o
snes_Unwind_GetTextRelBase	global	text	0x1c	src/ps2/gcc_unwind_pe_recovered.c	ps2/gcc_unwind_pe_recovered.o
snes_Unwind_SetGR	global	text	0x34	src/ps2/gcc_unwind_pe_recovered.c	ps2/gcc_unwind_pe_recovered.o
snes_Unwind_SetIP	global	text	0x28	src/ps2/gcc_unwind_pe_recovered.c	ps2/gcc_unwind_pe_recovered.o
snes_base_of_encoded_value	global	text	0xb8	src/ps2/gcc_unwind_pe_recovered.c	ps2/gcc_unwind_pe_recovered.o
snes_read_encoded_value_with_base	global	text	0x1d0	src/ps2/gcc_unwind_pe_recovered.c	ps2/gcc_unwind_pe_recovered.o
snes_read_sleb128	global	text	0x60	src/ps2/gcc_unwind_pe_recovered.c	ps2/gcc_unwind_pe_recovered.o
snes_read_uleb128	global	text	0x3c	src/ps2/gcc_unwind_pe_recovered.c	ps2/gcc_unwind_pe_recovered.o
snes_size_of_encoded_value	global	text	0x6c	src/ps2/gcc_unwind_pe_recovered.c	ps2/gcc_unwind_pe_recovered.o
DisableDmac	global	text	0x78	src/ps2/glue.c	ps2/glue.o
EnableDmac	global	text	0x78	src/ps2/glue.c	ps2/glue.o
ee_load64	local	text	0x28	src/ps2/gs_fifo_recovered.c	ps2/gs_fifo_recovered.o
ee_store64	local	text	0x24	src/ps2/gs_fifo_recovered.c	ps2/gs_fifo_recovered.o
gsPipe_FlushCheck_001998b8	global	text	0x40	src/ps2/gs_fifo_recovered.c	ps2/gs_fifo_recovered.o
gsPipe_FlushInt_00199970	global	text	0x3c	src/ps2/gs_fifo_recovered.c	ps2/gs_fifo_recovered.o
gsPipe_Flush_001998f8	global	text	0x3c	src/ps2/gs_fifo_recovered.c	ps2/gs_fifo_recovered.o
gsPipe_InitPipe_00199838	global	text	0x3c	src/ps2/gs_fifo_recovered.c	ps2/gs_fifo_recovered.o
gsPipe_getBytesLeft_00199898	global	text	0x1c	src/ps2/gs_fifo_recovered.c	ps2/gs_fifo_recovered.o
gsPipe_getPipeSize_00199830	global	text	0x8	src/ps2/gs_fifo_recovered.c	ps2/gs_fifo_recovered.o
gsPipe_setDrawFrame_00199dc0	global	text	0x100	src/ps2/gs_fifo_recovered.c	ps2/gs_fifo_recovered.o
select_other_pipe	local	text	0x60	src/ps2/gs_fifo_recovered.c	ps2/gs_fifo_recovered.o
bytes_per_pixel	local	text	0x48	src/ps2/gsdriver_recovered.c	ps2/gsdriver_recovered.o
gsDriver_AddVSyncCallback_001993c8	global	text	0x30	src/ps2/gsdriver_recovered.c	ps2/gsdriver_recovered.o
gsDriver_DisableVSyncCallbacks_00199460	global	text	0x1c	src/ps2/gsdriver_recovered.c	ps2/gsdriver_recovered.o
gsDriver_DisplayNextFrame_00199290	global	text	0x68	src/ps2/gsdriver_recovered.c	ps2/gsdriver_recovered.o
gsDriver_DrawBufferComplete_00199268	global	text	0x24	src/ps2/gsdriver_recovered.c	ps2/gsdriver_recovered.o
gsDriver_EnableVSyncCallbacks_00199440	global	text	0x1c	src/ps2/gsdriver_recovered.c	ps2/gsdriver_recovered.o
gsDriver_InitGraphField_00199160	global	text	0x14	src/ps2/gsdriver_recovered.c	ps2/gsdriver_recovered.o
gsDriver_RemoveVSyncCallback_00199420	global	text	0x18	src/ps2/gsdriver_recovered.c	ps2/gsdriver_recovered.o
gsDriver_clearScreen_001990f8	global	text	0x64	src/ps2/gsdriver_recovered.c	ps2/gsdriver_recovered.o
gsDriver_ctor_00198c58	global	text	0x1c	src/ps2/gsdriver_recovered.c	ps2/gsdriver_recovered.o
gsDriver_ctor_00198cc8	global	text	0x1c	src/ps2/gsdriver_recovered.c	ps2/gsdriver_recovered.o
gsDriver_ctor_body	local	text	0x70	src/ps2/gsdriver_recovered.c	ps2/gsdriver_recovered.o
gsDriver_dtor_00198d38	global	text	0x1c	src/ps2/gsdriver_recovered.c	ps2/gsdriver_recovered.o
gsDriver_dtor_00198d58	global	text	0x1c	src/ps2/gsdriver_recovered.c	ps2/gsdriver_recovered.o
gsDriver_getCurrentDisplayBuffer_001991a0	global	text	0x8	src/ps2/gsdriver_recovered.c	ps2/gsdriver_recovered.o
gsDriver_getCurrentDrawBuffer_001991a8	global	text	0x8	src/ps2/gsdriver_recovered.c	ps2/gsdriver_recovered.o
gsDriver_getFrameBufferBase_00199178	global	text	0x1c	src/ps2/gsdriver_recovered.c	ps2/gsdriver_recovered.o
gsDriver_getTextureBufferBase_00199198	global	text	0x8	src/ps2/gsdriver_recovered.c	ps2/gsdriver_recovered.o
gsDriver_isDisplayBufferAvailable_001991f8	global	text	0xc	src/ps2/gsdriver_recovered.c	ps2/gsdriver_recovered.o
gsDriver_isDrawBufferAvailable_001991e8	global	text	0xc	src/ps2/gsdriver_recovered.c	ps2/gsdriver_recovered.o
gsDriver_setDisplayBuffer_001992f8	global	text	0x60	src/ps2/gsdriver_recovered.c	ps2/gsdriver_recovered.o
gsDriver_setDisplayMode_00198d78	global	text	0x210	src/ps2/gsdriver_recovered.c	ps2/gsdriver_recovered.o
gsDriver_setDisplayPosition_00199070	global	text	0x44	src/ps2/gsdriver_recovered.c	ps2/gsdriver_recovered.o
gsDriver_setDrawBuffer_00199360	global	text	0x5c	src/ps2/gsdriver_recovered.c	ps2/gsdriver_recovered.o
gsDriver_setNextDrawBuffer_00199208	global	text	0x5c	src/ps2/gsdriver_recovered.c	ps2/gsdriver_recovered.o
gsDriver_swapBuffers_001991b0	global	text	0x34	src/ps2/gsdriver_recovered.c	ps2/gsdriver_recovered.o
make_display1	local	text	0x74	src/ps2/gsdriver_recovered.c	ps2/gsdriver_recovered.o
round_frame_8k	local	text	0x20	src/ps2/gsdriver_recovered.c	ps2/gsdriver_recovered.o
write64	local	text	0x8	src/ps2/gsdriver_recovered.c	ps2/gsdriver_recovered.o
font_pipe	local	text	0x8	src/ps2/gsfont_recovered.c	ps2/gsfont_recovered.o
gsDriver_getTexSizeFromInt_001b0790	global	text	0x44	src/ps2/gsfont_recovered.c	ps2/gsfont_recovered.o
gsFont_GetCurrLineLength_0019bad0	global	text	0x84	src/ps2/gsfont_recovered.c	ps2/gsfont_recovered.o
gsFont_PrintLine_0019bb68	global	text	0x1bc	src/ps2/gsfont_recovered.c	ps2/gsfont_recovered.o
gsFont_Print_0019b948	global	text	0x180	src/ps2/gsfont_recovered.c	ps2/gsfont_recovered.o
gsFont_uploadFont_0019b7f0	global	text	0xf8	src/ps2/gsfont_recovered.c	ps2/gsfont_recovered.o
ClearVRcount_0019bd88	global	text	0xc	src/ps2/gslib_hw_recovered.c	ps2/gslib_hw_recovered.o
Dma02Wait.poll	local	text	0x0	src/ps2/gslib_hw_recovered.c	ps2/gslib_hw_recovered.o
Dma02Wait_0019be40	global	text	0x30	src/ps2/gslib_hw_recovered.c	ps2/gslib_hw_recovered.o
DmaReset_0019bd98	global	text	0x84	src/ps2/gslib_hw_recovered.c	ps2/gslib_hw_recovered.o
SendDma02_0019be20	global	text	0x20	src/ps2/gslib_hw_recovered.c	ps2/gslib_hw_recovered.o
TestVRstart_0019bd78	global	text	0xc	src/ps2/gslib_hw_recovered.c	ps2/gslib_hw_recovered.o
VRcount_recovered	local	data	0x4	src/ps2/gslib_hw_recovered.c	ps2/gslib_hw_recovered.o
VRstart_handler_0019bd38	global	text	0x14	src/ps2/gslib_hw_recovered.c	ps2/gslib_hw_recovered.o
WaitForNextVRstart_0019bd50	global	text	0x24	src/ps2/gslib_hw_recovered.c	ps2/gslib_hw_recovered.o
dma_add_qwc	local	text	0x58	src/ps2/gspipe_recovered.c	ps2/gspipe_recovered.o
ee_load64	local	text	0x28	src/ps2/gspipe_recovered.c	ps2/gspipe_recovered.o
ee_store64	local	text	0x24	src/ps2/gspipe_recovered.c	ps2/gspipe_recovered.o
emit_single_ad	local	text	0x9c	src/ps2/gspipe_recovered.c	ps2/gspipe_recovered.o
gsPipe_Line_0019a748	global	text	0x134	src/ps2/gspipe_recovered.c	ps2/gspipe_recovered.o
gsPipe_Point_0019b2c8	global	text	0x11c	src/ps2/gspipe_recovered.c	ps2/gspipe_recovered.o
gsPipe_ReInit_00199848	global	text	0x4c	src/ps2/gspipe_recovered.c	ps2/gspipe_recovered.o
gsPipe_RectFlat_0019adf8	global	text	0x174	src/ps2/gspipe_recovered.c	ps2/gspipe_recovered.o
gsPipe_RectGouraud_0019b170	global	text	0x1dc	src/ps2/gspipe_recovered.c	ps2/gspipe_recovered.o
gsPipe_RectLine_0019af08	global	text	0x198	src/ps2/gspipe_recovered.c	ps2/gspipe_recovered.o
gsPipe_RectTexture_0019b028	global	text	0x178	src/ps2/gspipe_recovered.c	ps2/gspipe_recovered.o
gsPipe_TextureDownload_0019a240	global	text	0x28	src/ps2/gspipe_recovered.c	ps2/gspipe_recovered.o
gsPipe_TextureFlush_0019a500	global	text	0x84	src/ps2/gspipe_recovered.c	ps2/gspipe_recovered.o
gsPipe_TextureSet_0019a588	global	text	0x270	src/ps2/gspipe_recovered.c	ps2/gspipe_recovered.o
gsPipe_TextureUpload_00199f88	global	text	0x24	src/ps2/gspipe_recovered.c	ps2/gspipe_recovered.o
gsPipe_TriStripGouraudTexture_0019b568	global	text	0x28c	src/ps2/gspipe_recovered.c	ps2/gspipe_recovered.o
gsPipe_TriStripGouraud_0019b3a8	global	text	0x210	src/ps2/gspipe_recovered.c	ps2/gspipe_recovered.o
gsPipe_TriangleFlat_0019a9c0	global	text	0x178	src/ps2/gspipe_recovered.c	ps2/gspipe_recovered.o
gsPipe_TriangleGouraud_0019aae8	global	text	0x1b4	src/ps2/gspipe_recovered.c	ps2/gspipe_recovered.o
gsPipe_TriangleLine_0019a838	global	text	0x1e8	src/ps2/gspipe_recovered.c	ps2/gspipe_recovered.o
gsPipe_TriangleTexture_0019ac40	global	text	0x1d4	src/ps2/gspipe_recovered.c	ps2/gspipe_recovered.o
gsPipe_assign_00199740	global	text	0xf0	src/ps2/gspipe_recovered.c	ps2/gspipe_recovered.o
gsPipe_copy_ctor_00199700	global	text	0x1c	src/ps2/gspipe_recovered.c	ps2/gspipe_recovered.o
gsPipe_copy_ctor_00199720	global	text	0x1c	src/ps2/gspipe_recovered.c	ps2/gspipe_recovered.o
gsPipe_ctor_00199480	global	text	0x1c	src/ps2/gspipe_recovered.c	ps2/gspipe_recovered.o
gsPipe_ctor_00199590	global	text	0x1c	src/ps2/gspipe_recovered.c	ps2/gspipe_recovered.o
gsPipe_ctor_body	local	text	0x110	src/ps2/gspipe_recovered.c	ps2/gspipe_recovered.o
gsPipe_dtor_001996a0	global	text	0x1c	src/ps2/gspipe_recovered.c	ps2/gspipe_recovered.o
gsPipe_dtor_001996d0	global	text	0x1c	src/ps2/gspipe_recovered.c	ps2/gspipe_recovered.o
gsPipe_dtor_body	local	text	0x30	src/ps2/gspipe_recovered.c	ps2/gspipe_recovered.o
gsPipe_setAlphaEnable_00199b80	global	text	0xcc	src/ps2/gspipe_recovered.c	ps2/gspipe_recovered.o
gsPipe_setColClamp_00199cd0	global	text	0x24	src/ps2/gspipe_recovered.c	ps2/gspipe_recovered.o
gsPipe_setDither_00199c58	global	text	0x24	src/ps2/gspipe_recovered.c	ps2/gspipe_recovered.o
gsPipe_setFilterMethod_0019a580	global	text	0x8	src/ps2/gspipe_recovered.c	ps2/gspipe_recovered.o
gsPipe_setOrigin_00199e58	global	text	0x54	src/ps2/gspipe_recovered.c	ps2/gspipe_recovered.o
gsPipe_setPrModeCont_00199d48	global	text	0x24	src/ps2/gspipe_recovered.c	ps2/gspipe_recovered.o
gsPipe_setScissorRect_00199ef8	global	text	0x44	src/ps2/gspipe_recovered.c	ps2/gspipe_recovered.o
gsPipe_setZBuffer_001999e8	global	text	0xc4	src/ps2/gspipe_recovered.c	ps2/gspipe_recovered.o
gsPipe_setZTestEnable_00199aa8	global	text	0xc8	src/ps2/gspipe_recovered.c	ps2/gspipe_recovered.o
gs_bitbltbuf	local	text	0x3c	src/ps2/gspipe_recovered.c	ps2/gspipe_recovered.o
gs_colq	local	text	0x1c	src/ps2/gspipe_recovered.c	ps2/gspipe_recovered.o
gs_gif_tag	local	text	0x24	src/ps2/gspipe_recovered.c	ps2/gspipe_recovered.o
gs_prim	local	text	0x40	src/ps2/gspipe_recovered.c	ps2/gspipe_recovered.o
gs_scissor	local	text	0x2c	src/ps2/gspipe_recovered.c	ps2/gspipe_recovered.o
gs_trxpos	local	text	0x14	src/ps2/gspipe_recovered.c	ps2/gspipe_recovered.o
gs_trxreg	local	text	0x18	src/ps2/gspipe_recovered.c	ps2/gspipe_recovered.o
gs_uv	local	text	0x20	src/ps2/gspipe_recovered.c	ps2/gspipe_recovered.o
gs_xyoffset	local	text	0x1c	src/ps2/gspipe_recovered.c	ps2/gspipe_recovered.o
gs_xyz	local	text	0x28	src/ps2/gspipe_recovered.c	ps2/gspipe_recovered.o
gs_zbuf	local	text	0x24	src/ps2/gspipe_recovered.c	ps2/gspipe_recovered.o
hw_AlphaEnabled	local	bss	0x0	src/ps2/gspipe_recovered.c	ps2/gspipe_recovered.o
hw_OriginX	local	bss	0x0	src/ps2/gspipe_recovered.c	ps2/gspipe_recovered.o
hw_OriginY	local	bss	0x0	src/ps2/gspipe_recovered.c	ps2/gspipe_recovered.o
hw_ZBufferEnabled	local	bss	0x0	src/ps2/gspipe_recovered.c	ps2/gspipe_recovered.o
hw_ZTestEnabled	local	bss	0x0	src/ps2/gspipe_recovered.c	ps2/gspipe_recovered.o
packet_advance	local	text	0x14	src/ps2/gspipe_recovered.c	ps2/gspipe_recovered.o
packet_store	local	text	0x28	src/ps2/gspipe_recovered.c	ps2/gspipe_recovered.o
prim_begin	local	text	0x78	src/ps2/gspipe_recovered.c	ps2/gspipe_recovered.o
texture_qwords	local	text	0x90	src/ps2/gspipe_recovered.c	ps2/gspipe_recovered.o
texture_transfer	local	text	0x2a8	src/ps2/gspipe_recovered.c	ps2/gspipe_recovered.o
SifIopReset	global	text	0x114	src/ps2/iopcontrol.c	ps2/iopcontrol.o
SifAllocIopHeap	global	text	0x7c	src/ps2/iopheap.c	ps2/iopheap.o
SifFreeIopHeap	global	text	0x88	src/ps2/iopheap.c	ps2/iopheap.o
SifInitIopHeap	global	text	0xc8	src/ps2/iopheap.c	ps2/iopheap.o
_ih_caps	global	data	0x4	src/ps2/iopheap.c	ps2/iopheap.o
_ih_cd	global	data	0x28	src/ps2/iopheap.c	ps2/iopheap.o
AddDmacHandler	global	text	0x10	src/ps2/kernel.S	ps2/kernel.o
CreateSema	global	text	0x10	src/ps2/kernel.S	ps2/kernel.o
DeleteSema	global	text	0x10	src/ps2/kernel.S	ps2/kernel.o
FlushCache	global	text	0x10	src/ps2/kernel.S	ps2/kernel.o
PollSema	global	text	0x10	src/ps2/kernel.S	ps2/kernel.o
RemoveDmacHandler	global	text	0x10	src/ps2/kernel.S	ps2/kernel.o
SifDmaStat	global	text	0x10	src/ps2/kernel.S	ps2/kernel.o
SifGetReg	global	text	0x10	src/ps2/kernel.S	ps2/kernel.o
SifSetDChain	global	text	0x10	src/ps2/kernel.S	ps2/kernel.o
SifSetDma	global	text	0x10	src/ps2/kernel.S	ps2/kernel.o
SifSetReg	global	text	0x10	src/ps2/kernel.S	ps2/kernel.o
SifStopDma	global	text	0x10	src/ps2/kernel.S	ps2/kernel.o
SifWriteBackDCache	global	text	0xac	src/ps2/kernel.S	ps2/kernel.o
SignalSema	global	text	0x10	src/ps2/kernel.S	ps2/kernel.o
WaitSema	global	text	0x10	src/ps2/kernel.S	ps2/kernel.o
_DisableDmac	global	text	0x10	src/ps2/kernel.S	ps2/kernel.o
_EnableDmac	global	text	0x10	src/ps2/kernel.S	ps2/kernel.o
eight	local	text	0x0	src/ps2/kernel.S	ps2/kernel.o
iFlushCache	global	text	0x10	src/ps2/kernel.S	ps2/kernel.o
iSifSetDChain	global	text	0x10	src/ps2/kernel.S	ps2/kernel.o
iSifSetDma	global	text	0x10	src/ps2/kernel.S	ps2/kernel.o
iSignalSema	global	text	0x10	src/ps2/kernel.S	ps2/kernel.o
iWakeupThread	global	text	0x10	src/ps2/kernel.S	ps2/kernel.o
last	local	text	0x0	src/ps2/kernel.S	ps2/kernel.o
loop1	local	text	0x0	src/ps2/kernel.S	ps2/kernel.o
loop8	local	text	0x0	src/ps2/kernel.S	ps2/kernel.o
snes_fatal_spin_00107578	global	text	0x8	src/ps2/libc_misc_recovered.c	ps2/libc_misc_recovered.o
snes_rand_00108a34	global	text	0x58	src/ps2/libc_misc_recovered.c	ps2/libc_misc_recovered.o
ps2lib_errno_00425a70	global	data	0x4	src/ps2/libc_text_recovered.c	ps2/libc_text_recovered.o
__divdi3	global	text	0x50	src/ps2/libgcc_runtime_recovered.c	ps2/libgcc_runtime_recovered.o
double_to_raw	local	text	0x2c	src/ps2/libgcc_runtime_recovered.c	ps2/libgcc_runtime_recovered.o
raw_to_double	local	text	0x2c	src/ps2/libgcc_runtime_recovered.c	ps2/libgcc_runtime_recovered.o
snes___divdi3	global	text	0x50	src/ps2/libgcc_runtime_recovered.c	ps2/libgcc_runtime_recovered.o
snes___fixunsdfdi	global	text	0x80	src/ps2/libgcc_runtime_recovered.c	ps2/libgcc_runtime_recovered.o
snes___floatdisf	global	text	0x1c	src/ps2/libgcc_runtime_recovered.c	ps2/libgcc_runtime_recovered.o
snes___muldi3	global	text	0x80	src/ps2/libgcc_runtime_recovered.c	ps2/libgcc_runtime_recovered.o
snes___udivdi3	global	text	0x1c	src/ps2/libgcc_runtime_recovered.c	ps2/libgcc_runtime_recovered.o
snes___umoddi3	global	text	0x20	src/ps2/libgcc_runtime_recovered.c	ps2/libgcc_runtime_recovered.o
snes_dpadd	global	text	0x44	src/ps2/libgcc_runtime_recovered.c	ps2/libgcc_runtime_recovered.o
snes_dpcmp	global	text	0x94	src/ps2/libgcc_runtime_recovered.c	ps2/libgcc_runtime_recovered.o
snes_dpdiv	global	text	0x44	src/ps2/libgcc_runtime_recovered.c	ps2/libgcc_runtime_recovered.o
snes_dpmul	global	text	0x44	src/ps2/libgcc_runtime_recovered.c	ps2/libgcc_runtime_recovered.o
snes_dpsub	global	text	0x44	src/ps2/libgcc_runtime_recovered.c	ps2/libgcc_runtime_recovered.o
snes_dptofp	global	text	0x1c	src/ps2/libgcc_runtime_recovered.c	ps2/libgcc_runtime_recovered.o
snes_dptoli	global	text	0x88	src/ps2/libgcc_runtime_recovered.c	ps2/libgcc_runtime_recovered.o
snes_dptoul	global	text	0xc4	src/ps2/libgcc_runtime_recovered.c	ps2/libgcc_runtime_recovered.o
snes_fptodp	global	text	0x1c	src/ps2/libgcc_runtime_recovered.c	ps2/libgcc_runtime_recovered.o
snes_litodp	global	text	0x28	src/ps2/libgcc_runtime_recovered.c	ps2/libgcc_runtime_recovered.o
udivmod64	local	text	0x84	src/ps2/libgcc_runtime_recovered.c	ps2/libgcc_runtime_recovered.o
bind_delay_recovered	local	text	0x3c	src/ps2/libkernel_client_init_recovered.c	ps2/libkernel_client_init_recovered.o
fioInit_0019f600	global	text	0xc0	src/ps2/libkernel_client_init_recovered.c	ps2/libkernel_client_init_recovered.o
fio_block_mode_recovered	global	data	0x4	src/ps2/libkernel_client_init_recovered.c	ps2/libkernel_client_init_recovered.o
fio_cd_recovered	global	data	0x28	src/ps2/libkernel_client_init_recovered.c	ps2/libkernel_client_init_recovered.o
fio_completion_sema_recovered	global	data	0x4	src/ps2/libkernel_client_init_recovered.c	ps2/libkernel_client_init_recovered.o
fio_init_recovered	global	data	0x4	src/ps2/libkernel_client_init_recovered.c	ps2/libkernel_client_init_recovered.o
fio_intr_0019f6e8	global	text	0x20	src/ps2/libkernel_client_init_recovered.c	ps2/libkernel_client_init_recovered.o
DIntr	global	text	0x58	src/ps2/libkernel_heap_runtime_recovered.c	ps2/libkernel_heap_runtime_recovered.o
EIntr	global	text	0x28	src/ps2/libkernel_heap_runtime_recovered.c	ps2/libkernel_heap_runtime_recovered.o
EndOfHeap_0019f5c0	global	text	0x10	src/ps2/libkernel_heap_runtime_recovered.c	ps2/libkernel_heap_runtime_recovered.o
ee_status_recovered	local	text	0xc	src/ps2/libkernel_heap_runtime_recovered.c	ps2/libkernel_heap_runtime_recovered.o
SifCheckStatRpc_001a1af4	global	text	0x34	src/ps2/libmc_recovered.c	ps2/libmc_recovered.o
ee_addr32	local	text	0x8	src/ps2/libmc_recovered.c	ps2/libmc_recovered.o
g_cdata	local	bss	0x0	src/ps2/libmc_recovered.c	ps2/libmc_recovered.o
g_cur_dir	local	bss	0x0	src/ps2/libmc_recovered.c	ps2/libmc_recovered.o
g_current_cmd	local	bss	0x0	src/ps2/libmc_recovered.c	ps2/libmc_recovered.o
g_desc_param	local	bss	0x0	src/ps2/libmc_recovered.c	ps2/libmc_recovered.o
g_end_parameter	local	bss	0x0	src/ps2/libmc_recovered.c	ps2/libmc_recovered.o
g_file_info	local	bss	0x0	src/ps2/libmc_recovered.c	ps2/libmc_recovered.o
g_mc_type	local	bss	0x0	src/ps2/libmc_recovered.c	ps2/libmc_recovered.o
g_mclib_inited	local	bss	0x0	src/ps2/libmc_recovered.c	ps2/libmc_recovered.o
g_name_param	local	bss	0x0	src/ps2/libmc_recovered.c	ps2/libmc_recovered.o
g_p_format	local	bss	0x0	src/ps2/libmc_recovered.c	ps2/libmc_recovered.o
g_p_free	local	bss	0x0	src/ps2/libmc_recovered.c	ps2/libmc_recovered.o
g_p_type	local	bss	0x0	src/ps2/libmc_recovered.c	ps2/libmc_recovered.o
g_rdata	local	bss	0x0	src/ps2/libmc_recovered.c	ps2/libmc_recovered.o
mcChangeThreadPriority_001a18c0	global	text	0x64	src/ps2/libmc_recovered.c	ps2/libmc_recovered.o
mcChdir_001a10fc	global	text	0xcc	src/ps2/libmc_recovered.c	ps2/libmc_recovered.o
mcClose_001a0c7c	global	text	0x54	src/ps2/libmc_recovered.c	ps2/libmc_recovered.o
mcDelete_001a147c	global	text	0x8c	src/ps2/libmc_recovered.c	ps2/libmc_recovered.o
mcFlush_001a1020	global	text	0x54	src/ps2/libmc_recovered.c	ps2/libmc_recovered.o
mcFormat_001a1554	global	text	0x6c	src/ps2/libmc_recovered.c	ps2/libmc_recovered.o
mcGetDir_001a1204	global	text	0xd8	src/ps2/libmc_recovered.c	ps2/libmc_recovered.o
mcGetEntSpace_001a16cc	global	text	0x98	src/ps2/libmc_recovered.c	ps2/libmc_recovered.o
mcGetInfoApdx_001a0740	global	text	0x8c	src/ps2/libmc_recovered.c	ps2/libmc_recovered.o
mcGetInfo_001a0a68	global	text	0x100	src/ps2/libmc_recovered.c	ps2/libmc_recovered.o
mcInit_001a08ec	global	text	0x148	src/ps2/libmc_recovered.c	ps2/libmc_recovered.o
mcMkDir_001a10d0	global	text	0x2c	src/ps2/libmc_recovered.c	ps2/libmc_recovered.o
mcOpen_001a0ba0	global	text	0x9c	src/ps2/libmc_recovered.c	ps2/libmc_recovered.o
mcReadFixAlign_001a07c8	global	text	0xa4	src/ps2/libmc_recovered.c	ps2/libmc_recovered.o
mcRead_001a0df0	global	text	0xb8	src/ps2/libmc_recovered.c	ps2/libmc_recovered.o
mcRename_001a17a4	global	text	0xe0	src/ps2/libmc_recovered.c	ps2/libmc_recovered.o
mcSeek_001a0d2c	global	text	0x78	src/ps2/libmc_recovered.c	ps2/libmc_recovered.o
mcSetFileInfo_001a130c	global	text	0xe0	src/ps2/libmc_recovered.c	ps2/libmc_recovered.o
mcStoreDir_001a086c	global	text	0x90	src/ps2/libmc_recovered.c	ps2/libmc_recovered.o
mcSync_001a1974	global	text	0xec	src/ps2/libmc_recovered.c	ps2/libmc_recovered.o
mcUnformat_001a1610	global	text	0x6c	src/ps2/libmc_recovered.c	ps2/libmc_recovered.o
mcWrite_001a0ee8	global	text	0xf0	src/ps2/libmc_recovered.c	ps2/libmc_recovered.o
mc_begin	local	text	0x20	src/ps2/libmc_recovered.c	ps2/libmc_recovered.o
mc_call_desc	local	text	0x94	src/ps2/libmc_recovered.c	ps2/libmc_recovered.o
mc_call_name	local	text	0x94	src/ps2/libmc_recovered.c	ps2/libmc_recovered.o
mc_rpc_cmd	local	rodata	0x88	src/ps2/libmc_recovered.c	ps2/libmc_recovered.o
strcpy_sjis_001a1a54	global	text	0xa0	src/ps2/libmc_recovered.c	ps2/libmc_recovered.o
uncached_ptr	local	text	0xc	src/ps2/libmc_recovered.c	ps2/libmc_recovered.o
frontend_shutdown_00104e58	global	text	0x24	src/ps2/libmtap_recovered.c	ps2/libmtap_recovered.o
mt	local	text	0x80	src/ps2/libmtap_recovered.c	ps2/libmtap_recovered.o
mtapGetConnection_00104bbc	global	text	0x28	src/ps2/libmtap_recovered.c	ps2/libmtap_recovered.o
mtapInit_00104998	global	text	0x28	src/ps2/libmtap_recovered.c	ps2/libmtap_recovered.o
mtapPortClose_00104a54	global	text	0x28	src/ps2/libmtap_recovered.c	ps2/libmtap_recovered.o
mtapPortOpen_001049f0	global	text	0x28	src/ps2/libmtap_recovered.c	ps2/libmtap_recovered.o
load32	local	text	0x28	src/ps2/libpad_recovered.c	ps2/libpad_recovered.o
names.0	local	rodata	0x80	src/ps2/libpad_recovered.c	ps2/libpad_recovered.o
names.1	local	rodata	0x30	src/ps2/libpad_recovered.c	ps2/libpad_recovered.o
padGetDmaStr	local	text	0x70	src/ps2/libpad_recovered.c	ps2/libpad_recovered.o
rpc	local	text	0x40	src/ps2/libpad_recovered.c	ps2/libpad_recovered.o
set_act	local	text	0xd4	src/ps2/libpad_recovered.c	ps2/libpad_recovered.o
simple_rpc_result	local	text	0x4c	src/ps2/libpad_recovered.c	ps2/libpad_recovered.o
snes_padEnd	global	text	0x5c	src/ps2/libpad_recovered.c	ps2/libpad_recovered.o
snes_padEnterPressMode	global	text	0x1c	src/ps2/libpad_recovered.c	ps2/libpad_recovered.o
snes_padExitPressMode	global	text	0x1c	src/ps2/libpad_recovered.c	ps2/libpad_recovered.o
snes_padGetButtonMask	global	text	0x80	src/ps2/libpad_recovered.c	ps2/libpad_recovered.o
snes_padGetConnection	global	text	0x80	src/ps2/libpad_recovered.c	ps2/libpad_recovered.o
snes_padGetModVersion	global	text	0x1c	src/ps2/libpad_recovered.c	ps2/libpad_recovered.o
snes_padGetPortMax	global	text	0x1c	src/ps2/libpad_recovered.c	ps2/libpad_recovered.o
snes_padGetReqState	global	text	0x20	src/ps2/libpad_recovered.c	ps2/libpad_recovered.o
snes_padGetSlotMax	global	text	0x68	src/ps2/libpad_recovered.c	ps2/libpad_recovered.o
snes_padGetState	global	text	0x84	src/ps2/libpad_recovered.c	ps2/libpad_recovered.o
snes_padInfoAct	global	text	0x9c	src/ps2/libpad_recovered.c	ps2/libpad_recovered.o
snes_padInfoMode	global	text	0x108	src/ps2/libpad_recovered.c	ps2/libpad_recovered.o
snes_padInfoPressMode	global	text	0x2c	src/ps2/libpad_recovered.c	ps2/libpad_recovered.o
snes_padInit	global	text	0xec	src/ps2/libpad_recovered.c	ps2/libpad_recovered.o
snes_padPortClose	global	text	0xa8	src/ps2/libpad_recovered.c	ps2/libpad_recovered.o
snes_padPortOpen	global	text	0x144	src/ps2/libpad_recovered.c	ps2/libpad_recovered.o
snes_padRead	global	text	0x44	src/ps2/libpad_recovered.c	ps2/libpad_recovered.o
snes_padReqStateInt2String	global	text	0x44	src/ps2/libpad_recovered.c	ps2/libpad_recovered.o
snes_padSetActAlign	global	text	0x30	src/ps2/libpad_recovered.c	ps2/libpad_recovered.o
snes_padSetActDirect	global	text	0x30	src/ps2/libpad_recovered.c	ps2/libpad_recovered.o
snes_padSetButtonInfo	global	text	0xc4	src/ps2/libpad_recovered.c	ps2/libpad_recovered.o
snes_padSetMainMode	global	text	0xdc	src/ps2/libpad_recovered.c	ps2/libpad_recovered.o
snes_padSetReqState	global	text	0x2c	src/ps2/libpad_recovered.c	ps2/libpad_recovered.o
snes_padStateInt2String	global	text	0x44	src/ps2/libpad_recovered.c	ps2/libpad_recovered.o
store32	local	text	0x24	src/ps2/libpad_recovered.c	ps2/libpad_recovered.o
class_type_info_dtor	local	text	0x20	src/ps2/libsupcxx_rtti_recovered.c	ps2/libsupcxx_rtti_recovered.o
class_type_info_dtor_delete	local	text	0x50	src/ps2/libsupcxx_rtti_recovered.c	ps2/libsupcxx_rtti_recovered.o
derived_exception_dtor	local	text	0x20	src/ps2/libsupcxx_rtti_recovered.c	ps2/libsupcxx_rtti_recovered.o
derived_exception_dtor_delete	local	text	0x50	src/ps2/libsupcxx_rtti_recovered.c	ps2/libsupcxx_rtti_recovered.o
snes_bad_alloc_dtor_D0	global	text	0x2c	src/ps2/libsupcxx_rtti_recovered.c	ps2/libsupcxx_rtti_recovered.o
snes_bad_alloc_dtor_D1	global	text	0x20	src/ps2/libsupcxx_rtti_recovered.c	ps2/libsupcxx_rtti_recovered.o
snes_bad_alloc_dtor_D2	global	text	0x20	src/ps2/libsupcxx_rtti_recovered.c	ps2/libsupcxx_rtti_recovered.o
snes_bad_cast_dtor_D0	global	text	0x2c	src/ps2/libsupcxx_rtti_recovered.c	ps2/libsupcxx_rtti_recovered.o
snes_bad_cast_dtor_D1	global	text	0x20	src/ps2/libsupcxx_rtti_recovered.c	ps2/libsupcxx_rtti_recovered.o
snes_bad_cast_dtor_D2	global	text	0x20	src/ps2/libsupcxx_rtti_recovered.c	ps2/libsupcxx_rtti_recovered.o
snes_bad_exception_dtor_D0	global	text	0x2c	src/ps2/libsupcxx_rtti_recovered.c	ps2/libsupcxx_rtti_recovered.o
snes_bad_exception_dtor_D1	global	text	0x20	src/ps2/libsupcxx_rtti_recovered.c	ps2/libsupcxx_rtti_recovered.o
snes_bad_exception_dtor_D2	global	text	0x20	src/ps2/libsupcxx_rtti_recovered.c	ps2/libsupcxx_rtti_recovered.o
snes_bad_typeid_dtor_D0	global	text	0x2c	src/ps2/libsupcxx_rtti_recovered.c	ps2/libsupcxx_rtti_recovered.o
snes_bad_typeid_dtor_D1	global	text	0x20	src/ps2/libsupcxx_rtti_recovered.c	ps2/libsupcxx_rtti_recovered.o
snes_bad_typeid_dtor_D2	global	text	0x20	src/ps2/libsupcxx_rtti_recovered.c	ps2/libsupcxx_rtti_recovered.o
snes_class_type_info_do_catch	global	text	0x58	src/ps2/libsupcxx_rtti_recovered.c	ps2/libsupcxx_rtti_recovered.o
snes_class_type_info_do_dyncast	global	text	0x44	src/ps2/libsupcxx_rtti_recovered.c	ps2/libsupcxx_rtti_recovered.o
snes_class_type_info_do_upcast2	global	text	0x70	src/ps2/libsupcxx_rtti_recovered.c	ps2/libsupcxx_rtti_recovered.o
snes_class_type_info_do_upcast3	global	text	0x34	src/ps2/libsupcxx_rtti_recovered.c	ps2/libsupcxx_rtti_recovered.o
snes_class_type_info_dtor_D0	global	text	0x2c	src/ps2/libsupcxx_rtti_recovered.c	ps2/libsupcxx_rtti_recovered.o
snes_class_type_info_dtor_D1	global	text	0x20	src/ps2/libsupcxx_rtti_recovered.c	ps2/libsupcxx_rtti_recovered.o
snes_class_type_info_dtor_D2	global	text	0x20	src/ps2/libsupcxx_rtti_recovered.c	ps2/libsupcxx_rtti_recovered.o
snes_class_type_info_find_public_src	global	text	0x14	src/ps2/libsupcxx_rtti_recovered.c	ps2/libsupcxx_rtti_recovered.o
snes_cxa_allocate_exception	global	text	0xf0	src/ps2/libsupcxx_rtti_recovered.c	ps2/libsupcxx_rtti_recovered.o
snes_cxa_begin_catch	global	text	0x40	src/ps2/libsupcxx_rtti_recovered.c	ps2/libsupcxx_rtti_recovered.o
snes_cxa_end_catch	global	text	0x7c	src/ps2/libsupcxx_rtti_recovered.c	ps2/libsupcxx_rtti_recovered.o
snes_cxa_free_exception	global	text	0x70	src/ps2/libsupcxx_rtti_recovered.c	ps2/libsupcxx_rtti_recovered.o
snes_cxa_get_globals	global	text	0x8	src/ps2/libsupcxx_rtti_recovered.c	ps2/libsupcxx_rtti_recovered.o
snes_cxa_get_globals_fast	global	text	0x8	src/ps2/libsupcxx_rtti_recovered.c	ps2/libsupcxx_rtti_recovered.o
snes_emergency_pool	local	bss	0x0	src/ps2/libsupcxx_rtti_recovered.c	ps2/libsupcxx_rtti_recovered.o
snes_emergency_used	local	bss	0x0	src/ps2/libsupcxx_rtti_recovered.c	ps2/libsupcxx_rtti_recovered.o
snes_set_new_handler	global	text	0xc	src/ps2/libsupcxx_rtti_recovered.c	ps2/libsupcxx_rtti_recovered.o
snes_si_class_type_info_do_dyncast	global	text	0x9c	src/ps2/libsupcxx_rtti_recovered.c	ps2/libsupcxx_rtti_recovered.o
snes_si_class_type_info_do_upcast3	global	text	0x98	src/ps2/libsupcxx_rtti_recovered.c	ps2/libsupcxx_rtti_recovered.o
snes_si_class_type_info_dtor_D0	global	text	0x2c	src/ps2/libsupcxx_rtti_recovered.c	ps2/libsupcxx_rtti_recovered.o
snes_si_class_type_info_dtor_D1	global	text	0x20	src/ps2/libsupcxx_rtti_recovered.c	ps2/libsupcxx_rtti_recovered.o
snes_si_class_type_info_dtor_D2	global	text	0x20	src/ps2/libsupcxx_rtti_recovered.c	ps2/libsupcxx_rtti_recovered.o
snes_si_class_type_info_find_public_src	global	text	0x58	src/ps2/libsupcxx_rtti_recovered.c	ps2/libsupcxx_rtti_recovered.o
snes_std_exception_dtor_D0	global	text	0x34	src/ps2/libsupcxx_rtti_recovered.c	ps2/libsupcxx_rtti_recovered.o
snes_std_exception_dtor_D1	global	text	0x10	src/ps2/libsupcxx_rtti_recovered.c	ps2/libsupcxx_rtti_recovered.o
snes_std_exception_dtor_D2	global	text	0x10	src/ps2/libsupcxx_rtti_recovered.c	ps2/libsupcxx_rtti_recovered.o
snes_std_exception_what_target_name	global	text	0x88	src/ps2/libsupcxx_rtti_recovered.c	ps2/libsupcxx_rtti_recovered.o
snes_std_uncaught_exception	global	text	0xc	src/ps2/libsupcxx_rtti_recovered.c	ps2/libsupcxx_rtti_recovered.o
snes_type_info_do_catch	global	text	0x14	src/ps2/libsupcxx_rtti_recovered.c	ps2/libsupcxx_rtti_recovered.o
snes_type_info_do_upcast_base	global	text	0x8	src/ps2/libsupcxx_rtti_recovered.c	ps2/libsupcxx_rtti_recovered.o
snes_type_info_dtor_D0	global	text	0x34	src/ps2/libsupcxx_rtti_recovered.c	ps2/libsupcxx_rtti_recovered.o
snes_type_info_dtor_D1	global	text	0x10	src/ps2/libsupcxx_rtti_recovered.c	ps2/libsupcxx_rtti_recovered.o
snes_type_info_dtor_D2	global	text	0x10	src/ps2/libsupcxx_rtti_recovered.c	ps2/libsupcxx_rtti_recovered.o
snes_type_info_is_function_p	global	text	0x8	src/ps2/libsupcxx_rtti_recovered.c	ps2/libsupcxx_rtti_recovered.o
snes_type_info_is_pointer_p	global	text	0x8	src/ps2/libsupcxx_rtti_recovered.c	ps2/libsupcxx_rtti_recovered.o
snes_vmi_class_type_info_dtor_D0	global	text	0x2c	src/ps2/libsupcxx_rtti_recovered.c	ps2/libsupcxx_rtti_recovered.o
snes_vmi_class_type_info_dtor_D1	global	text	0x20	src/ps2/libsupcxx_rtti_recovered.c	ps2/libsupcxx_rtti_recovered.o
snes_vmi_class_type_info_dtor_D2	global	text	0x20	src/ps2/libsupcxx_rtti_recovered.c	ps2/libsupcxx_rtti_recovered.o
loadModuleBuffer	global	text	0x9c	src/ps2/load_module_buffer.c	ps2/load_module_buffer.o
SifLoadFileInit	global	text	0xc4	src/ps2/loadfile.c	ps2/loadfile.o
SifLoadModule	global	text	0x20	src/ps2/loadfile.c	ps2/loadfile.o
SifLoadModuleBuffer	global	text	0x1c	src/ps2/loadfile.c	ps2/loadfile.o
_SifLoadModule	global	text	0x10c	src/ps2/loadfile.c	ps2/loadfile.o
_SifLoadModuleBuffer	global	text	0xf4	src/ps2/loadfile.c	ps2/loadfile.o
_lf_cd	global	data	0x28	src/ps2/loadfile.c	ps2/loadfile.o
_lf_init	global	data	0x4	src/ps2/loadfile.c	ps2/loadfile.o
memcmp	global	weak-text	0x48	src/ps2/memcmp.S	ps2/memcmp.o
memcpy	global	weak-text	0x38	src/ps2/memcpy.S	ps2/memcpy.o
memmove	global	weak-text	0x88	src/ps2/memmove.S	ps2/memmove.o
memset	global	weak-text	0x38	src/ps2/memset.S	ps2/memset.o
angle.1	local	rodata	0x10	src/ps2/newlib_mathfp_recovered.c	ps2/newlib_mathfp_recovered.o
atanf_001a045c	global	text	0x1cc	src/ps2/newlib_mathfp_recovered.c	ps2/newlib_mathfp_recovered.o
cosf_0019fddc	global	text	0x1c	src/ps2/newlib_mathfp_recovered.c	ps2/newlib_mathfp_recovered.o
fabsf_001a06b0	global	text	0x8	src/ps2/newlib_mathfp_recovered.c	ps2/newlib_mathfp_recovered.o
float_from_word	local	text	0x2c	src/ps2/newlib_mathfp_recovered.c	ps2/newlib_mathfp_recovered.o
float_word	local	text	0x2c	src/ps2/newlib_mathfp_recovered.c	ps2/newlib_mathfp_recovered.o
k_half_pi	local	rodata	0x4	src/ps2/newlib_mathfp_recovered.c	ps2/newlib_mathfp_recovered.o
k_one_over_pi	local	rodata	0x4	src/ps2/newlib_mathfp_recovered.c	ps2/newlib_mathfp_recovered.o
k_pi	local	rodata	0x4	src/ps2/newlib_mathfp_recovered.c	ps2/newlib_mathfp_recovered.o
k_root3	local	rodata	0x4	src/ps2/newlib_mathfp_recovered.c	ps2/newlib_mathfp_recovered.o
k_rooteps	local	rodata	0x4	src/ps2/newlib_mathfp_recovered.c	ps2/newlib_mathfp_recovered.o
k_two_over_pi	local	rodata	0x4	src/ps2/newlib_mathfp_recovered.c	ps2/newlib_mathfp_recovered.o
r.0	local	rodata	0x10	src/ps2/newlib_mathfp_recovered.c	ps2/newlib_mathfp_recovered.o
sine_generator_target	local	text	0x250	src/ps2/newlib_mathfp_recovered.c	ps2/newlib_mathfp_recovered.o
sinf_001a0024	global	text	0x1c	src/ps2/newlib_mathfp_recovered.c	ps2/newlib_mathfp_recovered.o
sqrtf_001a06a0	global	text	0x38	src/ps2/newlib_mathfp_recovered.c	ps2/newlib_mathfp_recovered.o
tanf_001a0254	global	text	0x1c8	src/ps2/newlib_mathfp_recovered.c	ps2/newlib_mathfp_recovered.o
target_notanum	local	text	0x1c	src/ps2/newlib_mathfp_recovered.c	ps2/newlib_mathfp_recovered.o
numtestf_001a06c0	global	text	0x80	src/ps2/numtestf.S	ps2/numtestf.o
S9xSyncSpeed	global	text	0x12c	src/ps2/path_helpers_recovered.c	ps2/path_helpers_recovered.o
_makepath	global	text	0x124	src/ps2/path_helpers_recovered.c	ps2/path_helpers_recovered.o
_splitpath	global	text	0x1cc	src/ps2/path_helpers_recovered.c	ps2/path_helpers_recovered.o
build_sram_path_00105750	global	text	0xb4	src/ps2/path_helpers_recovered.c	ps2/path_helpers_recovered.o
build_sram_path_recovered	global	text	0x1c	src/ps2/path_helpers_recovered.c	ps2/path_helpers_recovered.o
build_state_path_001057fc	global	text	0x9c	src/ps2/path_helpers_recovered.c	ps2/path_helpers_recovered.o
build_state_path_recovered	global	text	0x1c	src/ps2/path_helpers_recovered.c	ps2/path_helpers_recovered.o
split_path_00105ae8	global	text	0x1c	src/ps2/path_helpers_recovered.c	ps2/path_helpers_recovered.o
sram_basename_buf	local	bss	0x0	src/ps2/path_helpers_recovered.c	ps2/path_helpers_recovered.o
sram_dir_buf	local	bss	0x0	src/ps2/path_helpers_recovered.c	ps2/path_helpers_recovered.o
sram_drive_buf	local	bss	0x0	src/ps2/path_helpers_recovered.c	ps2/path_helpers_recovered.o
sram_ext_buf	local	bss	0x0	src/ps2/path_helpers_recovered.c	ps2/path_helpers_recovered.o
sram_path_buf	local	bss	0x0	src/ps2/path_helpers_recovered.c	ps2/path_helpers_recovered.o
sram_path_prefix	local	rodata	0xe	src/ps2/path_helpers_recovered.c	ps2/path_helpers_recovered.o
sram_shortname_buf	local	bss	0x0	src/ps2/path_helpers_recovered.c	ps2/path_helpers_recovered.o
state_basename_buf	local	bss	0x0	src/ps2/path_helpers_recovered.c	ps2/path_helpers_recovered.o
state_dir_buf	local	bss	0x0	src/ps2/path_helpers_recovered.c	ps2/path_helpers_recovered.o
state_drive_buf	local	bss	0x0	src/ps2/path_helpers_recovered.c	ps2/path_helpers_recovered.o
state_ext_buf	local	bss	0x0	src/ps2/path_helpers_recovered.c	ps2/path_helpers_recovered.o
state_path_buf	local	bss	0x0	src/ps2/path_helpers_recovered.c	ps2/path_helpers_recovered.o
state_shortname_buf	local	bss	0x0	src/ps2/path_helpers_recovered.c	ps2/path_helpers_recovered.o
p11_axis_mix	local	text	0x38	src/ps2/progress11_frontend_recovered.c	ps2/progress11_frontend_recovered.o
p11_rpc_empty	local	text	0x58	src/ps2/progress11_frontend_recovered.c	ps2/progress11_frontend_recovered.o
p11_rpc_word	local	text	0x68	src/ps2/progress11_frontend_recovered.c	ps2/progress11_frontend_recovered.o
snes_p11_001005b0	global	text	0x2c	src/ps2/progress11_frontend_recovered.c	ps2/progress11_frontend_recovered.o
snes_p11_00101b04	global	text	0x5c	src/ps2/progress11_frontend_recovered.c	ps2/progress11_frontend_recovered.o
snes_p11_00104358	global	text	0x40	src/ps2/progress11_frontend_recovered.c	ps2/progress11_frontend_recovered.o
snes_p11_00105cb8	global	text	0x44	src/ps2/progress11_frontend_recovered.c	ps2/progress11_frontend_recovered.o
snes_p11_00106054	global	text	0x78	src/ps2/progress11_frontend_recovered.c	ps2/progress11_frontend_recovered.o
snes_p11_0010768c	global	text	0x1c	src/ps2/progress11_frontend_recovered.c	ps2/progress11_frontend_recovered.o
snes_p11_001076e4	global	text	0x1c	src/ps2/progress11_frontend_recovered.c	ps2/progress11_frontend_recovered.o
snes_p11_0010773c	global	text	0x6c	src/ps2/progress11_frontend_recovered.c	ps2/progress11_frontend_recovered.o
snes_p11_00108bfc	global	text	0x1c	src/ps2/progress11_frontend_recovered.c	ps2/progress11_frontend_recovered.o
snes_p11_00108ce4	global	text	0x1c	src/ps2/progress11_frontend_recovered.c	ps2/progress11_frontend_recovered.o
snes_p11_0010a8bc	global	text	0x8c	src/ps2/progress11_frontend_recovered.c	ps2/progress11_frontend_recovered.o
snes_p11_0012c2a4	global	text	0x3c	src/ps2/progress11_frontend_recovered.c	ps2/progress11_frontend_recovered.o
snes_p11_0012dde0	global	text	0x8c	src/ps2/progress11_frontend_recovered.c	ps2/progress11_frontend_recovered.o
snes_p11_00151360	global	text	0x74	src/ps2/progress11_frontend_recovered.c	ps2/progress11_frontend_recovered.o
snes_p11_0017022c	global	text	0xa0	src/ps2/progress11_frontend_recovered.c	ps2/progress11_frontend_recovered.o
snes_p11_001711e8	global	text	0x90	src/ps2/progress11_frontend_recovered.c	ps2/progress11_frontend_recovered.o
snes_p11_00173ff0	global	text	0xa4	src/ps2/progress11_frontend_recovered.c	ps2/progress11_frontend_recovered.o
snes_p11_0017409c	global	text	0x90	src/ps2/progress11_frontend_recovered.c	ps2/progress11_frontend_recovered.o
snes_p11_001742b4	global	text	0x30	src/ps2/progress11_frontend_recovered.c	ps2/progress11_frontend_recovered.o
snes_p11_001744d0	global	text	0x68	src/ps2/progress11_frontend_recovered.c	ps2/progress11_frontend_recovered.o
snes_p20_00101e8c	global	text	0x5c	src/ps2/progress11_frontend_recovered.c	ps2/progress11_frontend_recovered.o
p12_copy_block_to_template	local	text	0x6c	src/ps2/progress12_io_state_recovered.c	ps2/progress12_io_state_recovered.o
p12_copy_template_to_block	local	text	0x6c	src/ps2/progress12_io_state_recovered.c	ps2/progress12_io_state_recovered.o
p12_transfer_offset	local	text	0x38	src/ps2/progress12_io_state_recovered.c	ps2/progress12_io_state_recovered.o
snes_p12_00103d90	global	text	0x38	src/ps2/progress12_io_state_recovered.c	ps2/progress12_io_state_recovered.o
snes_p12_00106824	global	text	0xd0	src/ps2/progress12_io_state_recovered.c	ps2/progress12_io_state_recovered.o
snes_p12_0016fb04	global	text	0xb0	src/ps2/progress12_io_state_recovered.c	ps2/progress12_io_state_recovered.o
snes_p12_0016fbb4	global	text	0x94	src/ps2/progress12_io_state_recovered.c	ps2/progress12_io_state_recovered.o
snes_p12_00172174	global	text	0x9c	src/ps2/progress12_io_state_recovered.c	ps2/progress12_io_state_recovered.o
snes_p12_00183c58	global	text	0x70	src/ps2/progress12_io_state_recovered.c	ps2/progress12_io_state_recovered.o
snes_p12_00183d40	global	text	0x90	src/ps2/progress12_io_state_recovered.c	ps2/progress12_io_state_recovered.o
snes_p13___cxa_rethrow	global	text	0x9c	src/ps2/progress13_cpp_eh_recovered.c	ps2/progress13_cpp_eh_recovered.o
snes_p13___cxa_throw	global	text	0xe8	src/ps2/progress13_cpp_eh_recovered.c	ps2/progress13_cpp_eh_recovered.o
snes_p13___gxx_exception_cleanup	global	text	0x80	src/ps2/progress13_cpp_eh_recovered.c	ps2/progress13_cpp_eh_recovered.o
snes_p13___terminate	global	text	0x50	src/ps2/progress13_cpp_eh_recovered.c	ps2/progress13_cpp_eh_recovered.o
snes_p13_operator_new	global	text	0xa8	src/ps2/progress13_cpp_eh_recovered.c	ps2/progress13_cpp_eh_recovered.o
snes_p13_Unwind_DeleteException_001a5c58	global	text	0x2c	src/ps2/progress13_cpp_personality_recovered.c	ps2/progress13_cpp_personality_recovered.o
snes_p13_check_exception_spec_001a9698	global	text	0xf4	src/ps2/progress13_cpp_personality_recovered.c	ps2/progress13_cpp_personality_recovered.o
snes_p13_get_adjusted_ptr_001a95f8	global	text	0xd0	src/ps2/progress13_cpp_personality_recovered.c	ps2/progress13_cpp_personality_recovered.o
snes_p13_get_ttype_entry_001a9588	global	text	0xac	src/ps2/progress13_cpp_personality_recovered.c	ps2/progress13_cpp_personality_recovered.o
snes_p13_parse_lsda_header_001a9488	global	text	0x118	src/ps2/progress13_cpp_personality_recovered.c	ps2/progress13_cpp_personality_recovered.o
snes___fpcmp_parts_d	global	text	0xf8	src/ps2/progress13_libgcc_softfloat_recovered.c	ps2/progress13_libgcc_softfloat_recovered.o
snes___make_dp	global	text	0x34	src/ps2/progress13_libgcc_softfloat_recovered.c	ps2/progress13_libgcc_softfloat_recovered.o
snes___make_fp	global	text	0x30	src/ps2/progress13_libgcc_softfloat_recovered.c	ps2/progress13_libgcc_softfloat_recovered.o
snes___pack_d	global	text	0x9c	src/ps2/progress13_libgcc_softfloat_recovered.c	ps2/progress13_libgcc_softfloat_recovered.o
snes___pack_f	global	text	0x90	src/ps2/progress13_libgcc_softfloat_recovered.c	ps2/progress13_libgcc_softfloat_recovered.o
snes___unpack_d	global	text	0xf4	src/ps2/progress13_libgcc_softfloat_recovered.c	ps2/progress13_libgcc_softfloat_recovered.o
snes___unpack_f	global	text	0xe0	src/ps2/progress13_libgcc_softfloat_recovered.c	ps2/progress13_libgcc_softfloat_recovered.o
snes_pack_df_number	local	text	0xf8	src/ps2/progress13_libgcc_softfloat_recovered.c	ps2/progress13_libgcc_softfloat_recovered.o
snes_pack_sf_number	local	text	0xf0	src/ps2/progress13_libgcc_softfloat_recovered.c	ps2/progress13_libgcc_softfloat_recovered.o
bind_until_ready	local	text	0xb0	src/ps2/progress15_pad_init_recovered.c	ps2/progress15_pad_init_recovered.o
snes_p15_padInit_001a8484	global	text	0x12c	src/ps2/progress15_pad_init_recovered.c	ps2/progress15_pad_init_recovered.o
store32	local	text	0x24	src/ps2/progress15_pad_init_recovered.c	ps2/progress15_pad_init_recovered.o
snes_p15_fpadd_parts_d_001a3380	global	text	0x268	src/ps2/progress15_softdouble_add_recovered.c	ps2/progress15_softdouble_add_recovered.o
snes_p15_thenan_d	local	rodata	0x18	src/ps2/progress15_softdouble_add_recovered.c	ps2/progress15_softdouble_add_recovered.o
sticky_rshift1	local	text	0x10	src/ps2/progress15_softdouble_add_recovered.c	ps2/progress15_softdouble_add_recovered.o
p21_i64_magnitude	local	text	0x14	src/ps2/progress21_small_helpers_recovered.c	ps2/progress21_small_helpers_recovered.o
snes_p21_00103cd4	global	text	0xb8	src/ps2/progress21_small_helpers_recovered.c	ps2/progress21_small_helpers_recovered.o
snes_p21_00106c08	global	text	0x98	src/ps2/progress21_small_helpers_recovered.c	ps2/progress21_small_helpers_recovered.o
snes_p21_001a7638	global	text	0x68	src/ps2/progress21_small_helpers_recovered.c	ps2/progress21_small_helpers_recovered.o
snes_p22_00103b34	global	text	0x124	src/ps2/progress22_more_small_helpers_recovered.c	ps2/progress22_more_small_helpers_recovered.o
snes_p22_00104234	global	text	0xf0	src/ps2/progress22_more_small_helpers_recovered.c	ps2/progress22_more_small_helpers_recovered.o
snes_p22_0015d334	global	text	0xb8	src/ps2/progress22_more_small_helpers_recovered.c	ps2/progress22_more_small_helpers_recovered.o
p23_load_u32	local	text	0x2c	src/ps2/progress23_audio_helpers_recovered.c	ps2/progress23_audio_helpers_recovered.o
p23_load_u64	local	text	0x2c	src/ps2/progress23_audio_helpers_recovered.c	ps2/progress23_audio_helpers_recovered.o
p23_store_u32	local	text	0x28	src/ps2/progress23_audio_helpers_recovered.c	ps2/progress23_audio_helpers_recovered.o
p23_store_u64	local	text	0x28	src/ps2/progress23_audio_helpers_recovered.c	ps2/progress23_audio_helpers_recovered.o
snes_p23_00174564	global	text	0x164	src/ps2/progress23_audio_helpers_recovered.c	ps2/progress23_audio_helpers_recovered.o
snes_p23_00174728	global	text	0x110	src/ps2/progress23_audio_helpers_recovered.c	ps2/progress23_audio_helpers_recovered.o
snes_p23_00177cec	global	text	0xd8	src/ps2/progress23_audio_helpers_recovered.c	ps2/progress23_audio_helpers_recovered.o
snes_p23_00177db0	global	text	0xf8	src/ps2/progress23_audio_helpers_recovered.c	ps2/progress23_audio_helpers_recovered.o
snes_p23_audio_slot_arg3	global	text	0x30	src/ps2/progress23_audio_helpers_recovered.c	ps2/progress23_audio_helpers_recovered.o
p24_call	local	text	0x24	src/ps2/progress24_core_helpers_recovered.c	ps2/progress24_core_helpers_recovered.o
snes_p24_0010a264	global	text	0x14c	src/ps2/progress24_core_helpers_recovered.c	ps2/progress24_core_helpers_recovered.o
snes_p24_0010b7f8	global	text	0x8c	src/ps2/progress24_core_helpers_recovered.c	ps2/progress24_core_helpers_recovered.o
snes_p24_00115b58	global	text	0x184	src/ps2/progress24_core_helpers_recovered.c	ps2/progress24_core_helpers_recovered.o
snes_p24_0016ded4	global	text	0x14c	src/ps2/progress24_core_helpers_recovered.c	ps2/progress24_core_helpers_recovered.o
snes_p25_001019a8	global	text	0x198	src/ps2/progress25_small_core_helpers_recovered.c	ps2/progress25_small_core_helpers_recovered.o
snes_p25_00101b64	global	text	0x340	src/ps2/progress25_small_core_helpers_recovered.c	ps2/progress25_small_core_helpers_recovered.o
snes_p25_0012b3e8	global	text	0xb4	src/ps2/progress25_small_core_helpers_recovered.c	ps2/progress25_small_core_helpers_recovered.o
snes_p25_0015cce4	global	text	0xfc	src/ps2/progress25_small_core_helpers_recovered.c	ps2/progress25_small_core_helpers_recovered.o
p26_build_matrix	local	text	0x184	src/ps2/progress26_dsp_runtime_batch_recovered.c	ps2/progress26_dsp_runtime_batch_recovered.o
p26_read_u16	local	text	0x14	src/ps2/progress26_dsp_runtime_batch_recovered.c	ps2/progress26_dsp_runtime_batch_recovered.o
p26_read_u24	local	text	0x20	src/ps2/progress26_dsp_runtime_batch_recovered.c	ps2/progress26_dsp_runtime_batch_recovered.o
snes_p26_00129250	global	text	0x108	src/ps2/progress26_dsp_runtime_batch_recovered.c	ps2/progress26_dsp_runtime_batch_recovered.o
snes_p26_0012c02c	global	text	0xe0	src/ps2/progress26_dsp_runtime_batch_recovered.c	ps2/progress26_dsp_runtime_batch_recovered.o
snes_p26_0012c188	global	text	0x120	src/ps2/progress26_dsp_runtime_batch_recovered.c	ps2/progress26_dsp_runtime_batch_recovered.o
snes_p26_0012c2dc	global	text	0xb0	src/ps2/progress26_dsp_runtime_batch_recovered.c	ps2/progress26_dsp_runtime_batch_recovered.o
snes_p26_0012c398	global	text	0xa0	src/ps2/progress26_dsp_runtime_batch_recovered.c	ps2/progress26_dsp_runtime_batch_recovered.o
snes_p26_0012d334	global	text	0x1c	src/ps2/progress26_dsp_runtime_batch_recovered.c	ps2/progress26_dsp_runtime_batch_recovered.o
snes_p26_0012d4ac	global	text	0x1c	src/ps2/progress26_dsp_runtime_batch_recovered.c	ps2/progress26_dsp_runtime_batch_recovered.o
snes_p26_0012d624	global	text	0x1c	src/ps2/progress26_dsp_runtime_batch_recovered.c	ps2/progress26_dsp_runtime_batch_recovered.o
snes_p26_0012e5b8	global	text	0xc0	src/ps2/progress26_dsp_runtime_batch_recovered.c	ps2/progress26_dsp_runtime_batch_recovered.o
snes_p26_001305a0	global	text	0x13c	src/ps2/progress26_dsp_runtime_batch_recovered.c	ps2/progress26_dsp_runtime_batch_recovered.o
snes_p26_001306f8	global	text	0x1bc	src/ps2/progress26_dsp_runtime_batch_recovered.c	ps2/progress26_dsp_runtime_batch_recovered.o
snes_p26_001309c4	global	text	0xb8	src/ps2/progress26_dsp_runtime_batch_recovered.c	ps2/progress26_dsp_runtime_batch_recovered.o
snes_p26_0015e298	global	text	0x138	src/ps2/progress26_dsp_runtime_batch_recovered.c	ps2/progress26_dsp_runtime_batch_recovered.o
snes_p26_0015ecec	global	text	0x184	src/ps2/progress26_dsp_runtime_batch_recovered.c	ps2/progress26_dsp_runtime_batch_recovered.o
snes_p26_0015eeac	global	text	0x1a0	src/ps2/progress26_dsp_runtime_batch_recovered.c	ps2/progress26_dsp_runtime_batch_recovered.o
p27_decode_one	local	text	0x25c	src/ps2/progress27_large_state_cpu_batch_recovered.c	ps2/progress27_large_state_cpu_batch_recovered.o
p27_descriptor_extent	local	text	0x6c	src/ps2/progress27_large_state_cpu_batch_recovered.c	ps2/progress27_large_state_cpu_batch_recovered.o
p27_discard	local	text	0xa8	src/ps2/progress27_large_state_cpu_batch_recovered.c	ps2/progress27_large_state_cpu_batch_recovered.o
p27_encode_one	local	text	0x24c	src/ps2/progress27_large_state_cpu_batch_recovered.c	ps2/progress27_large_state_cpu_batch_recovered.o
p27_field_size	local	text	0x50	src/ps2/progress27_large_state_cpu_batch_recovered.c	ps2/progress27_large_state_cpu_batch_recovered.o
p27_header_sum_is_ffff	local	text	0x30	src/ps2/progress27_large_state_cpu_batch_recovered.c	ps2/progress27_large_state_cpu_batch_recovered.o
p27_interrupt_entry	local	text	0x184	src/ps2/progress27_large_state_cpu_batch_recovered.c	ps2/progress27_large_state_cpu_batch_recovered.o
p27_load16	local	text	0x28	src/ps2/progress27_large_state_cpu_batch_recovered.c	ps2/progress27_large_state_cpu_batch_recovered.o
p27_load32	local	text	0x28	src/ps2/progress27_large_state_cpu_batch_recovered.c	ps2/progress27_large_state_cpu_batch_recovered.o
p27_load64	local	text	0x28	src/ps2/progress27_large_state_cpu_batch_recovered.c	ps2/progress27_large_state_cpu_batch_recovered.o
p27_pack_status	local	text	0x44	src/ps2/progress27_large_state_cpu_batch_recovered.c	ps2/progress27_large_state_cpu_batch_recovered.o
p27_parse_fixed_decimal	local	text	0x58	src/ps2/progress27_large_state_cpu_batch_recovered.c	ps2/progress27_large_state_cpu_batch_recovered.o
p27_store16	local	text	0x28	src/ps2/progress27_large_state_cpu_batch_recovered.c	ps2/progress27_large_state_cpu_batch_recovered.o
p27_store32	local	text	0x24	src/ps2/progress27_large_state_cpu_batch_recovered.c	ps2/progress27_large_state_cpu_batch_recovered.o
p27_store64	local	text	0x24	src/ps2/progress27_large_state_cpu_batch_recovered.c	ps2/progress27_large_state_cpu_batch_recovered.o
p27_table_flush_if_needed	local	text	0x48	src/ps2/progress27_large_state_cpu_batch_recovered.c	ps2/progress27_large_state_cpu_batch_recovered.o
snes_p27_00127b78	global	text	0x28	src/ps2/progress27_large_state_cpu_batch_recovered.c	ps2/progress27_large_state_cpu_batch_recovered.o
snes_p27_00127e00	global	text	0x28	src/ps2/progress27_large_state_cpu_batch_recovered.c	ps2/progress27_large_state_cpu_batch_recovered.o
snes_p27_0012bd48	global	text	0x190	src/ps2/progress27_large_state_cpu_batch_recovered.c	ps2/progress27_large_state_cpu_batch_recovered.o
snes_p27_0012cbd8	global	text	0x204	src/ps2/progress27_large_state_cpu_batch_recovered.c	ps2/progress27_large_state_cpu_batch_recovered.o
snes_p27_00150ccc	global	text	0x12c	src/ps2/progress27_large_state_cpu_batch_recovered.c	ps2/progress27_large_state_cpu_batch_recovered.o
snes_p27_00150e18	global	text	0x124	src/ps2/progress27_large_state_cpu_batch_recovered.c	ps2/progress27_large_state_cpu_batch_recovered.o
snes_p27_00150f54	global	text	0x144	src/ps2/progress27_large_state_cpu_batch_recovered.c	ps2/progress27_large_state_cpu_batch_recovered.o
snes_p27_0016efa0	global	text	0xf0	src/ps2/progress27_large_state_cpu_batch_recovered.c	ps2/progress27_large_state_cpu_batch_recovered.o
snes_p27_0016f10c	global	text	0x108	src/ps2/progress27_large_state_cpu_batch_recovered.c	ps2/progress27_large_state_cpu_batch_recovered.o
snes_p27_0017028c	global	text	0x118	src/ps2/progress27_large_state_cpu_batch_recovered.c	ps2/progress27_large_state_cpu_batch_recovered.o
snes_p27_0017124c	global	text	0x148	src/ps2/progress27_large_state_cpu_batch_recovered.c	ps2/progress27_large_state_cpu_batch_recovered.o
snes_p27_00171e0c	global	text	0x128	src/ps2/progress27_large_state_cpu_batch_recovered.c	ps2/progress27_large_state_cpu_batch_recovered.o
snes_p27_001721ec	global	text	0x128	src/ps2/progress27_large_state_cpu_batch_recovered.c	ps2/progress27_large_state_cpu_batch_recovered.o
snes_p27_001725ac	global	text	0x140	src/ps2/progress27_large_state_cpu_batch_recovered.c	ps2/progress27_large_state_cpu_batch_recovered.o
snes_p27_001726ec	global	text	0x27c	src/ps2/progress27_large_state_cpu_batch_recovered.c	ps2/progress27_large_state_cpu_batch_recovered.o
p28_concat	local	text	0x68	src/ps2/progress28_structural_lift_recovered.c	ps2/progress28_structural_lift_recovered.o
p28_copy_blob	local	text	0x3c	src/ps2/progress28_structural_lift_recovered.c	ps2/progress28_structural_lift_recovered.o
p28_float_to_u64	local	text	0x80	src/ps2/progress28_structural_lift_recovered.c	ps2/progress28_structural_lift_recovered.o
p28_load_blob	local	text	0x58	src/ps2/progress28_structural_lift_recovered.c	ps2/progress28_structural_lift_recovered.o
p28_mask_bytes	local	text	0x44	src/ps2/progress28_structural_lift_recovered.c	ps2/progress28_structural_lift_recovered.o
p28_read_piece	local	text	0x88	src/ps2/progress28_structural_lift_recovered.c	ps2/progress28_structural_lift_recovered.o
p28_sign_extend	local	text	0x68	src/ps2/progress28_structural_lift_recovered.c	ps2/progress28_structural_lift_recovered.o
p28_store_blob	local	text	0x4c	src/ps2/progress28_structural_lift_recovered.c	ps2/progress28_structural_lift_recovered.o
p28_subpiece	local	text	0x78	src/ps2/progress28_structural_lift_recovered.c	ps2/progress28_structural_lift_recovered.o
p28_write_piece	local	text	0x80	src/ps2/progress28_structural_lift_recovered.c	ps2/progress28_structural_lift_recovered.o
snes_p28_00100008	global	text	0x378	src/ps2/progress28_structural_lift_recovered.c	ps2/progress28_structural_lift_recovered.o
snes_p28_001000e0	global	text	0x2d0	src/ps2/progress28_structural_lift_recovered.c	ps2/progress28_structural_lift_recovered.o
snes_p28_00100114	global	text	0x2a8	src/ps2/progress28_structural_lift_recovered.c	ps2/progress28_structural_lift_recovered.o
snes_p28_0010038c	global	text	0x1bc	src/ps2/progress28_structural_lift_recovered.c	ps2/progress28_structural_lift_recovered.o
snes_p28_001005ec	global	text	0x248	src/ps2/progress28_structural_lift_recovered.c	ps2/progress28_structural_lift_recovered.o
snes_p28_001008dc	global	text	0x5f8	src/ps2/progress28_structural_lift_recovered.c	ps2/progress28_structural_lift_recovered.o
snes_p28_00100e78	global	text	0x8f8	src/ps2/progress28_structural_lift_recovered.c	ps2/progress28_structural_lift_recovered.o
snes_p28_00101ef0	global	text	0x8b4	src/ps2/progress28_structural_lift_recovered.c	ps2/progress28_structural_lift_recovered.o
snes_p28_001029c4	global	text	0xf8	src/ps2/progress28_structural_lift_recovered.c	ps2/progress28_structural_lift_recovered.o
snes_p28_00102ab0	global	text	0x8e4	src/ps2/progress28_structural_lift_recovered.c	ps2/progress28_structural_lift_recovered.o
snes_p28_00103314	global	text	0x67c	src/ps2/progress28_structural_lift_recovered.c	ps2/progress28_structural_lift_recovered.o
snes_p28_00103dd4	global	text	0x3f8	src/ps2/progress28_structural_lift_recovered.c	ps2/progress28_structural_lift_recovered.o
snes_p28_00104418	global	text	0x258	src/ps2/progress28_structural_lift_recovered.c	ps2/progress28_structural_lift_recovered.o
snes_p28_00104f18	global	text	0x854	src/ps2/progress28_structural_lift_recovered.c	ps2/progress28_structural_lift_recovered.o
snes_p28_00105e48	global	text	0x238	src/ps2/progress28_structural_lift_recovered.c	ps2/progress28_structural_lift_recovered.o
snes_p28_001060dc	global	text	0x410	src/ps2/progress28_structural_lift_recovered.c	ps2/progress28_structural_lift_recovered.o
snes_p28_001064c0	global	text	0x364	src/ps2/progress28_structural_lift_recovered.c	ps2/progress28_structural_lift_recovered.o
snes_p28_0010689c	global	text	0x318	src/ps2/progress28_structural_lift_recovered.c	ps2/progress28_structural_lift_recovered.o
snes_p28_00106ca0	global	text	0x71c	src/ps2/progress28_structural_lift_recovered.c	ps2/progress28_structural_lift_recovered.o
snes_p28_00107358	global	text	0x288	src/ps2/progress28_structural_lift_recovered.c	ps2/progress28_structural_lift_recovered.o
snes_p28_00108a9c	global	text	0x154	src/ps2/progress28_structural_lift_recovered.c	ps2/progress28_structural_lift_recovered.o
snes_p28_0010a934	global	text	0xb90	src/ps2/progress28_structural_lift_recovered.c	ps2/progress28_structural_lift_recovered.o
snes_p28_0010ad48	global	text	0x780	src/ps2/progress28_structural_lift_recovered.c	ps2/progress28_structural_lift_recovered.o
snes_p28_0010b370	global	text	0x204	src/ps2/progress28_structural_lift_recovered.c	ps2/progress28_structural_lift_recovered.o
snes_p28_0010b564	global	text	0x288	src/ps2/progress28_structural_lift_recovered.c	ps2/progress28_structural_lift_recovered.o
snes_p28_0010b8a4	global	text	0x3a4	src/ps2/progress28_structural_lift_recovered.c	ps2/progress28_structural_lift_recovered.o
snes_p28_0010bbcc	global	text	0x37c	src/ps2/progress28_structural_lift_recovered.c	ps2/progress28_structural_lift_recovered.o
snes_p28_0010becc	global	text	0x228	src/ps2/progress28_structural_lift_recovered.c	ps2/progress28_structural_lift_recovered.o
snes_p28_0010c094	global	text	0xa8	src/ps2/progress28_structural_lift_recovered.c	ps2/progress28_structural_lift_recovered.o
snes_p28_0010c1f8	global	text	0xdc	src/ps2/progress28_structural_lift_recovered.c	ps2/progress28_structural_lift_recovered.o
snes_p28_0010cbb0	global	text	0x2f4	src/ps2/progress28_structural_lift_recovered.c	ps2/progress28_structural_lift_recovered.o
snes_p28_0010d2a8	global	text	0x444	src/ps2/progress28_structural_lift_recovered.c	ps2/progress28_structural_lift_recovered.o
snes_p28_0010d4f0	global	text	0x4bc	src/ps2/progress28_structural_lift_recovered.c	ps2/progress28_structural_lift_recovered.o
snes_p28_0010d734	global	text	0x5c	src/ps2/progress28_structural_lift_recovered.c	ps2/progress28_structural_lift_recovered.o
snes_p28_00114544	global	text	0x1a0	src/ps2/progress28_structural_lift_recovered.c	ps2/progress28_structural_lift_recovered.o
snes_p28_00114818	global	text	0x17d0	src/ps2/progress28_structural_lift_recovered.c	ps2/progress28_structural_lift_recovered.o
snes_p28_00115a18	global	text	0x234	src/ps2/progress28_structural_lift_recovered.c	ps2/progress28_structural_lift_recovered.o
snes_p28_00115db0	global	text	0x400	src/ps2/progress28_structural_lift_recovered.c	ps2/progress28_structural_lift_recovered.o
snes_p28_001161a8	global	text	0x694	src/ps2/progress28_structural_lift_recovered.c	ps2/progress28_structural_lift_recovered.o
snes_p28_00129420	global	text	0x2d4	src/ps2/progress28_structural_lift_recovered.c	ps2/progress28_structural_lift_recovered.o
snes_p28_001296c4	global	text	0x2d0	src/ps2/progress28_structural_lift_recovered.c	ps2/progress28_structural_lift_recovered.o
snes_p28_0012993c	global	text	0x1c0	src/ps2/progress28_structural_lift_recovered.c	ps2/progress28_structural_lift_recovered.o
snes_p28_00129af4	global	text	0x1e34	src/ps2/progress28_structural_lift_recovered.c	ps2/progress28_structural_lift_recovered.o
snes_p28_0012a400	global	text	0x6b8	src/ps2/progress28_structural_lift_recovered.c	ps2/progress28_structural_lift_recovered.o
snes_p28_0012b498	global	text	0x504	src/ps2/progress28_structural_lift_recovered.c	ps2/progress28_structural_lift_recovered.o
snes_p28_0012ba5c	global	text	0x41c	src/ps2/progress28_structural_lift_recovered.c	ps2/progress28_structural_lift_recovered.o
snes_p28_0012bf5c	global	text	0x74	src/ps2/progress28_structural_lift_recovered.c	ps2/progress28_structural_lift_recovered.o
snes_p28_0012c444	global	text	0x80	src/ps2/progress28_structural_lift_recovered.c	ps2/progress28_structural_lift_recovered.o
snes_p28_0012c4a8	global	text	0xd8	src/ps2/progress28_structural_lift_recovered.c	ps2/progress28_structural_lift_recovered.o
snes_p28_0012c558	global	text	0xd40	src/ps2/progress28_structural_lift_recovered.c	ps2/progress28_structural_lift_recovered.o
snes_p28_0012ce18	global	text	0x41c	src/ps2/progress28_structural_lift_recovered.c	ps2/progress28_structural_lift_recovered.o
snes_p28_0012d05c	global	text	0x670	src/ps2/progress28_structural_lift_recovered.c	ps2/progress28_structural_lift_recovered.o
snes_p28_0012dc1c	global	text	0x20c	src/ps2/progress28_structural_lift_recovered.c	ps2/progress28_structural_lift_recovered.o
snes_p28_0012e04c	global	text	0xc4	src/ps2/progress28_structural_lift_recovered.c	ps2/progress28_structural_lift_recovered.o
snes_p28_0012e0cc	global	text	0x254	src/ps2/progress28_structural_lift_recovered.c	ps2/progress28_structural_lift_recovered.o
snes_p28_0012fef0	global	text	0x324	src/ps2/progress28_structural_lift_recovered.c	ps2/progress28_structural_lift_recovered.o
snes_p28_00130134	global	text	0x594	src/ps2/progress28_structural_lift_recovered.c	ps2/progress28_structural_lift_recovered.o
snes_p28_0014311c	global	text	0x2ec	src/ps2/progress28_structural_lift_recovered.c	ps2/progress28_structural_lift_recovered.o
snes_p28_00143390	global	text	0x210	src/ps2/progress28_structural_lift_recovered.c	ps2/progress28_structural_lift_recovered.o
snes_p28_001434ac	global	text	0x210	src/ps2/progress28_structural_lift_recovered.c	ps2/progress28_structural_lift_recovered.o
snes_p28_0014368c	global	text	0x1c8	src/ps2/progress28_structural_lift_recovered.c	ps2/progress28_structural_lift_recovered.o
snes_p28_001437d8	global	text	0x1b0	src/ps2/progress28_structural_lift_recovered.c	ps2/progress28_structural_lift_recovered.o
snes_p28_00143e7c	global	text	0x678	src/ps2/progress28_structural_lift_recovered.c	ps2/progress28_structural_lift_recovered.o
snes_p28_001443ec	global	text	0x8b4	src/ps2/progress28_structural_lift_recovered.c	ps2/progress28_structural_lift_recovered.o
snes_p28_00144ad8	global	text	0x8dc	src/ps2/progress28_structural_lift_recovered.c	ps2/progress28_structural_lift_recovered.o
snes_p28_00145240	global	text	0x6e0	src/ps2/progress28_structural_lift_recovered.c	ps2/progress28_structural_lift_recovered.o
snes_p28_001452b0	global	text	0xa7c	src/ps2/progress28_structural_lift_recovered.c	ps2/progress28_structural_lift_recovered.o
snes_p28_00145c08	global	text	0x770	src/ps2/progress28_structural_lift_recovered.c	ps2/progress28_structural_lift_recovered.o
snes_p28_001461a8	global	text	0x7a0	src/ps2/progress28_structural_lift_recovered.c	ps2/progress28_structural_lift_recovered.o
snes_p28_00146720	global	text	0x970	src/ps2/progress28_structural_lift_recovered.c	ps2/progress28_structural_lift_recovered.o
snes_p28_00146e6c	global	text	0x930	src/ps2/progress28_structural_lift_recovered.c	ps2/progress28_structural_lift_recovered.o
snes_p28_00147578	global	text	0x970	src/ps2/progress28_structural_lift_recovered.c	ps2/progress28_structural_lift_recovered.o
snes_p28_00147c68	global	text	0x950	src/ps2/progress28_structural_lift_recovered.c	ps2/progress28_structural_lift_recovered.o
snes_p28_00148394	global	text	0x13b8	src/ps2/progress28_structural_lift_recovered.c	ps2/progress28_structural_lift_recovered.o
snes_p28_001493a8	global	text	0x1848	src/ps2/progress28_structural_lift_recovered.c	ps2/progress28_structural_lift_recovered.o
snes_p28_0014a784	global	text	0x17d8	src/ps2/progress28_structural_lift_recovered.c	ps2/progress28_structural_lift_recovered.o
snes_p28_0014babc	global	text	0x17f8	src/ps2/progress28_structural_lift_recovered.c	ps2/progress28_structural_lift_recovered.o
snes_p28_0014ce24	global	text	0x17d8	src/ps2/progress28_structural_lift_recovered.c	ps2/progress28_structural_lift_recovered.o
snes_p28_0014e140	global	text	0x864	src/ps2/progress28_structural_lift_recovered.c	ps2/progress28_structural_lift_recovered.o
snes_p28_0014e828	global	text	0x1fc	src/ps2/progress28_structural_lift_recovered.c	ps2/progress28_structural_lift_recovered.o
snes_p28_0014eaa4	global	text	0x22c	src/ps2/progress28_structural_lift_recovered.c	ps2/progress28_structural_lift_recovered.o
snes_p28_0014ec54	global	text	0x2634	src/ps2/progress28_structural_lift_recovered.c	ps2/progress28_structural_lift_recovered.o
snes_p28_0015068c	global	text	0x550	src/ps2/progress28_structural_lift_recovered.c	ps2/progress28_structural_lift_recovered.o
snes_p28_00150b1c	global	text	0x178	src/ps2/progress28_structural_lift_recovered.c	ps2/progress28_structural_lift_recovered.o
snes_p28_001513bc	global	text	0xf98	src/ps2/progress28_structural_lift_recovered.c	ps2/progress28_structural_lift_recovered.o
snes_p28_001520b8	global	text	0x220	src/ps2/progress28_structural_lift_recovered.c	ps2/progress28_structural_lift_recovered.o
snes_p28_001522d8	global	text	0x131c	src/ps2/progress28_structural_lift_recovered.c	ps2/progress28_structural_lift_recovered.o
snes_p28_001538b0	global	text	0x564	src/ps2/progress28_structural_lift_recovered.c	ps2/progress28_structural_lift_recovered.o
snes_p28_00153da4	global	text	0x3f8	src/ps2/progress28_structural_lift_recovered.c	ps2/progress28_structural_lift_recovered.o
snes_p28_001541e0	global	text	0x3d8	src/ps2/progress28_structural_lift_recovered.c	ps2/progress28_structural_lift_recovered.o
snes_p28_0015458c	global	text	0x4c4	src/ps2/progress28_structural_lift_recovered.c	ps2/progress28_structural_lift_recovered.o
snes_p28_00154a24	global	text	0x244	src/ps2/progress28_structural_lift_recovered.c	ps2/progress28_structural_lift_recovered.o
snes_p28_00154c2c	global	text	0x394	src/ps2/progress28_structural_lift_recovered.c	ps2/progress28_structural_lift_recovered.o
snes_p28_00154f9c	global	text	0x414	src/ps2/progress28_structural_lift_recovered.c	ps2/progress28_structural_lift_recovered.o
snes_p28_00155334	global	text	0x388	src/ps2/progress28_structural_lift_recovered.c	ps2/progress28_structural_lift_recovered.o
snes_p28_0015568c	global	text	0x3c8	src/ps2/progress28_structural_lift_recovered.c	ps2/progress28_structural_lift_recovered.o
snes_p28_00155a44	global	text	0x270	src/ps2/progress28_structural_lift_recovered.c	ps2/progress28_structural_lift_recovered.o
snes_p28_00155ca0	global	text	0x460	src/ps2/progress28_structural_lift_recovered.c	ps2/progress28_structural_lift_recovered.o
snes_p28_00156118	global	text	0x454	src/ps2/progress28_structural_lift_recovered.c	ps2/progress28_structural_lift_recovered.o
snes_p28_00156514	global	text	0x3b8	src/ps2/progress28_structural_lift_recovered.c	ps2/progress28_structural_lift_recovered.o
snes_p28_00156a04	global	text	0x24c	src/ps2/progress28_structural_lift_recovered.c	ps2/progress28_structural_lift_recovered.o
snes_p28_00156c60	global	text	0x1cf8	src/ps2/progress28_structural_lift_recovered.c	ps2/progress28_structural_lift_recovered.o
snes_p28_001584d0	global	text	0x480	src/ps2/progress28_structural_lift_recovered.c	ps2/progress28_structural_lift_recovered.o
snes_p28_00158b74	global	text	0x7b8	src/ps2/progress28_structural_lift_recovered.c	ps2/progress28_structural_lift_recovered.o
snes_p28_00159058	global	text	0x14c	src/ps2/progress28_structural_lift_recovered.c	ps2/progress28_structural_lift_recovered.o
snes_p28_00159268	global	text	0x1594	src/ps2/progress28_structural_lift_recovered.c	ps2/progress28_structural_lift_recovered.o
snes_p28_0015a5f0	global	text	0x8c0	src/ps2/progress28_structural_lift_recovered.c	ps2/progress28_structural_lift_recovered.o
snes_p28_0015ad6c	global	text	0x1114	src/ps2/progress28_structural_lift_recovered.c	ps2/progress28_structural_lift_recovered.o
snes_p28_0015bc70	global	text	0x5f0	src/ps2/progress28_structural_lift_recovered.c	ps2/progress28_structural_lift_recovered.o
snes_p28_0015c124	global	text	0x7f8	src/ps2/progress28_structural_lift_recovered.c	ps2/progress28_structural_lift_recovered.o
snes_p28_0015c624	global	text	0x77c	src/ps2/progress28_structural_lift_recovered.c	ps2/progress28_structural_lift_recovered.o
snes_p28_0015cae0	global	text	0x25c	src/ps2/progress28_structural_lift_recovered.c	ps2/progress28_structural_lift_recovered.o
snes_p28_0015cea4	global	text	0x22c	src/ps2/progress28_structural_lift_recovered.c	ps2/progress28_structural_lift_recovered.o
snes_p28_0015d0bc	global	text	0x2d8	src/ps2/progress28_structural_lift_recovered.c	ps2/progress28_structural_lift_recovered.o
snes_p28_0015d3ec	global	text	0x41c	src/ps2/progress28_structural_lift_recovered.c	ps2/progress28_structural_lift_recovered.o
snes_p28_0015d6d8	global	text	0x2c0	src/ps2/progress28_structural_lift_recovered.c	ps2/progress28_structural_lift_recovered.o
snes_p28_0015dab4	global	text	0x18c	src/ps2/progress28_structural_lift_recovered.c	ps2/progress28_structural_lift_recovered.o
snes_p28_0015dc84	global	text	0x1a8	src/ps2/progress28_structural_lift_recovered.c	ps2/progress28_structural_lift_recovered.o
snes_p28_0015de68	global	text	0x170	src/ps2/progress28_structural_lift_recovered.c	ps2/progress28_structural_lift_recovered.o
snes_p28_0015e40c	global	text	0x890	src/ps2/progress28_structural_lift_recovered.c	ps2/progress28_structural_lift_recovered.o
snes_p28_0016f2dc	global	text	0x2d4	src/ps2/progress28_structural_lift_recovered.c	ps2/progress28_structural_lift_recovered.o
snes_p28_0016f580	global	text	0x2d0	src/ps2/progress28_structural_lift_recovered.c	ps2/progress28_structural_lift_recovered.o
snes_p28_0016f7f8	global	text	0x1c0	src/ps2/progress28_structural_lift_recovered.c	ps2/progress28_structural_lift_recovered.o
snes_p28_00170398	global	text	0x17b4	src/ps2/progress28_structural_lift_recovered.c	ps2/progress28_structural_lift_recovered.o
snes_p28_00171348	global	text	0x3fc	src/ps2/progress28_structural_lift_recovered.c	ps2/progress28_structural_lift_recovered.o
snes_p28_00171700	global	text	0x744	src/ps2/progress28_structural_lift_recovered.c	ps2/progress28_structural_lift_recovered.o
snes_p28_001728d4	global	text	0x1e68	src/ps2/progress28_structural_lift_recovered.c	ps2/progress28_structural_lift_recovered.o
snes_p28_00174350	global	text	0x2b0	src/ps2/progress28_structural_lift_recovered.c	ps2/progress28_structural_lift_recovered.o
snes_p28_00174898	global	text	0x304	src/ps2/progress28_structural_lift_recovered.c	ps2/progress28_structural_lift_recovered.o
snes_p28_00174b94	global	text	0x4fc	src/ps2/progress28_structural_lift_recovered.c	ps2/progress28_structural_lift_recovered.o
snes_p28_00174fe4	global	text	0x6d0	src/ps2/progress28_structural_lift_recovered.c	ps2/progress28_structural_lift_recovered.o
snes_p28_00175300	global	text	0x11f0	src/ps2/progress28_structural_lift_recovered.c	ps2/progress28_structural_lift_recovered.o
snes_p28_00175cb4	global	text	0x12b0	src/ps2/progress28_structural_lift_recovered.c	ps2/progress28_structural_lift_recovered.o
snes_p28_00176594	global	text	0x19e0	src/ps2/progress28_structural_lift_recovered.c	ps2/progress28_structural_lift_recovered.o
snes_p28_00177a84	global	text	0x374	src/ps2/progress28_structural_lift_recovered.c	ps2/progress28_structural_lift_recovered.o
snes_p28_00177e6c	global	text	0x568	src/ps2/progress28_structural_lift_recovered.c	ps2/progress28_structural_lift_recovered.o
snes_p28_001806a4	global	text	0x370	src/ps2/progress28_structural_lift_recovered.c	ps2/progress28_structural_lift_recovered.o
snes_p28_00180b80	global	text	0x6f8	src/ps2/progress28_structural_lift_recovered.c	ps2/progress28_structural_lift_recovered.o
snes_p28_001813f0	global	text	0x7ac	src/ps2/progress28_structural_lift_recovered.c	ps2/progress28_structural_lift_recovered.o
snes_p28_00181bac	global	text	0xbf4	src/ps2/progress28_structural_lift_recovered.c	ps2/progress28_structural_lift_recovered.o
snes_p28_00182638	global	text	0x37c	src/ps2/progress28_structural_lift_recovered.c	ps2/progress28_structural_lift_recovered.o
snes_p28_00182984	global	text	0x1ac	src/ps2/progress28_structural_lift_recovered.c	ps2/progress28_structural_lift_recovered.o
snes_p28_001837cc	global	text	0x360	src/ps2/progress28_structural_lift_recovered.c	ps2/progress28_structural_lift_recovered.o
snes_p28_00183aa4	global	text	0x18c	src/ps2/progress28_structural_lift_recovered.c	ps2/progress28_structural_lift_recovered.o
snes_p28_0018ea58	global	text	0x4a0	src/ps2/progress28_structural_lift_recovered.c	ps2/progress28_structural_lift_recovered.o
snes_p28_0018f408	global	text	0x1ec	src/ps2/progress28_structural_lift_recovered.c	ps2/progress28_structural_lift_recovered.o
snes_p28_0018f6cc	global	text	0x47c	src/ps2/progress28_structural_lift_recovered.c	ps2/progress28_structural_lift_recovered.o
snes_p28_0018fcec	global	text	0x2d8	src/ps2/progress28_structural_lift_recovered.c	ps2/progress28_structural_lift_recovered.o
snes_p28_0018ff6c	global	text	0x190	src/ps2/progress28_structural_lift_recovered.c	ps2/progress28_structural_lift_recovered.o
snes_p28_001900d4	global	text	0x3d0	src/ps2/progress28_structural_lift_recovered.c	ps2/progress28_structural_lift_recovered.o
snes_p28_00195b3c	global	text	0x4ac	src/ps2/progress28_structural_lift_recovered.c	ps2/progress28_structural_lift_recovered.o
snes_p28_001a36e0	global	text	0x2ac	src/ps2/progress28_structural_lift_recovered.c	ps2/progress28_structural_lift_recovered.o
snes_p28_001a39b0	global	text	0x124	src/ps2/progress28_structural_lift_recovered.c	ps2/progress28_structural_lift_recovered.o
snes_p28_001a4108	global	text	0x1fc	src/ps2/progress28_structural_lift_recovered.c	ps2/progress28_structural_lift_recovered.o
snes_p28_001a42b8	global	text	0x714	src/ps2/progress28_structural_lift_recovered.c	ps2/progress28_structural_lift_recovered.o
snes_p28_001a4848	global	text	0x5fc	src/ps2/progress28_structural_lift_recovered.c	ps2/progress28_structural_lift_recovered.o
snes_p28_001a4d78	global	text	0x188	src/ps2/progress28_structural_lift_recovered.c	ps2/progress28_structural_lift_recovered.o
snes_p28_001a4ef0	global	text	0xd4	src/ps2/progress28_structural_lift_recovered.c	ps2/progress28_structural_lift_recovered.o
snes_p28_001a4fe0	global	text	0x1b8	src/ps2/progress28_structural_lift_recovered.c	ps2/progress28_structural_lift_recovered.o
snes_p28_001a5228	global	text	0xb0	src/ps2/progress28_structural_lift_recovered.c	ps2/progress28_structural_lift_recovered.o
snes_p28_001a52d0	global	text	0x334	src/ps2/progress28_structural_lift_recovered.c	ps2/progress28_structural_lift_recovered.o
snes_p28_001a54c8	global	text	0x10c	src/ps2/progress28_structural_lift_recovered.c	ps2/progress28_structural_lift_recovered.o
snes_p28_001a55a8	global	text	0x1a8	src/ps2/progress28_structural_lift_recovered.c	ps2/progress28_structural_lift_recovered.o
snes_p28_001a57e8	global	text	0x12c	src/ps2/progress28_structural_lift_recovered.c	ps2/progress28_structural_lift_recovered.o
snes_p28_001a5918	global	text	0xe0	src/ps2/progress28_structural_lift_recovered.c	ps2/progress28_structural_lift_recovered.o
snes_p28_001a5ac0	global	text	0xcc	src/ps2/progress28_structural_lift_recovered.c	ps2/progress28_structural_lift_recovered.o
snes_p28_001a64e8	global	text	0x254	src/ps2/progress28_structural_lift_recovered.c	ps2/progress28_structural_lift_recovered.o
snes_p28_001a6770	global	text	0x18c	src/ps2/progress28_structural_lift_recovered.c	ps2/progress28_structural_lift_recovered.o
snes_p28_001a68f0	global	text	0x190	src/ps2/progress28_structural_lift_recovered.c	ps2/progress28_structural_lift_recovered.o
snes_p28_001a6a70	global	text	0x1b0	src/ps2/progress28_structural_lift_recovered.c	ps2/progress28_structural_lift_recovered.o
snes_p28_001a6c18	global	text	0x304	src/ps2/progress28_structural_lift_recovered.c	ps2/progress28_structural_lift_recovered.o
snes_p28_001a6f30	global	text	0x1c8	src/ps2/progress28_structural_lift_recovered.c	ps2/progress28_structural_lift_recovered.o
snes_p28_001a70c0	global	text	0x410	src/ps2/progress28_structural_lift_recovered.c	ps2/progress28_structural_lift_recovered.o
snes_p28_001a7438	global	text	0x15c	src/ps2/progress28_structural_lift_recovered.c	ps2/progress28_structural_lift_recovered.o
snes_p28_001a7788	global	text	0x7b8	src/ps2/progress28_structural_lift_recovered.c	ps2/progress28_structural_lift_recovered.o
snes_p28_001a9728	global	text	0x50c	src/ps2/progress28_structural_lift_recovered.c	ps2/progress28_structural_lift_recovered.o
snes_p28_001a9b88	global	text	0x110	src/ps2/progress28_structural_lift_recovered.c	ps2/progress28_structural_lift_recovered.o
snes_p28_001aa400	global	text	0x138	src/ps2/progress28_structural_lift_recovered.c	ps2/progress28_structural_lift_recovered.o
snes_p28_001aa638	global	text	0x424	src/ps2/progress28_structural_lift_recovered.c	ps2/progress28_structural_lift_recovered.o
snes_p28_001aabd8	global	text	0x350	src/ps2/progress28_structural_lift_recovered.c	ps2/progress28_structural_lift_recovered.o
snes_p28_001aae70	global	text	0x100	src/ps2/progress28_structural_lift_recovered.c	ps2/progress28_structural_lift_recovered.o
snes_qsort_001080cc	global	text	0x968	src/ps2/qsort.c	ps2/qsort.o
snes_p28_0010d7dc	global	text	0xb60	src/ps2/s9xsetc4.S	ps2/s9xsetc4.o
_heap_ptr	local	data	0x4	src/ps2/sbrk.c	ps2/sbrk.o
ps2_sbrk_0019f078	global	text	0xc0	src/ps2/sbrk.c	ps2/sbrk.o
SifAddCmdHandler	global	text	0x38	src/ps2/sifcmd.c	ps2/sifcmd.o
SifExitCmd	global	text	0x34	src/ps2/sifcmd.c	ps2/sifcmd.o
SifGetSreg	global	text	0x18	src/ps2/sifcmd.c	ps2/sifcmd.o
SifInitCmd	global	text	0x21c	src/ps2/sifcmd.c	ps2/sifcmd.o
SifSendCmd	global	text	0x3c	src/ps2/sifcmd.c	ps2/sifcmd.o
_SifCmdIntHandler	global	text	0xdc	src/ps2/sifcmd.c	ps2/sifcmd.o
_SifSendCmd	local	text	0x130	src/ps2/sifcmd.c	ps2/sifcmd.o
_sif_cmd_data	global	data	0x20	src/ps2/sifcmd.c	ps2/sifcmd.o
change_addr	local	text	0xc	src/ps2/sifcmd.c	ps2/sifcmd.o
cmdbuf	local	bss	0x0	src/ps2/sifcmd.c	ps2/sifcmd.o
iSifSendCmd	global	text	0x3c	src/ps2/sifcmd.c	ps2/sifcmd.o
init	local	data	0x4	src/ps2/sifcmd.c	ps2/sifcmd.o
pktbuf	local	bss	0x0	src/ps2/sifcmd.c	ps2/sifcmd.o
set_sreg	local	text	0x1c	src/ps2/sifcmd.c	ps2/sifcmd.o
sif0_id	local	data	0x4	src/ps2/sifcmd.c	ps2/sifcmd.o
sregs	local	bss	0x0	src/ps2/sifcmd.c	ps2/sifcmd.o
sys_cmd_handlers	local	bss	0x0	src/ps2/sifcmd.c	ps2/sifcmd.o
usr_cmd_handlers	local	bss	0x0	src/ps2/sifcmd.c	ps2/sifcmd.o
SifBindRpc	global	text	0x128	src/ps2/sifrpc.c	ps2/sifrpc.o
SifCallRpc	global	text	0x1b4	src/ps2/sifrpc.c	ps2/sifrpc.o
SifExitRpc	global	text	0x24	src/ps2/sifrpc.c	ps2/sifrpc.o
SifInitRpc	global	text	0x144	src/ps2/sifrpc.c	ps2/sifrpc.o
_request_bind	local	text	0xb4	src/ps2/sifrpc.c	ps2/sifrpc.o
_request_call	local	text	0xa0	src/ps2/sifrpc.c	ps2/sifrpc.o
_request_end	local	text	0x94	src/ps2/sifrpc.c	ps2/sifrpc.o
_request_rdata	local	text	0x64	src/ps2/sifrpc.c	ps2/sifrpc.o
_rpc_get_fpacket	global	text	0x30	src/ps2/sifrpc.c	ps2/sifrpc.o
_rpc_get_packet	global	text	0xbc	src/ps2/sifrpc.c	ps2/sifrpc.o
_sif_rpc_data	global	data	0x2c	src/ps2/sifrpc.c	ps2/sifrpc.o
client_table	local	bss	0x0	src/ps2/sifrpc.c	ps2/sifrpc.o
init	local	data	0x4	src/ps2/sifrpc.c	ps2/sifrpc.o
pkt_table	local	bss	0x0	src/ps2/sifrpc.c	ps2/sifrpc.o
rdata_table	local	bss	0x0	src/ps2/sifrpc.c	ps2/sifrpc.o
rpc_packet_free	local	text	0x18	src/ps2/sifrpc.c	ps2/sifrpc.o
search_svdata	local	text	0x48	src/ps2/sifrpc.c	ps2/sifrpc.o
SjPCM_Available	global	text	0x6c	src/ps2/sjpcm_rpc.c	ps2/sjpcm_rpc.o
SjPCM_Buffered	global	text	0x6c	src/ps2/sjpcm_rpc.c	ps2/sjpcm_rpc.o
SjPCM_Clearbuff	global	text	0x58	src/ps2/sjpcm_rpc.c	ps2/sjpcm_rpc.o
SjPCM_Enqueue	global	text	0x14c	src/ps2/sjpcm_rpc.c	ps2/sjpcm_rpc.o
SjPCM_Init	global	text	0x100	src/ps2/sjpcm_rpc.c	ps2/sjpcm_rpc.o
SjPCM_Pause	global	text	0x58	src/ps2/sjpcm_rpc.c	ps2/sjpcm_rpc.o
SjPCM_Play	global	text	0x58	src/ps2/sjpcm_rpc.c	ps2/sjpcm_rpc.o
SjPCM_Puts	global	text	0x10c	src/ps2/sjpcm_rpc.c	ps2/sjpcm_rpc.o
SjPCM_Quit	global	text	0x60	src/ps2/sjpcm_rpc.c	ps2/sjpcm_rpc.o
SjPCM_Setvol	global	text	0x64	src/ps2/sjpcm_rpc.c	ps2/sjpcm_rpc.o
buff.0	local	bss	0x0	src/ps2/sjpcm_rpc.c	ps2/sjpcm_rpc.o
bufpos	global	data	0x4	src/ps2/sjpcm_rpc.c	ps2/sjpcm_rpc.o
cd0	local	bss	0x0	src/ps2/sjpcm_rpc.c	ps2/sjpcm_rpc.o
pcmbufl	global	data	0x4	src/ps2/sjpcm_rpc.c	ps2/sjpcm_rpc.o
pcmbufr	global	data	0x4	src/ps2/sjpcm_rpc.c	ps2/sjpcm_rpc.o
sbuff	local	bss	0x0	src/ps2/sjpcm_rpc.c	ps2/sjpcm_rpc.o
sjpcm_inited	global	data	0x4	src/ps2/sjpcm_rpc.c	ps2/sjpcm_rpc.o
ot	local	text	0x44	src/ps2/small_dispatch_recovered.c	ps2/small_dispatch_recovered.o
snes_dispatch_00101890	global	text	0x50	src/ps2/small_dispatch_recovered.c	ps2/small_dispatch_recovered.o
snes_dispatch_001018e0	global	text	0x28	src/ps2/small_dispatch_recovered.c	ps2/small_dispatch_recovered.o
snes_dispatch_00103c7c	global	text	0x48	src/ps2/small_dispatch_recovered.c	ps2/small_dispatch_recovered.o
snes_dispatch_001056c0	global	text	0x2c	src/ps2/small_dispatch_recovered.c	ps2/small_dispatch_recovered.o
snes_dispatch_00105718	global	text	0xac	src/ps2/small_dispatch_recovered.c	ps2/small_dispatch_recovered.o
snes_dispatch_00105d30	global	text	0x70	src/ps2/small_dispatch_recovered.c	ps2/small_dispatch_recovered.o
snes_dispatch_00105d78	global	text	0x10c	src/ps2/small_dispatch_recovered.c	ps2/small_dispatch_recovered.o
snes_dispatch_00105e04	global	text	0x94	src/ps2/small_dispatch_recovered.c	ps2/small_dispatch_recovered.o
snes_dispatch_0010c300	global	text	0x20	src/ps2/small_dispatch_recovered.c	ps2/small_dispatch_recovered.o
snes_dispatch_0010c328	global	text	0x14	src/ps2/small_dispatch_recovered.c	ps2/small_dispatch_recovered.o
snes_dispatch_001159f4	global	text	0x2c	src/ps2/small_dispatch_recovered.c	ps2/small_dispatch_recovered.o
snes_dispatch_0011c050	global	text	0x50	src/ps2/small_dispatch_recovered.c	ps2/small_dispatch_recovered.o
snes_dispatch_0012e688	global	text	0x44	src/ps2/small_dispatch_recovered.c	ps2/small_dispatch_recovered.o
snes_dispatch_0012e6c4	global	text	0x44	src/ps2/small_dispatch_recovered.c	ps2/small_dispatch_recovered.o
snes_dispatch_0012e704	global	text	0x38	src/ps2/small_dispatch_recovered.c	ps2/small_dispatch_recovered.o
snes_dispatch_0012e728	global	text	0x30	src/ps2/small_dispatch_recovered.c	ps2/small_dispatch_recovered.o
snes_dispatch_0012fec4	global	text	0x48	src/ps2/small_dispatch_recovered.c	ps2/small_dispatch_recovered.o
snes_dispatch_0013e014	global	text	0x4c	src/ps2/small_dispatch_recovered.c	ps2/small_dispatch_recovered.o
snes_dispatch_0013e024	global	text	0x44	src/ps2/small_dispatch_recovered.c	ps2/small_dispatch_recovered.o
snes_dispatch_0013e3a8	global	text	0x4c	src/ps2/small_dispatch_recovered.c	ps2/small_dispatch_recovered.o
snes_dispatch_0013fc10	global	text	0x14	src/ps2/small_dispatch_recovered.c	ps2/small_dispatch_recovered.o
snes_dispatch_00140040	global	text	0x48	src/ps2/small_dispatch_recovered.c	ps2/small_dispatch_recovered.o
snes_dispatch_0014080c	global	text	0x3c	src/ps2/small_dispatch_recovered.c	ps2/small_dispatch_recovered.o
snes_dispatch_00140c30	global	text	0x20	src/ps2/small_dispatch_recovered.c	ps2/small_dispatch_recovered.o
snes_dispatch_00158ff0	global	text	0x50	src/ps2/small_dispatch_recovered.c	ps2/small_dispatch_recovered.o
snes_dispatch_0016fa7c	global	text	0x8c	src/ps2/small_dispatch_recovered.c	ps2/small_dispatch_recovered.o
snes_dispatch_0016fc48	global	text	0x28	src/ps2/small_dispatch_recovered.c	ps2/small_dispatch_recovered.o
snes_dispatch_0016fc6c	global	text	0x2c	src/ps2/small_dispatch_recovered.c	ps2/small_dispatch_recovered.o
snes_dispatch_00170204	global	text	0x2c	src/ps2/small_dispatch_recovered.c	ps2/small_dispatch_recovered.o
snes_dispatch_00176578	global	text	0x28	src/ps2/small_dispatch_recovered.c	ps2/small_dispatch_recovered.o
snes_dispatch_00183678	global	text	0x3c	src/ps2/small_dispatch_recovered.c	ps2/small_dispatch_recovered.o
snes_dispatch_0018faa4	global	text	0x68	src/ps2/small_dispatch_recovered.c	ps2/small_dispatch_recovered.o
snes_dispatch_0019c5cc	global	text	0x28	src/ps2/small_dispatch_recovered.c	ps2/small_dispatch_recovered.o
snes_dispatch_001a51d0	global	text	0x6c	src/ps2/small_dispatch_recovered.c	ps2/small_dispatch_recovered.o
strcasecmp	global	text	0x84	src/ps2/strcasecmp.c	ps2/strcasecmp.o
strcat	global	weak-text	0x38	src/ps2/strcat.S	ps2/strcat.o
strchr	global	weak-text	0x38	src/ps2/strchr.S	ps2/strchr.o
strcmp	global	weak-text	0x40	src/ps2/strcmp.S	ps2/strcmp.o
strcpy	global	weak-text	0x28	src/ps2/strcpy.S	ps2/strcpy.o
strrchr	global	text	0x54	src/ps2/string.c	ps2/string.o
strlen	global	weak-text	0x28	src/ps2/strlen.S	ps2/strlen.o
strncasecmp	global	text	0xb8	src/ps2/strncasecmp.c	ps2/strncasecmp.o
strncmp	global	weak-text	0x48	src/ps2/strncmp.S	ps2/strncmp.o
strncpy	global	weak-text	0x54	src/ps2/strncpy.S	ps2/strncpy.o
strstr	global	text	0x88	src/ps2/strstr.c	ps2/strstr.o
end.1	local	bss	0x0	src/ps2/strtok.c	ps2/strtok.o
start.0	local	bss	0x0	src/ps2/strtok.c	ps2/strtok.o
strtok	global	text	0x108	src/ps2/strtok.c	ps2/strtok.o
strtol	global	text	0x22c	src/ps2/strtol.c	ps2/strtol.o
append_char	local	text	0xd8	src/ps2/xprintf.c	ps2/xprintf.o
append_number	local	text	0x360	src/ps2/xprintf.c	ps2/xprintf.o
append_string	local	text	0x190	src/ps2/xprintf.c	ps2/xprintf.o
buf.0	local	bss	0x0	src/ps2/xprintf.c	ps2/xprintf.o
printf	global	weak-text	0x48	src/ps2/xprintf.c	ps2/xprintf.o
puts_like_recovered	global	text	0x64	src/ps2/xprintf.c	ps2/xprintf.o
sn_append_char	local	text	0x58	src/ps2/xprintf.c	ps2/xprintf.o
sn_reserve	local	text	0x1c	src/ps2/xprintf.c	ps2/xprintf.o
sprintf	global	weak-text	0x44	src/ps2/xprintf.c	ps2/xprintf.o
vprintf	global	weak-text	0x58	src/ps2/xprintf.c	ps2/xprintf.o
vsnprintf	global	weak-text	0x8c	src/ps2/xprintf.c	ps2/xprintf.o
vsprintf	global	weak-text	0x24	src/ps2/xprintf.c	ps2/xprintf.o
xyzprintf	local	text	0x460	src/ps2/xprintf.c	ps2/xprintf.o
alloc32	local	text	0x1c	src/snes9x/apu_alloc_recovered.c	snes9x/apu_alloc_recovered.o
apu_buffer_allocator_0010a840	global	text	0x74	src/snes9x/apu_alloc_recovered.c	snes9x/apu_alloc_recovered.o
apu_buffer_cleanup_0010a8bc	global	text	0x78	src/snes9x/apu_alloc_recovered.c	snes9x/apu_alloc_recovered.o
apu_buffers_init_0010a840	global	text	0x1c	src/snes9x/apu_alloc_recovered.c	snes9x/apu_alloc_recovered.o
_GLOBAL__F__Z14S9xAPUGetByteZh	global	data	0x0	src/snes9x/apumem.cpp	snes9x/apumem.o
_Z13S9xAPUGetBytej	global	text	0xb4	src/snes9x/apumem.cpp	snes9x/apumem.o
_Z13S9xAPUSetBytehj	global	text	0x114	src/snes9x/apumem.cpp	snes9x/apumem.o
_Z14S9xAPUGetByteZh	global	text	0xbc	src/snes9x/apumem.cpp	snes9x/apumem.o
_Z14S9xAPUSetByteZhh	global	text	0xec	src/snes9x/apumem.cpp	snes9x/apumem.o
S9xAPUGetByteZ_001acb3c	global	text	0x48	src/snes9x/apumem_recovered.c	snes9x/apumem_recovered.o
S9xAPUGetByte_001ac994	global	text	0x50	src/snes9x/apumem_recovered.c	snes9x/apumem_recovered.o
S9xAPUSetByteZ_001acbf0	global	text	0x78	src/snes9x/apumem_recovered.c	snes9x/apumem_recovered.o
S9xAPUSetByte_001aca50	global	text	0x58	src/snes9x/apumem_recovered.c	snes9x/apumem_recovered.o
apu_io_read	local	text	0xa8	src/snes9x/apumem_recovered.c	snes9x/apumem_recovered.o
apu_io_write	local	text	0xc0	src/snes9x/apumem_recovered.c	snes9x/apumem_recovered.o
apu_wait_touch	local	text	0x14	src/snes9x/apumem_recovered.c	snes9x/apumem_recovered.o
C4CalcWireFrame	global	text	0x1c8	src/snes9x/c4_math.cpp	snes9x/c4_math.o
C4Op0D	global	text	0x108	src/snes9x/c4_math.cpp	snes9x/c4_math.o
C4Op15	global	text	0x84	src/snes9x/c4_math.cpp	snes9x/c4_math.o
C4Op1F	global	text	0xe0	src/snes9x/c4_math.cpp	snes9x/c4_math.o
C4TransfWireFrame	global	text	0x328	src/snes9x/c4_math.cpp	snes9x/c4_math.o
C4TransfWireFrame2	global	text	0x300	src/snes9x/c4_math.cpp	snes9x/c4_math.o
_GLOBAL__F_C4TransfWireFrame	global	data	0x0	src/snes9x/c4_math.cpp	snes9x/c4_math.o
_GLOBAL__F__Z15C4DrawWireFramev	global	data	0x0	src/snes9x/c4drawwireframe.cpp	snes9x/c4drawwireframe.o
_Z15C4DrawWireFramev	global	text	0x1d8	src/snes9x/c4drawwireframe.cpp	snes9x/c4drawwireframe.o
_Z17S9xSearchForValueP10SCheatData22S9xCheatComparisonType16S9xCheatDataSizejhh	global	text	0x1fdc	src/snes9x/cheat_search.cpp	snes9x/cheat_search.o
_Z18S9xSearchForChangeP10SCheatData22S9xCheatComparisonType16S9xCheatDataSizehh	global	text	0x3b68	src/snes9x/cheat_search.cpp	snes9x/cheat_search.o
_Z19S9xStartCheatSearchP10SCheatData	global	text	0xc0	src/snes9x/cheat_search.cpp	snes9x/cheat_search.o
_Z27S9xOutputCheatSearchResultsP10SCheatData	global	text	0x17c	src/snes9x/cheat_search.cpp	snes9x/cheat_search.o
_GLOBAL__F__Z16S9xInitCheatDatav	global	data	0x0	src/snes9x/cheats2.cpp	snes9x/cheats2.o
_Z11S9xAddCheathhjh	global	text	0xb4	src/snes9x/cheats2.cpp	snes9x/cheats2.o
_Z13S9xApplyCheatj	global	text	0xb0	src/snes9x/cheats2.cpp	snes9x/cheats2.o
_Z14S9xApplyCheatsv	global	text	0x84	src/snes9x/cheats2.cpp	snes9x/cheats2.o
_Z14S9xDeleteCheatj	global	text	0x94	src/snes9x/cheats2.cpp	snes9x/cheats2.o
_Z14S9xEnableCheatj	global	text	0x4c	src/snes9x/cheats2.cpp	snes9x/cheats2.o
_Z14S9xRemoveCheatj	global	text	0x74	src/snes9x/cheats2.cpp	snes9x/cheats2.o
_Z15S9xDeleteCheatsv	global	text	0x24	src/snes9x/cheats2.cpp	snes9x/cheats2.o
_Z15S9xDisableCheatj	global	text	0x58	src/snes9x/cheats2.cpp	snes9x/cheats2.o
_Z15S9xRemoveCheatsv	global	text	0x74	src/snes9x/cheats2.cpp	snes9x/cheats2.o
_Z16S9xInitCheatDatav	global	text	0x38	src/snes9x/cheats2.cpp	snes9x/cheats2.o
_Z16S9xLoadCheatFilePKc	global	text	0x130	src/snes9x/cheats2.cpp	snes9x/cheats2.o
_Z16S9xSaveCheatFilePKc	global	text	0x154	src/snes9x/cheats2.cpp	snes9x/cheats2.o
S9xReset	global	text	0x138	src/snes9x/cpu_reset.cpp	snes9x/cpu_reset.o
S9xSoftReset	global	text	0x120	src/snes9x/cpu_reset.cpp	snes9x/cpu_reset.o
_GLOBAL__F__Z15S9xResetSuperFXv	global	data	0x0	src/snes9x/cpu_reset.cpp	snes9x/cpu_reset.o
_Z11S9xResetCPUv	global	text	0x140	src/snes9x/cpu_reset.cpp	snes9x/cpu_reset.o
_Z15S9xResetSuperFXv	global	text	0x24	src/snes9x/cpu_reset.cpp	snes9x/cpu_reset.o
CPUShutdown_001ac604	global	text	0x174	src/snes9x/cpu_shutdown_renderer_select_recovered.c	snes9x/cpu_shutdown_renderer_select_recovered.o
SelectTileRenderer_001ac838	global	text	0x120	src/snes9x/cpu_shutdown_renderer_select_recovered.c	snes9x/cpu_shutdown_renderer_select_recovered.o
_GLOBAL__F__Z11CPUShutdownv	global	data	0x0	src/snes9x/cpushutdown.cpp	snes9x/cpushutdown.o
_Z11CPUShutdownv	global	text	0x130	src/snes9x/cpushutdown.cpp	snes9x/cpushutdown.o
DrawLargePixel_recovered	global	text	0x234	src/snes9x/draw_large_pixel_recovered.c	snes9x/draw_large_pixel_recovered.o
_GLOBAL__F__Z14GetBasePointerj	global	data	0x0	src/snes9x/getbasepointer.cpp	snes9x/getbasepointer.o
_Z14GetBasePointerj	global	text	0x104	src/snes9x/getbasepointer.cpp	snes9x/getbasepointer.o
GetBasePointer_001ac734	global	text	0x150	src/snes9x/getset_recovered.c	snes9x/getset_recovered.o
S9xGetByte_001ab63c	global	text	0x118	src/snes9x/getset_recovered.c	snes9x/getset_recovered.o
S9xGetWord_001abc28	global	text	0x1c8	src/snes9x/getset_recovered.c	snes9x/getset_recovered.o
S9xSetByte_001ab900	global	text	0x288	src/snes9x/getset_recovered.c	snes9x/getset_recovered.o
S9xSetPCBase_001ac024	global	text	0x164	src/snes9x/getset_recovered.c	snes9x/getset_recovered.o
S9xSetWord_001ac190	global	text	0x358	src/snes9x/getset_recovered.c	snes9x/getset_recovered.o
block_for	local	text	0xc	src/snes9x/getset_recovered.c	snes9x/getset_recovered.o
call_read	local	text	0x50	src/snes9x/getset_recovered.c	snes9x/getset_recovered.o
call_write	local	text	0x40	src/snes9x/getset_recovered.c	snes9x/getset_recovered.o
direct_ptr	local	text	0xc	src/snes9x/getset_recovered.c	snes9x/getset_recovered.o
hirom_sram_offset	local	text	0x30	src/snes9x/getset_recovered.c	snes9x/getset_recovered.o
is_direct	local	text	0xc	src/snes9x/getset_recovered.c	snes9x/getset_recovered.o
lorom_sram_offset	local	text	0x28	src/snes9x/getset_recovered.c	snes9x/getset_recovered.o
sa1_direct_write_wake	local	text	0x30	src/snes9x/getset_recovered.c	snes9x/getset_recovered.o
sa1_ram_write_state	local	text	0x10	src/snes9x/getset_recovered.c	snes9x/getset_recovered.o
special_read_value	local	text	0xcc	src/snes9x/getset_recovered.c	snes9x/getset_recovered.o
CMemory_MapMode_00156c0c	global	text	0x3c	src/snes9x/memmap_metadata_recovered.c	snes9x/memmap_metadata_recovered.o
CMemory_Size_00156994	global	text	0x68	src/snes9x/memmap_metadata_recovered.c	snes9x/memmap_metadata_recovered.o
CMemory_StaticRAMSize_00156934	global	text	0x74	src/snes9x/memmap_metadata_recovered.c	snes9x/memmap_metadata_recovered.o
CMemory_map_WriteProtectROM_00153608	global	text	0x44	src/snes9x/memmap_metadata_recovered.c	snes9x/memmap_metadata_recovered.o
_ZN7CMemory10TVStandardEv	global	text	0x24	src/snes9x/memmap_methods.cpp	snes9x/memmap_methods.o
_ZN7CMemory11FixROMSpeedEv	global	text	0x48	src/snes9x/memmap_methods.cpp	snes9x/memmap_methods.o
_ZN7CMemory11SPC7110SramEh	global	text	0x40	src/snes9x/memmap_methods.cpp	snes9x/memmap_methods.o
_ZN7CMemory12KartContentsEv	global	text	0x208	src/snes9x/memmap_methods.cpp	snes9x/memmap_methods.o
_ZN7CMemory13StaticRAMSizeEv	global	text	0x60	src/snes9x/memmap_methods.cpp	snes9x/memmap_methods.o
_ZN7CMemory15WriteProtectROMEv	global	text	0x6c	src/snes9x/memmap_methods.cpp	snes9x/memmap_methods.o
_ZN7CMemory4SizeEv	global	text	0x70	src/snes9x/memmap_methods.cpp	snes9x/memmap_methods.o
_ZN7CMemory5ROMIDEv	global	text	0xc	src/snes9x/memmap_methods.cpp	snes9x/memmap_methods.o
_ZN7CMemory5SpeedEv	global	text	0x2c	src/snes9x/memmap_methods.cpp	snes9x/memmap_methods.o
_ZN7CMemory7MapModeEv	global	text	0x48	src/snes9x/memmap_methods.cpp	snes9x/memmap_methods.o
_ZN7CMemory7MapTypeEv	global	text	0x20	src/snes9x/memmap_methods.cpp	snes9x/memmap_methods.o
_ZZN7CMemory12KartContentsEvE3tmp	local	bss	0x0	src/snes9x/memmap_methods.cpp	snes9x/memmap_methods.o
_ZZN7CMemory12KartContentsEvE5CoPro	local	data	0x40	src/snes9x/memmap_methods.cpp	snes9x/memmap_methods.o
_ZZN7CMemory12KartContentsEvE8Contents	local	data	0xc	src/snes9x/memmap_methods.cpp	snes9x/memmap_methods.o
_ZZN7CMemory13StaticRAMSizeEvE3tmp	local	bss	0x0	src/snes9x/memmap_methods.cpp	snes9x/memmap_methods.o
_ZZN7CMemory4SizeEvE3tmp	local	bss	0x0	src/snes9x/memmap_methods.cpp	snes9x/memmap_methods.o
_ZZN7CMemory7MapModeEvE3tmp	local	bss	0x0	src/snes9x/memmap_methods.cpp	snes9x/memmap_methods.o
per_rom_buffer_cleanup_00151360	global	text	0x70	src/snes9x/memory_cleanup_recovered.c	snes9x/memory_cleanup_recovered.o
rom_cleanup_00151330	global	text	0x30	src/snes9x/memory_cleanup_recovered.c	snes9x/memory_cleanup_recovered.o
CMemory_Init_recovered	global	text	0x270	src/snes9x/memory_init_recovered.c	snes9x/memory_init_recovered.o
alloc32	local	text	0x1c	src/snes9x/memory_init_recovered.c	snes9x/memory_init_recovered.o
GetBasePointerOBC1	global	text	0xc	src/snes9x/obc1.cpp	snes9x/obc1.o
GetMemPointerOBC1	global	text	0x14	src/snes9x/obc1.cpp	snes9x/obc1.o
GetOBC1	global	text	0x18	src/snes9x/obc1.cpp	snes9x/obc1.o
ResetOBC1	global	text	0x68	src/snes9x/obc1.cpp	snes9x/obc1.o
SetOBC1	global	text	0x45c	src/snes9x/obc1.cpp	snes9x/obc1.o
p11_cheat_write	local	text	0xa8	src/snes9x/progress11_core_recovered.c	snes9x/progress11_core_recovered.o
p11_load_u32	local	text	0x34	src/snes9x/progress11_core_recovered.c	snes9x/progress11_core_recovered.o
p11_select_336_table	local	text	0x4c	src/snes9x/progress11_core_recovered.c	snes9x/progress11_core_recovered.o
p11_select_3f5_table	local	text	0x4c	src/snes9x/progress11_core_recovered.c	snes9x/progress11_core_recovered.o
p11_special_bank	local	text	0x40	src/snes9x/progress11_core_recovered.c	snes9x/progress11_core_recovered.o
p11_store_u32	local	text	0x30	src/snes9x/progress11_core_recovered.c	snes9x/progress11_core_recovered.o
snes_p11_00114118	global	text	0x8c	src/snes9x/progress11_core_recovered.c	snes9x/progress11_core_recovered.o
snes_p11_00114328	global	text	0x38	src/snes9x/progress11_core_recovered.c	snes9x/progress11_core_recovered.o
snes_p11_0011439c	global	text	0x70	src/snes9x/progress11_core_recovered.c	snes9x/progress11_core_recovered.o
snes_p11_0011444c	global	text	0x80	src/snes9x/progress11_core_recovered.c	snes9x/progress11_core_recovered.o
snes_p11_001144d0	global	text	0x78	src/snes9x/progress11_core_recovered.c	snes9x/progress11_core_recovered.o
snes_p11_001291e4	global	text	0x28	src/snes9x/progress11_core_recovered.c	snes9x/progress11_core_recovered.o
snes_p11_0012e2e0	global	text	0x70	src/snes9x/progress11_core_recovered.c	snes9x/progress11_core_recovered.o
snes_p11_00130c78	global	text	0x108	src/snes9x/progress11_core_recovered.c	snes9x/progress11_core_recovered.o
snes_p11_0014308c	global	text	0x90	src/snes9x/progress11_core_recovered.c	snes9x/progress11_core_recovered.o
snes_p11_0015de14	global	text	0x8c	src/snes9x/progress11_core_recovered.c	snes9x/progress11_core_recovered.o
snes_p11_0015e034	global	text	0x68	src/snes9x/progress11_core_recovered.c	snes9x/progress11_core_recovered.o
snes_p11_0015f15c	global	text	0x28	src/snes9x/progress11_core_recovered.c	snes9x/progress11_core_recovered.o
snes_p11_0016f0a0	global	text	0x28	src/snes9x/progress11_core_recovered.c	snes9x/progress11_core_recovered.o
snes_p11_0016f9b0	global	text	0x5c	src/snes9x/progress11_core_recovered.c	snes9x/progress11_core_recovered.o
snes_p11_0016fa18	global	text	0x80	src/snes9x/progress11_core_recovered.c	snes9x/progress11_core_recovered.o
snes_p11_00171160	global	text	0x28	src/snes9x/progress11_core_recovered.c	snes9x/progress11_core_recovered.o
snes_p11_00173c24	global	text	0x28	src/snes9x/progress11_core_recovered.c	snes9x/progress11_core_recovered.o
snes_p11_0018255c	global	text	0x74	src/snes9x/progress11_core_recovered.c	snes9x/progress11_core_recovered.o
snes_p11_00182910	global	text	0x5c	src/snes9x/progress11_core_recovered.c	snes9x/progress11_core_recovered.o
snes_p11_00183bdc	global	text	0x98	src/snes9x/progress11_core_recovered.c	snes9x/progress11_core_recovered.o
p12_asr15	local	text	0x24	src/snes9x/progress12_fixed_transform_recovered.c	snes9x/progress12_fixed_transform_recovered.o
p12_q15_dot_columns	local	text	0x8c	src/snes9x/progress12_fixed_transform_recovered.c	snes9x/progress12_fixed_transform_recovered.o
p12_q15_dot_rows	local	text	0x90	src/snes9x/progress12_fixed_transform_recovered.c	snes9x/progress12_fixed_transform_recovered.o
p12_transform_columns	local	text	0x6c	src/snes9x/progress12_fixed_transform_recovered.c	snes9x/progress12_fixed_transform_recovered.o
p12_transform_rows	local	text	0x6c	src/snes9x/progress12_fixed_transform_recovered.c	snes9x/progress12_fixed_transform_recovered.o
snes_p12_0012d79c	global	text	0x1c	src/snes9x/progress12_fixed_transform_recovered.c	snes9x/progress12_fixed_transform_recovered.o
snes_p12_0012d85c	global	text	0x1c	src/snes9x/progress12_fixed_transform_recovered.c	snes9x/progress12_fixed_transform_recovered.o
snes_p12_0012d91c	global	text	0x1c	src/snes9x/progress12_fixed_transform_recovered.c	snes9x/progress12_fixed_transform_recovered.o
snes_p12_0012d9dc	global	text	0x1c	src/snes9x/progress12_fixed_transform_recovered.c	snes9x/progress12_fixed_transform_recovered.o
snes_p12_0012da9c	global	text	0x1c	src/snes9x/progress12_fixed_transform_recovered.c	snes9x/progress12_fixed_transform_recovered.o
snes_p12_0012db5c	global	text	0x1c	src/snes9x/progress12_fixed_transform_recovered.c	snes9x/progress12_fixed_transform_recovered.o
p12_mul32	local	text	0x8	src/snes9x/progress12_slot_runtime_recovered.c	snes9x/progress12_slot_runtime_recovered.o
p12_scale_div128	local	text	0x34	src/snes9x/progress12_slot_runtime_recovered.c	snes9x/progress12_slot_runtime_recovered.o
snes_p12_00173f24	global	text	0x40	src/snes9x/progress12_slot_runtime_recovered.c	snes9x/progress12_slot_runtime_recovered.o
snes_p12_00173f50	global	text	0x8c	src/snes9x/progress12_slot_runtime_recovered.c	snes9x/progress12_slot_runtime_recovered.o
snes_p12_0017422c	global	text	0xbc	src/snes9x/progress12_slot_runtime_recovered.c	snes9x/progress12_slot_runtime_recovered.o
snes_p12_001742f8	global	text	0x58	src/snes9x/progress12_slot_runtime_recovered.c	snes9x/progress12_slot_runtime_recovered.o
snes_p12_00174618	global	text	0xb0	src/snes9x/progress12_slot_runtime_recovered.c	snes9x/progress12_slot_runtime_recovered.o
snes_p12_001746a4	global	text	0x58	src/snes9x/progress12_slot_runtime_recovered.c	snes9x/progress12_slot_runtime_recovered.o
snes_p12_00174830	global	text	0x48	src/snes9x/progress12_slot_runtime_recovered.c	snes9x/progress12_slot_runtime_recovered.o
snes_p13_apu_io_write_0010b72c	global	text	0x58	src/snes9x/progress13_core_helpers_recovered.c	snes9x/progress13_core_helpers_recovered.o
snes_p13_gate_predicate_001308f8	global	text	0xa8	src/snes9x/progress13_core_helpers_recovered.c	snes9x/progress13_core_helpers_recovered.o
snes_p13_map_window_0015e198	global	text	0xb8	src/snes9x/progress13_core_helpers_recovered.c	snes9x/progress13_core_helpers_recovered.o
snes_p13_palette_expand_001591a8	global	text	0xa0	src/snes9x/progress13_core_helpers_recovered.c	snes9x/progress13_core_helpers_recovered.o
snes_p13_ppu_reset_0015d8ec	global	text	0x94	src/snes9x/progress13_core_helpers_recovered.c	snes9x/progress13_core_helpers_recovered.o
snes_p13_rotate_pair_0016fd08	global	text	0xf4	src/snes9x/progress13_core_helpers_recovered.c	snes9x/progress13_core_helpers_recovered.o
snes_p13_runtime_block_init_001832a4	global	text	0x64	src/snes9x/progress13_core_helpers_recovered.c	snes9x/progress13_core_helpers_recovered.o
p13_is_lead_byte	local	text	0x24	src/snes9x/progress13_frontend_more_recovered.c	snes9x/progress13_frontend_more_recovered.o
p13_store_u32	local	text	0x24	src/snes9x/progress13_frontend_more_recovered.c	snes9x/progress13_frontend_more_recovered.o
snes_p13_bitplane_transpose_0012e374	global	text	0x1dc	src/snes9x/progress13_frontend_more_recovered.c	snes9x/progress13_frontend_more_recovered.o
snes_p13_frontend_bank_init_00153780	global	text	0x168	src/snes9x/progress13_frontend_more_recovered.c	snes9x/progress13_frontend_more_recovered.o
snes_p13_frontend_table_init_00153674	global	text	0x158	src/snes9x/progress13_frontend_more_recovered.c	snes9x/progress13_frontend_more_recovered.o
snes_p13_header_validate_00158974	global	text	0xe8	src/snes9x/progress13_frontend_more_recovered.c	snes9x/progress13_frontend_more_recovered.o
snes_p13_multibyte_validate_00158a58	global	text	0xfc	src/snes9x/progress13_frontend_more_recovered.c	snes9x/progress13_frontend_more_recovered.o
snes_p13_path_wrapper_00101924	global	text	0xa4	src/snes9x/progress13_frontend_more_recovered.c	snes9x/progress13_frontend_more_recovered.o
snes_p13_ppu_frontend_reload_0015db74	global	text	0x160	src/snes9x/progress13_frontend_more_recovered.c	snes9x/progress13_frontend_more_recovered.o
snes_p13_ppu_frontend_reset_0015d9ac	global	text	0x164	src/snes9x/progress13_frontend_more_recovered.c	snes9x/progress13_frontend_more_recovered.o
snes_p13_ppu_shift_window_0015f030	global	text	0x138	src/snes9x/progress13_frontend_more_recovered.c	snes9x/progress13_frontend_more_recovered.o
snes_p13_read_record_001834f0	global	text	0xd0	src/snes9x/progress13_frontend_more_recovered.c	snes9x/progress13_frontend_more_recovered.o
snes_p13_write_record_001833a4	global	text	0x10c	src/snes9x/progress13_frontend_more_recovered.c	snes9x/progress13_frontend_more_recovered.o
offset_by_month.0	local	rodata	0x34	src/snes9x/progress13_runtime_more_recovered.c	snes9x/progress13_runtime_more_recovered.o
snes_p13_color_blend_0010a18c	global	text	0xe4	src/snes9x/progress13_runtime_more_recovered.c	snes9x/progress13_runtime_more_recovered.o
snes_p13_config_slot_00173e6c	global	text	0xb4	src/snes9x/progress13_runtime_more_recovered.c	snes9x/progress13_runtime_more_recovered.o
snes_p13_controller_mask_00174120	global	text	0xec	src/snes9x/progress13_runtime_more_recovered.c	snes9x/progress13_runtime_more_recovered.o
snes_p13_days_in_month_001825e4	global	text	0x1c	src/snes9x/progress13_runtime_more_recovered.c	snes9x/progress13_runtime_more_recovered.o
snes_p13_days_in_month_00183778	global	text	0x1c	src/snes9x/progress13_runtime_more_recovered.c	snes9x/progress13_runtime_more_recovered.o
snes_p13_days_in_month_impl	local	text	0x68	src/snes9x/progress13_runtime_more_recovered.c	snes9x/progress13_runtime_more_recovered.o
snes_p13_floatdidf_001a7580	global	text	0x50	src/snes9x/progress13_runtime_more_recovered.c	snes9x/progress13_runtime_more_recovered.o
snes_p13_record_ram_init_0012b9a4	global	text	0xe4	src/snes9x/progress13_runtime_more_recovered.c	snes9x/progress13_runtime_more_recovered.o
snes_p13_set_map_cursor_0015e07c	global	text	0x7c	src/snes9x/progress13_runtime_more_recovered.c	snes9x/progress13_runtime_more_recovered.o
snes_p13_stage_advance_0015cdf8	global	text	0xd8	src/snes9x/progress13_runtime_more_recovered.c	snes9x/progress13_runtime_more_recovered.o
snes_p13_weekday_001836d0	global	text	0x9c	src/snes9x/progress13_runtime_more_recovered.c	snes9x/progress13_runtime_more_recovered.o
snes_p15_renderer_4bpp_setup_00143780	global	text	0x18	src/snes9x/progress15_renderer_leaf_recovered.c	snes9x/progress15_renderer_leaf_recovered.o
_Z17S9xRTCDaysInMonthii	global	text	0x54	src/snes9x/rtc_days.cpp	snes9x/rtc_days.o
_GLOBAL__F__Z10S9xGetBytej	global	data	0x0	src/snes9x/s9xgetbyte.cpp	snes9x/s9xgetbyte.o
_Z10S9xGetBytej	global	text	0x2c4	src/snes9x/s9xgetbyte.cpp	snes9x/s9xgetbyte.o
_GLOBAL__F__Z16S9xGetMemPointerj	global	data	0x0	src/snes9x/s9xgetmempointer.cpp	snes9x/s9xgetmempointer.o
_Z16S9xGetMemPointerj	global	text	0x154	src/snes9x/s9xgetmempointer.cpp	snes9x/s9xgetmempointer.o
_GLOBAL__F__Z10S9xGetWordj	global	data	0x0	src/snes9x/s9xgetword.cpp	snes9x/s9xgetword.o
_Z10S9xGetWordj	global	text	0x3fc	src/snes9x/s9xgetword.cpp	snes9x/s9xgetword.o
_GLOBAL__F__Z10S9xSetBytehj	global	data	0x0	src/snes9x/s9xsetbyte.cpp	snes9x/s9xsetbyte.o
_Z10S9xSetBytehj	global	text	0x328	src/snes9x/s9xsetbyte.cpp	snes9x/s9xsetbyte.o
_Z12S9xSetPCBasej	global	text	0x11c	src/snes9x/s9xsetpcbase.cpp	snes9x/s9xsetpcbase.o
_GLOBAL__F__Z10S9xSetWordtj	global	data	0x0	src/snes9x/s9xsetword.cpp	snes9x/s9xsetword.o
_Z10S9xSetWordtj	global	text	0x474	src/snes9x/s9xsetword.cpp	snes9x/s9xsetword.o
_GLOBAL__F__Z21S9xSDD1LoadLoggedDatav	global	data	0x0	src/snes9x/sdd1_log_load.cpp	snes9x/sdd1_log_load.o
_Z21S9xSDD1LoadLoggedDatav	global	text	0x94	src/snes9x/sdd1_log_load.cpp	snes9x/sdd1_log_load.o
_GLOBAL__F__Z21S9xSDD1SaveLoggedDatav	global	data	0x0	src/snes9x/sdd1_log_save.cpp	snes9x/sdd1_log_save.o
_Z21S9xSDD1SaveLoggedDatav	global	text	0xb0	src/snes9x/sdd1_log_save.cpp	snes9x/sdd1_log_save.o
_Z12S9xResetSDD1v	global	text	0x64	src/snes9x/sdd1_map.cpp	snes9x/sdd1_map.o
_Z19S9xSetSDD1MemoryMapjj	global	text	0x68	src/snes9x/sdd1_map.cpp	snes9x/sdd1_map.o
_Z20S9xSDD1PostLoadStatev	global	text	0x48	src/snes9x/sdd1_map.cpp	snes9x/sdd1_map.o
_Z31S9xCompareSDD1LoggedDataEntriesPKvS0_	local	text	0x40	src/snes9x/sdd1_map.cpp	snes9x/sdd1_map.o
_Z18SelectTileRendererh	global	text	0x15c	src/snes9x/selecttilerenderer.cpp	snes9x/selecttilerenderer.o
S9xGetSetaDSP	global	text	0x24	src/snes9x/seta_dispatch.cpp	snes9x/seta_dispatch.o
S9xSetSetaDSP	global	text	0x24	src/snes9x/seta_dispatch.cpp	snes9x/seta_dispatch.o
_GLOBAL__F_S9xGetSetaDSP	global	data	0x0	src/snes9x/seta_dispatch.cpp	snes9x/seta_dispatch.o
S9xGetSPC7110	global	text	0x7bc	src/snes9x/spc7110_access.cpp	snes9x/spc7110_access.o
S9xGetSPC7110Byte	global	text	0x88	src/snes9x/spc7110_access.cpp	snes9x/spc7110_access.o
_GLOBAL__F_S9xGetSPC7110	global	data	0x0	src/snes9x/spc7110_access.cpp	snes9x/spc7110_access.o
_Z13S9xSetSPC7110ht	global	text	0x9b0	src/snes9x/spc7110_access.cpp	snes9x/spc7110_access.o
Get7110BasePtr	global	text	0x74	src/snes9x/spc7110_helpers.cpp	snes9x/spc7110_helpers.o
_GLOBAL__F__Z12S9xUpdateRTCv	global	data	0x0	src/snes9x/spc7110_helpers.cpp	snes9x/spc7110_helpers.o
_Z12S9xUpdateRTCv	global	text	0x2d8	src/snes9x/spc7110_helpers.cpp	snes9x/spc7110_helpers.o
_Z15S9xSpc7110Resetv	global	text	0xf8	src/snes9x/spc7110_helpers.cpp	snes9x/spc7110_helpers.o
_GLOBAL__F__Z17S9xSaveSPC7110RTCP10SPC7110RTC	global	data	0x0	src/snes9x/spc7110_rtc_io.cpp	snes9x/spc7110_rtc_io.o
_Z17S9xLoadSPC7110RTCP10SPC7110RTC	global	text	0x168	src/snes9x/spc7110_rtc_io.cpp	snes9x/spc7110_rtc_io.o
_Z17S9xSaveSPC7110RTCP10SPC7110RTC	global	text	0x14c	src/snes9x/spc7110_rtc_io.cpp	snes9x/spc7110_rtc_io.o
CMemory_LoadSRAM_recovered	global	text	0x12c	src/snes9x/sram_recovered.c	snes9x/sram_recovered.o
CMemory_SaveSRAM_recovered	global	text	0x108	src/snes9x/sram_recovered.c	snes9x/sram_recovered.o
expected_sram_size	local	text	0x30	src/snes9x/sram_recovered.c	snes9x/sram_recovered.o
_Z10S9xGetSRTCt	global	text	0x7c	src/snes9x/srtc.cpp	snes9x/srtc.o
_Z10S9xSetSRTCht	global	text	0x138	src/snes9x/srtc.cpp	snes9x/srtc.o
_Z12S9xResetSRTCv	global	text	0x18	src/snes9x/srtc.cpp	snes9x/srtc.o
_Z16S9xHardResetSRTCv	global	text	0x58	src/snes9x/srtc.cpp	snes9x/srtc.o
_Z17S9xUpdateSrtcTimev	global	text	0x2d8	src/snes9x/srtc.cpp	snes9x/srtc.o
_Z19S9xSRTCDaysInMmonthii	global	text	0x54	src/snes9x/srtc.cpp	snes9x/srtc.o
_Z19S9xSRTCPreSaveStatev	global	text	0xe8	src/snes9x/srtc.cpp	snes9x/srtc.o
_Z20S9xSRTCPostLoadStatev	global	text	0xc4	src/snes9x/srtc.cpp	snes9x/srtc.o
_Z23S9xSRTCComputeDayOfWeekv	global	text	0xa8	src/snes9x/srtc.cpp	snes9x/srtc.o
month_keys	local	data	0x30	src/snes9x/srtc.cpp	snes9x/srtc.o
S9xGetST010	global	text	0x44	src/snes9x/st010_helpers.cpp	snes9x/st010_helpers.o
_Z10St010_Op03sssRiS_	global	text	0x34	src/snes9x/st010_helpers.cpp	snes9x/st010_helpers.o
_Z12St010_RotatesssRsS_	global	text	0xf8	src/snes9x/st010_helpers.cpp	snes9x/st010_helpers.o
DrawClippedTile16_recovered	global	text	0x30	src/snes9x/tile_16bit_recovered.c	snes9x/tile_16bit_recovered.o
DrawClippedTile16x2_recovered	global	text	0x30	src/snes9x/tile_16bit_recovered.c	snes9x/tile_16bit_recovered.o
DrawClippedTile16x2x2_recovered	global	text	0x30	src/snes9x/tile_16bit_recovered.c	snes9x/tile_16bit_recovered.o
DrawTile16_recovered	global	text	0x2c	src/snes9x/tile_16bit_recovered.c	snes9x/tile_16bit_recovered.o
DrawTile16x2_recovered	global	text	0x2c	src/snes9x/tile_16bit_recovered.c	snes9x/tile_16bit_recovered.o
DrawTile16x2x2_recovered	global	text	0x2c	src/snes9x/tile_16bit_recovered.c	snes9x/tile_16bit_recovered.o
WRITE_4PIXELS16_FLIPPED_recovered	global	text	0xb0	src/snes9x/tile_16bit_recovered.c	snes9x/tile_16bit_recovered.o
WRITE_4PIXELS16_FLIPPEDx2_recovered	global	text	0xb0	src/snes9x/tile_16bit_recovered.c	snes9x/tile_16bit_recovered.o
WRITE_4PIXELS16_FLIPPEDx2x2_recovered	global	text	0xc4	src/snes9x/tile_16bit_recovered.c	snes9x/tile_16bit_recovered.o
WRITE_4PIXELS16_recovered	global	text	0xb0	src/snes9x/tile_16bit_recovered.c	snes9x/tile_16bit_recovered.o
WRITE_4PIXELS16x2_recovered	global	text	0xb0	src/snes9x/tile_16bit_recovered.c	snes9x/tile_16bit_recovered.o
WRITE_4PIXELS16x2x2_recovered	global	text	0xc4	src/snes9x/tile_16bit_recovered.c	snes9x/tile_16bit_recovered.o
prepare_tile16	local	text	0x140	src/snes9x/tile_16bit_recovered.c	snes9x/tile_16bit_recovered.o
render16	local	text	0x258	src/snes9x/tile_16bit_recovered.c	snes9x/tile_16bit_recovered.o
render16_clipped	local	text	0x390	src/snes9x/tile_16bit_recovered.c	snes9x/tile_16bit_recovered.o
swap32_local	local	text	0x28	src/snes9x/tile_16bit_recovered.c	snes9x/tile_16bit_recovered.o
write16_one	local	text	0x44	src/snes9x/tile_16bit_recovered.c	snes9x/tile_16bit_recovered.o
write16_x2_one	local	text	0x4c	src/snes9x/tile_16bit_recovered.c	snes9x/tile_16bit_recovered.o
write16_x2x2_one	local	text	0x6c	src/snes9x/tile_16bit_recovered.c	snes9x/tile_16bit_recovered.o
COLOR_ADD1_2_recovered	global	text	0x30	src/snes9x/tile_color_math_recovered.c	snes9x/tile_color_math_recovered.o
COLOR_ADD_recovered	global	text	0x4c	src/snes9x/tile_color_math_recovered.c	snes9x/tile_color_math_recovered.o
COLOR_SUB1_2_recovered	global	text	0x2c	src/snes9x/tile_color_math_recovered.c	snes9x/tile_color_math_recovered.o
COLOR_SUB_recovered	global	text	0x44	src/snes9x/tile_color_math_recovered.c	snes9x/tile_color_math_recovered.o
DrawClippedTile16Add1_2_recovered	global	text	0x28	src/snes9x/tile_color_math_recovered.c	snes9x/tile_color_math_recovered.o
DrawClippedTile16Add_recovered	global	text	0x28	src/snes9x/tile_color_math_recovered.c	snes9x/tile_color_math_recovered.o
DrawClippedTile16FixedAdd1_2_recovered	global	text	0x28	src/snes9x/tile_color_math_recovered.c	snes9x/tile_color_math_recovered.o
DrawClippedTile16FixedSub1_2_recovered	global	text	0x28	src/snes9x/tile_color_math_recovered.c	snes9x/tile_color_math_recovered.o
DrawClippedTile16Sub1_2_recovered	global	text	0x28	src/snes9x/tile_color_math_recovered.c	snes9x/tile_color_math_recovered.o
DrawClippedTile16Sub_recovered	global	text	0x28	src/snes9x/tile_color_math_recovered.c	snes9x/tile_color_math_recovered.o
DrawTile16Add1_2_recovered	global	text	0x28	src/snes9x/tile_color_math_recovered.c	snes9x/tile_color_math_recovered.o
DrawTile16Add_recovered	global	text	0x28	src/snes9x/tile_color_math_recovered.c	snes9x/tile_color_math_recovered.o
DrawTile16FixedAdd1_2_recovered	global	text	0x28	src/snes9x/tile_color_math_recovered.c	snes9x/tile_color_math_recovered.o
DrawTile16FixedSub1_2_recovered	global	text	0x28	src/snes9x/tile_color_math_recovered.c	snes9x/tile_color_math_recovered.o
DrawTile16Sub1_2_recovered	global	text	0x28	src/snes9x/tile_color_math_recovered.c	snes9x/tile_color_math_recovered.o
DrawTile16Sub_recovered	global	text	0x28	src/snes9x/tile_color_math_recovered.c	snes9x/tile_color_math_recovered.o
WRITE_4PIXELS16_ADD1_2_recovered	global	text	0x20	src/snes9x/tile_color_math_recovered.c	snes9x/tile_color_math_recovered.o
WRITE_4PIXELS16_ADDF1_2_recovered	global	text	0x20	src/snes9x/tile_color_math_recovered.c	snes9x/tile_color_math_recovered.o
WRITE_4PIXELS16_ADD_recovered	global	text	0x20	src/snes9x/tile_color_math_recovered.c	snes9x/tile_color_math_recovered.o
WRITE_4PIXELS16_FLIPPED_ADD1_2_recovered	global	text	0x20	src/snes9x/tile_color_math_recovered.c	snes9x/tile_color_math_recovered.o
WRITE_4PIXELS16_FLIPPED_ADDF1_2_recovered	global	text	0x20	src/snes9x/tile_color_math_recovered.c	snes9x/tile_color_math_recovered.o
WRITE_4PIXELS16_FLIPPED_ADD_recovered	global	text	0x20	src/snes9x/tile_color_math_recovered.c	snes9x/tile_color_math_recovered.o
WRITE_4PIXELS16_FLIPPED_SUB1_2_recovered	global	text	0x20	src/snes9x/tile_color_math_recovered.c	snes9x/tile_color_math_recovered.o
WRITE_4PIXELS16_FLIPPED_SUBF1_2_recovered	global	text	0x20	src/snes9x/tile_color_math_recovered.c	snes9x/tile_color_math_recovered.o
WRITE_4PIXELS16_FLIPPED_SUB_recovered	global	text	0x20	src/snes9x/tile_color_math_recovered.c	snes9x/tile_color_math_recovered.o
WRITE_4PIXELS16_SUB1_2_recovered	global	text	0x20	src/snes9x/tile_color_math_recovered.c	snes9x/tile_color_math_recovered.o
WRITE_4PIXELS16_SUBF1_2_recovered	global	text	0x20	src/snes9x/tile_color_math_recovered.c	snes9x/tile_color_math_recovered.o
WRITE_4PIXELS16_SUB_recovered	global	text	0x20	src/snes9x/tile_color_math_recovered.c	snes9x/tile_color_math_recovered.o
apply_colour_math	local	text	0x128	src/snes9x/tile_color_math_recovered.c	snes9x/tile_color_math_recovered.o
prepare_colour_tile	local	text	0x140	src/snes9x/tile_color_math_recovered.c	snes9x/tile_color_math_recovered.o
render_colour	local	text	0x250	src/snes9x/tile_color_math_recovered.c	snes9x/tile_color_math_recovered.o
render_colour_clipped	local	text	0x378	src/snes9x/tile_color_math_recovered.c	snes9x/tile_color_math_recovered.o
swap32_local	local	text	0x28	src/snes9x/tile_color_math_recovered.c	snes9x/tile_color_math_recovered.o
write_colour4	local	text	0x130	src/snes9x/tile_color_math_recovered.c	snes9x/tile_color_math_recovered.o
ConvertTile_recovered	global	text	0x4ec	src/snes9x/tile_converter_recovered.c	snes9x/tile_converter_recovered.o
DrawClippedTile_recovered	global	text	0x45c	src/snes9x/tile_draw_clipped_recovered.c	snes9x/tile_draw_clipped_recovered.o
swap_dword_recovered	local	text	0x28	src/snes9x/tile_draw_clipped_recovered.c	snes9x/tile_draw_clipped_recovered.o
DrawTile_recovered	global	text	0x334	src/snes9x/tile_draw_recovered.c	snes9x/tile_draw_recovered.o
DrawLargePixel16Add1_2_recovered	global	text	0x1c	src/snes9x/tile_large16_recovered.c	snes9x/tile_large16_recovered.o
DrawLargePixel16Add_recovered	global	text	0x1c	src/snes9x/tile_large16_recovered.c	snes9x/tile_large16_recovered.o
DrawLargePixel16Sub1_2_recovered	global	text	0x1c	src/snes9x/tile_large16_recovered.c	snes9x/tile_large16_recovered.o
DrawLargePixel16Sub_recovered	global	text	0x1c	src/snes9x/tile_large16_recovered.c	snes9x/tile_large16_recovered.o
DrawLargePixel16_recovered	global	text	0x1c	src/snes9x/tile_large16_recovered.c	snes9x/tile_large16_recovered.o
draw_large16	local	text	0x218	src/snes9x/tile_large16_recovered.c	snes9x/tile_large16_recovered.o
large_math	local	text	0xe8	src/snes9x/tile_large16_recovered.c	snes9x/tile_large16_recovered.o
prepare_large_tile	local	text	0x140	src/snes9x/tile_large16_recovered.c	snes9x/tile_large16_recovered.o
InitTileLookupTables_recovered	global	text	0x144	src/snes9x/tile_lookup_tables_recovered.c	snes9x/tile_lookup_tables_recovered.o
WRITE_4PIXELS_FLIPPED_recovered	global	text	0xec	src/snes9x/tile_pixel_helpers_recovered.c	snes9x/tile_pixel_helpers_recovered.o
WRITE_4PIXELS_recovered	global	text	0xec	src/snes9x/tile_pixel_helpers_recovered.c	snes9x/tile_pixel_helpers_recovered.o
write_one	local	text	0x40	src/snes9x/tile_pixel_helpers_recovered.c	snes9x/tile_pixel_helpers_recovered.o
DrawClippedTilex2_recovered	global	text	0x28	src/snes9x/tile_scaled_remaining_recovered.c	snes9x/tile_scaled_remaining_recovered.o
DrawClippedTilex2x2_recovered	global	text	0x28	src/snes9x/tile_scaled_remaining_recovered.c	snes9x/tile_scaled_remaining_recovered.o
DrawTilex2x2_recovered	global	text	0x28	src/snes9x/tile_scaled_remaining_recovered.c	snes9x/tile_scaled_remaining_recovered.o
WRITE_4PIXELS_FLIPPEDx2x2_recovered	global	text	0xbc	src/snes9x/tile_scaled_remaining_recovered.c	snes9x/tile_scaled_remaining_recovered.o
WRITE_4PIXELSx2x2_recovered	global	text	0xbc	src/snes9x/tile_scaled_remaining_recovered.c	snes9x/tile_scaled_remaining_recovered.o
prepare_scaled	local	text	0x140	src/snes9x/tile_scaled_remaining_recovered.c	snes9x/tile_scaled_remaining_recovered.o
render8	local	text	0x250	src/snes9x/tile_scaled_remaining_recovered.c	snes9x/tile_scaled_remaining_recovered.o
render8_clipped	local	text	0x378	src/snes9x/tile_scaled_remaining_recovered.c	snes9x/tile_scaled_remaining_recovered.o
swap32_local	local	text	0x28	src/snes9x/tile_scaled_remaining_recovered.c	snes9x/tile_scaled_remaining_recovered.o
write_x2x2_one	local	text	0x68	src/snes9x/tile_scaled_remaining_recovered.c	snes9x/tile_scaled_remaining_recovered.o
DrawTilex2_recovered	global	text	0x33c	src/snes9x/tile_x2_recovered.c	snes9x/tile_x2_recovered.o
WRITE_4PIXELS_FLIPPEDx2_recovered	global	text	0xec	src/snes9x/tile_x2_recovered.c	snes9x/tile_x2_recovered.o
WRITE_4PIXELSx2_recovered	global	text	0xec	src/snes9x/tile_x2_recovered.c	snes9x/tile_x2_recovered.o
write_x2_one	local	text	0x48	src/snes9x/tile_x2_recovered.c	snes9x/tile_x2_recovered.o
FillBitBuffer_recovered	global	text	0x9c	src/unzip/explode_recovered.c	unzip/explode_recovered.o
ReadByte_recovered	global	text	0xfc	src/unzip/explode_recovered.c	unzip/explode_recovered.o
decode_huft_value	local	text	0x144	src/unzip/explode_recovered.c	unzip/explode_recovered.o
explode_lit4_recovered	global	text	0x20	src/unzip/explode_recovered.c	unzip/explode_recovered.o
explode_lit8_recovered	global	text	0x20	src/unzip/explode_recovered.c	unzip/explode_recovered.o
explode_nolit4_recovered	global	text	0x3c	src/unzip/explode_recovered.c	unzip/explode_recovered.o
explode_nolit8_recovered	global	text	0x3c	src/unzip/explode_recovered.c	unzip/explode_recovered.o
explode_recovered	global	text	0x2ec	src/unzip/explode_recovered.c	unzip/explode_recovered.o
explode_stream_recovered	local	text	0x378	src/unzip/explode_recovered.c	unzip/explode_recovered.o
flush_recovered	global	text	0x98	src/unzip/explode_recovered.c	unzip/explode_recovered.o
flush_stack_recovered	global	text	0x98	src/unzip/explode_recovered.c	unzip/explode_recovered.o
g_bytebuf_recovered	global	data	0x2	src/unzip/explode_recovered.c	unzip/explode_recovered.o
g_hufts_recovered	local	bss	0x0	src/unzip/explode_recovered.c	unzip/explode_recovered.o
g_legacy_zip_bitbuf	global	data	0x8	src/unzip/explode_recovered.c	unzip/explode_recovered.o
g_legacy_zip_bits_left	global	data	0x4	src/unzip/explode_recovered.c	unzip/explode_recovered.o
g_legacy_zip_zipeof	global	data	0x1	src/unzip/explode_recovered.c	unzip/explode_recovered.o
huft_build_recovered	global	text	0x600	src/unzip/explode_recovered.c	unzip/explode_recovered.o
huft_free_recovered	global	text	0x38	src/unzip/explode_recovered.c	unzip/explode_recovered.o
mask_bits_recovered	local	rodata	0x22	src/unzip/explode_recovered.c	unzip/explode_recovered.o
need_local_bits	local	text	0x98	src/unzip/explode_recovered.c	unzip/explode_recovered.o
get_tree_recovered	global	text	0xd4	src/unzip/get_tree.S	unzip/get_tree.o
LoadFollowers_recovered	global	text	0xc8	src/unzip/unreduce_recovered.c	unzip/unreduce_recovered.o
bits_needed_for_followers	local	text	0x50	src/unzip/unreduce_recovered.c	unzip/unreduce_recovered.o
d_mask_recovered	local	rodata	0x14	src/unzip/unreduce_recovered.c	unzip/unreduce_recovered.o
d_shift_recovered	local	rodata	0x14	src/unzip/unreduce_recovered.c	unzip/unreduce_recovered.o
followers_recovered	local	bss	0x0	src/unzip/unreduce_recovered.c	unzip/unreduce_recovered.o
l_table_recovered	local	rodata	0x14	src/unzip/unreduce_recovered.c	unzip/unreduce_recovered.o
read_bits_recovered	local	text	0xbc	src/unzip/unreduce_recovered.c	unzip/unreduce_recovered.o
slen_recovered	local	bss	0x0	src/unzip/unreduce_recovered.c	unzip/unreduce_recovered.o
unReduce_recovered	global	text	0x35c	src/unzip/unreduce_recovered.c	unzip/unreduce_recovered.o
codesize_recovered	local	bss	0x0	src/unzip/unshrink_recovered.c	unzip/unshrink_recovered.o
free_ent_recovered	local	bss	0x0	src/unzip/unshrink_recovered.c	unzip/unshrink_recovered.o
maxcode_recovered	local	bss	0x0	src/unzip/unshrink_recovered.c	unzip/unshrink_recovered.o
maxcodemax_recovered	local	bss	0x0	src/unzip/unshrink_recovered.c	unzip/unshrink_recovered.o
partial_clear_recovered	global	text	0x134	src/unzip/unshrink_recovered.c	unzip/unshrink_recovered.o
read_shrink_code	local	text	0xc4	src/unzip/unshrink_recovered.c	unzip/unshrink_recovered.o
unShrink_recovered	global	text	0x30c	src/unzip/unshrink_recovered.c	unzip/unshrink_recovered.o
strcmpcasenosensitive_internal_recovered	global	text	0x74	src/unzip/unzip_api_recovered.c	unzip/unzip_api_recovered.o
unzCloseCurrentFile_recovered	global	text	0xa8	src/unzip/unzip_api_recovered.c	unzip/unzip_api_recovered.o
unzClose_recovered	global	text	0x58	src/unzip/unzip_api_recovered.c	unzip/unzip_api_recovered.o
unzGetCurrentFileInfo_recovered	global	text	0x48	src/unzip/unzip_api_recovered.c	unzip/unzip_api_recovered.o
unzGetGlobalComment_recovered	global	text	0xe0	src/unzip/unzip_api_recovered.c	unzip/unzip_api_recovered.o
unzGetGlobalInfo_recovered	global	text	0x1c	src/unzip/unzip_api_recovered.c	unzip/unzip_api_recovered.o
unzGetLocalExtrafield_recovered	global	text	0xc4	src/unzip/unzip_api_recovered.c	unzip/unzip_api_recovered.o
unzGoToFirstFile_recovered	global	text	0x60	src/unzip/unzip_api_recovered.c	unzip/unzip_api_recovered.o
unzGoToNextFile_recovered	global	text	0xa0	src/unzip/unzip_api_recovered.c	unzip/unzip_api_recovered.o
unzLocateFile_recovered	global	text	0xf0	src/unzip/unzip_api_recovered.c	unzip/unzip_api_recovered.o
unzStringFileNameCompare_recovered	global	text	0x40	src/unzip/unzip_api_recovered.c	unzip/unzip_api_recovered.o
unzeof_recovered	global	text	0x2c	src/unzip/unzip_api_recovered.c	unzip/unzip_api_recovered.o
unzlocal_DosDateToTmuDate_recovered	global	text	0x78	src/unzip/unzip_api_recovered.c	unzip/unzip_api_recovered.o
unzlocal_SearchCentralDir_recovered	global	text	0x1bc	src/unzip/unzip_api_recovered.c	unzip/unzip_api_recovered.o
unzlocal_getByte_recovered	global	text	0x64	src/unzip/unzip_api_recovered.c	unzip/unzip_api_recovered.o
unzlocal_getLong_recovered	global	text	0xdc	src/unzip/unzip_api_recovered.c	unzip/unzip_api_recovered.o
unzlocal_getShort_recovered	global	text	0x84	src/unzip/unzip_api_recovered.c	unzip/unzip_api_recovered.o
unztell_recovered	global	text	0x1c	src/unzip/unzip_api_recovered.c	unzip/unzip_api_recovered.o
crc32_recovered	global	text	0x1f8	src/zlib/crc32_recovered.c	zlib/crc32_recovered.o
get_crc_table_recovered	global	text	0xc	src/zlib/crc32_recovered.c	zlib/crc32_recovered.o
clear_hash	local	text	0x3c	src/zlib/deflate_engine_recovered.c	zlib/deflate_engine_recovered.o
deflate_00190fa0	global	text	0x340	src/zlib/deflate_engine_recovered.c	zlib/deflate_engine_recovered.o
deflate_fast_00191d4c	global	text	0x238	src/zlib/deflate_engine_recovered.c	zlib/deflate_engine_recovered.o
deflate_slow_001921a8	global	text	0x2fc	src/zlib/deflate_engine_recovered.c	zlib/deflate_engine_recovered.o
deflate_stored_00191b64	global	text	0x14c	src/zlib/deflate_engine_recovered.c	zlib/deflate_engine_recovered.o
fill_window	local	text	0x1d0	src/zlib/deflate_engine_recovered.c	zlib/deflate_engine_recovered.o
flush_block_only	local	text	0x68	src/zlib/deflate_engine_recovered.c	zlib/deflate_engine_recovered.o
insert_string	local	text	0x58	src/zlib/deflate_engine_recovered.c	zlib/deflate_engine_recovered.o
longest_match	local	text	0x19c	src/zlib/deflate_engine_recovered.c	zlib/deflate_engine_recovered.o
max_dist	local	text	0xc	src/zlib/deflate_engine_recovered.c	zlib/deflate_engine_recovered.o
zr_compressors	local	rodata	0x28	src/zlib/deflate_engine_recovered.c	zlib/deflate_engine_recovered.o
configuration_table_recovered	local	rodata	0x78	src/zlib/deflate_state_recovered.c	zlib/deflate_state_recovered.o
deflateCopy_recovered	global	text	0x214	src/zlib/deflate_state_recovered.c	zlib/deflate_state_recovered.o
deflateEnd_recovered	global	text	0xb8	src/zlib/deflate_state_recovered.c	zlib/deflate_state_recovered.o
deflateInit2__recovered	global	text	0x2bc	src/zlib/deflate_state_recovered.c	zlib/deflate_state_recovered.o
deflateParams_recovered	global	text	0x108	src/zlib/deflate_state_recovered.c	zlib/deflate_state_recovered.o
deflateReset_recovered	global	text	0xb4	src/zlib/deflate_state_recovered.c	zlib/deflate_state_recovered.o
deflateSetDictionary_recovered	global	text	0x168	src/zlib/deflate_state_recovered.c	zlib/deflate_state_recovered.o
flush_pending_recovered	global	text	0xb8	src/zlib/deflate_state_recovered.c	zlib/deflate_state_recovered.o
lm_init_recovered	global	text	0xc4	src/zlib/deflate_state_recovered.c	zlib/deflate_state_recovered.o
putShortMSB_recovered	global	text	0x30	src/zlib/deflate_state_recovered.c	zlib/deflate_state_recovered.o
read_buf_recovered	global	text	0xbc	src/zlib/deflate_state_recovered.c	zlib/deflate_state_recovered.o
zr_alloc	local	text	0x24	src/zlib/deflate_state_recovered.c	zlib/deflate_state_recovered.o
zr_free	local	text	0x28	src/zlib/deflate_state_recovered.c	zlib/deflate_state_recovered.o
check_header_0019371c	local	text	0x1dc	src/zlib/gzio_recovered.c	zlib/gzio_recovered.o
destroy_00193914	local	text	0xcc	src/zlib/gzio_recovered.c	zlib/gzio_recovered.o
do_flush_00193f88	local	text	0x13c	src/zlib/gzio_recovered.c	zlib/gzio_recovered.o
empty.1	local	rodata	0x1	src/zlib/gzio_recovered.c	zlib/gzio_recovered.o
fio_error_like_00193290	local	text	0x8	src/zlib/gzio_recovered.c	zlib/gzio_recovered.o
getLong_0019441c	local	text	0x8c	src/zlib/gzio_recovered.c	zlib/gzio_recovered.o
get_byte_00193674	local	text	0xb0	src/zlib/gzio_recovered.c	zlib/gzio_recovered.o
gz_open_00193298	global	text	0x29c	src/zlib/gzio_recovered.c	zlib/gzio_recovered.o
gzclose_00194498	global	text	0x78	src/zlib/gzio_recovered.c	zlib/gzio_recovered.o
gzdopen_00193580	global	text	0x58	src/zlib/gzio_recovered.c	zlib/gzio_recovered.o
gzeof_00194398	global	text	0x28	src/zlib/gzio_recovered.c	zlib/gzio_recovered.o
gzerror_0019450c	global	text	0xf4	src/zlib/gzio_recovered.c	zlib/gzio_recovered.o
gzflush_001940ac	global	text	0x40	src/zlib/gzio_recovered.c	zlib/gzio_recovered.o
gzgetc_00193cd8	global	text	0x34	src/zlib/gzio_recovered.c	zlib/gzio_recovered.o
gzgets_00193d0c	global	text	0xc0	src/zlib/gzio_recovered.c	zlib/gzio_recovered.o
gzopen_00193564	global	text	0x1c	src/zlib/gzio_recovered.c	zlib/gzio_recovered.o
gzprintf_00193e8c	global	text	0x80	src/zlib/gzio_recovered.c	zlib/gzio_recovered.o
gzputc_00193f08	global	text	0x3c	src/zlib/gzio_recovered.c	zlib/gzio_recovered.o
gzputs_00193f44	global	text	0x4c	src/zlib/gzio_recovered.c	zlib/gzio_recovered.o
gzread_00193a34	global	text	0x2a8	src/zlib/gzio_recovered.c	zlib/gzio_recovered.o
gzrewind_001942d4	global	text	0xb0	src/zlib/gzio_recovered.c	zlib/gzio_recovered.o
gzseek_001940ec	global	text	0x1f8	src/zlib/gzio_recovered.c	zlib/gzio_recovered.o
gzsetparams_001935d8	global	text	0xa0	src/zlib/gzio_recovered.c	zlib/gzio_recovered.o
gztell_00194378	global	text	0x20	src/zlib/gzio_recovered.c	zlib/gzio_recovered.o
gzwrite_00193dbc	global	text	0xd4	src/zlib/gzio_recovered.c	zlib/gzio_recovered.o
magic.0	local	rodata	0x8	src/zlib/gzio_recovered.c	zlib/gzio_recovered.o
putLong_001943c0	local	text	0x5c	src/zlib/gzio_recovered.c	zlib/gzio_recovered.o
border	local	rodata	0x4c	src/zlib/infblock_engine_recovered.c	zlib/infblock_engine_recovered.o
inflate_blocks_recovered	global	text	0xa7c	src/zlib/infblock_engine_recovered.c	zlib/infblock_engine_recovered.o
zr_alloc	local	text	0x24	src/zlib/infblock_engine_recovered.c	zlib/infblock_engine_recovered.o
zr_free	local	text	0x28	src/zlib/infblock_engine_recovered.c	zlib/infblock_engine_recovered.o
inflate_blocks_free_recovered	global	text	0x5c	src/zlib/infblock_frontend_recovered.c	zlib/infblock_frontend_recovered.o
inflate_blocks_new_recovered	global	text	0xec	src/zlib/infblock_frontend_recovered.c	zlib/infblock_frontend_recovered.o
inflate_blocks_reset_recovered	global	text	0xc0	src/zlib/infblock_frontend_recovered.c	zlib/infblock_frontend_recovered.o
inflate_blocks_sync_point_recovered	global	text	0x10	src/zlib/infblock_frontend_recovered.c	zlib/infblock_frontend_recovered.o
inflate_set_dictionary_recovered	global	text	0x4c	src/zlib/infblock_frontend_recovered.c	zlib/infblock_frontend_recovered.o
zr_alloc	local	text	0x24	src/zlib/infblock_frontend_recovered.c	zlib/infblock_frontend_recovered.o
zr_free	local	text	0x28	src/zlib/infblock_frontend_recovered.c	zlib/infblock_frontend_recovered.o
inflate_codes_free_recovered	global	text	0x24	src/zlib/infcodes_recovered.c	zlib/infcodes_recovered.o
inflate_codes_new_recovered	global	text	0x6c	src/zlib/infcodes_recovered.c	zlib/infcodes_recovered.o
inflate_codes_recovered	global	text	0x79c	src/zlib/infcodes_recovered.c	zlib/infcodes_recovered.o
zr_alloc	local	text	0x24	src/zlib/infcodes_recovered.c	zlib/infcodes_recovered.o
zr_free	local	text	0x28	src/zlib/infcodes_recovered.c	zlib/infcodes_recovered.o
inflate_fast_recovered	global	text	0x444	src/zlib/inffast_recovered.c	zlib/inffast_recovered.o
inflateEnd_recovered	global	text	0x80	src/zlib/inflate_state_recovered.c	zlib/inflate_state_recovered.o
inflateInit2__recovered	global	text	0x14c	src/zlib/inflate_state_recovered.c	zlib/inflate_state_recovered.o
inflateInit__recovered	global	text	0x24	src/zlib/inflate_state_recovered.c	zlib/inflate_state_recovered.o
inflateReset_recovered	global	text	0x58	src/zlib/inflate_state_recovered.c	zlib/inflate_state_recovered.o
inflateSetDictionary_recovered	global	text	0xd0	src/zlib/inflate_state_recovered.c	zlib/inflate_state_recovered.o
inflateSyncPoint_recovered	global	text	0x48	src/zlib/inflate_state_recovered.c	zlib/inflate_state_recovered.o
inflateSync_recovered	global	text	0x114	src/zlib/inflate_state_recovered.c	zlib/inflate_state_recovered.o
inflate_recovered	global	text	0x488	src/zlib/inflate_state_recovered.c	zlib/inflate_state_recovered.o
mark.0	local	rodata	0x4	src/zlib/inflate_state_recovered.c	zlib/inflate_state_recovered.o
zr_alloc	local	text	0x24	src/zlib/inflate_state_recovered.c	zlib/inflate_state_recovered.o
zr_free	local	text	0x28	src/zlib/inflate_state_recovered.c	zlib/inflate_state_recovered.o
huft_build_recovered	local	text	0x59c	src/zlib/inftrees_recovered.c	zlib/inftrees_recovered.o
inflate_trees_bits_recovered	global	text	0xf8	src/zlib/inftrees_recovered.c	zlib/inftrees_recovered.o
inflate_trees_dynamic_recovered	global	text	0x1d8	src/zlib/inftrees_recovered.c	zlib/inftrees_recovered.o
inflate_trees_fixed_recovered	global	text	0x30	src/zlib/inftrees_recovered.c	zlib/inftrees_recovered.o
zr_alloc	local	text	0x24	src/zlib/inftrees_recovered.c	zlib/inftrees_recovered.o
zr_cpdext	local	rodata	0x78	src/zlib/inftrees_recovered.c	zlib/inftrees_recovered.o
zr_cpdist	local	rodata	0x78	src/zlib/inftrees_recovered.c	zlib/inftrees_recovered.o
zr_cplens	local	rodata	0x7c	src/zlib/inftrees_recovered.c	zlib/inftrees_recovered.o
zr_cplext	local	rodata	0x7c	src/zlib/inftrees_recovered.c	zlib/inftrees_recovered.o
zr_free	local	text	0x28	src/zlib/inftrees_recovered.c	zlib/inftrees_recovered.o
inflate_flush_recovered	global	text	0x1a4	src/zlib/infutil_recovered.c	zlib/infutil_recovered.o
zr_inflate_mask	global	rodata	0x44	src/zlib/infutil_recovered.c	zlib/infutil_recovered.o
_tr_align_recovered	global	text	0xa8	src/zlib/trees_recovered.c	zlib/trees_recovered.o
_tr_flush_block_recovered	global	text	0x190	src/zlib/trees_recovered.c	zlib/trees_recovered.o
_tr_init_recovered	global	text	0x78	src/zlib/trees_recovered.c	zlib/trees_recovered.o
_tr_stored_block_recovered	global	text	0x60	src/zlib/trees_recovered.c	zlib/trees_recovered.o
_tr_tally_recovered	global	text	0xd8	src/zlib/trees_recovered.c	zlib/trees_recovered.o
bi_flush	local	text	0x74	src/zlib/trees_recovered.c	zlib/trees_recovered.o
bi_reverse	local	text	0x30	src/zlib/trees_recovered.c	zlib/trees_recovered.o
bi_windup	local	text	0x58	src/zlib/trees_recovered.c	zlib/trees_recovered.o
build_bl_tree	local	text	0x9c	src/zlib/trees_recovered.c	zlib/trees_recovered.o
build_tree	local	text	0x2c4	src/zlib/trees_recovered.c	zlib/trees_recovered.o
compress_block	local	text	0x190	src/zlib/trees_recovered.c	zlib/trees_recovered.o
copy_block	local	text	0xa4	src/zlib/trees_recovered.c	zlib/trees_recovered.o
d_code	local	text	0x38	src/zlib/trees_recovered.c	zlib/trees_recovered.o
gen_bitlen	local	text	0x2ec	src/zlib/trees_recovered.c	zlib/trees_recovered.o
gen_codes	local	text	0xb4	src/zlib/trees_recovered.c	zlib/trees_recovered.o
init_block	local	text	0x94	src/zlib/trees_recovered.c	zlib/trees_recovered.o
pqdownheap	local	text	0xf8	src/zlib/trees_recovered.c	zlib/trees_recovered.o
put_byte	local	text	0x1c	src/zlib/trees_recovered.c	zlib/trees_recovered.o
put_short	local	text	0x44	src/zlib/trees_recovered.c	zlib/trees_recovered.o
scan_tree	local	text	0x114	src/zlib/trees_recovered.c	zlib/trees_recovered.o
send_all_trees	local	text	0xe0	src/zlib/trees_recovered.c	zlib/trees_recovered.o
send_bits	local	text	0xa0	src/zlib/trees_recovered.c	zlib/trees_recovered.o
send_code	local	text	0x28	src/zlib/trees_recovered.c	zlib/trees_recovered.o
send_tree	local	text	0x1a8	src/zlib/trees_recovered.c	zlib/trees_recovered.o
set_data_type	local	text	0xa4	src/zlib/trees_recovered.c	zlib/trees_recovered.o
smaller	local	text	0x58	src/zlib/trees_recovered.c	zlib/trees_recovered.o
tr_static_init	local	text	0x8	src/zlib/trees_recovered.c	zlib/trees_recovered.o
zr_bl_order	local	rodata	0x13	src/zlib/trees_recovered.c	zlib/trees_recovered.o
zr_extra_blbits	local	rodata	0x4c	src/zlib/trees_recovered.c	zlib/trees_recovered.o
zr_extra_dbits	local	rodata	0x78	src/zlib/trees_recovered.c	zlib/trees_recovered.o
zr_extra_lbits	local	rodata	0x74	src/zlib/trees_recovered.c	zlib/trees_recovered.o
zr_static_bl_desc	local	data	0x14	src/zlib/trees_recovered.c	zlib/trees_recovered.o
zr_static_d_desc	local	data	0x14	src/zlib/trees_recovered.c	zlib/trees_recovered.o
zr_static_l_desc	local	data	0x14	src/zlib/trees_recovered.c	zlib/trees_recovered.o
compress2_recovered	global	text	0x108	src/zlib/zlib_buffer_api_recovered.c	zlib/zlib_buffer_api_recovered.o
compress_recovered	global	text	0x1c	src/zlib/zlib_buffer_api_recovered.c	zlib/zlib_buffer_api_recovered.o
deflateInit__recovered	global	text	0x30	src/zlib/zlib_buffer_api_recovered.c	zlib/zlib_buffer_api_recovered.o
uncompress_recovered	global	text	0x100	src/zlib/zlib_buffer_api_recovered.c	zlib/zlib_buffer_api_recovered.o
adler32_recovered	global	text	0x1a0	src/zlib/zutil_adler_recovered.c	zlib/zutil_adler_recovered.o
zError_00198a64	global	text	0x20	src/zlib/zutil_adler_recovered.c	zlib/zutil_adler_recovered.o
zcalloc_00198a84	global	text	0x30	src/zlib/zutil_adler_recovered.c	zlib/zutil_adler_recovered.o
zcfree_00198aa4	global	text	0x1c	src/zlib/zutil_adler_recovered.c	zlib/zutil_adler_recovered.o
zlibVersion_00198a58	global	text	0xc	src/zlib/zutil_adler_recovered.c	zlib/zutil_adler_recovered.o
zr_errmsg	local	rodata	0x28	src/zlib/zutil_adler_recovered.c	zlib/zutil_adler_recovered.o
