symbol	category	provider_kind	owner	resolution_gate	requesters
CDVD_Init	named-external	link-contract	reserved:link-contract	link-identity	app/main_bootstrap.o
CMemory_LoadROM_001513bc	target-address-symbol	source-address-alias	src/app/main_flow_recovered.c;src/ps2/progress28_structural_lift_recovered.c	link-identity	app/main_flow_recovered.o
DAT_001385ec	target-address-data	program-data	reserved:target-data.o	program-data	ps2/progress28_structural_lift_recovered.o
DAT_001385ed	target-address-data	program-data	reserved:target-data.o	program-data	ps2/progress28_structural_lift_recovered.o
DAT_001b0a58	target-address-data	program-data	reserved:target-data.o	program-data	ps2/progress28_structural_lift_recovered.o
DAT_001b0ba0	target-address-data	program-data	reserved:target-data.o	program-data	ps2/progress28_structural_lift_recovered.o
DAT_001b0ba8	target-address-data	program-data	reserved:target-data.o	program-data	ps2/progress28_structural_lift_recovered.o
DAT_001b0eb8	target-address-data	program-data	reserved:target-data.o	program-data	ps2/progress28_structural_lift_recovered.o
DAT_001b0eb9	target-address-data	program-data	reserved:target-data.o	program-data	ps2/progress28_structural_lift_recovered.o
DAT_001b1370	target-address-data	program-data	reserved:target-data.o	program-data	ps2/progress28_structural_lift_recovered.o
DAT_001b1468	target-address-data	program-data	reserved:target-data.o	program-data	ps2/progress28_structural_lift_recovered.o
DAT_001b1470	target-address-data	program-data	reserved:target-data.o	program-data	ps2/progress28_structural_lift_recovered.o
DAT_001b18d0	target-address-data	program-data	reserved:target-data.o	program-data	ps2/progress28_structural_lift_recovered.o
DAT_001b18d8	target-address-data	program-data	reserved:target-data.o	program-data	ps2/progress28_structural_lift_recovered.o
DAT_001b18e0	target-address-data	program-data	reserved:target-data.o	program-data	ps2/progress28_structural_lift_recovered.o
DAT_001b18e8	target-address-data	program-data	reserved:target-data.o	program-data	ps2/progress28_structural_lift_recovered.o
DAT_001b18f0	target-address-data	program-data	reserved:target-data.o	program-data	ps2/progress28_structural_lift_recovered.o
DAT_001b20d8	target-address-data	program-data	reserved:target-data.o	program-data	ps2/progress28_structural_lift_recovered.o
DAT_001b20e0	target-address-data	program-data	reserved:target-data.o	program-data	ps2/progress28_structural_lift_recovered.o
DAT_001b20e8	target-address-data	program-data	reserved:target-data.o	program-data	ps2/progress28_structural_lift_recovered.o
DAT_001b20f0	target-address-data	program-data	reserved:target-data.o	program-data	ps2/progress28_structural_lift_recovered.o
DAT_001b20f8	target-address-data	program-data	reserved:target-data.o	program-data	ps2/progress28_structural_lift_recovered.o
DAT_001b2118	target-address-data	program-data	reserved:target-data.o	program-data	ps2/progress28_structural_lift_recovered.o
DAT_001b6ef8	target-address-data	program-data	reserved:target-data.o	program-data	ps2/progress28_structural_lift_recovered.o
DAT_001b83f0	target-address-data	program-data	reserved:target-data.o	program-data	ps2/progress28_structural_lift_recovered.o
DAT_001b8440	target-address-data	program-data	reserved:target-data.o	program-data	ps2/progress28_structural_lift_recovered.o
DAT_001b8508	target-address-data	program-data	reserved:target-data.o	program-data	ps2/progress28_structural_lift_recovered.o
DAT_001b8510	target-address-data	program-data	reserved:target-data.o	program-data	ps2/progress28_structural_lift_recovered.o
DAT_001b8530	target-address-data	program-data	reserved:target-data.o	program-data	ps2/progress28_structural_lift_recovered.o
DAT_001b8538	target-address-data	program-data	reserved:target-data.o	program-data	ps2/progress28_structural_lift_recovered.o
DAT_001b8558	target-address-data	program-data	reserved:target-data.o	program-data	ps2/progress28_structural_lift_recovered.o
DAT_001b8580	target-address-data	program-data	reserved:target-data.o	program-data	ps2/progress28_structural_lift_recovered.o
DAT_001b8588	target-address-data	program-data	reserved:target-data.o	program-data	ps2/progress28_structural_lift_recovered.o
DAT_001b8590	target-address-data	program-data	reserved:target-data.o	program-data	ps2/progress28_structural_lift_recovered.o
DAT_001babc8	target-address-data	program-data	reserved:target-data.o	program-data	ps2/progress28_structural_lift_recovered.o
DAT_001baf00	target-address-data	program-data	reserved:target-data.o	program-data	ps2/progress28_structural_lift_recovered.o
DAT_001baf08	target-address-data	program-data	reserved:target-data.o	program-data	ps2/progress28_structural_lift_recovered.o
DAT_001baf20	target-address-data	program-data	reserved:target-data.o	program-data	ps2/progress28_structural_lift_recovered.o
DAT_001bb2c0	target-address-data	program-data	reserved:target-data.o	program-data	ps2/progress28_structural_lift_recovered.o
DAT_001bb2c4	target-address-data	program-data	reserved:target-data.o	program-data	ps2/progress28_structural_lift_recovered.o
DAT_001bb2c8	target-address-data	program-data	reserved:target-data.o	program-data	ps2/progress28_structural_lift_recovered.o
DAT_001bb2cc	target-address-data	program-data	reserved:target-data.o	program-data	ps2/progress28_structural_lift_recovered.o
DAT_001bb340	target-address-data	program-data	reserved:target-data.o	program-data	ps2/progress28_structural_lift_recovered.o
DAT_001bb341	target-address-data	program-data	reserved:target-data.o	program-data	ps2/progress28_structural_lift_recovered.o
DAT_001bb748	target-address-data	program-data	reserved:target-data.o	program-data	ps2/progress28_structural_lift_recovered.o
DAT_001bb87c	target-address-data	program-data	reserved:target-data.o	program-data	ps2/progress28_structural_lift_recovered.o
DAT_001bbd44	target-address-data	program-data	reserved:target-data.o	program-data	ps2/progress28_structural_lift_recovered.o
DAT_001bbd50	target-address-data	program-data	reserved:target-data.o	program-data	ps2/progress28_structural_lift_recovered.o
DAT_001bbd80	target-address-data	program-data	reserved:target-data.o	program-data	ps2/progress28_structural_lift_recovered.o
DAT_001bbd82	target-address-data	program-data	reserved:target-data.o	program-data	ps2/progress28_structural_lift_recovered.o
DAT_001bbd84	target-address-data	program-data	reserved:target-data.o	program-data	ps2/progress28_structural_lift_recovered.o
DAT_001bbd86	target-address-data	program-data	reserved:target-data.o	program-data	ps2/progress28_structural_lift_recovered.o
DAT_001d3480	target-address-data	program-data	reserved:target-data.o	program-data	ps2/progress28_structural_lift_recovered.o
DAT_001d3482	target-address-data	program-data	reserved:target-data.o	program-data	ps2/progress28_structural_lift_recovered.o
DAT_001d3484	target-address-data	program-data	reserved:target-data.o	program-data	ps2/progress28_structural_lift_recovered.o
DAT_001d3486	target-address-data	program-data	reserved:target-data.o	program-data	ps2/progress28_structural_lift_recovered.o
DAT_001eba80	target-address-data	program-data	reserved:target-data.o	program-data	ps2/progress28_structural_lift_recovered.o
DAT_001ebae0	target-address-data	program-data	reserved:target-data.o	program-data	ps2/progress28_structural_lift_recovered.o
DAT_001ebae4	target-address-data	program-data	reserved:target-data.o	program-data	ps2/progress28_structural_lift_recovered.o
DAT_001ebaec	target-address-data	program-data	reserved:target-data.o	program-data	ps2/progress28_structural_lift_recovered.o
DAT_001ebd40	target-address-data	program-data	reserved:target-data.o	program-data	ps2/progress28_structural_lift_recovered.o
DAT_001ebd41	target-address-data	program-data	reserved:target-data.o	program-data	ps2/progress28_structural_lift_recovered.o
DAT_001ebd42	target-address-data	program-data	reserved:target-data.o	program-data	ps2/progress28_structural_lift_recovered.o
DAT_001ebd43	target-address-data	program-data	reserved:target-data.o	program-data	ps2/progress28_structural_lift_recovered.o
DAT_001ebd44	target-address-data	program-data	reserved:target-data.o	program-data	ps2/progress28_structural_lift_recovered.o
DAT_001ebd45	target-address-data	program-data	reserved:target-data.o	program-data	ps2/progress28_structural_lift_recovered.o
DAT_001ebd46	target-address-data	program-data	reserved:target-data.o	program-data	ps2/progress28_structural_lift_recovered.o
DAT_001ebd48	target-address-data	program-data	reserved:target-data.o	program-data	ps2/progress28_structural_lift_recovered.o
DAT_001ebd4c	target-address-data	program-data	reserved:target-data.o	program-data	ps2/progress28_structural_lift_recovered.o
DAT_001ebd50	target-address-data	program-data	reserved:target-data.o	program-data	ps2/progress28_structural_lift_recovered.o
DAT_001ebd54	target-address-data	program-data	reserved:target-data.o	program-data	ps2/progress28_structural_lift_recovered.o
DAT_001ebd58	target-address-data	program-data	reserved:target-data.o	program-data	ps2/progress28_structural_lift_recovered.o
DAT_001ebd5c	target-address-data	program-data	reserved:target-data.o	program-data	ps2/progress28_structural_lift_recovered.o
DAT_001ebe00	target-address-data	program-data	reserved:target-data.o	program-data	ps2/progress28_structural_lift_recovered.o
DAT_001ebe01	target-address-data	program-data	reserved:target-data.o	program-data	ps2/progress28_structural_lift_recovered.o
DAT_001ebe02	target-address-data	program-data	reserved:target-data.o	program-data	ps2/progress28_structural_lift_recovered.o
DAT_001ebe03	target-address-data	program-data	reserved:target-data.o	program-data	ps2/progress28_structural_lift_recovered.o
DAT_001ebe06	target-address-data	program-data	reserved:target-data.o	program-data	ps2/progress28_structural_lift_recovered.o
DAT_001ebe0c	target-address-data	program-data	reserved:target-data.o	program-data	ps2/progress28_structural_lift_recovered.o
DAT_001ebe50	target-address-data	program-data	reserved:target-data.o	program-data	ps2/progress28_structural_lift_recovered.o
DAT_001ebe54	target-address-data	program-data	reserved:target-data.o	program-data	ps2/progress28_structural_lift_recovered.o
DAT_001ebe58	target-address-data	program-data	reserved:target-data.o	program-data	ps2/progress28_structural_lift_recovered.o
DAT_001ebe60	target-address-data	program-data	reserved:target-data.o	program-data	ps2/progress28_structural_lift_recovered.o
DAT_001ebe64	target-address-data	program-data	reserved:target-data.o	program-data	ps2/progress28_structural_lift_recovered.o
DAT_001ebe68	target-address-data	program-data	reserved:target-data.o	program-data	ps2/progress28_structural_lift_recovered.o
DAT_001ebe70	target-address-data	program-data	reserved:target-data.o	program-data	ps2/progress28_structural_lift_recovered.o
DAT_001ebe74	target-address-data	program-data	reserved:target-data.o	program-data	ps2/progress28_structural_lift_recovered.o
DAT_001ebe78	target-address-data	program-data	reserved:target-data.o	program-data	ps2/progress28_structural_lift_recovered.o
DAT_001ebe80	target-address-data	program-data	reserved:target-data.o	program-data	ps2/progress28_structural_lift_recovered.o
DAT_001ebe84	target-address-data	program-data	reserved:target-data.o	program-data	ps2/progress28_structural_lift_recovered.o
DAT_001ebe88	target-address-data	program-data	reserved:target-data.o	program-data	ps2/progress28_structural_lift_recovered.o
DAT_001ebe90	target-address-data	program-data	reserved:target-data.o	program-data	ps2/progress28_structural_lift_recovered.o
DAT_001ebe94	target-address-data	program-data	reserved:target-data.o	program-data	ps2/progress28_structural_lift_recovered.o
DAT_001ebe98	target-address-data	program-data	reserved:target-data.o	program-data	ps2/progress28_structural_lift_recovered.o
DAT_001ebea0	target-address-data	program-data	reserved:target-data.o	program-data	ps2/progress28_structural_lift_recovered.o
DAT_001ebea4	target-address-data	program-data	reserved:target-data.o	program-data	ps2/progress28_structural_lift_recovered.o
DAT_001ebea8	target-address-data	program-data	reserved:target-data.o	program-data	ps2/progress28_structural_lift_recovered.o
DAT_001ebeb0	target-address-data	program-data	reserved:target-data.o	program-data	ps2/progress28_structural_lift_recovered.o
DAT_001ebeb4	target-address-data	program-data	reserved:target-data.o	program-data	ps2/progress28_structural_lift_recovered.o
DAT_001ebeb8	target-address-data	program-data	reserved:target-data.o	program-data	ps2/progress28_structural_lift_recovered.o
DAT_001ec1c4	target-address-data	program-data	reserved:target-data.o	program-data	ps2/progress28_structural_lift_recovered.o
DAT_001f40d4	target-address-data	program-data	reserved:target-data.o	program-data	ps2/progress28_structural_lift_recovered.o
DAT_001f60c8	target-address-data	program-data	reserved:target-data.o	program-data	ps2/progress28_structural_lift_recovered.o
DAT_001fafa0	target-address-data	program-data	reserved:target-data.o	program-data	ps2/progress28_structural_lift_recovered.o
DAT_002ebc30	target-address-data	program-data	reserved:target-data.o	program-data	ps2/progress28_structural_lift_recovered.o
DAT_002ec1f4	target-address-data	program-data	reserved:target-data.o	program-data	ps2/progress28_structural_lift_recovered.o
DAT_002ec200	target-address-data	program-data	reserved:target-data.o	program-data	ps2/progress28_structural_lift_recovered.o
DAT_002ec53c	target-address-data	program-data	reserved:target-data.o	program-data	ps2/progress28_structural_lift_recovered.o
DAT_00335278	target-address-data	program-data	reserved:target-data.o	program-data	ps2/progress28_structural_lift_recovered.o
DAT_00335280	target-address-data	program-data	reserved:target-data.o	program-data	ps2/progress28_structural_lift_recovered.o
DAT_00335370	target-address-data	program-data	reserved:target-data.o	program-data	ps2/progress28_structural_lift_recovered.o
DAT_00335374	target-address-data	program-data	reserved:target-data.o	program-data	ps2/progress28_structural_lift_recovered.o
DAT_00335378	target-address-data	program-data	reserved:target-data.o	program-data	ps2/progress28_structural_lift_recovered.o
DAT_00335478	target-address-data	program-data	reserved:target-data.o	program-data	ps2/progress28_structural_lift_recovered.o
DAT_003354f8	target-address-data	program-data	reserved:target-data.o	program-data	ps2/progress28_structural_lift_recovered.o
DAT_00335538	target-address-data	program-data	reserved:target-data.o	program-data	ps2/progress28_structural_lift_recovered.o
DAT_00335638	target-address-data	program-data	reserved:target-data.o	program-data	ps2/progress28_structural_lift_recovered.o
DAT_00335738	target-address-data	program-data	reserved:target-data.o	program-data	ps2/progress28_structural_lift_recovered.o
DAT_00335938	target-address-data	program-data	reserved:target-data.o	program-data	ps2/progress28_structural_lift_recovered.o
DAT_00335939	target-address-data	program-data	reserved:target-data.o	program-data	ps2/progress28_structural_lift_recovered.o
DAT_0033593a	target-address-data	program-data	reserved:target-data.o	program-data	ps2/progress28_structural_lift_recovered.o
DAT_0033593b	target-address-data	program-data	reserved:target-data.o	program-data	ps2/progress28_structural_lift_recovered.o
DAT_0033593c	target-address-data	program-data	reserved:target-data.o	program-data	ps2/progress28_structural_lift_recovered.o
DAT_0033593e	target-address-data	program-data	reserved:target-data.o	program-data	ps2/progress28_structural_lift_recovered.o
DAT_00335940	target-address-data	program-data	reserved:target-data.o	program-data	ps2/progress28_structural_lift_recovered.o
DAT_00335942	target-address-data	program-data	reserved:target-data.o	program-data	ps2/progress28_structural_lift_recovered.o
DAT_00335944	target-address-data	program-data	reserved:target-data.o	program-data	ps2/progress28_structural_lift_recovered.o
DAT_00335946	target-address-data	program-data	reserved:target-data.o	program-data	ps2/progress28_structural_lift_recovered.o
DAT_00335947	target-address-data	program-data	reserved:target-data.o	program-data	ps2/progress28_structural_lift_recovered.o
DAT_00335948	target-address-data	program-data	reserved:target-data.o	program-data	ps2/progress28_structural_lift_recovered.o
DAT_00335949	target-address-data	program-data	reserved:target-data.o	program-data	ps2/progress28_structural_lift_recovered.o
DAT_0033594a	target-address-data	program-data	reserved:target-data.o	program-data	ps2/progress28_structural_lift_recovered.o
DAT_0033594b	target-address-data	program-data	reserved:target-data.o	program-data	ps2/progress28_structural_lift_recovered.o
DAT_0033594c	target-address-data	program-data	reserved:target-data.o	program-data	ps2/progress28_structural_lift_recovered.o
DAT_0033594d	target-address-data	program-data	reserved:target-data.o	program-data	ps2/progress28_structural_lift_recovered.o
DAT_003359d0	target-address-data	program-data	reserved:target-data.o	program-data	ps2/progress28_structural_lift_recovered.o
DAT_00335a00	target-address-data	program-data	reserved:target-data.o	program-data	ps2/progress28_structural_lift_recovered.o
DAT_00335a50	target-address-data	program-data	reserved:target-data.o	program-data	ps2/progress28_structural_lift_recovered.o
DAT_00335e50	target-address-data	program-data	reserved:target-data.o	program-data	ps2/progress28_structural_lift_recovered.o
DAT_0033ce78	target-address-data	program-data	reserved:target-data.o	program-data	ps2/progress28_structural_lift_recovered.o
DAT_0033ee78	target-address-data	program-data	reserved:target-data.o	program-data	ps2/progress28_structural_lift_recovered.o
DAT_00340f90	target-address-data	program-data	reserved:target-data.o	program-data	ps2/progress28_structural_lift_recovered.o
DAT_00340f92	target-address-data	program-data	reserved:target-data.o	program-data	ps2/progress28_structural_lift_recovered.o
DAT_00341398	target-address-data	program-data	reserved:target-data.o	program-data	ps2/progress28_structural_lift_recovered.o
DAT_0034139a	target-address-data	program-data	reserved:target-data.o	program-data	ps2/progress28_structural_lift_recovered.o
DAT_0034139c	target-address-data	program-data	reserved:target-data.o	program-data	ps2/progress28_structural_lift_recovered.o
DAT_003413a2	target-address-data	program-data	reserved:target-data.o	program-data	ps2/progress28_structural_lift_recovered.o
DAT_003413a4	target-address-data	program-data	reserved:target-data.o	program-data	ps2/progress28_structural_lift_recovered.o
DAT_003413a6	target-address-data	program-data	reserved:target-data.o	program-data	ps2/progress28_structural_lift_recovered.o
DAT_003413a8	target-address-data	program-data	reserved:target-data.o	program-data	ps2/progress28_structural_lift_recovered.o
DAT_003413aa	target-address-data	program-data	reserved:target-data.o	program-data	ps2/progress28_structural_lift_recovered.o
DAT_003413ac	target-address-data	program-data	reserved:target-data.o	program-data	ps2/progress28_structural_lift_recovered.o
DAT_003413ae	target-address-data	program-data	reserved:target-data.o	program-data	ps2/progress28_structural_lift_recovered.o
DAT_003413b8	target-address-data	program-data	reserved:target-data.o	program-data	ps2/progress28_structural_lift_recovered.o
DAT_003413bc	target-address-data	program-data	reserved:target-data.o	program-data	ps2/progress28_structural_lift_recovered.o
DAT_003413cc	target-address-data	program-data	reserved:target-data.o	program-data	ps2/progress28_structural_lift_recovered.o
DAT_003413d0	target-address-data	program-data	reserved:target-data.o	program-data	ps2/progress28_structural_lift_recovered.o
DAT_003413d4	target-address-data	program-data	reserved:target-data.o	program-data	ps2/progress28_structural_lift_recovered.o
DAT_003413d8	target-address-data	program-data	reserved:target-data.o	program-data	ps2/progress28_structural_lift_recovered.o
DAT_003413dc	target-address-data	program-data	reserved:target-data.o	program-data	ps2/progress28_structural_lift_recovered.o
DAT_003413e0	target-address-data	program-data	reserved:target-data.o	program-data	ps2/progress28_structural_lift_recovered.o
DAT_003413f0	target-address-data	program-data	reserved:target-data.o	program-data	ps2/progress28_structural_lift_recovered.o
DAT_003413f4	target-address-data	program-data	reserved:target-data.o	program-data	ps2/progress28_structural_lift_recovered.o
DAT_003413f8	target-address-data	program-data	reserved:target-data.o	program-data	ps2/progress28_structural_lift_recovered.o
DAT_003413fc	target-address-data	program-data	reserved:target-data.o	program-data	ps2/progress28_structural_lift_recovered.o
DAT_00341434	target-address-data	program-data	reserved:target-data.o	program-data	ps2/progress28_structural_lift_recovered.o
DAT_00341438	target-address-data	program-data	reserved:target-data.o	program-data	ps2/progress28_structural_lift_recovered.o
DAT_0034143c	target-address-data	program-data	reserved:target-data.o	program-data	ps2/progress28_structural_lift_recovered.o
DAT_00341440	target-address-data	program-data	reserved:target-data.o	program-data	ps2/progress28_structural_lift_recovered.o
DAT_00341444	target-address-data	program-data	reserved:target-data.o	program-data	ps2/progress28_structural_lift_recovered.o
DAT_00341448	target-address-data	program-data	reserved:target-data.o	program-data	ps2/progress28_structural_lift_recovered.o
DAT_0034144c	target-address-data	program-data	reserved:target-data.o	program-data	ps2/progress28_structural_lift_recovered.o
DAT_00341450	target-address-data	program-data	reserved:target-data.o	program-data	ps2/progress28_structural_lift_recovered.o
DAT_00341454	target-address-data	program-data	reserved:target-data.o	program-data	ps2/progress28_structural_lift_recovered.o
DAT_0034145c	target-address-data	program-data	reserved:target-data.o	program-data	ps2/progress28_structural_lift_recovered.o
DAT_00341460	target-address-data	program-data	reserved:target-data.o	program-data	ps2/progress28_structural_lift_recovered.o
DAT_00341462	target-address-data	program-data	reserved:target-data.o	program-data	ps2/progress28_structural_lift_recovered.o
DAT_00341464	target-address-data	program-data	reserved:target-data.o	program-data	ps2/progress28_structural_lift_recovered.o
DAT_00341466	target-address-data	program-data	reserved:target-data.o	program-data	ps2/progress28_structural_lift_recovered.o
DAT_003414b0	target-address-data	program-data	reserved:target-data.o	program-data	ps2/progress28_structural_lift_recovered.o
DAT_003414b4	target-address-data	program-data	reserved:target-data.o	program-data	ps2/progress28_structural_lift_recovered.o
DAT_003414b8	target-address-data	program-data	reserved:target-data.o	program-data	ps2/progress28_structural_lift_recovered.o
DAT_003414bc	target-address-data	program-data	reserved:target-data.o	program-data	ps2/progress28_structural_lift_recovered.o
DAT_003414c0	target-address-data	program-data	reserved:target-data.o	program-data	ps2/progress28_structural_lift_recovered.o
DAT_003414c2	target-address-data	program-data	reserved:target-data.o	program-data	ps2/progress28_structural_lift_recovered.o
DAT_003414c4	target-address-data	program-data	reserved:target-data.o	program-data	ps2/progress28_structural_lift_recovered.o
DAT_003414cc	target-address-data	program-data	reserved:target-data.o	program-data	ps2/progress28_structural_lift_recovered.o
DAT_003414d0	target-address-data	program-data	reserved:target-data.o	program-data	ps2/progress28_structural_lift_recovered.o
DAT_003414d4	target-address-data	program-data	reserved:target-data.o	program-data	ps2/progress28_structural_lift_recovered.o
DAT_003414d8	target-address-data	program-data	reserved:target-data.o	program-data	ps2/progress28_structural_lift_recovered.o
DAT_003414dc	target-address-data	program-data	reserved:target-data.o	program-data	ps2/progress28_structural_lift_recovered.o
DAT_003414e0	target-address-data	program-data	reserved:target-data.o	program-data	ps2/progress28_structural_lift_recovered.o
DAT_003414e4	target-address-data	program-data	reserved:target-data.o	program-data	ps2/progress28_structural_lift_recovered.o
DAT_003414e8	target-address-data	program-data	reserved:target-data.o	program-data	ps2/progress28_structural_lift_recovered.o
DAT_003414ec	target-address-data	program-data	reserved:target-data.o	program-data	ps2/progress28_structural_lift_recovered.o
DAT_003414fc	target-address-data	program-data	reserved:target-data.o	program-data	ps2/progress28_structural_lift_recovered.o
DAT_003415b0	target-address-data	program-data	reserved:target-data.o	program-data	ps2/progress28_structural_lift_recovered.o
DAT_003415b2	target-address-data	program-data	reserved:target-data.o	program-data	ps2/progress28_structural_lift_recovered.o
DAT_003415b4	target-address-data	program-data	reserved:target-data.o	program-data	ps2/progress28_structural_lift_recovered.o
DAT_003415b6	target-address-data	program-data	reserved:target-data.o	program-data	ps2/progress28_structural_lift_recovered.o
DAT_003415b8	target-address-data	program-data	reserved:target-data.o	program-data	ps2/progress28_structural_lift_recovered.o
DAT_003415ba	target-address-data	program-data	reserved:target-data.o	program-data	ps2/progress28_structural_lift_recovered.o
DAT_0034160c	target-address-data	program-data	reserved:target-data.o	program-data	ps2/progress28_structural_lift_recovered.o
DAT_0034160e	target-address-data	program-data	reserved:target-data.o	program-data	ps2/progress28_structural_lift_recovered.o
DAT_00341610	target-address-data	program-data	reserved:target-data.o	program-data	ps2/progress28_structural_lift_recovered.o
DAT_00341614	target-address-data	program-data	reserved:target-data.o	program-data	ps2/progress28_structural_lift_recovered.o
DAT_00341616	target-address-data	program-data	reserved:target-data.o	program-data	ps2/progress28_structural_lift_recovered.o
DAT_00341618	target-address-data	program-data	reserved:target-data.o	program-data	ps2/progress28_structural_lift_recovered.o
DAT_0034161a	target-address-data	program-data	reserved:target-data.o	program-data	ps2/progress28_structural_lift_recovered.o
DAT_0034161c	target-address-data	program-data	reserved:target-data.o	program-data	ps2/progress28_structural_lift_recovered.o
DAT_0034161e	target-address-data	program-data	reserved:target-data.o	program-data	ps2/progress28_structural_lift_recovered.o
DAT_00341626	target-address-data	program-data	reserved:target-data.o	program-data	ps2/progress28_structural_lift_recovered.o
DAT_00341628	target-address-data	program-data	reserved:target-data.o	program-data	ps2/progress28_structural_lift_recovered.o
DAT_0034162a	target-address-data	program-data	reserved:target-data.o	program-data	ps2/progress28_structural_lift_recovered.o
DAT_0034162c	target-address-data	program-data	reserved:target-data.o	program-data	ps2/progress28_structural_lift_recovered.o
DAT_0034162e	target-address-data	program-data	reserved:target-data.o	program-data	ps2/progress28_structural_lift_recovered.o
DAT_00341630	target-address-data	program-data	reserved:target-data.o	program-data	ps2/progress28_structural_lift_recovered.o
DAT_00342a38	target-address-data	program-data	reserved:target-data.o	program-data	ps2/progress28_structural_lift_recovered.o
DAT_00342a7c	target-address-data	program-data	reserved:target-data.o	program-data	ps2/progress28_structural_lift_recovered.o
DAT_00342a80	target-address-data	program-data	reserved:target-data.o	program-data	ps2/progress28_structural_lift_recovered.o
DAT_00342a88	target-address-data	program-data	reserved:target-data.o	program-data	ps2/progress28_structural_lift_recovered.o
DAT_00342a8c	target-address-data	program-data	reserved:target-data.o	program-data	ps2/progress28_structural_lift_recovered.o
DAT_00342a90	target-address-data	program-data	reserved:target-data.o	program-data	ps2/progress28_structural_lift_recovered.o
DAT_00342aac	target-address-data	program-data	reserved:target-data.o	program-data	ps2/progress28_structural_lift_recovered.o
DAT_00342ab0	target-address-data	program-data	reserved:target-data.o	program-data	ps2/progress28_structural_lift_recovered.o
DAT_00342ab4	target-address-data	program-data	reserved:target-data.o	program-data	ps2/progress28_structural_lift_recovered.o
DAT_00342ab8	target-address-data	program-data	reserved:target-data.o	program-data	ps2/progress28_structural_lift_recovered.o
DAT_00342abc	target-address-data	program-data	reserved:target-data.o	program-data	ps2/progress28_structural_lift_recovered.o
DAT_00342ad0	target-address-data	program-data	reserved:target-data.o	program-data	ps2/progress28_structural_lift_recovered.o
DAT_00342ad4	target-address-data	program-data	reserved:target-data.o	program-data	ps2/progress28_structural_lift_recovered.o
DAT_00342ad8	target-address-data	program-data	reserved:target-data.o	program-data	ps2/progress28_structural_lift_recovered.o
DAT_00342ae4	target-address-data	program-data	reserved:target-data.o	program-data	ps2/progress28_structural_lift_recovered.o
DAT_00342ae8	target-address-data	program-data	reserved:target-data.o	program-data	ps2/progress28_structural_lift_recovered.o
DAT_00342aec	target-address-data	program-data	reserved:target-data.o	program-data	ps2/progress28_structural_lift_recovered.o
DAT_00342af0	target-address-data	program-data	reserved:target-data.o	program-data	ps2/progress28_structural_lift_recovered.o
DAT_00342b70	target-address-data	program-data	reserved:target-data.o	program-data	ps2/progress28_structural_lift_recovered.o
DAT_00342bf0	target-address-data	program-data	reserved:target-data.o	program-data	ps2/progress28_structural_lift_recovered.o
DAT_00342bf4	target-address-data	program-data	reserved:target-data.o	program-data	ps2/progress28_structural_lift_recovered.o
DAT_00342bf8	target-address-data	program-data	reserved:target-data.o	program-data	ps2/progress28_structural_lift_recovered.o
DAT_00342bfc	target-address-data	program-data	reserved:target-data.o	program-data	ps2/progress28_structural_lift_recovered.o
DAT_00342c00	target-address-data	program-data	reserved:target-data.o	program-data	ps2/progress28_structural_lift_recovered.o
DAT_00342c04	target-address-data	program-data	reserved:target-data.o	program-data	ps2/progress28_structural_lift_recovered.o
DAT_00342c08	target-address-data	program-data	reserved:target-data.o	program-data	ps2/progress28_structural_lift_recovered.o
DAT_00342c0c	target-address-data	program-data	reserved:target-data.o	program-data	ps2/progress28_structural_lift_recovered.o
DAT_00342c10	target-address-data	program-data	reserved:target-data.o	program-data	ps2/progress28_structural_lift_recovered.o
DAT_00342c14	target-address-data	program-data	reserved:target-data.o	program-data	ps2/progress28_structural_lift_recovered.o
DAT_00342c24	target-address-data	program-data	reserved:target-data.o	program-data	ps2/progress28_structural_lift_recovered.o
DAT_0034323c	target-address-data	program-data	reserved:target-data.o	program-data	ps2/progress28_structural_lift_recovered.o
DAT_00343240	target-address-data	program-data	reserved:target-data.o	program-data	ps2/progress28_structural_lift_recovered.o
DAT_00343250	target-address-data	program-data	reserved:target-data.o	program-data	ps2/progress28_structural_lift_recovered.o
DAT_00344e08	target-address-data	program-data	reserved:target-data.o	program-data	ps2/progress28_structural_lift_recovered.o
DAT_00344e0c	target-address-data	program-data	reserved:target-data.o	program-data	ps2/progress28_structural_lift_recovered.o
DAT_00345303	target-address-data	program-data	reserved:target-data.o	program-data	ps2/progress28_structural_lift_recovered.o
DAT_00345305	target-address-data	program-data	reserved:target-data.o	program-data	ps2/progress28_structural_lift_recovered.o
DAT_0034531c	target-address-data	program-data	reserved:target-data.o	program-data	ps2/progress28_structural_lift_recovered.o
DAT_00345320	target-address-data	program-data	reserved:target-data.o	program-data	ps2/progress28_structural_lift_recovered.o
DAT_00345321	target-address-data	program-data	reserved:target-data.o	program-data	ps2/progress28_structural_lift_recovered.o
DAT_00345322	target-address-data	program-data	reserved:target-data.o	program-data	ps2/progress28_structural_lift_recovered.o
DAT_00345323	target-address-data	program-data	reserved:target-data.o	program-data	ps2/progress28_structural_lift_recovered.o
DAT_00345324	target-address-data	program-data	reserved:target-data.o	program-data	ps2/progress28_structural_lift_recovered.o
DAT_00345328	target-address-data	program-data	reserved:target-data.o	program-data	ps2/progress28_structural_lift_recovered.o
DAT_0034532c	target-address-data	program-data	reserved:target-data.o	program-data	ps2/progress28_structural_lift_recovered.o
DAT_00345330	target-address-data	program-data	reserved:target-data.o	program-data	ps2/progress28_structural_lift_recovered.o
DAT_00345334	target-address-data	program-data	reserved:target-data.o	program-data	ps2/progress28_structural_lift_recovered.o
DAT_00345340	target-address-data	program-data	reserved:target-data.o	program-data	ps2/progress28_structural_lift_recovered.o
DAT_00345344	target-address-data	program-data	reserved:target-data.o	program-data	ps2/progress28_structural_lift_recovered.o
DAT_00345345	target-address-data	program-data	reserved:target-data.o	program-data	ps2/progress28_structural_lift_recovered.o
DAT_00345346	target-address-data	program-data	reserved:target-data.o	program-data	ps2/progress28_structural_lift_recovered.o
DAT_00345347	target-address-data	program-data	reserved:target-data.o	program-data	ps2/progress28_structural_lift_recovered.o
DAT_00345348	target-address-data	program-data	reserved:target-data.o	program-data	ps2/progress28_structural_lift_recovered.o
DAT_00345349	target-address-data	program-data	reserved:target-data.o	program-data	ps2/progress28_structural_lift_recovered.o
DAT_0034534c	target-address-data	program-data	reserved:target-data.o	program-data	ps2/progress28_structural_lift_recovered.o
DAT_00345350	target-address-data	program-data	reserved:target-data.o	program-data	ps2/progress28_structural_lift_recovered.o
DAT_00345354	target-address-data	program-data	reserved:target-data.o	program-data	ps2/progress28_structural_lift_recovered.o
DAT_00345358	target-address-data	program-data	reserved:target-data.o	program-data	ps2/progress28_structural_lift_recovered.o
DAT_0034535c	target-address-data	program-data	reserved:target-data.o	program-data	ps2/progress28_structural_lift_recovered.o
DAT_00345360	target-address-data	program-data	reserved:target-data.o	program-data	ps2/progress28_structural_lift_recovered.o
DAT_00345368	target-address-data	program-data	reserved:target-data.o	program-data	ps2/progress28_structural_lift_recovered.o
DAT_00345370	target-address-data	program-data	reserved:target-data.o	program-data	ps2/progress28_structural_lift_recovered.o
DAT_00345378	target-address-data	program-data	reserved:target-data.o	program-data	ps2/progress28_structural_lift_recovered.o
DAT_00345380	target-address-data	program-data	reserved:target-data.o	program-data	ps2/progress28_structural_lift_recovered.o
DAT_00345390	target-address-data	program-data	reserved:target-data.o	program-data	ps2/progress28_structural_lift_recovered.o
DAT_00345394	target-address-data	program-data	reserved:target-data.o	program-data	ps2/progress28_structural_lift_recovered.o
DAT_00345398	target-address-data	program-data	reserved:target-data.o	program-data	ps2/progress28_structural_lift_recovered.o
DAT_0034539c	target-address-data	program-data	reserved:target-data.o	program-data	ps2/progress28_structural_lift_recovered.o
DAT_0034539d	target-address-data	program-data	reserved:target-data.o	program-data	ps2/progress28_structural_lift_recovered.o
DAT_003453a0	target-address-data	program-data	reserved:target-data.o	program-data	ps2/progress28_structural_lift_recovered.o
DAT_003453a4	target-address-data	program-data	reserved:target-data.o	program-data	ps2/progress28_structural_lift_recovered.o
DAT_003453a8	target-address-data	program-data	reserved:target-data.o	program-data	ps2/progress28_structural_lift_recovered.o
DAT_003453a9	target-address-data	program-data	reserved:target-data.o	program-data	ps2/progress28_structural_lift_recovered.o
DAT_003453aa	target-address-data	program-data	reserved:target-data.o	program-data	ps2/progress28_structural_lift_recovered.o
DAT_003453ac	target-address-data	program-data	reserved:target-data.o	program-data	ps2/progress28_structural_lift_recovered.o
DAT_003453ae	target-address-data	program-data	reserved:target-data.o	program-data	ps2/progress28_structural_lift_recovered.o
DAT_003453b0	target-address-data	program-data	reserved:target-data.o	program-data	ps2/progress28_structural_lift_recovered.o
DAT_003453b2	target-address-data	program-data	reserved:target-data.o	program-data	ps2/progress28_structural_lift_recovered.o
DAT_003453b4	target-address-data	program-data	reserved:target-data.o	program-data	ps2/progress28_structural_lift_recovered.o
DAT_003453b6	target-address-data	program-data	reserved:target-data.o	program-data	ps2/progress28_structural_lift_recovered.o
DAT_003453b8	target-address-data	program-data	reserved:target-data.o	program-data	ps2/progress28_structural_lift_recovered.o
DAT_003453bc	target-address-data	program-data	reserved:target-data.o	program-data	ps2/progress28_structural_lift_recovered.o
DAT_003453be	target-address-data	program-data	reserved:target-data.o	program-data	ps2/progress28_structural_lift_recovered.o
DAT_003453bf	target-address-data	program-data	reserved:target-data.o	program-data	ps2/progress28_structural_lift_recovered.o
DAT_003453c0	target-address-data	program-data	reserved:target-data.o	program-data	ps2/progress28_structural_lift_recovered.o
DAT_003453c8	target-address-data	program-data	reserved:target-data.o	program-data	ps2/progress28_structural_lift_recovered.o
DAT_003453d0	target-address-data	program-data	reserved:target-data.o	program-data	ps2/progress28_structural_lift_recovered.o
DAT_003453d8	target-address-data	program-data	reserved:target-data.o	program-data	ps2/progress28_structural_lift_recovered.o
DAT_003453e0	target-address-data	program-data	reserved:target-data.o	program-data	ps2/progress28_structural_lift_recovered.o
DAT_003453e8	target-address-data	program-data	reserved:target-data.o	program-data	ps2/progress28_structural_lift_recovered.o
DAT_003453f0	target-address-data	program-data	reserved:target-data.o	program-data	ps2/progress28_structural_lift_recovered.o
DAT_003453ff	target-address-data	program-data	reserved:target-data.o	program-data	ps2/progress28_structural_lift_recovered.o
DAT_00345400	target-address-data	program-data	reserved:target-data.o	program-data	ps2/progress28_structural_lift_recovered.o
DAT_00345402	target-address-data	program-data	reserved:target-data.o	program-data	ps2/progress28_structural_lift_recovered.o
DAT_0034540f	target-address-data	program-data	reserved:target-data.o	program-data	ps2/progress28_structural_lift_recovered.o
DAT_00345410	target-address-data	program-data	reserved:target-data.o	program-data	ps2/progress28_structural_lift_recovered.o
DAT_00345412	target-address-data	program-data	reserved:target-data.o	program-data	ps2/progress28_structural_lift_recovered.o
DAT_0034541f	target-address-data	program-data	reserved:target-data.o	program-data	ps2/progress28_structural_lift_recovered.o
DAT_00345420	target-address-data	program-data	reserved:target-data.o	program-data	ps2/progress28_structural_lift_recovered.o
DAT_00345422	target-address-data	program-data	reserved:target-data.o	program-data	ps2/progress28_structural_lift_recovered.o
DAT_0034542f	target-address-data	program-data	reserved:target-data.o	program-data	ps2/progress28_structural_lift_recovered.o
DAT_00345432	target-address-data	program-data	reserved:target-data.o	program-data	ps2/progress28_structural_lift_recovered.o
DAT_0034543f	target-address-data	program-data	reserved:target-data.o	program-data	ps2/progress28_structural_lift_recovered.o
DAT_00345440	target-address-data	program-data	reserved:target-data.o	program-data	ps2/progress28_structural_lift_recovered.o
DAT_00345442	target-address-data	program-data	reserved:target-data.o	program-data	ps2/progress28_structural_lift_recovered.o
DAT_00345484	target-address-data	program-data	reserved:target-data.o	program-data	ps2/progress28_structural_lift_recovered.o
DAT_00345486	target-address-data	program-data	reserved:target-data.o	program-data	ps2/progress28_structural_lift_recovered.o
DAT_00345488	target-address-data	program-data	reserved:target-data.o	program-data	ps2/progress28_structural_lift_recovered.o
DAT_0034548a	target-address-data	program-data	reserved:target-data.o	program-data	ps2/progress28_structural_lift_recovered.o
DAT_0034548c	target-address-data	program-data	reserved:target-data.o	program-data	ps2/progress28_structural_lift_recovered.o
DAT_0034548e	target-address-data	program-data	reserved:target-data.o	program-data	ps2/progress28_structural_lift_recovered.o
DAT_00345490	target-address-data	program-data	reserved:target-data.o	program-data	ps2/progress28_structural_lift_recovered.o
DAT_00345491	target-address-data	program-data	reserved:target-data.o	program-data	ps2/progress28_structural_lift_recovered.o
DAT_00345492	target-address-data	program-data	reserved:target-data.o	program-data	ps2/progress28_structural_lift_recovered.o
DAT_00345493	target-address-data	program-data	reserved:target-data.o	program-data	ps2/progress28_structural_lift_recovered.o
DAT_00345498	target-address-data	program-data	reserved:target-data.o	program-data	ps2/progress28_structural_lift_recovered.o
DAT_0034549c	target-address-data	program-data	reserved:target-data.o	program-data	ps2/progress28_structural_lift_recovered.o
DAT_003454a0	target-address-data	program-data	reserved:target-data.o	program-data	ps2/progress28_structural_lift_recovered.o
DAT_003454a4	target-address-data	program-data	reserved:target-data.o	program-data	ps2/progress28_structural_lift_recovered.o
DAT_003454ac	target-address-data	program-data	reserved:target-data.o	program-data	ps2/progress28_structural_lift_recovered.o
DAT_003454b0	target-address-data	program-data	reserved:target-data.o	program-data	ps2/progress28_structural_lift_recovered.o
DAT_003454b4	target-address-data	program-data	reserved:target-data.o	program-data	ps2/progress28_structural_lift_recovered.o
DAT_003454b8	target-address-data	program-data	reserved:target-data.o	program-data	ps2/progress28_structural_lift_recovered.o
DAT_003454bc	target-address-data	program-data	reserved:target-data.o	program-data	ps2/progress28_structural_lift_recovered.o
DAT_003454c0	target-address-data	program-data	reserved:target-data.o	program-data	ps2/progress28_structural_lift_recovered.o
DAT_003454c1	target-address-data	program-data	reserved:target-data.o	program-data	ps2/progress28_structural_lift_recovered.o
DAT_003454c2	target-address-data	program-data	reserved:target-data.o	program-data	ps2/progress28_structural_lift_recovered.o
DAT_003454c8	target-address-data	program-data	reserved:target-data.o	program-data	ps2/progress28_structural_lift_recovered.o
DAT_003454cc	target-address-data	program-data	reserved:target-data.o	program-data	ps2/progress28_structural_lift_recovered.o
DAT_003454d0	target-address-data	program-data	reserved:target-data.o	program-data	ps2/progress28_structural_lift_recovered.o
DAT_003454d8	target-address-data	program-data	reserved:target-data.o	program-data	ps2/progress28_structural_lift_recovered.o
DAT_003454da	target-address-data	program-data	reserved:target-data.o	program-data	ps2/progress28_structural_lift_recovered.o
DAT_003454dc	target-address-data	program-data	reserved:target-data.o	program-data	ps2/progress28_structural_lift_recovered.o
DAT_003454dd	target-address-data	program-data	reserved:target-data.o	program-data	ps2/progress28_structural_lift_recovered.o
DAT_003454de	target-address-data	program-data	reserved:target-data.o	program-data	ps2/progress28_structural_lift_recovered.o
DAT_003454e0	target-address-data	program-data	reserved:target-data.o	program-data	ps2/progress28_structural_lift_recovered.o
DAT_003454e1	target-address-data	program-data	reserved:target-data.o	program-data	ps2/progress28_structural_lift_recovered.o
DAT_003454e2	target-address-data	program-data	reserved:target-data.o	program-data	ps2/progress28_structural_lift_recovered.o
DAT_003454e8	target-address-data	program-data	reserved:target-data.o	program-data	ps2/progress28_structural_lift_recovered.o
DAT_003454f0	target-address-data	program-data	reserved:target-data.o	program-data	ps2/progress28_structural_lift_recovered.o
DAT_003454f8	target-address-data	program-data	reserved:target-data.o	program-data	ps2/progress28_structural_lift_recovered.o
DAT_00345500	target-address-data	program-data	reserved:target-data.o	program-data	ps2/progress28_structural_lift_recovered.o
DAT_00345501	target-address-data	program-data	reserved:target-data.o	program-data	ps2/progress28_structural_lift_recovered.o
DAT_00345508	target-address-data	program-data	reserved:target-data.o	program-data	ps2/progress28_structural_lift_recovered.o
DAT_00345510	target-address-data	program-data	reserved:target-data.o	program-data	ps2/progress28_structural_lift_recovered.o
DAT_00345514	target-address-data	program-data	reserved:target-data.o	program-data	ps2/progress28_structural_lift_recovered.o
DAT_00345518	target-address-data	program-data	reserved:target-data.o	program-data	ps2/progress28_structural_lift_recovered.o
DAT_0034551c	target-address-data	program-data	reserved:target-data.o	program-data	ps2/progress28_structural_lift_recovered.o
DAT_00345520	target-address-data	program-data	reserved:target-data.o	program-data	ps2/progress28_structural_lift_recovered.o
DAT_00345528	target-address-data	program-data	reserved:target-data.o	program-data	ps2/progress28_structural_lift_recovered.o
DAT_00345530	target-address-data	program-data	reserved:target-data.o	program-data	ps2/progress28_structural_lift_recovered.o
DAT_00345531	target-address-data	program-data	reserved:target-data.o	program-data	ps2/progress28_structural_lift_recovered.o
DAT_00345532	target-address-data	program-data	reserved:target-data.o	program-data	ps2/progress28_structural_lift_recovered.o
DAT_00345533	target-address-data	program-data	reserved:target-data.o	program-data	ps2/progress28_structural_lift_recovered.o
DAT_00345534	target-address-data	program-data	reserved:target-data.o	program-data	ps2/progress28_structural_lift_recovered.o
DAT_00345538	target-address-data	program-data	reserved:target-data.o	program-data	ps2/progress28_structural_lift_recovered.o
DAT_0034553c	target-address-data	program-data	reserved:target-data.o	program-data	ps2/progress28_structural_lift_recovered.o
DAT_0034553d	target-address-data	program-data	reserved:target-data.o	program-data	ps2/progress28_structural_lift_recovered.o
DAT_0034553e	target-address-data	program-data	reserved:target-data.o	program-data	ps2/progress28_structural_lift_recovered.o
DAT_0034553f	target-address-data	program-data	reserved:target-data.o	program-data	ps2/progress28_structural_lift_recovered.o
DAT_00345540	target-address-data	program-data	reserved:target-data.o	program-data	ps2/progress28_structural_lift_recovered.o
DAT_00345541	target-address-data	program-data	reserved:target-data.o	program-data	ps2/progress28_structural_lift_recovered.o
DAT_00345542	target-address-data	program-data	reserved:target-data.o	program-data	ps2/progress28_structural_lift_recovered.o
DAT_00345543	target-address-data	program-data	reserved:target-data.o	program-data	ps2/progress28_structural_lift_recovered.o
DAT_00345544	target-address-data	program-data	reserved:target-data.o	program-data	ps2/progress28_structural_lift_recovered.o
DAT_00345545	target-address-data	program-data	reserved:target-data.o	program-data	ps2/progress28_structural_lift_recovered.o
DAT_00345546	target-address-data	program-data	reserved:target-data.o	program-data	ps2/progress28_structural_lift_recovered.o
DAT_00345547	target-address-data	program-data	reserved:target-data.o	program-data	ps2/progress28_structural_lift_recovered.o
DAT_00345548	target-address-data	program-data	reserved:target-data.o	program-data	ps2/progress28_structural_lift_recovered.o
DAT_0034554d	target-address-data	program-data	reserved:target-data.o	program-data	ps2/progress28_structural_lift_recovered.o
DAT_0034554e	target-address-data	program-data	reserved:target-data.o	program-data	ps2/progress28_structural_lift_recovered.o
DAT_00345550	target-address-data	program-data	reserved:target-data.o	program-data	ps2/progress28_structural_lift_recovered.o
DAT_00345559	target-address-data	program-data	reserved:target-data.o	program-data	ps2/progress28_structural_lift_recovered.o
DAT_0034555a	target-address-data	program-data	reserved:target-data.o	program-data	ps2/progress28_structural_lift_recovered.o
DAT_0034555b	target-address-data	program-data	reserved:target-data.o	program-data	ps2/progress28_structural_lift_recovered.o
DAT_0034555c	target-address-data	program-data	reserved:target-data.o	program-data	ps2/progress28_structural_lift_recovered.o
DAT_0034555d	target-address-data	program-data	reserved:target-data.o	program-data	ps2/progress28_structural_lift_recovered.o
DAT_00345560	target-address-data	program-data	reserved:target-data.o	program-data	ps2/progress28_structural_lift_recovered.o
DAT_00345561	target-address-data	program-data	reserved:target-data.o	program-data	ps2/progress28_structural_lift_recovered.o
DAT_00345563	target-address-data	program-data	reserved:target-data.o	program-data	ps2/progress28_structural_lift_recovered.o
DAT_00345564	target-address-data	program-data	reserved:target-data.o	program-data	ps2/progress28_structural_lift_recovered.o
DAT_00345565	target-address-data	program-data	reserved:target-data.o	program-data	ps2/progress28_structural_lift_recovered.o
DAT_00345566	target-address-data	program-data	reserved:target-data.o	program-data	ps2/progress28_structural_lift_recovered.o
DAT_00345567	target-address-data	program-data	reserved:target-data.o	program-data	ps2/progress28_structural_lift_recovered.o
DAT_00345568	target-address-data	program-data	reserved:target-data.o	program-data	ps2/progress28_structural_lift_recovered.o
DAT_00345569	target-address-data	program-data	reserved:target-data.o	program-data	ps2/progress28_structural_lift_recovered.o
DAT_0034556b	target-address-data	program-data	reserved:target-data.o	program-data	ps2/progress28_structural_lift_recovered.o
DAT_0034556c	target-address-data	program-data	reserved:target-data.o	program-data	ps2/progress28_structural_lift_recovered.o
DAT_0034556e	target-address-data	program-data	reserved:target-data.o	program-data	ps2/progress28_structural_lift_recovered.o
DAT_003455f8	target-address-data	program-data	reserved:target-data.o	program-data	ps2/progress28_structural_lift_recovered.o
DAT_003455fc	target-address-data	program-data	reserved:target-data.o	program-data	ps2/progress28_structural_lift_recovered.o
DAT_003455fd	target-address-data	program-data	reserved:target-data.o	program-data	ps2/progress28_structural_lift_recovered.o
DAT_00345608	target-address-data	program-data	reserved:target-data.o	program-data	ps2/progress28_structural_lift_recovered.o
DAT_00345609	target-address-data	program-data	reserved:target-data.o	program-data	ps2/progress28_structural_lift_recovered.o
DAT_0034560a	target-address-data	program-data	reserved:target-data.o	program-data	ps2/progress28_structural_lift_recovered.o
DAT_0034560b	target-address-data	program-data	reserved:target-data.o	program-data	ps2/progress28_structural_lift_recovered.o
DAT_0034560c	target-address-data	program-data	reserved:target-data.o	program-data	ps2/progress28_structural_lift_recovered.o
DAT_0034560d	target-address-data	program-data	reserved:target-data.o	program-data	ps2/progress28_structural_lift_recovered.o
DAT_0034560e	target-address-data	program-data	reserved:target-data.o	program-data	ps2/progress28_structural_lift_recovered.o
DAT_00345610	target-address-data	program-data	reserved:target-data.o	program-data	ps2/progress28_structural_lift_recovered.o
DAT_00345618	target-address-data	program-data	reserved:target-data.o	program-data	ps2/progress28_structural_lift_recovered.o
DAT_00345ae8	target-address-data	program-data	reserved:target-data.o	program-data	ps2/progress28_structural_lift_recovered.o
DAT_00345ae9	target-address-data	program-data	reserved:target-data.o	program-data	ps2/progress28_structural_lift_recovered.o
DAT_00345aea	target-address-data	program-data	reserved:target-data.o	program-data	ps2/progress28_structural_lift_recovered.o
DAT_00345aec	target-address-data	program-data	reserved:target-data.o	program-data	ps2/progress28_structural_lift_recovered.o
DAT_00345aee	target-address-data	program-data	reserved:target-data.o	program-data	ps2/progress28_structural_lift_recovered.o
DAT_00345af0	target-address-data	program-data	reserved:target-data.o	program-data	ps2/progress28_structural_lift_recovered.o
DAT_00345af2	target-address-data	program-data	reserved:target-data.o	program-data	ps2/progress28_structural_lift_recovered.o
DAT_00345af4	target-address-data	program-data	reserved:target-data.o	program-data	ps2/progress28_structural_lift_recovered.o
DAT_00345af6	target-address-data	program-data	reserved:target-data.o	program-data	ps2/progress28_structural_lift_recovered.o
DAT_00345af8	target-address-data	program-data	reserved:target-data.o	program-data	ps2/progress28_structural_lift_recovered.o
DAT_00345afc	target-address-data	program-data	reserved:target-data.o	program-data	ps2/progress28_structural_lift_recovered.o
DAT_00345afd	target-address-data	program-data	reserved:target-data.o	program-data	ps2/progress28_structural_lift_recovered.o
DAT_00345afe	target-address-data	program-data	reserved:target-data.o	program-data	ps2/progress28_structural_lift_recovered.o
DAT_00345aff	target-address-data	program-data	reserved:target-data.o	program-data	ps2/progress28_structural_lift_recovered.o
DAT_00345b0c	target-address-data	program-data	reserved:target-data.o	program-data	ps2/progress28_structural_lift_recovered.o
DAT_00345b10	target-address-data	program-data	reserved:target-data.o	program-data	ps2/progress28_structural_lift_recovered.o
DAT_00345b12	target-address-data	program-data	reserved:target-data.o	program-data	ps2/progress28_structural_lift_recovered.o
DAT_00345b14	target-address-data	program-data	reserved:target-data.o	program-data	ps2/progress28_structural_lift_recovered.o
DAT_00345b18	target-address-data	program-data	reserved:target-data.o	program-data	ps2/progress28_structural_lift_recovered.o
DAT_00345b1c	target-address-data	program-data	reserved:target-data.o	program-data	ps2/progress28_structural_lift_recovered.o
DAT_00345b20	target-address-data	program-data	reserved:target-data.o	program-data	ps2/progress28_structural_lift_recovered.o
DAT_00345b28	target-address-data	program-data	reserved:target-data.o	program-data	ps2/progress28_structural_lift_recovered.o
DAT_00345b30	target-address-data	program-data	reserved:target-data.o	program-data	ps2/progress28_structural_lift_recovered.o
DAT_00345b34	target-address-data	program-data	reserved:target-data.o	program-data	ps2/progress28_structural_lift_recovered.o
DAT_00345b38	target-address-data	program-data	reserved:target-data.o	program-data	ps2/progress28_structural_lift_recovered.o
DAT_00345b3c	target-address-data	program-data	reserved:target-data.o	program-data	ps2/progress28_structural_lift_recovered.o
DAT_00345b44	target-address-data	program-data	reserved:target-data.o	program-data	ps2/progress28_structural_lift_recovered.o
DAT_00345b50	target-address-data	program-data	reserved:target-data.o	program-data	ps2/progress28_structural_lift_recovered.o
DAT_00345b54	target-address-data	program-data	reserved:target-data.o	program-data	ps2/progress28_structural_lift_recovered.o
DAT_00345b58	target-address-data	program-data	reserved:target-data.o	program-data	ps2/progress28_structural_lift_recovered.o
DAT_00345b5c	target-address-data	program-data	reserved:target-data.o	program-data	ps2/progress28_structural_lift_recovered.o
DAT_00345b6c	target-address-data	program-data	reserved:target-data.o	program-data	ps2/progress28_structural_lift_recovered.o
DAT_00345b74	target-address-data	program-data	reserved:target-data.o	program-data	ps2/progress28_structural_lift_recovered.o
DAT_00345b98	target-address-data	program-data	reserved:target-data.o	program-data	ps2/progress28_structural_lift_recovered.o
DAT_00345eec	target-address-data	program-data	reserved:target-data.o	program-data	ps2/progress28_structural_lift_recovered.o
DAT_00347338	target-address-data	program-data	reserved:target-data.o	program-data	ps2/progress28_structural_lift_recovered.o
DAT_00347b38	target-address-data	program-data	reserved:target-data.o	program-data	ps2/progress28_structural_lift_recovered.o
DAT_00347b3c	target-address-data	program-data	reserved:target-data.o	program-data	ps2/progress28_structural_lift_recovered.o
DAT_00347b50	target-address-data	program-data	reserved:target-data.o	program-data	ps2/progress28_structural_lift_recovered.o
DAT_00347b54	target-address-data	program-data	reserved:target-data.o	program-data	ps2/progress28_structural_lift_recovered.o
DAT_00347b58	target-address-data	program-data	reserved:target-data.o	program-data	ps2/progress28_structural_lift_recovered.o
DAT_00348b48	target-address-data	program-data	reserved:target-data.o	program-data	ps2/progress28_structural_lift_recovered.o
DAT_00348b58	target-address-data	program-data	reserved:target-data.o	program-data	ps2/progress28_structural_lift_recovered.o
DAT_00348b74	target-address-data	program-data	reserved:target-data.o	program-data	ps2/progress28_structural_lift_recovered.o
DAT_00348b78	target-address-data	program-data	reserved:target-data.o	program-data	ps2/progress28_structural_lift_recovered.o
DAT_00348bb4	target-address-data	program-data	reserved:target-data.o	program-data	ps2/progress28_structural_lift_recovered.o
DAT_00348bcc	target-address-data	program-data	reserved:target-data.o	program-data	ps2/progress28_structural_lift_recovered.o
DAT_00349b38	target-address-data	program-data	reserved:target-data.o	program-data	ps2/progress28_structural_lift_recovered.o
DAT_00349b3c	target-address-data	program-data	reserved:target-data.o	program-data	ps2/progress28_structural_lift_recovered.o
DAT_00349b50	target-address-data	program-data	reserved:target-data.o	program-data	ps2/progress28_structural_lift_recovered.o
DAT_00349b54	target-address-data	program-data	reserved:target-data.o	program-data	ps2/progress28_structural_lift_recovered.o
DAT_0034b338	target-address-data	program-data	reserved:target-data.o	program-data	ps2/progress28_structural_lift_recovered.o
DAT_0034bb38	target-address-data	program-data	reserved:target-data.o	program-data	ps2/progress28_structural_lift_recovered.o
DAT_0034bb3c	target-address-data	program-data	reserved:target-data.o	program-data	ps2/progress28_structural_lift_recovered.o
DAT_0034bb50	target-address-data	program-data	reserved:target-data.o	program-data	ps2/progress28_structural_lift_recovered.o
DAT_0034bb54	target-address-data	program-data	reserved:target-data.o	program-data	ps2/progress28_structural_lift_recovered.o
DAT_0034db38	target-address-data	program-data	reserved:target-data.o	program-data	ps2/progress28_structural_lift_recovered.o
DAT_0034db3a	target-address-data	program-data	reserved:target-data.o	program-data	ps2/progress28_structural_lift_recovered.o
DAT_0034db3c	target-address-data	program-data	reserved:target-data.o	program-data	ps2/progress28_structural_lift_recovered.o
DAT_0034db40	target-address-data	program-data	reserved:target-data.o	program-data	ps2/progress28_structural_lift_recovered.o
DAT_0034db48	target-address-data	program-data	reserved:target-data.o	program-data	ps2/progress28_structural_lift_recovered.o
DAT_0034db49	target-address-data	program-data	reserved:target-data.o	program-data	ps2/progress28_structural_lift_recovered.o
DAT_0034db4a	target-address-data	program-data	reserved:target-data.o	program-data	ps2/progress28_structural_lift_recovered.o
DAT_0034db4b	target-address-data	program-data	reserved:target-data.o	program-data	ps2/progress28_structural_lift_recovered.o
DAT_0034db50	target-address-data	program-data	reserved:target-data.o	program-data	ps2/progress28_structural_lift_recovered.o
DAT_0034db52	target-address-data	program-data	reserved:target-data.o	program-data	ps2/progress28_structural_lift_recovered.o
DAT_0034db54	target-address-data	program-data	reserved:target-data.o	program-data	ps2/progress28_structural_lift_recovered.o
DAT_0034db56	target-address-data	program-data	reserved:target-data.o	program-data	ps2/progress28_structural_lift_recovered.o
DAT_0034db58	target-address-data	program-data	reserved:target-data.o	program-data	ps2/progress28_structural_lift_recovered.o
DAT_0034db5c	target-address-data	program-data	reserved:target-data.o	program-data	ps2/progress28_structural_lift_recovered.o
DAT_0034db60	target-address-data	program-data	reserved:target-data.o	program-data	ps2/progress28_structural_lift_recovered.o
DAT_0034db64	target-address-data	program-data	reserved:target-data.o	program-data	ps2/progress28_structural_lift_recovered.o
DAT_0034db68	target-address-data	program-data	reserved:target-data.o	program-data	ps2/progress28_structural_lift_recovered.o
DAT_0034db6c	target-address-data	program-data	reserved:target-data.o	program-data	ps2/progress28_structural_lift_recovered.o
DAT_0034db70	target-address-data	program-data	reserved:target-data.o	program-data	ps2/progress28_structural_lift_recovered.o
DAT_0034db74	target-address-data	program-data	reserved:target-data.o	program-data	ps2/progress28_structural_lift_recovered.o
DAT_0034db78	target-address-data	program-data	reserved:target-data.o	program-data	ps2/progress28_structural_lift_recovered.o
DAT_0034db7c	target-address-data	program-data	reserved:target-data.o	program-data	ps2/progress28_structural_lift_recovered.o
DAT_0034db80	target-address-data	program-data	reserved:target-data.o	program-data	ps2/progress28_structural_lift_recovered.o
DAT_0034db84	target-address-data	program-data	reserved:target-data.o	program-data	ps2/progress28_structural_lift_recovered.o
DAT_0034db88	target-address-data	program-data	reserved:target-data.o	program-data	ps2/progress28_structural_lift_recovered.o
DAT_0034db8a	target-address-data	program-data	reserved:target-data.o	program-data	ps2/progress28_structural_lift_recovered.o
DAT_0034db8c	target-address-data	program-data	reserved:target-data.o	program-data	ps2/progress28_structural_lift_recovered.o
DAT_0034db90	target-address-data	program-data	reserved:target-data.o	program-data	ps2/progress28_structural_lift_recovered.o
DAT_0034db94	target-address-data	program-data	reserved:target-data.o	program-data	ps2/progress28_structural_lift_recovered.o
DAT_0034db98	target-address-data	program-data	reserved:target-data.o	program-data	ps2/progress28_structural_lift_recovered.o
DAT_0034db9c	target-address-data	program-data	reserved:target-data.o	program-data	ps2/progress28_structural_lift_recovered.o
DAT_0034dba0	target-address-data	program-data	reserved:target-data.o	program-data	ps2/progress28_structural_lift_recovered.o
DAT_0034dba2	target-address-data	program-data	reserved:target-data.o	program-data	ps2/progress28_structural_lift_recovered.o
DAT_0034dba4	target-address-data	program-data	reserved:target-data.o	program-data	ps2/progress28_structural_lift_recovered.o
DAT_0034dba8	target-address-data	program-data	reserved:target-data.o	program-data	ps2/progress28_structural_lift_recovered.o
DAT_0034dbb0	target-address-data	program-data	reserved:target-data.o	program-data	ps2/progress28_structural_lift_recovered.o
DAT_0034dbb8	target-address-data	program-data	reserved:target-data.o	program-data	ps2/progress28_structural_lift_recovered.o
DAT_0034dbc0	target-address-data	program-data	reserved:target-data.o	program-data	ps2/progress28_structural_lift_recovered.o
DAT_0034dbc8	target-address-data	program-data	reserved:target-data.o	program-data	ps2/progress28_structural_lift_recovered.o
DAT_0034dbd0	target-address-data	program-data	reserved:target-data.o	program-data	ps2/progress28_structural_lift_recovered.o
DAT_0034dbd8	target-address-data	program-data	reserved:target-data.o	program-data	ps2/progress28_structural_lift_recovered.o
DAT_0034dbe0	target-address-data	program-data	reserved:target-data.o	program-data	ps2/progress28_structural_lift_recovered.o
DAT_0034dbe8	target-address-data	program-data	reserved:target-data.o	program-data	ps2/progress28_structural_lift_recovered.o
DAT_0034dbea	target-address-data	program-data	reserved:target-data.o	program-data	ps2/progress28_structural_lift_recovered.o
DAT_0034dc0a	target-address-data	program-data	reserved:target-data.o	program-data	ps2/progress28_structural_lift_recovered.o
DAT_0034dc0c	target-address-data	program-data	reserved:target-data.o	program-data	ps2/progress28_structural_lift_recovered.o
DAT_0034dc10	target-address-data	program-data	reserved:target-data.o	program-data	ps2/progress28_structural_lift_recovered.o
DAT_0034dc14	target-address-data	program-data	reserved:target-data.o	program-data	ps2/progress28_structural_lift_recovered.o
DAT_0034dc16	target-address-data	program-data	reserved:target-data.o	program-data	ps2/progress28_structural_lift_recovered.o
DAT_0034dc17	target-address-data	program-data	reserved:target-data.o	program-data	ps2/progress28_structural_lift_recovered.o
DAT_0034dc18	target-address-data	program-data	reserved:target-data.o	program-data	ps2/progress28_structural_lift_recovered.o
DAT_0034dc1c	target-address-data	program-data	reserved:target-data.o	program-data	ps2/progress28_structural_lift_recovered.o
DAT_0034dc20	target-address-data	program-data	reserved:target-data.o	program-data	ps2/progress28_structural_lift_recovered.o
DAT_0034dc24	target-address-data	program-data	reserved:target-data.o	program-data	ps2/progress28_structural_lift_recovered.o
DAT_0034dc28	target-address-data	program-data	reserved:target-data.o	program-data	ps2/progress28_structural_lift_recovered.o
DAT_0034dc2c	target-address-data	program-data	reserved:target-data.o	program-data	ps2/progress28_structural_lift_recovered.o
DAT_0034dc30	target-address-data	program-data	reserved:target-data.o	program-data	ps2/progress28_structural_lift_recovered.o
DAT_0034dc34	target-address-data	program-data	reserved:target-data.o	program-data	ps2/progress28_structural_lift_recovered.o
DAT_0034dc38	target-address-data	program-data	reserved:target-data.o	program-data	ps2/progress28_structural_lift_recovered.o
DAT_0034e280	target-address-data	program-data	reserved:target-data.o	program-data	ps2/progress28_structural_lift_recovered.o
DAT_0034e284	target-address-data	program-data	reserved:target-data.o	program-data	ps2/progress28_structural_lift_recovered.o
DAT_0034e288	target-address-data	program-data	reserved:target-data.o	program-data	ps2/progress28_structural_lift_recovered.o
DAT_0034e28c	target-address-data	program-data	reserved:target-data.o	program-data	ps2/progress28_structural_lift_recovered.o
DAT_0034e290	target-address-data	program-data	reserved:target-data.o	program-data	ps2/progress28_structural_lift_recovered.o
DAT_0034e294	target-address-data	program-data	reserved:target-data.o	program-data	ps2/progress28_structural_lift_recovered.o
DAT_0034e298	target-address-data	program-data	reserved:target-data.o	program-data	ps2/progress28_structural_lift_recovered.o
DAT_0034e29c	target-address-data	program-data	reserved:target-data.o	program-data	ps2/progress28_structural_lift_recovered.o
DAT_0034e2a8	target-address-data	program-data	reserved:target-data.o	program-data	ps2/progress28_structural_lift_recovered.o
DAT_0034e2b0	target-address-data	program-data	reserved:target-data.o	program-data	ps2/progress28_structural_lift_recovered.o
DAT_0034e2b4	target-address-data	program-data	reserved:target-data.o	program-data	ps2/progress28_structural_lift_recovered.o
DAT_0034e2b8	target-address-data	program-data	reserved:target-data.o	program-data	ps2/progress28_structural_lift_recovered.o
DAT_0034e2bc	target-address-data	program-data	reserved:target-data.o	program-data	ps2/progress28_structural_lift_recovered.o
DAT_0034e2c0	target-address-data	program-data	reserved:target-data.o	program-data	ps2/progress28_structural_lift_recovered.o
DAT_0034e2c4	target-address-data	program-data	reserved:target-data.o	program-data	ps2/progress28_structural_lift_recovered.o
DAT_0034e2c8	target-address-data	program-data	reserved:target-data.o	program-data	ps2/progress28_structural_lift_recovered.o
DAT_0034e2cc	target-address-data	program-data	reserved:target-data.o	program-data	ps2/progress28_structural_lift_recovered.o
DAT_0034e2cd	target-address-data	program-data	reserved:target-data.o	program-data	ps2/progress28_structural_lift_recovered.o
DAT_0034e2d4	target-address-data	program-data	reserved:target-data.o	program-data	ps2/progress28_structural_lift_recovered.o
DAT_003592fc	target-address-data	program-data	reserved:target-data.o	program-data	ps2/progress28_structural_lift_recovered.o
DAT_00359304	target-address-data	program-data	reserved:target-data.o	program-data	ps2/progress28_structural_lift_recovered.o
DAT_00359308	target-address-data	program-data	reserved:target-data.o	program-data	ps2/progress28_structural_lift_recovered.o
DAT_00359314	target-address-data	program-data	reserved:target-data.o	program-data	ps2/progress28_structural_lift_recovered.o
DAT_00359318	target-address-data	program-data	reserved:target-data.o	program-data	ps2/progress28_structural_lift_recovered.o
DAT_0035931c	target-address-data	program-data	reserved:target-data.o	program-data	ps2/progress28_structural_lift_recovered.o
DAT_00359324	target-address-data	program-data	reserved:target-data.o	program-data	ps2/progress28_structural_lift_recovered.o
DAT_00359328	target-address-data	program-data	reserved:target-data.o	program-data	ps2/progress28_structural_lift_recovered.o
DAT_0035b738	target-address-data	program-data	reserved:target-data.o	program-data	ps2/progress28_structural_lift_recovered.o
DAT_0035b739	target-address-data	program-data	reserved:target-data.o	program-data	ps2/progress28_structural_lift_recovered.o
DAT_0035b73a	target-address-data	program-data	reserved:target-data.o	program-data	ps2/progress28_structural_lift_recovered.o
DAT_0035b73b	target-address-data	program-data	reserved:target-data.o	program-data	ps2/progress28_structural_lift_recovered.o
DAT_0035b73c	target-address-data	program-data	reserved:target-data.o	program-data	ps2/progress28_structural_lift_recovered.o
DAT_0035b73d	target-address-data	program-data	reserved:target-data.o	program-data	ps2/progress28_structural_lift_recovered.o
DAT_0035b73e	target-address-data	program-data	reserved:target-data.o	program-data	ps2/progress28_structural_lift_recovered.o
DAT_0035b73f	target-address-data	program-data	reserved:target-data.o	program-data	ps2/progress28_structural_lift_recovered.o
DAT_0035b740	target-address-data	program-data	reserved:target-data.o	program-data	ps2/progress28_structural_lift_recovered.o
DAT_0035b741	target-address-data	program-data	reserved:target-data.o	program-data	ps2/progress28_structural_lift_recovered.o
DAT_0035b742	target-address-data	program-data	reserved:target-data.o	program-data	ps2/progress28_structural_lift_recovered.o
DAT_0035b743	target-address-data	program-data	reserved:target-data.o	program-data	ps2/progress28_structural_lift_recovered.o
DAT_0035b744	target-address-data	program-data	reserved:target-data.o	program-data	ps2/progress28_structural_lift_recovered.o
DAT_0035b745	target-address-data	program-data	reserved:target-data.o	program-data	ps2/progress28_structural_lift_recovered.o
DAT_0035b746	target-address-data	program-data	reserved:target-data.o	program-data	ps2/progress28_structural_lift_recovered.o
DAT_0035b747	target-address-data	program-data	reserved:target-data.o	program-data	ps2/progress28_structural_lift_recovered.o
DAT_0035b748	target-address-data	program-data	reserved:target-data.o	program-data	ps2/progress28_structural_lift_recovered.o
DAT_0035b74c	target-address-data	program-data	reserved:target-data.o	program-data	ps2/progress28_structural_lift_recovered.o
DAT_0035b750	target-address-data	program-data	reserved:target-data.o	program-data	ps2/progress28_structural_lift_recovered.o
DAT_0035b752	target-address-data	program-data	reserved:target-data.o	program-data	ps2/progress28_structural_lift_recovered.o
DAT_0035b75a	target-address-data	program-data	reserved:target-data.o	program-data	ps2/progress28_structural_lift_recovered.o
DAT_0035b760	target-address-data	program-data	reserved:target-data.o	program-data	ps2/progress28_structural_lift_recovered.o
DAT_0035b768	target-address-data	program-data	reserved:target-data.o	program-data	ps2/progress28_structural_lift_recovered.o
DAT_0035b780	target-address-data	program-data	reserved:target-data.o	program-data	ps2/progress28_structural_lift_recovered.o
DAT_0035b788	target-address-data	program-data	reserved:target-data.o	program-data	ps2/progress28_structural_lift_recovered.o
DAT_0035b789	target-address-data	program-data	reserved:target-data.o	program-data	ps2/progress28_structural_lift_recovered.o
DAT_0035b78a	target-address-data	program-data	reserved:target-data.o	program-data	ps2/progress28_structural_lift_recovered.o
DAT_0035b78c	target-address-data	program-data	reserved:target-data.o	program-data	ps2/progress28_structural_lift_recovered.o
DAT_0035b78d	target-address-data	program-data	reserved:target-data.o	program-data	ps2/progress28_structural_lift_recovered.o
DAT_0035b78e	target-address-data	program-data	reserved:target-data.o	program-data	ps2/progress28_structural_lift_recovered.o
DAT_0035b790	target-address-data	program-data	reserved:target-data.o	program-data	ps2/progress28_structural_lift_recovered.o
DAT_0035b792	target-address-data	program-data	reserved:target-data.o	program-data	ps2/progress28_structural_lift_recovered.o
DAT_0035b794	target-address-data	program-data	reserved:target-data.o	program-data	ps2/progress28_structural_lift_recovered.o
DAT_0035b796	target-address-data	program-data	reserved:target-data.o	program-data	ps2/progress28_structural_lift_recovered.o
DAT_0035b798	target-address-data	program-data	reserved:target-data.o	program-data	ps2/progress28_structural_lift_recovered.o
DAT_0035b79a	target-address-data	program-data	reserved:target-data.o	program-data	ps2/progress28_structural_lift_recovered.o
DAT_0035b79c	target-address-data	program-data	reserved:target-data.o	program-data	ps2/progress28_structural_lift_recovered.o
DAT_0035b79e	target-address-data	program-data	reserved:target-data.o	program-data	ps2/progress28_structural_lift_recovered.o
DAT_0035b7a0	target-address-data	program-data	reserved:target-data.o	program-data	ps2/progress28_structural_lift_recovered.o
DAT_0035b7a2	target-address-data	program-data	reserved:target-data.o	program-data	ps2/progress28_structural_lift_recovered.o
DAT_0035b7a4	target-address-data	program-data	reserved:target-data.o	program-data	ps2/progress28_structural_lift_recovered.o
DAT_0035b7a6	target-address-data	program-data	reserved:target-data.o	program-data	ps2/progress28_structural_lift_recovered.o
DAT_0035b7a8	target-address-data	program-data	reserved:target-data.o	program-data	ps2/progress28_structural_lift_recovered.o
DAT_0035b7aa	target-address-data	program-data	reserved:target-data.o	program-data	ps2/progress28_structural_lift_recovered.o
DAT_0035b7ac	target-address-data	program-data	reserved:target-data.o	program-data	ps2/progress28_structural_lift_recovered.o
DAT_0035b7ae	target-address-data	program-data	reserved:target-data.o	program-data	ps2/progress28_structural_lift_recovered.o
DAT_0035b7b0	target-address-data	program-data	reserved:target-data.o	program-data	ps2/progress28_structural_lift_recovered.o
DAT_0035b7b2	target-address-data	program-data	reserved:target-data.o	program-data	ps2/progress28_structural_lift_recovered.o
DAT_0035b7b4	target-address-data	program-data	reserved:target-data.o	program-data	ps2/progress28_structural_lift_recovered.o
DAT_0035b7b6	target-address-data	program-data	reserved:target-data.o	program-data	ps2/progress28_structural_lift_recovered.o
DAT_0035b7b8	target-address-data	program-data	reserved:target-data.o	program-data	ps2/progress28_structural_lift_recovered.o
DAT_0035b7ba	target-address-data	program-data	reserved:target-data.o	program-data	ps2/progress28_structural_lift_recovered.o
DAT_0035b7bc	target-address-data	program-data	reserved:target-data.o	program-data	ps2/progress28_structural_lift_recovered.o
DAT_0035b7be	target-address-data	program-data	reserved:target-data.o	program-data	ps2/progress28_structural_lift_recovered.o
DAT_0035b7c0	target-address-data	program-data	reserved:target-data.o	program-data	ps2/progress28_structural_lift_recovered.o
DAT_0035b7c2	target-address-data	program-data	reserved:target-data.o	program-data	ps2/progress28_structural_lift_recovered.o
DAT_0035b7c4	target-address-data	program-data	reserved:target-data.o	program-data	ps2/progress28_structural_lift_recovered.o
DAT_0035b7c6	target-address-data	program-data	reserved:target-data.o	program-data	ps2/progress28_structural_lift_recovered.o
DAT_0035b7c8	target-address-data	program-data	reserved:target-data.o	program-data	ps2/progress28_structural_lift_recovered.o
DAT_0035b9c8	target-address-data	program-data	reserved:target-data.o	program-data	ps2/progress28_structural_lift_recovered.o
DAT_0035b9c9	target-address-data	program-data	reserved:target-data.o	program-data	ps2/progress28_structural_lift_recovered.o
DAT_0035b9ca	target-address-data	program-data	reserved:target-data.o	program-data	ps2/progress28_structural_lift_recovered.o
DAT_0035b9cc	target-address-data	program-data	reserved:target-data.o	program-data	ps2/progress28_structural_lift_recovered.o
DAT_0035b9ce	target-address-data	program-data	reserved:target-data.o	program-data	ps2/progress28_structural_lift_recovered.o
DAT_0035b9d0	target-address-data	program-data	reserved:target-data.o	program-data	ps2/progress28_structural_lift_recovered.o
DAT_0035b9d1	target-address-data	program-data	reserved:target-data.o	program-data	ps2/progress28_structural_lift_recovered.o
DAT_0035b9d2	target-address-data	program-data	reserved:target-data.o	program-data	ps2/progress28_structural_lift_recovered.o
DAT_0035b9d3	target-address-data	program-data	reserved:target-data.o	program-data	ps2/progress28_structural_lift_recovered.o
DAT_0035b9d4	target-address-data	program-data	reserved:target-data.o	program-data	ps2/progress28_structural_lift_recovered.o
DAT_0035b9d6	target-address-data	program-data	reserved:target-data.o	program-data	ps2/progress28_structural_lift_recovered.o
DAT_0035b9e0	target-address-data	program-data	reserved:target-data.o	program-data	ps2/progress28_structural_lift_recovered.o
DAT_0035b9e2	target-address-data	program-data	reserved:target-data.o	program-data	ps2/progress28_structural_lift_recovered.o
DAT_0035b9ec	target-address-data	program-data	reserved:target-data.o	program-data	ps2/progress28_structural_lift_recovered.o
DAT_0035b9ee	target-address-data	program-data	reserved:target-data.o	program-data	ps2/progress28_structural_lift_recovered.o
DAT_0035b9f8	target-address-data	program-data	reserved:target-data.o	program-data	ps2/progress28_structural_lift_recovered.o
DAT_0035bfca	target-address-data	program-data	reserved:target-data.o	program-data	ps2/progress28_structural_lift_recovered.o
DAT_0035bfcc	target-address-data	program-data	reserved:target-data.o	program-data	ps2/progress28_structural_lift_recovered.o
DAT_0035bfce	target-address-data	program-data	reserved:target-data.o	program-data	ps2/progress28_structural_lift_recovered.o
DAT_0035bfcf	target-address-data	program-data	reserved:target-data.o	program-data	ps2/progress28_structural_lift_recovered.o
DAT_0035bfd0	target-address-data	program-data	reserved:target-data.o	program-data	ps2/progress28_structural_lift_recovered.o
DAT_0035bfd2	target-address-data	program-data	reserved:target-data.o	program-data	ps2/progress28_structural_lift_recovered.o
DAT_0035bfd4	target-address-data	program-data	reserved:target-data.o	program-data	ps2/progress28_structural_lift_recovered.o
DAT_0035bfd6	target-address-data	program-data	reserved:target-data.o	program-data	ps2/progress28_structural_lift_recovered.o
DAT_0035bfd8	target-address-data	program-data	reserved:target-data.o	program-data	ps2/progress28_structural_lift_recovered.o
DAT_0035bfda	target-address-data	program-data	reserved:target-data.o	program-data	ps2/progress28_structural_lift_recovered.o
DAT_0035bfdb	target-address-data	program-data	reserved:target-data.o	program-data	ps2/progress28_structural_lift_recovered.o
DAT_0035bfdc	target-address-data	program-data	reserved:target-data.o	program-data	ps2/progress28_structural_lift_recovered.o
DAT_0035bfde	target-address-data	program-data	reserved:target-data.o	program-data	ps2/progress28_structural_lift_recovered.o
DAT_0035bfe0	target-address-data	program-data	reserved:target-data.o	program-data	ps2/progress28_structural_lift_recovered.o
DAT_0035bfe2	target-address-data	program-data	reserved:target-data.o	program-data	ps2/progress28_structural_lift_recovered.o
DAT_0035bfe4	target-address-data	program-data	reserved:target-data.o	program-data	ps2/progress28_structural_lift_recovered.o
DAT_0035bfe6	target-address-data	program-data	reserved:target-data.o	program-data	ps2/progress28_structural_lift_recovered.o
DAT_0035bfe8	target-address-data	program-data	reserved:target-data.o	program-data	ps2/progress28_structural_lift_recovered.o
DAT_0035bfea	target-address-data	program-data	reserved:target-data.o	program-data	ps2/progress28_structural_lift_recovered.o
DAT_0035bfeb	target-address-data	program-data	reserved:target-data.o	program-data	ps2/progress28_structural_lift_recovered.o
DAT_0035bfec	target-address-data	program-data	reserved:target-data.o	program-data	ps2/progress28_structural_lift_recovered.o
DAT_0035bfed	target-address-data	program-data	reserved:target-data.o	program-data	ps2/progress28_structural_lift_recovered.o
DAT_0035bfee	target-address-data	program-data	reserved:target-data.o	program-data	ps2/progress28_structural_lift_recovered.o
DAT_0035bfef	target-address-data	program-data	reserved:target-data.o	program-data	ps2/progress28_structural_lift_recovered.o
DAT_0035bff0	target-address-data	program-data	reserved:target-data.o	program-data	ps2/progress28_structural_lift_recovered.o
DAT_0035bff2	target-address-data	program-data	reserved:target-data.o	program-data	ps2/progress28_structural_lift_recovered.o
DAT_0035bff4	target-address-data	program-data	reserved:target-data.o	program-data	ps2/progress28_structural_lift_recovered.o
DAT_0035bff8	target-address-data	program-data	reserved:target-data.o	program-data	ps2/progress28_structural_lift_recovered.o
DAT_0035bff9	target-address-data	program-data	reserved:target-data.o	program-data	ps2/progress28_structural_lift_recovered.o
DAT_0035bffa	target-address-data	program-data	reserved:target-data.o	program-data	ps2/progress28_structural_lift_recovered.o
DAT_0035bffb	target-address-data	program-data	reserved:target-data.o	program-data	ps2/progress28_structural_lift_recovered.o
DAT_0035bffc	target-address-data	program-data	reserved:target-data.o	program-data	ps2/progress28_structural_lift_recovered.o
DAT_0035bffe	target-address-data	program-data	reserved:target-data.o	program-data	ps2/progress28_structural_lift_recovered.o
DAT_0035c000	target-address-data	program-data	reserved:target-data.o	program-data	ps2/progress28_structural_lift_recovered.o
DAT_0035c001	target-address-data	program-data	reserved:target-data.o	program-data	ps2/progress28_structural_lift_recovered.o
DAT_0035c002	target-address-data	program-data	reserved:target-data.o	program-data	ps2/progress28_structural_lift_recovered.o
DAT_0035c003	target-address-data	program-data	reserved:target-data.o	program-data	ps2/progress28_structural_lift_recovered.o
DAT_0035c222	target-address-data	program-data	reserved:target-data.o	program-data	ps2/progress28_structural_lift_recovered.o
DAT_0035c223	target-address-data	program-data	reserved:target-data.o	program-data	ps2/progress28_structural_lift_recovered.o
DAT_0035c224	target-address-data	program-data	reserved:target-data.o	program-data	ps2/progress28_structural_lift_recovered.o
DAT_0035c226	target-address-data	program-data	reserved:target-data.o	program-data	ps2/progress28_structural_lift_recovered.o
DAT_0035c227	target-address-data	program-data	reserved:target-data.o	program-data	ps2/progress28_structural_lift_recovered.o
DAT_0035c228	target-address-data	program-data	reserved:target-data.o	program-data	ps2/progress28_structural_lift_recovered.o
DAT_0035c229	target-address-data	program-data	reserved:target-data.o	program-data	ps2/progress28_structural_lift_recovered.o
DAT_0035c22a	target-address-data	program-data	reserved:target-data.o	program-data	ps2/progress28_structural_lift_recovered.o
DAT_0035c22b	target-address-data	program-data	reserved:target-data.o	program-data	ps2/progress28_structural_lift_recovered.o
DAT_0035c22c	target-address-data	program-data	reserved:target-data.o	program-data	ps2/progress28_structural_lift_recovered.o
DAT_0035c22d	target-address-data	program-data	reserved:target-data.o	program-data	ps2/progress28_structural_lift_recovered.o
DAT_0035c22e	target-address-data	program-data	reserved:target-data.o	program-data	ps2/progress28_structural_lift_recovered.o
DAT_0035c22f	target-address-data	program-data	reserved:target-data.o	program-data	ps2/progress28_structural_lift_recovered.o
DAT_0035c230	target-address-data	program-data	reserved:target-data.o	program-data	ps2/progress28_structural_lift_recovered.o
DAT_0035c231	target-address-data	program-data	reserved:target-data.o	program-data	ps2/progress28_structural_lift_recovered.o
DAT_0035c232	target-address-data	program-data	reserved:target-data.o	program-data	ps2/progress28_structural_lift_recovered.o
DAT_0035c236	target-address-data	program-data	reserved:target-data.o	program-data	ps2/progress28_structural_lift_recovered.o
DAT_0035c237	target-address-data	program-data	reserved:target-data.o	program-data	ps2/progress28_structural_lift_recovered.o
DAT_0035c238	target-address-data	program-data	reserved:target-data.o	program-data	ps2/progress28_structural_lift_recovered.o
DAT_0035c239	target-address-data	program-data	reserved:target-data.o	program-data	ps2/progress28_structural_lift_recovered.o
DAT_0035c23a	target-address-data	program-data	reserved:target-data.o	program-data	ps2/progress28_structural_lift_recovered.o
DAT_0035c23b	target-address-data	program-data	reserved:target-data.o	program-data	ps2/progress28_structural_lift_recovered.o
DAT_0035c23c	target-address-data	program-data	reserved:target-data.o	program-data	ps2/progress28_structural_lift_recovered.o
DAT_0035c23d	target-address-data	program-data	reserved:target-data.o	program-data	ps2/progress28_structural_lift_recovered.o
DAT_0035c23e	target-address-data	program-data	reserved:target-data.o	program-data	ps2/progress28_structural_lift_recovered.o
DAT_0035c23f	target-address-data	program-data	reserved:target-data.o	program-data	ps2/progress28_structural_lift_recovered.o
DAT_0035c240	target-address-data	program-data	reserved:target-data.o	program-data	ps2/progress28_structural_lift_recovered.o
DAT_0035c241	target-address-data	program-data	reserved:target-data.o	program-data	ps2/progress28_structural_lift_recovered.o
DAT_0035c242	target-address-data	program-data	reserved:target-data.o	program-data	ps2/progress28_structural_lift_recovered.o
DAT_0035c243	target-address-data	program-data	reserved:target-data.o	program-data	ps2/progress28_structural_lift_recovered.o
DAT_0035c244	target-address-data	program-data	reserved:target-data.o	program-data	ps2/progress28_structural_lift_recovered.o
DAT_0035c245	target-address-data	program-data	reserved:target-data.o	program-data	ps2/progress28_structural_lift_recovered.o
DAT_0035c246	target-address-data	program-data	reserved:target-data.o	program-data	ps2/progress28_structural_lift_recovered.o
DAT_0035c247	target-address-data	program-data	reserved:target-data.o	program-data	ps2/progress28_structural_lift_recovered.o
DAT_0035c248	target-address-data	program-data	reserved:target-data.o	program-data	ps2/progress28_structural_lift_recovered.o
DAT_0035c249	target-address-data	program-data	reserved:target-data.o	program-data	ps2/progress28_structural_lift_recovered.o
DAT_0035c24a	target-address-data	program-data	reserved:target-data.o	program-data	ps2/progress28_structural_lift_recovered.o
DAT_0035c24b	target-address-data	program-data	reserved:target-data.o	program-data	ps2/progress28_structural_lift_recovered.o
DAT_0035c24c	target-address-data	program-data	reserved:target-data.o	program-data	ps2/progress28_structural_lift_recovered.o
DAT_0035c24d	target-address-data	program-data	reserved:target-data.o	program-data	ps2/progress28_structural_lift_recovered.o
DAT_0035c24e	target-address-data	program-data	reserved:target-data.o	program-data	ps2/progress28_structural_lift_recovered.o
DAT_0035c24f	target-address-data	program-data	reserved:target-data.o	program-data	ps2/progress28_structural_lift_recovered.o
DAT_0035c250	target-address-data	program-data	reserved:target-data.o	program-data	ps2/progress28_structural_lift_recovered.o
DAT_0035c251	target-address-data	program-data	reserved:target-data.o	program-data	ps2/progress28_structural_lift_recovered.o
DAT_0035c252	target-address-data	program-data	reserved:target-data.o	program-data	ps2/progress28_structural_lift_recovered.o
DAT_0035c253	target-address-data	program-data	reserved:target-data.o	program-data	ps2/progress28_structural_lift_recovered.o
DAT_0035c254	target-address-data	program-data	reserved:target-data.o	program-data	ps2/progress28_structural_lift_recovered.o
DAT_0035c255	target-address-data	program-data	reserved:target-data.o	program-data	ps2/progress28_structural_lift_recovered.o
DAT_0035c256	target-address-data	program-data	reserved:target-data.o	program-data	ps2/progress28_structural_lift_recovered.o
DAT_0035c257	target-address-data	program-data	reserved:target-data.o	program-data	ps2/progress28_structural_lift_recovered.o
DAT_0035c258	target-address-data	program-data	reserved:target-data.o	program-data	ps2/progress28_structural_lift_recovered.o
DAT_0035c25a	target-address-data	program-data	reserved:target-data.o	program-data	ps2/progress28_structural_lift_recovered.o
DAT_0035c25b	target-address-data	program-data	reserved:target-data.o	program-data	ps2/progress28_structural_lift_recovered.o
DAT_0035c25c	target-address-data	program-data	reserved:target-data.o	program-data	ps2/progress28_structural_lift_recovered.o
DAT_0035c25d	target-address-data	program-data	reserved:target-data.o	program-data	ps2/progress28_structural_lift_recovered.o
DAT_0035c25e	target-address-data	program-data	reserved:target-data.o	program-data	ps2/progress28_structural_lift_recovered.o
DAT_0035c260	target-address-data	program-data	reserved:target-data.o	program-data	ps2/progress28_structural_lift_recovered.o
DAT_0035c262	target-address-data	program-data	reserved:target-data.o	program-data	ps2/progress28_structural_lift_recovered.o
DAT_0035c263	target-address-data	program-data	reserved:target-data.o	program-data	ps2/progress28_structural_lift_recovered.o
DAT_0035c268	target-address-data	program-data	reserved:target-data.o	program-data	ps2/progress28_structural_lift_recovered.o
DAT_0035c269	target-address-data	program-data	reserved:target-data.o	program-data	ps2/progress28_structural_lift_recovered.o
DAT_0035c26a	target-address-data	program-data	reserved:target-data.o	program-data	ps2/progress28_structural_lift_recovered.o
DAT_0035c26b	target-address-data	program-data	reserved:target-data.o	program-data	ps2/progress28_structural_lift_recovered.o
DAT_0035c26c	target-address-data	program-data	reserved:target-data.o	program-data	ps2/progress28_structural_lift_recovered.o
DAT_0035c26d	target-address-data	program-data	reserved:target-data.o	program-data	ps2/progress28_structural_lift_recovered.o
DAT_0035c26e	target-address-data	program-data	reserved:target-data.o	program-data	ps2/progress28_structural_lift_recovered.o
DAT_0035c26f	target-address-data	program-data	reserved:target-data.o	program-data	ps2/progress28_structural_lift_recovered.o
DAT_0035c270	target-address-data	program-data	reserved:target-data.o	program-data	ps2/progress28_structural_lift_recovered.o
DAT_0035c274	target-address-data	program-data	reserved:target-data.o	program-data	ps2/progress28_structural_lift_recovered.o
DAT_0035c278	target-address-data	program-data	reserved:target-data.o	program-data	ps2/progress28_structural_lift_recovered.o
DAT_0035c27c	target-address-data	program-data	reserved:target-data.o	program-data	ps2/progress28_structural_lift_recovered.o
DAT_0035c280	target-address-data	program-data	reserved:target-data.o	program-data	ps2/progress28_structural_lift_recovered.o
DAT_0035c284	target-address-data	program-data	reserved:target-data.o	program-data	ps2/progress28_structural_lift_recovered.o
DAT_0035c288	target-address-data	program-data	reserved:target-data.o	program-data	ps2/progress28_structural_lift_recovered.o
DAT_0035c290	target-address-data	program-data	reserved:target-data.o	program-data	ps2/progress28_structural_lift_recovered.o
DAT_0035c294	target-address-data	program-data	reserved:target-data.o	program-data	ps2/progress28_structural_lift_recovered.o
DAT_0035c298	target-address-data	program-data	reserved:target-data.o	program-data	ps2/progress28_structural_lift_recovered.o
DAT_0035c29c	target-address-data	program-data	reserved:target-data.o	program-data	ps2/progress28_structural_lift_recovered.o
DAT_0035c29d	target-address-data	program-data	reserved:target-data.o	program-data	ps2/progress28_structural_lift_recovered.o
DAT_0035c29e	target-address-data	program-data	reserved:target-data.o	program-data	ps2/progress28_structural_lift_recovered.o
DAT_0035c29f	target-address-data	program-data	reserved:target-data.o	program-data	ps2/progress28_structural_lift_recovered.o
DAT_0035c2a0	target-address-data	program-data	reserved:target-data.o	program-data	ps2/progress28_structural_lift_recovered.o
DAT_0035c2a4	target-address-data	program-data	reserved:target-data.o	program-data	ps2/progress28_structural_lift_recovered.o
DAT_0035c2a8	target-address-data	program-data	reserved:target-data.o	program-data	ps2/progress28_structural_lift_recovered.o
DAT_0035c2ac	target-address-data	program-data	reserved:target-data.o	program-data	ps2/progress28_structural_lift_recovered.o
DAT_0035c6ac	target-address-data	program-data	reserved:target-data.o	program-data	ps2/progress28_structural_lift_recovered.o
DAT_0035caac	target-address-data	program-data	reserved:target-data.o	program-data	ps2/progress28_structural_lift_recovered.o
DAT_0035ceac	target-address-data	program-data	reserved:target-data.o	program-data	ps2/progress28_structural_lift_recovered.o
DAT_0035ceb0	target-address-data	program-data	reserved:target-data.o	program-data	ps2/progress28_structural_lift_recovered.o
DAT_0035d0b0	target-address-data	program-data	reserved:target-data.o	program-data	ps2/progress28_structural_lift_recovered.o
DAT_0035d0b4	target-address-data	program-data	reserved:target-data.o	program-data	ps2/progress28_structural_lift_recovered.o
DAT_0035d0b8	target-address-data	program-data	reserved:target-data.o	program-data	ps2/progress28_structural_lift_recovered.o
DAT_0035d0bc	target-address-data	program-data	reserved:target-data.o	program-data	ps2/progress28_structural_lift_recovered.o
DAT_0035d0c0	target-address-data	program-data	reserved:target-data.o	program-data	ps2/progress28_structural_lift_recovered.o
DAT_0035d0c4	target-address-data	program-data	reserved:target-data.o	program-data	ps2/progress28_structural_lift_recovered.o
DAT_0035d0c8	target-address-data	program-data	reserved:target-data.o	program-data	ps2/progress28_structural_lift_recovered.o
DAT_0035d0cc	target-address-data	program-data	reserved:target-data.o	program-data	ps2/progress28_structural_lift_recovered.o
DAT_0035d0d0	target-address-data	program-data	reserved:target-data.o	program-data	ps2/progress28_structural_lift_recovered.o
DAT_0035d0d4	target-address-data	program-data	reserved:target-data.o	program-data	ps2/progress28_structural_lift_recovered.o
DAT_0035d0d8	target-address-data	program-data	reserved:target-data.o	program-data	ps2/progress28_structural_lift_recovered.o
DAT_0035d0dc	target-address-data	program-data	reserved:target-data.o	program-data	ps2/progress28_structural_lift_recovered.o
DAT_0035d0e0	target-address-data	program-data	reserved:target-data.o	program-data	ps2/progress28_structural_lift_recovered.o
DAT_0035d0e4	target-address-data	program-data	reserved:target-data.o	program-data	ps2/progress28_structural_lift_recovered.o
DAT_0035d0e8	target-address-data	program-data	reserved:target-data.o	program-data	ps2/progress28_structural_lift_recovered.o
DAT_0035d0ec	target-address-data	program-data	reserved:target-data.o	program-data	ps2/progress28_structural_lift_recovered.o
DAT_0035d100	target-address-data	program-data	reserved:target-data.o	program-data	ps2/progress28_structural_lift_recovered.o
DAT_0035d104	target-address-data	program-data	reserved:target-data.o	program-data	ps2/progress28_structural_lift_recovered.o
DAT_0035d118	target-address-data	program-data	reserved:target-data.o	program-data	ps2/progress28_structural_lift_recovered.o
DAT_0035d194	target-address-data	program-data	reserved:target-data.o	program-data	ps2/progress28_structural_lift_recovered.o
DAT_0035d1a8	target-address-data	program-data	reserved:target-data.o	program-data	ps2/progress28_structural_lift_recovered.o
DAT_0035d224	target-address-data	program-data	reserved:target-data.o	program-data	ps2/progress28_structural_lift_recovered.o
DAT_0035d238	target-address-data	program-data	reserved:target-data.o	program-data	ps2/progress28_structural_lift_recovered.o
DAT_0035d23c	target-address-data	program-data	reserved:target-data.o	program-data	ps2/progress28_structural_lift_recovered.o
DAT_0035d250	target-address-data	program-data	reserved:target-data.o	program-data	ps2/progress28_structural_lift_recovered.o
DAT_0035d2cc	target-address-data	program-data	reserved:target-data.o	program-data	ps2/progress28_structural_lift_recovered.o
DAT_0035d2e0	target-address-data	program-data	reserved:target-data.o	program-data	ps2/progress28_structural_lift_recovered.o
DAT_0035d360	target-address-data	program-data	reserved:target-data.o	program-data	ps2/progress28_structural_lift_recovered.o
DAT_0035d361	target-address-data	program-data	reserved:target-data.o	program-data	ps2/progress28_structural_lift_recovered.o
DAT_0035d362	target-address-data	program-data	reserved:target-data.o	program-data	ps2/progress28_structural_lift_recovered.o
DAT_0035d363	target-address-data	program-data	reserved:target-data.o	program-data	ps2/progress28_structural_lift_recovered.o
DAT_0035d364	target-address-data	program-data	reserved:target-data.o	program-data	ps2/progress28_structural_lift_recovered.o
DAT_0035d366	target-address-data	program-data	reserved:target-data.o	program-data	ps2/progress28_structural_lift_recovered.o
DAT_0035d368	target-address-data	program-data	reserved:target-data.o	program-data	ps2/progress28_structural_lift_recovered.o
DAT_0035d36a	target-address-data	program-data	reserved:target-data.o	program-data	ps2/progress28_structural_lift_recovered.o
DAT_0035d36c	target-address-data	program-data	reserved:target-data.o	program-data	ps2/progress28_structural_lift_recovered.o
DAT_0035d36e	target-address-data	program-data	reserved:target-data.o	program-data	ps2/progress28_structural_lift_recovered.o
DAT_0035d370	target-address-data	program-data	reserved:target-data.o	program-data	ps2/progress28_structural_lift_recovered.o
DAT_0035d372	target-address-data	program-data	reserved:target-data.o	program-data	ps2/progress28_structural_lift_recovered.o
DAT_0035d373	target-address-data	program-data	reserved:target-data.o	program-data	ps2/progress28_structural_lift_recovered.o
DAT_0035d374	target-address-data	program-data	reserved:target-data.o	program-data	ps2/progress28_structural_lift_recovered.o
DAT_0035d375	target-address-data	program-data	reserved:target-data.o	program-data	ps2/progress28_structural_lift_recovered.o
DAT_0035d410	target-address-data	program-data	reserved:target-data.o	program-data	ps2/progress28_structural_lift_recovered.o
DAT_0035d430	target-address-data	program-data	reserved:target-data.o	program-data	ps2/progress28_structural_lift_recovered.o
DAT_0035d450	target-address-data	program-data	reserved:target-data.o	program-data	ps2/progress28_structural_lift_recovered.o
DAT_0035d454	target-address-data	program-data	reserved:target-data.o	program-data	ps2/progress28_structural_lift_recovered.o
DAT_0035d458	target-address-data	program-data	reserved:target-data.o	program-data	ps2/progress28_structural_lift_recovered.o
DAT_0035d45c	target-address-data	program-data	reserved:target-data.o	program-data	ps2/progress28_structural_lift_recovered.o
DAT_0035d460	target-address-data	program-data	reserved:target-data.o	program-data	ps2/progress28_structural_lift_recovered.o
DAT_0035d468	target-address-data	program-data	reserved:target-data.o	program-data	ps2/progress28_structural_lift_recovered.o
DAT_0035d46c	target-address-data	program-data	reserved:target-data.o	program-data	ps2/progress28_structural_lift_recovered.o
DAT_0035d470	target-address-data	program-data	reserved:target-data.o	program-data	ps2/progress28_structural_lift_recovered.o
DAT_0035d474	target-address-data	program-data	reserved:target-data.o	program-data	ps2/progress28_structural_lift_recovered.o
DAT_0035d478	target-address-data	program-data	reserved:target-data.o	program-data	ps2/progress28_structural_lift_recovered.o
DAT_0035d47c	target-address-data	program-data	reserved:target-data.o	program-data	ps2/progress28_structural_lift_recovered.o
DAT_0035d480	target-address-data	program-data	reserved:target-data.o	program-data	ps2/progress28_structural_lift_recovered.o
DAT_0035d484	target-address-data	program-data	reserved:target-data.o	program-data	ps2/progress28_structural_lift_recovered.o
DAT_0035d488	target-address-data	program-data	reserved:target-data.o	program-data	ps2/progress28_structural_lift_recovered.o
DAT_0035d48c	target-address-data	program-data	reserved:target-data.o	program-data	ps2/progress28_structural_lift_recovered.o
DAT_0035d490	target-address-data	program-data	reserved:target-data.o	program-data	ps2/progress28_structural_lift_recovered.o
DAT_0035d494	target-address-data	program-data	reserved:target-data.o	program-data	ps2/progress28_structural_lift_recovered.o
DAT_0035d498	target-address-data	program-data	reserved:target-data.o	program-data	ps2/progress28_structural_lift_recovered.o
DAT_0035d49c	target-address-data	program-data	reserved:target-data.o	program-data	ps2/progress28_structural_lift_recovered.o
DAT_0035d4a0	target-address-data	program-data	reserved:target-data.o	program-data	ps2/progress28_structural_lift_recovered.o
DAT_0035d4a4	target-address-data	program-data	reserved:target-data.o	program-data	ps2/progress28_structural_lift_recovered.o
DAT_0035d4a8	target-address-data	program-data	reserved:target-data.o	program-data	ps2/progress28_structural_lift_recovered.o
DAT_0035d4ac	target-address-data	program-data	reserved:target-data.o	program-data	ps2/progress28_structural_lift_recovered.o
DAT_0035d4b0	target-address-data	program-data	reserved:target-data.o	program-data	ps2/progress28_structural_lift_recovered.o
DAT_0035d4b4	target-address-data	program-data	reserved:target-data.o	program-data	ps2/progress28_structural_lift_recovered.o
DAT_0035d4b8	target-address-data	program-data	reserved:target-data.o	program-data	ps2/progress28_structural_lift_recovered.o
DAT_0035d4bc	target-address-data	program-data	reserved:target-data.o	program-data	ps2/progress28_structural_lift_recovered.o
DAT_0035d4c0	target-address-data	program-data	reserved:target-data.o	program-data	ps2/progress28_structural_lift_recovered.o
DAT_0035d4c4	target-address-data	program-data	reserved:target-data.o	program-data	ps2/progress28_structural_lift_recovered.o
DAT_0035d4c8	target-address-data	program-data	reserved:target-data.o	program-data	ps2/progress28_structural_lift_recovered.o
DAT_0035d4cc	target-address-data	program-data	reserved:target-data.o	program-data	ps2/progress28_structural_lift_recovered.o
DAT_0035d4cd	target-address-data	program-data	reserved:target-data.o	program-data	ps2/progress28_structural_lift_recovered.o
DAT_0035d4d0	target-address-data	program-data	reserved:target-data.o	program-data	ps2/progress28_structural_lift_recovered.o
DAT_0035d4d4	target-address-data	program-data	reserved:target-data.o	program-data	ps2/progress28_structural_lift_recovered.o
DAT_0035d4d8	target-address-data	program-data	reserved:target-data.o	program-data	ps2/progress28_structural_lift_recovered.o
DAT_0035d4dc	target-address-data	program-data	reserved:target-data.o	program-data	ps2/progress28_structural_lift_recovered.o
DAT_0035d4e0	target-address-data	program-data	reserved:target-data.o	program-data	ps2/progress28_structural_lift_recovered.o
DAT_0035d4e4	target-address-data	program-data	reserved:target-data.o	program-data	ps2/progress28_structural_lift_recovered.o
DAT_0035d4e8	target-address-data	program-data	reserved:target-data.o	program-data	ps2/progress28_structural_lift_recovered.o
DAT_0035d4ec	target-address-data	program-data	reserved:target-data.o	program-data	ps2/progress28_structural_lift_recovered.o
DAT_0035d4f0	target-address-data	program-data	reserved:target-data.o	program-data	ps2/progress28_structural_lift_recovered.o
DAT_0035dab0	target-address-data	program-data	reserved:target-data.o	program-data	ps2/progress28_structural_lift_recovered.o
DAT_0035dd38	target-address-data	program-data	reserved:target-data.o	program-data	ps2/progress28_structural_lift_recovered.o
DAT_0035df3c	target-address-data	program-data	reserved:target-data.o	program-data	ps2/progress28_structural_lift_recovered.o
DAT_0035df40	target-address-data	program-data	reserved:target-data.o	program-data	ps2/progress28_structural_lift_recovered.o
DAT_0035df48	target-address-data	program-data	reserved:target-data.o	program-data	ps2/progress28_structural_lift_recovered.o
DAT_0035df4a	target-address-data	program-data	reserved:target-data.o	program-data	ps2/progress28_structural_lift_recovered.o
DAT_0035df4c	target-address-data	program-data	reserved:target-data.o	program-data	ps2/progress28_structural_lift_recovered.o
DAT_0035df4e	target-address-data	program-data	reserved:target-data.o	program-data	ps2/progress28_structural_lift_recovered.o
DAT_0035df50	target-address-data	program-data	reserved:target-data.o	program-data	ps2/progress28_structural_lift_recovered.o
DAT_0035df52	target-address-data	program-data	reserved:target-data.o	program-data	ps2/progress28_structural_lift_recovered.o
DAT_0035df54	target-address-data	program-data	reserved:target-data.o	program-data	ps2/progress28_structural_lift_recovered.o
DAT_0035df56	target-address-data	program-data	reserved:target-data.o	program-data	ps2/progress28_structural_lift_recovered.o
DAT_0035df58	target-address-data	program-data	reserved:target-data.o	program-data	ps2/progress28_structural_lift_recovered.o
DAT_0035df5a	target-address-data	program-data	reserved:target-data.o	program-data	ps2/progress28_structural_lift_recovered.o
DAT_0035ee48	target-address-data	program-data	reserved:target-data.o	program-data	ps2/progress28_structural_lift_recovered.o
DAT_0035ee4a	target-address-data	program-data	reserved:target-data.o	program-data	ps2/progress28_structural_lift_recovered.o
DAT_0035ee4c	target-address-data	program-data	reserved:target-data.o	program-data	ps2/progress28_structural_lift_recovered.o
DAT_0035ee4e	target-address-data	program-data	reserved:target-data.o	program-data	ps2/progress28_structural_lift_recovered.o
DAT_0035ee50	target-address-data	program-data	reserved:target-data.o	program-data	ps2/progress28_structural_lift_recovered.o
DAT_0035ee52	target-address-data	program-data	reserved:target-data.o	program-data	ps2/progress28_structural_lift_recovered.o
DAT_0035f988	target-address-data	program-data	reserved:target-data.o	program-data	ps2/progress28_structural_lift_recovered.o
DAT_0035f989	target-address-data	program-data	reserved:target-data.o	program-data	ps2/progress28_structural_lift_recovered.o
DAT_0035f98c	target-address-data	program-data	reserved:target-data.o	program-data	ps2/progress28_structural_lift_recovered.o
DAT_0035f990	target-address-data	program-data	reserved:target-data.o	program-data	ps2/progress28_structural_lift_recovered.o
DAT_0035f994	target-address-data	program-data	reserved:target-data.o	program-data	ps2/progress28_structural_lift_recovered.o
DAT_0035f998	target-address-data	program-data	reserved:target-data.o	program-data	ps2/progress28_structural_lift_recovered.o
DAT_0035f99c	target-address-data	program-data	reserved:target-data.o	program-data	ps2/progress28_structural_lift_recovered.o
DAT_0035fda0	target-address-data	program-data	reserved:target-data.o	program-data	ps2/progress28_structural_lift_recovered.o
DAT_0035fda8	target-address-data	program-data	reserved:target-data.o	program-data	ps2/progress28_structural_lift_recovered.o
DAT_0035fdac	target-address-data	program-data	reserved:target-data.o	program-data	ps2/progress28_structural_lift_recovered.o
DAT_0035fdad	target-address-data	program-data	reserved:target-data.o	program-data	ps2/progress28_structural_lift_recovered.o
DAT_0035fdae	target-address-data	program-data	reserved:target-data.o	program-data	ps2/progress28_structural_lift_recovered.o
DAT_0035fdaf	target-address-data	program-data	reserved:target-data.o	program-data	ps2/progress28_structural_lift_recovered.o
DAT_0035fdb0	target-address-data	program-data	reserved:target-data.o	program-data	ps2/progress28_structural_lift_recovered.o
DAT_0035fdc4	target-address-data	program-data	reserved:target-data.o	program-data	ps2/progress28_structural_lift_recovered.o
DAT_00360708	target-address-data	program-data	reserved:target-data.o	program-data	ps2/progress28_structural_lift_recovered.o
DAT_003ab71c	target-address-data	program-data	reserved:target-data.o	program-data	ps2/progress28_structural_lift_recovered.o
DAT_003ab720	target-address-data	program-data	reserved:target-data.o	program-data	ps2/progress28_structural_lift_recovered.o
DAT_003ab728	target-address-data	program-data	reserved:target-data.o	program-data	ps2/progress28_structural_lift_recovered.o
DAT_003ab72c	target-address-data	program-data	reserved:target-data.o	program-data	ps2/progress28_structural_lift_recovered.o
DAT_003ab730	target-address-data	program-data	reserved:target-data.o	program-data	ps2/progress28_structural_lift_recovered.o
DAT_003ab734	target-address-data	program-data	reserved:target-data.o	program-data	ps2/progress28_structural_lift_recovered.o
DAT_003ab738	target-address-data	program-data	reserved:target-data.o	program-data	ps2/progress28_structural_lift_recovered.o
DAT_003ab73c	target-address-data	program-data	reserved:target-data.o	program-data	ps2/progress28_structural_lift_recovered.o
DAT_003ab740	target-address-data	program-data	reserved:target-data.o	program-data	ps2/progress28_structural_lift_recovered.o
DAT_003ab744	target-address-data	program-data	reserved:target-data.o	program-data	ps2/progress28_structural_lift_recovered.o
DAT_003ab748	target-address-data	program-data	reserved:target-data.o	program-data	ps2/progress28_structural_lift_recovered.o
DAT_003d2e48	target-address-data	program-data	reserved:target-data.o	program-data	ps2/progress28_structural_lift_recovered.o
DAT_003e2e48	target-address-data	program-data	reserved:target-data.o	program-data	ps2/progress28_structural_lift_recovered.o
DAT_003f2e48	target-address-data	program-data	reserved:target-data.o	program-data	ps2/progress28_structural_lift_recovered.o
DAT_003f2e4c	target-address-data	program-data	reserved:target-data.o	program-data	ps2/progress28_structural_lift_recovered.o
DAT_003f2e50	target-address-data	program-data	reserved:target-data.o	program-data	ps2/progress28_structural_lift_recovered.o
DAT_003f2e54	target-address-data	program-data	reserved:target-data.o	program-data	ps2/progress28_structural_lift_recovered.o
DAT_003f2e58	target-address-data	program-data	reserved:target-data.o	program-data	ps2/progress28_structural_lift_recovered.o
DAT_003f2e5c	target-address-data	program-data	reserved:target-data.o	program-data	ps2/progress28_structural_lift_recovered.o
DAT_003f2e60	target-address-data	program-data	reserved:target-data.o	program-data	ps2/progress28_structural_lift_recovered.o
DAT_003f2e64	target-address-data	program-data	reserved:target-data.o	program-data	ps2/progress28_structural_lift_recovered.o
DAT_003f2e68	target-address-data	program-data	reserved:target-data.o	program-data	ps2/progress28_structural_lift_recovered.o
DAT_003f2e70	target-address-data	program-data	reserved:target-data.o	program-data	ps2/progress28_structural_lift_recovered.o
DAT_003f2eb0	target-address-data	program-data	reserved:target-data.o	program-data	ps2/progress28_structural_lift_recovered.o
DAT_003f2eb8	target-address-data	program-data	reserved:target-data.o	program-data	ps2/progress28_structural_lift_recovered.o
DAT_003f2f78	target-address-data	program-data	reserved:target-data.o	program-data	ps2/progress28_structural_lift_recovered.o
DAT_003f2f80	target-address-data	program-data	reserved:target-data.o	program-data	ps2/progress28_structural_lift_recovered.o
DAT_003f3fc0	target-address-data	program-data	reserved:target-data.o	program-data	ps2/progress28_structural_lift_recovered.o
DAT_003f40a8	target-address-data	program-data	reserved:target-data.o	program-data	ps2/progress28_structural_lift_recovered.o
DAT_003f44a8	target-address-data	program-data	reserved:target-data.o	program-data	ps2/progress28_structural_lift_recovered.o
DAT_003f4be8	target-address-data	program-data	reserved:target-data.o	program-data	ps2/progress28_structural_lift_recovered.o
DAT_003f4bf0	target-address-data	program-data	reserved:target-data.o	program-data	ps2/progress28_structural_lift_recovered.o
DAT_003f4bf4	target-address-data	program-data	reserved:target-data.o	program-data	ps2/progress28_structural_lift_recovered.o
DAT_003f4c00	target-address-data	program-data	reserved:target-data.o	program-data	ps2/progress28_structural_lift_recovered.o
DAT_003fa6c0	target-address-data	program-data	reserved:target-data.o	program-data	ps2/progress28_structural_lift_recovered.o
DAT_003fa6c1	target-address-data	program-data	reserved:target-data.o	program-data	ps2/progress28_structural_lift_recovered.o
DAT_003fa6c2	target-address-data	program-data	reserved:target-data.o	program-data	ps2/progress28_structural_lift_recovered.o
DAT_003fa6c4	target-address-data	program-data	reserved:target-data.o	program-data	ps2/progress28_structural_lift_recovered.o
DAT_003fa6c5	target-address-data	program-data	reserved:target-data.o	program-data	ps2/progress28_structural_lift_recovered.o
DAT_003fa6c6	target-address-data	program-data	reserved:target-data.o	program-data	ps2/progress28_structural_lift_recovered.o
DAT_003fa6c8	target-address-data	program-data	reserved:target-data.o	program-data	ps2/progress28_structural_lift_recovered.o
DAT_003fa6ca	target-address-data	program-data	reserved:target-data.o	program-data	ps2/progress28_structural_lift_recovered.o
DAT_003fa6cc	target-address-data	program-data	reserved:target-data.o	program-data	ps2/progress28_structural_lift_recovered.o
DAT_003fa6d4	target-address-data	program-data	reserved:target-data.o	program-data	ps2/progress28_structural_lift_recovered.o
DAT_003fa6d6	target-address-data	program-data	reserved:target-data.o	program-data	ps2/progress28_structural_lift_recovered.o
DAT_003fa6d8	target-address-data	program-data	reserved:target-data.o	program-data	ps2/progress28_structural_lift_recovered.o
DAT_003fa6dc	target-address-data	program-data	reserved:target-data.o	program-data	ps2/progress28_structural_lift_recovered.o
DAT_003fa6de	target-address-data	program-data	reserved:target-data.o	program-data	ps2/progress28_structural_lift_recovered.o
DAT_003fa6e0	target-address-data	program-data	reserved:target-data.o	program-data	ps2/progress28_structural_lift_recovered.o
DAT_003fa726	target-address-data	program-data	reserved:target-data.o	program-data	ps2/progress28_structural_lift_recovered.o
DAT_003fa728	target-address-data	program-data	reserved:target-data.o	program-data	ps2/progress28_structural_lift_recovered.o
DAT_003fa928	target-address-data	program-data	reserved:target-data.o	program-data	ps2/progress28_structural_lift_recovered.o
DAT_003fa92a	target-address-data	program-data	reserved:target-data.o	program-data	ps2/progress28_structural_lift_recovered.o
DAT_003fa92c	target-address-data	program-data	reserved:target-data.o	program-data	ps2/progress28_structural_lift_recovered.o
DAT_003fa92e	target-address-data	program-data	reserved:target-data.o	program-data	ps2/progress28_structural_lift_recovered.o
DAT_003fa930	target-address-data	program-data	reserved:target-data.o	program-data	ps2/progress28_structural_lift_recovered.o
DAT_003fa931	target-address-data	program-data	reserved:target-data.o	program-data	ps2/progress28_structural_lift_recovered.o
DAT_003fa932	target-address-data	program-data	reserved:target-data.o	program-data	ps2/progress28_structural_lift_recovered.o
DAT_003fa933	target-address-data	program-data	reserved:target-data.o	program-data	ps2/progress28_structural_lift_recovered.o
DAT_003fa934	target-address-data	program-data	reserved:target-data.o	program-data	ps2/progress28_structural_lift_recovered.o
DAT_003fb038	target-address-data	program-data	reserved:target-data.o	program-data	ps2/progress28_structural_lift_recovered.o
DAT_003fb03a	target-address-data	program-data	reserved:target-data.o	program-data	ps2/progress28_structural_lift_recovered.o
DAT_003fb03c	target-address-data	program-data	reserved:target-data.o	program-data	ps2/progress28_structural_lift_recovered.o
DAT_003fb03e	target-address-data	program-data	reserved:target-data.o	program-data	ps2/progress28_structural_lift_recovered.o
DAT_003fb040	target-address-data	program-data	reserved:target-data.o	program-data	ps2/progress28_structural_lift_recovered.o
DAT_003fb042	target-address-data	program-data	reserved:target-data.o	program-data	ps2/progress28_structural_lift_recovered.o
DAT_003fb044	target-address-data	program-data	reserved:target-data.o	program-data	ps2/progress28_structural_lift_recovered.o
DAT_003fb046	target-address-data	program-data	reserved:target-data.o	program-data	ps2/progress28_structural_lift_recovered.o
DAT_003fb048	target-address-data	program-data	reserved:target-data.o	program-data	ps2/progress28_structural_lift_recovered.o
DAT_003fb049	target-address-data	program-data	reserved:target-data.o	program-data	ps2/progress28_structural_lift_recovered.o
DAT_003fb04a	target-address-data	program-data	reserved:target-data.o	program-data	ps2/progress28_structural_lift_recovered.o
DAT_003fb04c	target-address-data	program-data	reserved:target-data.o	program-data	ps2/progress28_structural_lift_recovered.o
DAT_003fb04e	target-address-data	program-data	reserved:target-data.o	program-data	ps2/progress28_structural_lift_recovered.o
DAT_003fb050	target-address-data	program-data	reserved:target-data.o	program-data	ps2/progress28_structural_lift_recovered.o
DAT_003fb052	target-address-data	program-data	reserved:target-data.o	program-data	ps2/progress28_structural_lift_recovered.o
DAT_003fb054	target-address-data	program-data	reserved:target-data.o	program-data	ps2/progress28_structural_lift_recovered.o
DAT_003fb056	target-address-data	program-data	reserved:target-data.o	program-data	ps2/progress28_structural_lift_recovered.o
DAT_003fb058	target-address-data	program-data	reserved:target-data.o	program-data	ps2/progress28_structural_lift_recovered.o
DAT_003fb059	target-address-data	program-data	reserved:target-data.o	program-data	ps2/progress28_structural_lift_recovered.o
DAT_003fb05a	target-address-data	program-data	reserved:target-data.o	program-data	ps2/progress28_structural_lift_recovered.o
DAT_003fb05b	target-address-data	program-data	reserved:target-data.o	program-data	ps2/progress28_structural_lift_recovered.o
DAT_003fb05c	target-address-data	program-data	reserved:target-data.o	program-data	ps2/progress28_structural_lift_recovered.o
DAT_003fb05d	target-address-data	program-data	reserved:target-data.o	program-data	ps2/progress28_structural_lift_recovered.o
DAT_003fb05e	target-address-data	program-data	reserved:target-data.o	program-data	ps2/progress28_structural_lift_recovered.o
DAT_003fb060	target-address-data	program-data	reserved:target-data.o	program-data	ps2/progress28_structural_lift_recovered.o
DAT_003fb064	target-address-data	program-data	reserved:target-data.o	program-data	ps2/progress28_structural_lift_recovered.o
DAT_003fb069	target-address-data	program-data	reserved:target-data.o	program-data	ps2/progress28_structural_lift_recovered.o
DAT_003fb06c	target-address-data	program-data	reserved:target-data.o	program-data	ps2/progress28_structural_lift_recovered.o
DAT_003fb06e	target-address-data	program-data	reserved:target-data.o	program-data	ps2/progress28_structural_lift_recovered.o
DAT_003fb071	target-address-data	program-data	reserved:target-data.o	program-data	ps2/progress28_structural_lift_recovered.o
DAT_003fb292	target-address-data	program-data	reserved:target-data.o	program-data	ps2/progress28_structural_lift_recovered.o
DAT_003fb293	target-address-data	program-data	reserved:target-data.o	program-data	ps2/progress28_structural_lift_recovered.o
DAT_003fb294	target-address-data	program-data	reserved:target-data.o	program-data	ps2/progress28_structural_lift_recovered.o
DAT_003fb296	target-address-data	program-data	reserved:target-data.o	program-data	ps2/progress28_structural_lift_recovered.o
DAT_003fb29b	target-address-data	program-data	reserved:target-data.o	program-data	ps2/progress28_structural_lift_recovered.o
DAT_003fb29c	target-address-data	program-data	reserved:target-data.o	program-data	ps2/progress28_structural_lift_recovered.o
DAT_003fb29d	target-address-data	program-data	reserved:target-data.o	program-data	ps2/progress28_structural_lift_recovered.o
DAT_003fb29e	target-address-data	program-data	reserved:target-data.o	program-data	ps2/progress28_structural_lift_recovered.o
DAT_003fb29f	target-address-data	program-data	reserved:target-data.o	program-data	ps2/progress28_structural_lift_recovered.o
DAT_003fb2a0	target-address-data	program-data	reserved:target-data.o	program-data	ps2/progress28_structural_lift_recovered.o
DAT_003fb2a1	target-address-data	program-data	reserved:target-data.o	program-data	ps2/progress28_structural_lift_recovered.o
DAT_003fb2cc	target-address-data	program-data	reserved:target-data.o	program-data	ps2/progress28_structural_lift_recovered.o
DAT_003fb2d2	target-address-data	program-data	reserved:target-data.o	program-data	ps2/progress28_structural_lift_recovered.o
DAT_003fb2d8	target-address-data	program-data	reserved:target-data.o	program-data	ps2/progress28_structural_lift_recovered.o
DAT_003fb2de	target-address-data	program-data	reserved:target-data.o	program-data	ps2/progress28_structural_lift_recovered.o
DAT_003fb2e4	target-address-data	program-data	reserved:target-data.o	program-data	ps2/progress28_structural_lift_recovered.o
DAT_003fb2eb	target-address-data	program-data	reserved:target-data.o	program-data	ps2/progress28_structural_lift_recovered.o
DAT_003fb2ec	target-address-data	program-data	reserved:target-data.o	program-data	ps2/progress28_structural_lift_recovered.o
DAT_003fb2ee	target-address-data	program-data	reserved:target-data.o	program-data	ps2/progress28_structural_lift_recovered.o
DAT_003fb2ef	target-address-data	program-data	reserved:target-data.o	program-data	ps2/progress28_structural_lift_recovered.o
DAT_003fb2f8	target-address-data	program-data	reserved:target-data.o	program-data	ps2/progress28_structural_lift_recovered.o
DAT_003fb2f9	target-address-data	program-data	reserved:target-data.o	program-data	ps2/progress28_structural_lift_recovered.o
DAT_003fb2fa	target-address-data	program-data	reserved:target-data.o	program-data	ps2/progress28_structural_lift_recovered.o
DAT_003fb2fb	target-address-data	program-data	reserved:target-data.o	program-data	ps2/progress28_structural_lift_recovered.o
DAT_003fb2fc	target-address-data	program-data	reserved:target-data.o	program-data	ps2/progress28_structural_lift_recovered.o
DAT_003fb2fe	target-address-data	program-data	reserved:target-data.o	program-data	ps2/progress28_structural_lift_recovered.o
DAT_003fb300	target-address-data	program-data	reserved:target-data.o	program-data	ps2/progress28_structural_lift_recovered.o
DAT_003fb302	target-address-data	program-data	reserved:target-data.o	program-data	ps2/progress28_structural_lift_recovered.o
DAT_003fb304	target-address-data	program-data	reserved:target-data.o	program-data	ps2/progress28_structural_lift_recovered.o
DAT_003fb306	target-address-data	program-data	reserved:target-data.o	program-data	ps2/progress28_structural_lift_recovered.o
DAT_003fb308	target-address-data	program-data	reserved:target-data.o	program-data	ps2/progress28_structural_lift_recovered.o
DAT_003fb30a	target-address-data	program-data	reserved:target-data.o	program-data	ps2/progress28_structural_lift_recovered.o
DAT_003fb30b	target-address-data	program-data	reserved:target-data.o	program-data	ps2/progress28_structural_lift_recovered.o
DAT_003fb30c	target-address-data	program-data	reserved:target-data.o	program-data	ps2/progress28_structural_lift_recovered.o
DAT_003fb30d	target-address-data	program-data	reserved:target-data.o	program-data	ps2/progress28_structural_lift_recovered.o
DAT_003fb3b8	target-address-data	program-data	reserved:target-data.o	program-data	ps2/progress28_structural_lift_recovered.o
DAT_003fb3c0	target-address-data	program-data	reserved:target-data.o	program-data	ps2/progress28_structural_lift_recovered.o
DAT_003fb3c8	target-address-data	program-data	reserved:target-data.o	program-data	ps2/progress28_structural_lift_recovered.o
DAT_003fb3cc	target-address-data	program-data	reserved:target-data.o	program-data	ps2/progress28_structural_lift_recovered.o
DAT_003fb3ce	target-address-data	program-data	reserved:target-data.o	program-data	ps2/progress28_structural_lift_recovered.o
DAT_003fb3d2	target-address-data	program-data	reserved:target-data.o	program-data	ps2/progress28_structural_lift_recovered.o
DAT_003fb3d4	target-address-data	program-data	reserved:target-data.o	program-data	ps2/progress28_structural_lift_recovered.o
DAT_003fb3d5	target-address-data	program-data	reserved:target-data.o	program-data	ps2/progress28_structural_lift_recovered.o
DAT_003fb3d6	target-address-data	program-data	reserved:target-data.o	program-data	ps2/progress28_structural_lift_recovered.o
DAT_003fb3d7	target-address-data	program-data	reserved:target-data.o	program-data	ps2/progress28_structural_lift_recovered.o
DAT_003fb3d9	target-address-data	program-data	reserved:target-data.o	program-data	ps2/progress28_structural_lift_recovered.o
DAT_003fb3e4	target-address-data	program-data	reserved:target-data.o	program-data	ps2/progress28_structural_lift_recovered.o
DAT_003fb3e6	target-address-data	program-data	reserved:target-data.o	program-data	ps2/progress28_structural_lift_recovered.o
DAT_003fb3e8	target-address-data	program-data	reserved:target-data.o	program-data	ps2/progress28_structural_lift_recovered.o
DAT_003fb3f8	target-address-data	program-data	reserved:target-data.o	program-data	ps2/progress28_structural_lift_recovered.o
DAT_003fb400	target-address-data	program-data	reserved:target-data.o	program-data	ps2/progress28_structural_lift_recovered.o
DAT_003fb408	target-address-data	program-data	reserved:target-data.o	program-data	ps2/progress28_structural_lift_recovered.o
DAT_003fb410	target-address-data	program-data	reserved:target-data.o	program-data	ps2/progress28_structural_lift_recovered.o
DAT_003fb418	target-address-data	program-data	reserved:target-data.o	program-data	ps2/progress28_structural_lift_recovered.o
DAT_003fb420	target-address-data	program-data	reserved:target-data.o	program-data	ps2/progress28_structural_lift_recovered.o
DAT_003fb428	target-address-data	program-data	reserved:target-data.o	program-data	ps2/progress28_structural_lift_recovered.o
DAT_003fb508	target-address-data	program-data	reserved:target-data.o	program-data	ps2/progress28_structural_lift_recovered.o
DAT_003fb50a	target-address-data	program-data	reserved:target-data.o	program-data	ps2/progress28_structural_lift_recovered.o
DAT_003fb50c	target-address-data	program-data	reserved:target-data.o	program-data	ps2/progress28_structural_lift_recovered.o
DAT_003fb50e	target-address-data	program-data	reserved:target-data.o	program-data	ps2/progress28_structural_lift_recovered.o
DAT_003fb510	target-address-data	program-data	reserved:target-data.o	program-data	ps2/progress28_structural_lift_recovered.o
DAT_003fb514	target-address-data	program-data	reserved:target-data.o	program-data	ps2/progress28_structural_lift_recovered.o
DAT_003fb518	target-address-data	program-data	reserved:target-data.o	program-data	ps2/progress28_structural_lift_recovered.o
DAT_003fb51c	target-address-data	program-data	reserved:target-data.o	program-data	ps2/progress28_structural_lift_recovered.o
DAT_003fb520	target-address-data	program-data	reserved:target-data.o	program-data	ps2/progress28_structural_lift_recovered.o
DAT_003fb524	target-address-data	program-data	reserved:target-data.o	program-data	ps2/progress28_structural_lift_recovered.o
DAT_003fb528	target-address-data	program-data	reserved:target-data.o	program-data	ps2/progress28_structural_lift_recovered.o
DAT_003fb52c	target-address-data	program-data	reserved:target-data.o	program-data	ps2/progress28_structural_lift_recovered.o
DAT_003fb538	target-address-data	program-data	reserved:target-data.o	program-data	ps2/progress28_structural_lift_recovered.o
DAT_003fb53c	target-address-data	program-data	reserved:target-data.o	program-data	ps2/progress28_structural_lift_recovered.o
DAT_003fb540	target-address-data	program-data	reserved:target-data.o	program-data	ps2/progress28_structural_lift_recovered.o
DAT_003fb542	target-address-data	program-data	reserved:target-data.o	program-data	ps2/progress28_structural_lift_recovered.o
DAT_003fb544	target-address-data	program-data	reserved:target-data.o	program-data	ps2/progress28_structural_lift_recovered.o
DAT_003fb548	target-address-data	program-data	reserved:target-data.o	program-data	ps2/progress28_structural_lift_recovered.o
DAT_003fd54c	target-address-data	program-data	reserved:target-data.o	program-data	ps2/progress28_structural_lift_recovered.o
DAT_003fd550	target-address-data	program-data	reserved:target-data.o	program-data	ps2/progress28_structural_lift_recovered.o
DAT_003fd554	target-address-data	program-data	reserved:target-data.o	program-data	ps2/progress28_structural_lift_recovered.o
DAT_003fd556	target-address-data	program-data	reserved:target-data.o	program-data	ps2/progress28_structural_lift_recovered.o
DAT_003fd558	target-address-data	program-data	reserved:target-data.o	program-data	ps2/progress28_structural_lift_recovered.o
DAT_003fd560	target-address-data	program-data	reserved:target-data.o	program-data	ps2/progress28_structural_lift_recovered.o
DAT_003fd568	target-address-data	program-data	reserved:target-data.o	program-data	ps2/progress28_structural_lift_recovered.o
DAT_003fd570	target-address-data	program-data	reserved:target-data.o	program-data	ps2/progress28_structural_lift_recovered.o
DAT_003fd578	target-address-data	program-data	reserved:target-data.o	program-data	ps2/progress28_structural_lift_recovered.o
DAT_003fd580	target-address-data	program-data	reserved:target-data.o	program-data	ps2/progress28_structural_lift_recovered.o
DAT_003fd588	target-address-data	program-data	reserved:target-data.o	program-data	ps2/progress28_structural_lift_recovered.o
DAT_003fd590	target-address-data	program-data	reserved:target-data.o	program-data	ps2/progress28_structural_lift_recovered.o
DAT_003fd598	target-address-data	program-data	reserved:target-data.o	program-data	ps2/progress28_structural_lift_recovered.o
DAT_003fd5a0	target-address-data	program-data	reserved:target-data.o	program-data	ps2/progress28_structural_lift_recovered.o
DAT_003fd5a2	target-address-data	program-data	reserved:target-data.o	program-data	ps2/progress28_structural_lift_recovered.o
DAT_003fd5c2	target-address-data	program-data	reserved:target-data.o	program-data	ps2/progress28_structural_lift_recovered.o
DAT_003fd5c6	target-address-data	program-data	reserved:target-data.o	program-data	ps2/progress28_structural_lift_recovered.o
DAT_003fd5c8	target-address-data	program-data	reserved:target-data.o	program-data	ps2/progress28_structural_lift_recovered.o
DAT_003fd5c9	target-address-data	program-data	reserved:target-data.o	program-data	ps2/progress28_structural_lift_recovered.o
DAT_003fd5cc	target-address-data	program-data	reserved:target-data.o	program-data	ps2/progress28_structural_lift_recovered.o
DAT_003fd5d0	target-address-data	program-data	reserved:target-data.o	program-data	ps2/progress28_structural_lift_recovered.o
DAT_003fd5d8	target-address-data	program-data	reserved:target-data.o	program-data	ps2/progress28_structural_lift_recovered.o
DAT_00407fd5	target-address-data	program-data	reserved:target-data.o	program-data	ps2/progress28_structural_lift_recovered.o
DAT_00407fd6	target-address-data	program-data	reserved:target-data.o	program-data	ps2/progress28_structural_lift_recovered.o
DAT_00407fd7	target-address-data	program-data	reserved:target-data.o	program-data	ps2/progress28_structural_lift_recovered.o
DAT_00407fd8	target-address-data	program-data	reserved:target-data.o	program-data	ps2/progress28_structural_lift_recovered.o
DAT_00407fd9	target-address-data	program-data	reserved:target-data.o	program-data	ps2/progress28_structural_lift_recovered.o
DAT_00407fdc	target-address-data	program-data	reserved:target-data.o	program-data	ps2/progress28_structural_lift_recovered.o
DAT_00407fdd	target-address-data	program-data	reserved:target-data.o	program-data	ps2/progress28_structural_lift_recovered.o
DAT_00407fde	target-address-data	program-data	reserved:target-data.o	program-data	ps2/progress28_structural_lift_recovered.o
DAT_00407fdf	target-address-data	program-data	reserved:target-data.o	program-data	ps2/progress28_structural_lift_recovered.o
DAT_0040bb78	target-address-data	program-data	reserved:target-data.o	program-data	ps2/progress28_structural_lift_recovered.o
DAT_0040ffd5	target-address-data	program-data	reserved:target-data.o	program-data	ps2/progress28_structural_lift_recovered.o
DAT_0040ffd6	target-address-data	program-data	reserved:target-data.o	program-data	ps2/progress28_structural_lift_recovered.o
DAT_0040ffd7	target-address-data	program-data	reserved:target-data.o	program-data	ps2/progress28_structural_lift_recovered.o
DAT_0040ffd8	target-address-data	program-data	reserved:target-data.o	program-data	ps2/progress28_structural_lift_recovered.o
DAT_0040ffd9	target-address-data	program-data	reserved:target-data.o	program-data	ps2/progress28_structural_lift_recovered.o
DAT_0040ffdc	target-address-data	program-data	reserved:target-data.o	program-data	ps2/progress28_structural_lift_recovered.o
DAT_0040ffdd	target-address-data	program-data	reserved:target-data.o	program-data	ps2/progress28_structural_lift_recovered.o
DAT_0040ffde	target-address-data	program-data	reserved:target-data.o	program-data	ps2/progress28_structural_lift_recovered.o
DAT_0040ffdf	target-address-data	program-data	reserved:target-data.o	program-data	ps2/progress28_structural_lift_recovered.o
DAT_004134ec	target-address-data	program-data	reserved:target-data.o	program-data	ps2/progress28_structural_lift_recovered.o
DAT_004134f4	target-address-data	program-data	reserved:target-data.o	program-data	ps2/progress28_structural_lift_recovered.o
DAT_004134f8	target-address-data	program-data	reserved:target-data.o	program-data	ps2/progress28_structural_lift_recovered.o
DAT_00413500	target-address-data	program-data	reserved:target-data.o	program-data	ps2/progress28_structural_lift_recovered.o
DAT_00413504	target-address-data	program-data	reserved:target-data.o	program-data	ps2/progress28_structural_lift_recovered.o
DAT_00413508	target-address-data	program-data	reserved:target-data.o	program-data	ps2/progress28_structural_lift_recovered.o
DAT_00413509	target-address-data	program-data	reserved:target-data.o	program-data	ps2/progress28_structural_lift_recovered.o
DAT_0041350a	target-address-data	program-data	reserved:target-data.o	program-data	ps2/progress28_structural_lift_recovered.o
DAT_0041350b	target-address-data	program-data	reserved:target-data.o	program-data	ps2/progress28_structural_lift_recovered.o
DAT_0041350c	target-address-data	program-data	reserved:target-data.o	program-data	ps2/progress28_structural_lift_recovered.o
DAT_0041350d	target-address-data	program-data	reserved:target-data.o	program-data	ps2/progress28_structural_lift_recovered.o
DAT_0041350e	target-address-data	program-data	reserved:target-data.o	program-data	ps2/progress28_structural_lift_recovered.o
DAT_0041350f	target-address-data	program-data	reserved:target-data.o	program-data	ps2/progress28_structural_lift_recovered.o
DAT_00413510	target-address-data	program-data	reserved:target-data.o	program-data	ps2/progress28_structural_lift_recovered.o
DAT_00413511	target-address-data	program-data	reserved:target-data.o	program-data	ps2/progress28_structural_lift_recovered.o
DAT_00413512	target-address-data	program-data	reserved:target-data.o	program-data	ps2/progress28_structural_lift_recovered.o
DAT_00413513	target-address-data	program-data	reserved:target-data.o	program-data	ps2/progress28_structural_lift_recovered.o
DAT_00413514	target-address-data	program-data	reserved:target-data.o	program-data	ps2/progress28_structural_lift_recovered.o
DAT_00413515	target-address-data	program-data	reserved:target-data.o	program-data	ps2/progress28_structural_lift_recovered.o
DAT_00413516	target-address-data	program-data	reserved:target-data.o	program-data	ps2/progress28_structural_lift_recovered.o
DAT_00413517	target-address-data	program-data	reserved:target-data.o	program-data	ps2/progress28_structural_lift_recovered.o
DAT_00413518	target-address-data	program-data	reserved:target-data.o	program-data	ps2/progress28_structural_lift_recovered.o
DAT_00413519	target-address-data	program-data	reserved:target-data.o	program-data	ps2/progress28_structural_lift_recovered.o
DAT_0041351a	target-address-data	program-data	reserved:target-data.o	program-data	ps2/progress28_structural_lift_recovered.o
DAT_0041351b	target-address-data	program-data	reserved:target-data.o	program-data	ps2/progress28_structural_lift_recovered.o
DAT_0041351c	target-address-data	program-data	reserved:target-data.o	program-data	ps2/progress28_structural_lift_recovered.o
DAT_0041351d	target-address-data	program-data	reserved:target-data.o	program-data	ps2/progress28_structural_lift_recovered.o
DAT_0041351e	target-address-data	program-data	reserved:target-data.o	program-data	ps2/progress28_structural_lift_recovered.o
DAT_0041351f	target-address-data	program-data	reserved:target-data.o	program-data	ps2/progress28_structural_lift_recovered.o
DAT_00413520	target-address-data	program-data	reserved:target-data.o	program-data	ps2/progress28_structural_lift_recovered.o
DAT_00413521	target-address-data	program-data	reserved:target-data.o	program-data	ps2/progress28_structural_lift_recovered.o
DAT_00413522	target-address-data	program-data	reserved:target-data.o	program-data	ps2/progress28_structural_lift_recovered.o
DAT_00413523	target-address-data	program-data	reserved:target-data.o	program-data	ps2/progress28_structural_lift_recovered.o
DAT_00413524	target-address-data	program-data	reserved:target-data.o	program-data	ps2/progress28_structural_lift_recovered.o
DAT_00413525	target-address-data	program-data	reserved:target-data.o	program-data	ps2/progress28_structural_lift_recovered.o
DAT_00413526	target-address-data	program-data	reserved:target-data.o	program-data	ps2/progress28_structural_lift_recovered.o
DAT_00413527	target-address-data	program-data	reserved:target-data.o	program-data	ps2/progress28_structural_lift_recovered.o
DAT_00413528	target-address-data	program-data	reserved:target-data.o	program-data	ps2/progress28_structural_lift_recovered.o
DAT_00413529	target-address-data	program-data	reserved:target-data.o	program-data	ps2/progress28_structural_lift_recovered.o
DAT_0041352a	target-address-data	program-data	reserved:target-data.o	program-data	ps2/progress28_structural_lift_recovered.o
DAT_0041352b	target-address-data	program-data	reserved:target-data.o	program-data	ps2/progress28_structural_lift_recovered.o
DAT_0041352c	target-address-data	program-data	reserved:target-data.o	program-data	ps2/progress28_structural_lift_recovered.o
DAT_0041352d	target-address-data	program-data	reserved:target-data.o	program-data	ps2/progress28_structural_lift_recovered.o
DAT_0041352e	target-address-data	program-data	reserved:target-data.o	program-data	ps2/progress28_structural_lift_recovered.o
DAT_0041352f	target-address-data	program-data	reserved:target-data.o	program-data	ps2/progress28_structural_lift_recovered.o
DAT_00413530	target-address-data	program-data	reserved:target-data.o	program-data	ps2/progress28_structural_lift_recovered.o
DAT_00413531	target-address-data	program-data	reserved:target-data.o	program-data	ps2/progress28_structural_lift_recovered.o
DAT_00413532	target-address-data	program-data	reserved:target-data.o	program-data	ps2/progress28_structural_lift_recovered.o
DAT_00413533	target-address-data	program-data	reserved:target-data.o	program-data	ps2/progress28_structural_lift_recovered.o
DAT_00413534	target-address-data	program-data	reserved:target-data.o	program-data	ps2/progress28_structural_lift_recovered.o
DAT_00413535	target-address-data	program-data	reserved:target-data.o	program-data	ps2/progress28_structural_lift_recovered.o
DAT_00413536	target-address-data	program-data	reserved:target-data.o	program-data	ps2/progress28_structural_lift_recovered.o
DAT_00413537	target-address-data	program-data	reserved:target-data.o	program-data	ps2/progress28_structural_lift_recovered.o
DAT_00413538	target-address-data	program-data	reserved:target-data.o	program-data	ps2/progress28_structural_lift_recovered.o
DAT_0041353c	target-address-data	program-data	reserved:target-data.o	program-data	ps2/progress28_structural_lift_recovered.o
DAT_00413540	target-address-data	program-data	reserved:target-data.o	program-data	ps2/progress28_structural_lift_recovered.o
DAT_00413544	target-address-data	program-data	reserved:target-data.o	program-data	ps2/progress28_structural_lift_recovered.o
DAT_00423548	target-address-data	program-data	reserved:target-data.o	program-data	ps2/progress28_structural_lift_recovered.o
DAT_00423549	target-address-data	program-data	reserved:target-data.o	program-data	ps2/progress28_structural_lift_recovered.o
DAT_0042354a	target-address-data	program-data	reserved:target-data.o	program-data	ps2/progress28_structural_lift_recovered.o
DAT_0042354b	target-address-data	program-data	reserved:target-data.o	program-data	ps2/progress28_structural_lift_recovered.o
DAT_0042354c	target-address-data	program-data	reserved:target-data.o	program-data	ps2/progress28_structural_lift_recovered.o
DAT_0042354d	target-address-data	program-data	reserved:target-data.o	program-data	ps2/progress28_structural_lift_recovered.o
DAT_0042354e	target-address-data	program-data	reserved:target-data.o	program-data	ps2/progress28_structural_lift_recovered.o
DAT_0042354f	target-address-data	program-data	reserved:target-data.o	program-data	ps2/progress28_structural_lift_recovered.o
DAT_00423550	target-address-data	program-data	reserved:target-data.o	program-data	ps2/progress28_structural_lift_recovered.o
DAT_00423551	target-address-data	program-data	reserved:target-data.o	program-data	ps2/progress28_structural_lift_recovered.o
DAT_00423552	target-address-data	program-data	reserved:target-data.o	program-data	ps2/progress28_structural_lift_recovered.o
DAT_00423553	target-address-data	program-data	reserved:target-data.o	program-data	ps2/progress28_structural_lift_recovered.o
DAT_00423554	target-address-data	program-data	reserved:target-data.o	program-data	ps2/progress28_structural_lift_recovered.o
DAT_00423555	target-address-data	program-data	reserved:target-data.o	program-data	ps2/progress28_structural_lift_recovered.o
DAT_00423556	target-address-data	program-data	reserved:target-data.o	program-data	ps2/progress28_structural_lift_recovered.o
DAT_00423557	target-address-data	program-data	reserved:target-data.o	program-data	ps2/progress28_structural_lift_recovered.o
DAT_00423558	target-address-data	program-data	reserved:target-data.o	program-data	ps2/progress28_structural_lift_recovered.o
DAT_0042355a	target-address-data	program-data	reserved:target-data.o	program-data	ps2/progress28_structural_lift_recovered.o
DAT_0042355b	target-address-data	program-data	reserved:target-data.o	program-data	ps2/progress28_structural_lift_recovered.o
DAT_0042355c	target-address-data	program-data	reserved:target-data.o	program-data	ps2/progress28_structural_lift_recovered.o
DAT_00423858	target-address-data	program-data	reserved:target-data.o	program-data	ps2/progress28_structural_lift_recovered.o
DAT_00423859	target-address-data	program-data	reserved:target-data.o	program-data	ps2/progress28_structural_lift_recovered.o
DAT_0042385a	target-address-data	program-data	reserved:target-data.o	program-data	ps2/progress28_structural_lift_recovered.o
DAT_0042385b	target-address-data	program-data	reserved:target-data.o	program-data	ps2/progress28_structural_lift_recovered.o
DAT_0042385c	target-address-data	program-data	reserved:target-data.o	program-data	ps2/progress28_structural_lift_recovered.o
DAT_0042385d	target-address-data	program-data	reserved:target-data.o	program-data	ps2/progress28_structural_lift_recovered.o
DAT_0042385e	target-address-data	program-data	reserved:target-data.o	program-data	ps2/progress28_structural_lift_recovered.o
DAT_0042385f	target-address-data	program-data	reserved:target-data.o	program-data	ps2/progress28_structural_lift_recovered.o
DAT_00423860	target-address-data	program-data	reserved:target-data.o	program-data	ps2/progress28_structural_lift_recovered.o
DAT_00423861	target-address-data	program-data	reserved:target-data.o	program-data	ps2/progress28_structural_lift_recovered.o
DAT_00423862	target-address-data	program-data	reserved:target-data.o	program-data	ps2/progress28_structural_lift_recovered.o
DAT_00423863	target-address-data	program-data	reserved:target-data.o	program-data	ps2/progress28_structural_lift_recovered.o
DAT_00423864	target-address-data	program-data	reserved:target-data.o	program-data	ps2/progress28_structural_lift_recovered.o
DAT_00423865	target-address-data	program-data	reserved:target-data.o	program-data	ps2/progress28_structural_lift_recovered.o
DAT_00423866	target-address-data	program-data	reserved:target-data.o	program-data	ps2/progress28_structural_lift_recovered.o
DAT_00423867	target-address-data	program-data	reserved:target-data.o	program-data	ps2/progress28_structural_lift_recovered.o
DAT_00423868	target-address-data	program-data	reserved:target-data.o	program-data	ps2/progress28_structural_lift_recovered.o
DAT_0042386c	target-address-data	program-data	reserved:target-data.o	program-data	ps2/progress28_structural_lift_recovered.o
DAT_004243d8	target-address-data	program-data	reserved:target-data.o	program-data	ps2/progress28_structural_lift_recovered.o
DAT_00424850	target-address-data	program-data	reserved:target-data.o	program-data	ps2/progress28_structural_lift_recovered.o
DAT_00424854	target-address-data	program-data	reserved:target-data.o	program-data	ps2/progress28_structural_lift_recovered.o
DAT_00425970	target-address-data	program-data	reserved:target-data.o	program-data	ps2/progress28_structural_lift_recovered.o
DAT_00426820	target-address-data	program-data	reserved:target-data.o	program-data	ps2/progress28_structural_lift_recovered.o
EI	named-external	link-contract	reserved:link-contract	link-identity	ps2/progress28_structural_lift_recovered.o
FUN_001005b0	target-function-alias	source-address-alias	src/ps2/progress11_frontend_recovered.c;src/ps2/progress28_structural_lift_recovered.c	link-identity	ps2/progress28_structural_lift_recovered.o
FUN_00101858	target-function-alias	source-address-alias	src/ps2/address_leaf_recovered.c;src/ps2/progress28_structural_lift_recovered.c	link-identity	ps2/progress28_structural_lift_recovered.o
FUN_00101860	target-function-alias	source-address-alias	src/ps2/address_leaf_recovered.c;src/ps2/progress11_frontend_recovered.c;src/ps2/progress28_structural_lift_recovered.c	link-identity	ps2/progress28_structural_lift_recovered.o
FUN_00101878	target-function-alias	source-address-alias	src/ps2/address_leaf_recovered.c;src/ps2/progress28_structural_lift_recovered.c	link-identity	ps2/progress28_structural_lift_recovered.o
FUN_00101880	target-function-alias	source-address-alias	src/ps2/address_leaf_recovered.c;src/ps2/progress28_structural_lift_recovered.c	link-identity	ps2/progress28_structural_lift_recovered.o
FUN_00101888	target-function-alias	source-address-alias	src/ps2/address_leaf_recovered.c;src/ps2/progress28_structural_lift_recovered.c	link-identity	ps2/progress28_structural_lift_recovered.o
FUN_001018fc	target-function-alias	source-address-alias	src/ps2/address_leaf_recovered.c;src/ps2/progress28_structural_lift_recovered.c	link-identity	ps2/progress28_structural_lift_recovered.o
FUN_00101904	target-function-alias	source-address-alias	src/ps2/address_leaf_recovered.c;src/ps2/progress28_structural_lift_recovered.c	link-identity	ps2/progress28_structural_lift_recovered.o
FUN_0010190c	target-function-alias	source-address-alias	src/ps2/address_leaf_recovered.c;src/ps2/progress28_structural_lift_recovered.c	link-identity	ps2/progress28_structural_lift_recovered.o
FUN_00101914	target-function-alias	source-address-alias	src/ps2/address_leaf_recovered.c;src/ps2/progress28_structural_lift_recovered.c	link-identity	ps2/progress28_structural_lift_recovered.o
FUN_0010191c	target-function-alias	source-address-alias	src/ps2/address_leaf_recovered.c;src/ps2/progress28_structural_lift_recovered.c	link-identity	ps2/progress28_structural_lift_recovered.o
FUN_00101924	target-function-alias	source-address-alias	src/ps2/progress28_structural_lift_recovered.c;src/snes9x/progress13_frontend_more_recovered.c	link-identity	ps2/progress28_structural_lift_recovered.o
FUN_001019a0	target-function-alias	source-address-alias	src/ps2/address_leaf_recovered.c;src/ps2/progress28_structural_lift_recovered.c	link-identity	ps2/progress28_structural_lift_recovered.o
FUN_001019a8	target-function-alias	source-address-alias	src/ps2/progress22_more_small_helpers_recovered.c;src/ps2/progress25_small_core_helpers_recovered.c;src/ps2/progress28_structural_lift_recovered.c	link-identity	ps2/progress28_structural_lift_recovered.o
FUN_00101b04	target-function-alias	source-address-alias	src/ps2/progress11_frontend_recovered.c;src/ps2/progress28_structural_lift_recovered.c	link-identity	ps2/progress28_structural_lift_recovered.o
FUN_00101b64	target-function-alias	source-address-alias	src/ps2/progress22_more_small_helpers_recovered.c;src/ps2/progress25_small_core_helpers_recovered.c;src/ps2/progress28_structural_lift_recovered.c	link-identity	ps2/progress28_structural_lift_recovered.o
FUN_00101e8c	target-function-alias	source-address-alias	src/ps2/progress11_frontend_recovered.c;src/ps2/progress22_more_small_helpers_recovered.c;src/ps2/progress28_structural_lift_recovered.c	link-identity	ps2/progress28_structural_lift_recovered.o
FUN_00103b34	target-function-alias	source-address-alias	src/ps2/progress22_more_small_helpers_recovered.c;src/ps2/progress28_structural_lift_recovered.c	link-identity	ps2/progress28_structural_lift_recovered.o
FUN_00103c7c	target-function-alias	source-address-alias	src/ps2/progress28_structural_lift_recovered.c;src/ps2/small_dispatch_recovered.c	link-identity	ps2/progress28_structural_lift_recovered.o
FUN_00103cb0	target-function-alias	source-address-alias	src/ps2/address_leaf_recovered.c;src/ps2/progress28_structural_lift_recovered.c	link-identity	ps2/progress28_structural_lift_recovered.o
FUN_00103cd4	target-function-alias	source-address-alias	src/ps2/progress21_small_helpers_recovered.c;src/ps2/progress28_structural_lift_recovered.c	link-identity	ps2/progress28_structural_lift_recovered.o
FUN_00103d90	target-function-alias	source-address-alias	src/ps2/progress12_io_state_recovered.c;src/ps2/progress28_structural_lift_recovered.c	link-identity	ps2/progress28_structural_lift_recovered.o
FUN_0010421c	target-function-alias	source-address-alias	src/ps2/address_leaf_recovered.c;src/ps2/progress28_structural_lift_recovered.c	link-identity	ps2/progress28_structural_lift_recovered.o
FUN_00104234	target-function-alias	source-address-alias	src/ps2/progress22_more_small_helpers_recovered.c;src/ps2/progress28_structural_lift_recovered.c	link-identity	ps2/progress28_structural_lift_recovered.o
FUN_00104358	target-function-alias	source-address-alias	src/ps2/progress11_frontend_recovered.c;src/ps2/progress28_structural_lift_recovered.c	link-identity	ps2/progress28_structural_lift_recovered.o
FUN_00104a54	target-function-alias	source-address-alias	src/app/main_flow_recovered.c;src/ps2/libmtap_recovered.c;src/ps2/progress28_structural_lift_recovered.c	link-identity	ps2/progress28_structural_lift_recovered.o
FUN_00104bbc	target-function-alias	source-address-alias	src/ps2/libmtap_recovered.c;src/ps2/progress28_structural_lift_recovered.c	link-identity	ps2/progress28_structural_lift_recovered.o
FUN_00104e48	target-function-alias	source-address-alias	src/ps2/address_leaf_recovered.c;src/ps2/progress28_structural_lift_recovered.c	link-identity	ps2/progress28_structural_lift_recovered.o
FUN_00104e50	target-function-alias	source-address-alias	src/ps2/address_leaf_recovered.c;src/ps2/progress28_structural_lift_recovered.c	link-identity	ps2/progress28_structural_lift_recovered.o
FUN_00104e58	target-function-alias	source-address-alias	src/app/main_flow_recovered.c;src/ps2/libmtap_recovered.c;src/ps2/progress28_structural_lift_recovered.c	link-identity	ps2/progress28_structural_lift_recovered.o
FUN_00104e7c	target-function-alias	source-address-alias	src/app/main_bootstrap.c;src/ps2/load_module_buffer.c;src/ps2/progress28_structural_lift_recovered.c	link-identity	ps2/progress28_structural_lift_recovered.o
FUN_001056b0	target-function-alias	source-address-alias	src/ps2/address_leaf_recovered.c;src/ps2/progress28_structural_lift_recovered.c	link-identity	ps2/progress28_structural_lift_recovered.o
FUN_001056b8	target-function-alias	source-address-alias	src/ps2/address_leaf_recovered.c;src/ps2/progress28_structural_lift_recovered.c	link-identity	ps2/progress28_structural_lift_recovered.o
FUN_001056c0	target-function-alias	source-address-alias	src/ps2/progress28_structural_lift_recovered.c;src/ps2/small_dispatch_recovered.c	link-identity	ps2/progress28_structural_lift_recovered.o
FUN_00105718	target-function-alias	source-address-alias	src/ps2/progress28_structural_lift_recovered.c;src/ps2/small_dispatch_recovered.c	link-identity	ps2/progress28_structural_lift_recovered.o
FUN_00105750	target-function-alias	source-address-alias	src/app/main_flow_recovered.c;src/ps2/path_helpers_recovered.c;src/ps2/progress28_structural_lift_recovered.c	link-identity	ps2/progress28_structural_lift_recovered.o
FUN_001057fc	target-function-alias	source-address-alias	src/ps2/path_helpers_recovered.c;src/ps2/progress28_structural_lift_recovered.c	link-identity	ps2/progress28_structural_lift_recovered.o
FUN_00105898	target-function-alias	source-address-alias	src/ps2/path_helpers_recovered.c;src/ps2/progress28_structural_lift_recovered.c	link-identity	ps2/progress28_structural_lift_recovered.o
FUN_001059cc	target-function-alias	source-address-alias	src/ps2/path_helpers_recovered.c;src/ps2/progress28_structural_lift_recovered.c	link-identity	ps2/progress28_structural_lift_recovered.o
FUN_00105ae8	target-function-alias	source-address-alias	src/ps2/path_helpers_recovered.c;src/ps2/progress28_structural_lift_recovered.c	link-identity	ps2/progress28_structural_lift_recovered.o
FUN_00105d30	target-function-alias	source-address-alias	src/ps2/progress28_structural_lift_recovered.c;src/ps2/small_dispatch_recovered.c	link-identity	ps2/progress28_structural_lift_recovered.o
FUN_00105d78	target-function-alias	source-address-alias	src/app/main_flow_recovered.c;src/ps2/progress28_structural_lift_recovered.c;src/ps2/small_dispatch_recovered.c	link-identity	ps2/progress28_structural_lift_recovered.o
FUN_00105e04	target-function-alias	source-address-alias	src/ps2/progress28_structural_lift_recovered.c;src/ps2/small_dispatch_recovered.c	link-identity	ps2/progress28_structural_lift_recovered.o
FUN_00106054	target-function-alias	source-address-alias	src/app/main_flow_recovered.c;src/ps2/progress11_frontend_recovered.c;src/ps2/progress28_structural_lift_recovered.c	link-identity	ps2/progress28_structural_lift_recovered.o
FUN_00106824	target-function-alias	source-address-alias	src/app/main_flow_recovered.c;src/ps2/progress12_io_state_recovered.c;src/ps2/progress28_structural_lift_recovered.c	link-identity	ps2/progress28_structural_lift_recovered.o
FUN_00106bcc	target-function-alias	source-address-alias	src/ps2/audio_rpc_recovered.c;src/ps2/progress28_structural_lift_recovered.c	link-identity	ps2/progress28_structural_lift_recovered.o
FUN_00106c08	target-function-alias	source-address-alias	src/ps2/progress21_small_helpers_recovered.c;src/ps2/progress28_structural_lift_recovered.c	link-identity	ps2/progress28_structural_lift_recovered.o
FUN_00107578	target-function-alias	source-address-alias	src/ps2/libc_misc_recovered.c;src/ps2/progress28_structural_lift_recovered.c	link-identity	ps2/progress28_structural_lift_recovered.o
FUN_0010768c	target-function-alias	source-address-alias	src/ps2/progress11_frontend_recovered.c;src/ps2/progress28_structural_lift_recovered.c	link-identity	ps2/progress28_structural_lift_recovered.o
FUN_001076e4	target-function-alias	source-address-alias	src/ps2/progress11_frontend_recovered.c;src/ps2/progress28_structural_lift_recovered.c	link-identity	ps2/progress28_structural_lift_recovered.o
FUN_0010773c	target-function-alias	source-address-alias	src/ps2/progress11_frontend_recovered.c;src/ps2/progress28_structural_lift_recovered.c	link-identity	ps2/progress28_structural_lift_recovered.o
FUN_001080cc	target-function-alias	source-address-alias	src/ps2/libc_misc_recovered.c;src/ps2/progress28_structural_lift_recovered.c	link-identity	ps2/progress28_structural_lift_recovered.o
FUN_00108a34	target-function-alias	source-address-alias	src/ps2/libc_misc_recovered.c;src/ps2/progress28_structural_lift_recovered.c	link-identity	ps2/progress28_structural_lift_recovered.o
FUN_00108ce4	target-function-alias	source-address-alias	src/ps2/progress11_frontend_recovered.c;src/ps2/progress28_structural_lift_recovered.c	link-identity	ps2/progress28_structural_lift_recovered.o
FUN_0010a840	target-function-alias	source-address-alias	src/app/main_flow_recovered.c;src/ps2/progress28_structural_lift_recovered.c;src/snes9x/apu_alloc_recovered.c	link-identity	ps2/progress28_structural_lift_recovered.o
FUN_0010b72c	target-function-alias	source-address-alias	src/ps2/progress28_structural_lift_recovered.c;src/snes9x/progress13_core_helpers_recovered.c	link-identity	ps2/progress28_structural_lift_recovered.o
FUN_001140e0	target-function-alias	source-address-alias	src/ps2/address_leaf_recovered.c;src/ps2/progress24_core_helpers_recovered.c;src/ps2/progress28_structural_lift_recovered.c	link-identity	ps2/progress28_structural_lift_recovered.o
FUN_0011444c	target-function-alias	source-address-alias	src/ps2/progress28_structural_lift_recovered.c;src/snes9x/progress11_core_recovered.c	link-identity	ps2/progress28_structural_lift_recovered.o
FUN_00115b58	target-function-alias	source-address-alias	src/ps2/progress24_core_helpers_recovered.c;src/ps2/progress28_structural_lift_recovered.c	link-identity	ps2/progress28_structural_lift_recovered.o
FUN_00116128	target-function-alias	source-address-alias	src/ps2/address_leaf_recovered.c;src/ps2/progress22_more_small_helpers_recovered.c;src/ps2/progress28_structural_lift_recovered.c	link-identity	ps2/progress28_structural_lift_recovered.o
FUN_00116174	target-function-alias	source-address-alias	src/ps2/address_leaf_recovered.c;src/ps2/progress28_structural_lift_recovered.c	link-identity	ps2/progress28_structural_lift_recovered.o
FUN_00127b78	target-function-alias	source-address-alias	src/ps2/progress27_large_state_cpu_batch_recovered.c;src/ps2/progress28_structural_lift_recovered.c	link-identity	ps2/progress28_structural_lift_recovered.o
FUN_00127e00	target-function-alias	source-address-alias	src/ps2/progress27_large_state_cpu_batch_recovered.c;src/ps2/progress28_structural_lift_recovered.c	link-identity	ps2/progress28_structural_lift_recovered.o
FUN_0012b3e8	target-function-alias	source-address-alias	src/ps2/progress25_small_core_helpers_recovered.c;src/ps2/progress28_structural_lift_recovered.c	link-identity	ps2/progress28_structural_lift_recovered.o
FUN_0012bd48	target-function-alias	source-address-alias	src/ps2/progress27_large_state_cpu_batch_recovered.c;src/ps2/progress28_structural_lift_recovered.c	link-identity	ps2/progress28_structural_lift_recovered.o
FUN_0012c188	target-function-alias	source-address-alias	src/ps2/progress26_dsp_runtime_batch_recovered.c;src/ps2/progress28_structural_lift_recovered.c	link-identity	ps2/progress28_structural_lift_recovered.o
FUN_0012c2dc	target-function-alias	source-address-alias	src/ps2/progress26_dsp_runtime_batch_recovered.c;src/ps2/progress28_structural_lift_recovered.c	link-identity	ps2/progress28_structural_lift_recovered.o
FUN_0012c398	target-function-alias	source-address-alias	src/ps2/progress26_dsp_runtime_batch_recovered.c;src/ps2/progress28_structural_lift_recovered.c	link-identity	ps2/progress28_structural_lift_recovered.o
FUN_0012cbd8	target-function-alias	source-address-alias	src/ps2/progress27_large_state_cpu_batch_recovered.c;src/ps2/progress28_structural_lift_recovered.c	link-identity	ps2/progress28_structural_lift_recovered.o
FUN_0012e750	target-function-alias	source-address-alias	0x0012e750	link-identity	ps2/progress28_structural_lift_recovered.o
FUN_0012f744	target-function-alias	source-address-alias	0x0012f744	link-identity	ps2/progress28_structural_lift_recovered.o
FUN_0012fe5c	target-function-alias	source-address-alias	src/ps2/address_leaf_recovered.c;src/ps2/progress28_structural_lift_recovered.c	link-identity	ps2/progress28_structural_lift_recovered.o
FUN_0012fe9c	target-function-alias	source-address-alias	src/ps2/address_leaf_recovered.c;src/ps2/progress28_structural_lift_recovered.c	link-identity	ps2/progress28_structural_lift_recovered.o
FUN_0012feb4	target-function-alias	source-address-alias	src/ps2/address_leaf_recovered.c;src/ps2/progress28_structural_lift_recovered.c	link-identity	ps2/progress28_structural_lift_recovered.o
FUN_00142a78	target-function-alias	source-address-alias	src/ps2/progress28_structural_lift_recovered.c;src/snes9x/tile_lookup_tables_recovered.c	link-identity	ps2/progress28_structural_lift_recovered.o
FUN_0014308c	target-function-alias	source-address-alias	src/ps2/progress28_structural_lift_recovered.c;src/snes9x/draw_large_pixel_recovered.c;src/snes9x/progress11_core_recovered.c;src/snes9x/tile_16bit_recovered.c;src/snes9x/tile_color_math_recovered.c;src/snes9x/tile_draw_clipped_recovered.c;src/snes9x/tile_draw_recovered.c;src/snes9x/tile_large16_recovered.c;src/snes9x/tile_scaled_remaining_recovered.c;src/snes9x/tile_x2_recovered.c	link-identity	ps2/progress28_structural_lift_recovered.o
FUN_00148338	target-function-alias	source-address-alias	src/ps2/address_leaf_recovered.c;src/ps2/progress28_structural_lift_recovered.c	link-identity	ps2/progress28_structural_lift_recovered.o
FUN_00150ccc	target-function-alias	source-address-alias	src/ps2/progress27_large_state_cpu_batch_recovered.c;src/ps2/progress28_structural_lift_recovered.c	link-identity	ps2/progress28_structural_lift_recovered.o
FUN_00150e18	target-function-alias	source-address-alias	src/ps2/progress27_large_state_cpu_batch_recovered.c;src/ps2/progress28_structural_lift_recovered.c	link-identity	ps2/progress28_structural_lift_recovered.o
FUN_00150f54	target-function-alias	source-address-alias	src/ps2/progress27_large_state_cpu_batch_recovered.c;src/ps2/progress28_structural_lift_recovered.c;src/snes9x/memory_cleanup_recovered.c	link-identity	ps2/progress28_structural_lift_recovered.o
FUN_00151074	target-function-alias	source-address-alias	src/ps2/progress28_structural_lift_recovered.c;src/snes9x/memory_init_recovered.c	link-identity	ps2/progress28_structural_lift_recovered.o
FUN_00151330	target-function-alias	source-address-alias	src/app/main_flow_recovered.c;src/ps2/libmtap_recovered.c;src/ps2/progress28_structural_lift_recovered.c;src/snes9x/memory_cleanup_recovered.c;src/snes9x/memory_init_recovered.c	link-identity	ps2/progress28_structural_lift_recovered.o
FUN_00151360	target-function-alias	source-address-alias	src/ps2/progress11_frontend_recovered.c;src/ps2/progress28_structural_lift_recovered.c;src/snes9x/memory_cleanup_recovered.c	link-identity	ps2/progress28_structural_lift_recovered.o
FUN_00153354	target-function-alias	source-address-alias	src/ps2/progress28_structural_lift_recovered.c;src/snes9x/sram_recovered.c	link-identity	ps2/progress28_structural_lift_recovered.o
FUN_001534b8	target-function-alias	source-address-alias	src/ps2/progress28_structural_lift_recovered.c;src/snes9x/sram_recovered.c	link-identity	ps2/progress28_structural_lift_recovered.o
FUN_001535c0	target-function-alias	source-address-alias	src/ps2/address_leaf_recovered.c;src/ps2/progress28_structural_lift_recovered.c	link-identity	ps2/progress28_structural_lift_recovered.o
FUN_00153608	target-function-alias	source-address-alias	src/ps2/progress28_structural_lift_recovered.c;src/snes9x/memmap_metadata_recovered.c	link-identity	ps2/progress28_structural_lift_recovered.o
FUN_00153674	target-function-alias	source-address-alias	src/ps2/progress28_structural_lift_recovered.c;src/snes9x/progress13_frontend_more_recovered.c	link-identity	ps2/progress28_structural_lift_recovered.o
FUN_00153780	target-function-alias	source-address-alias	src/ps2/progress28_structural_lift_recovered.c;src/snes9x/progress13_frontend_more_recovered.c	link-identity	ps2/progress28_structural_lift_recovered.o
FUN_00156884	target-function-alias	source-address-alias	src/ps2/address_leaf_recovered.c;src/ps2/progress28_structural_lift_recovered.c	link-identity	ps2/progress28_structural_lift_recovered.o
FUN_001568c4	target-function-alias	source-address-alias	src/ps2/address_leaf_recovered.c;src/ps2/progress28_structural_lift_recovered.c	link-identity	ps2/progress28_structural_lift_recovered.o
FUN_00156914	target-function-alias	source-address-alias	src/ps2/address_leaf_recovered.c;src/ps2/progress28_structural_lift_recovered.c	link-identity	ps2/progress28_structural_lift_recovered.o
FUN_00156934	target-function-alias	source-address-alias	src/ps2/progress28_structural_lift_recovered.c;src/snes9x/memmap_metadata_recovered.c	link-identity	ps2/progress28_structural_lift_recovered.o
FUN_00156994	target-function-alias	source-address-alias	src/ps2/progress28_structural_lift_recovered.c;src/snes9x/memmap_metadata_recovered.c	link-identity	ps2/progress28_structural_lift_recovered.o
FUN_00156c0c	target-function-alias	source-address-alias	src/ps2/progress28_structural_lift_recovered.c;src/snes9x/memmap_metadata_recovered.c	link-identity	ps2/progress28_structural_lift_recovered.o
FUN_00158974	target-function-alias	source-address-alias	src/ps2/progress28_structural_lift_recovered.c;src/snes9x/progress13_frontend_more_recovered.c	link-identity	ps2/progress28_structural_lift_recovered.o
FUN_001591a8	target-function-alias	source-address-alias	src/ps2/progress28_structural_lift_recovered.c;src/snes9x/progress13_core_helpers_recovered.c	link-identity	ps2/progress28_structural_lift_recovered.o
FUN_0015cce4	target-function-alias	source-address-alias	src/ps2/progress25_small_core_helpers_recovered.c;src/ps2/progress28_structural_lift_recovered.c	link-identity	ps2/progress28_structural_lift_recovered.o
FUN_0015cdf8	target-function-alias	source-address-alias	src/ps2/progress28_structural_lift_recovered.c;src/snes9x/progress13_runtime_more_recovered.c	link-identity	ps2/progress28_structural_lift_recovered.o
FUN_0015d334	target-function-alias	source-address-alias	src/ps2/progress22_more_small_helpers_recovered.c;src/ps2/progress28_structural_lift_recovered.c	link-identity	ps2/progress28_structural_lift_recovered.o
FUN_0015d9ac	target-function-alias	source-address-alias	src/ps2/progress28_structural_lift_recovered.c;src/snes9x/progress13_frontend_more_recovered.c	link-identity	ps2/progress28_structural_lift_recovered.o
FUN_0015db74	target-function-alias	source-address-alias	src/ps2/progress28_structural_lift_recovered.c;src/snes9x/progress13_frontend_more_recovered.c	link-identity	ps2/progress28_structural_lift_recovered.o
FUN_0015de14	target-function-alias	source-address-alias	src/ps2/progress28_structural_lift_recovered.c;src/snes9x/progress11_core_recovered.c	link-identity	ps2/progress28_structural_lift_recovered.o
FUN_0015e198	target-function-alias	source-address-alias	src/ps2/progress28_structural_lift_recovered.c;src/snes9x/progress13_core_helpers_recovered.c	link-identity	ps2/progress28_structural_lift_recovered.o
FUN_0015e298	target-function-alias	source-address-alias	src/ps2/progress26_dsp_runtime_batch_recovered.c;src/ps2/progress28_structural_lift_recovered.c	link-identity	ps2/progress28_structural_lift_recovered.o
FUN_0015ecec	target-function-alias	source-address-alias	src/ps2/progress26_dsp_runtime_batch_recovered.c;src/ps2/progress28_structural_lift_recovered.c	link-identity	ps2/progress28_structural_lift_recovered.o
FUN_0015eeac	target-function-alias	source-address-alias	src/ps2/progress26_dsp_runtime_batch_recovered.c;src/ps2/progress28_structural_lift_recovered.c	link-identity	ps2/progress28_structural_lift_recovered.o
FUN_0015f030	target-function-alias	source-address-alias	src/ps2/progress28_structural_lift_recovered.c;src/snes9x/progress13_frontend_more_recovered.c	link-identity	ps2/progress28_structural_lift_recovered.o
FUN_0016efa0	target-function-alias	source-address-alias	src/ps2/progress27_large_state_cpu_batch_recovered.c;src/ps2/progress28_structural_lift_recovered.c	link-identity	ps2/progress28_structural_lift_recovered.o
FUN_0016f9b0	target-function-alias	source-address-alias	src/ps2/progress28_structural_lift_recovered.c;src/snes9x/progress11_core_recovered.c	link-identity	ps2/progress28_structural_lift_recovered.o
FUN_0016fa7c	target-function-alias	source-address-alias	src/ps2/progress28_structural_lift_recovered.c;src/ps2/small_dispatch_recovered.c	link-identity	ps2/progress28_structural_lift_recovered.o
FUN_0016fc90	target-function-alias	source-address-alias	0x0016fc90	link-identity	ps2/progress28_structural_lift_recovered.o
FUN_0016fe00	target-function-alias	source-address-alias	0x0016fe00	link-identity	ps2/progress28_structural_lift_recovered.o
FUN_0017028c	target-function-alias	source-address-alias	src/ps2/progress27_large_state_cpu_batch_recovered.c;src/ps2/progress28_structural_lift_recovered.c	link-identity	ps2/progress28_structural_lift_recovered.o
FUN_00171160	target-function-alias	source-address-alias	src/ps2/progress28_structural_lift_recovered.c;src/snes9x/progress11_core_recovered.c	link-identity	ps2/progress28_structural_lift_recovered.o
FUN_001711e8	target-function-alias	source-address-alias	src/ps2/progress11_frontend_recovered.c;src/ps2/progress28_structural_lift_recovered.c	link-identity	ps2/progress28_structural_lift_recovered.o
FUN_0017124c	target-function-alias	source-address-alias	src/ps2/progress27_large_state_cpu_batch_recovered.c;src/ps2/progress28_structural_lift_recovered.c	link-identity	ps2/progress28_structural_lift_recovered.o
FUN_00171e0c	target-function-alias	source-address-alias	src/ps2/progress27_large_state_cpu_batch_recovered.c;src/ps2/progress28_structural_lift_recovered.c	link-identity	ps2/progress28_structural_lift_recovered.o
FUN_00172174	target-function-alias	source-address-alias	src/ps2/progress12_io_state_recovered.c;src/ps2/progress28_structural_lift_recovered.c	link-identity	ps2/progress28_structural_lift_recovered.o
FUN_001721ec	target-function-alias	source-address-alias	src/ps2/progress27_large_state_cpu_batch_recovered.c;src/ps2/progress28_structural_lift_recovered.c	link-identity	ps2/progress28_structural_lift_recovered.o
FUN_001725ac	target-function-alias	source-address-alias	src/ps2/progress27_large_state_cpu_batch_recovered.c;src/ps2/progress28_structural_lift_recovered.c	link-identity	ps2/progress28_structural_lift_recovered.o
FUN_001726ec	target-function-alias	source-address-alias	src/ps2/progress27_large_state_cpu_batch_recovered.c;src/ps2/progress28_structural_lift_recovered.c	link-identity	ps2/progress28_structural_lift_recovered.o
FUN_00173c24	target-function-alias	source-address-alias	src/ps2/progress28_structural_lift_recovered.c;src/snes9x/progress11_core_recovered.c	link-identity	ps2/progress28_structural_lift_recovered.o
FUN_00173dfc	target-function-alias	source-address-alias	src/ps2/address_leaf_recovered.c;src/ps2/progress28_structural_lift_recovered.c	link-identity	ps2/progress28_structural_lift_recovered.o
FUN_00173e4c	target-function-alias	source-address-alias	src/ps2/address_leaf_recovered.c;src/ps2/progress28_structural_lift_recovered.c	link-identity	ps2/progress28_structural_lift_recovered.o
FUN_00173e6c	target-function-alias	source-address-alias	src/ps2/progress28_structural_lift_recovered.c;src/snes9x/progress13_runtime_more_recovered.c	link-identity	ps2/progress28_structural_lift_recovered.o
FUN_00173f24	target-function-alias	source-address-alias	src/ps2/progress28_structural_lift_recovered.c;src/snes9x/progress12_slot_runtime_recovered.c	link-identity	ps2/progress28_structural_lift_recovered.o
FUN_00173f50	target-function-alias	source-address-alias	src/ps2/progress28_structural_lift_recovered.c;src/snes9x/progress12_slot_runtime_recovered.c	link-identity	ps2/progress28_structural_lift_recovered.o
FUN_00173ff0	target-function-alias	source-address-alias	src/ps2/progress11_frontend_recovered.c;src/ps2/progress28_structural_lift_recovered.c	link-identity	ps2/progress28_structural_lift_recovered.o
FUN_0017409c	target-function-alias	source-address-alias	src/ps2/progress11_frontend_recovered.c;src/ps2/progress28_structural_lift_recovered.c	link-identity	ps2/progress28_structural_lift_recovered.o
FUN_00174120	target-function-alias	source-address-alias	src/ps2/progress28_structural_lift_recovered.c;src/snes9x/progress13_runtime_more_recovered.c	link-identity	ps2/progress28_structural_lift_recovered.o
FUN_00174204	target-function-alias	source-address-alias	src/ps2/address_leaf_recovered.c;src/ps2/progress28_structural_lift_recovered.c	link-identity	ps2/progress28_structural_lift_recovered.o
FUN_0017422c	target-function-alias	source-address-alias	src/ps2/progress28_structural_lift_recovered.c;src/snes9x/progress12_slot_runtime_recovered.c	link-identity	ps2/progress28_structural_lift_recovered.o
FUN_001742b4	target-function-alias	source-address-alias	src/ps2/progress11_frontend_recovered.c;src/ps2/progress28_structural_lift_recovered.c	link-identity	ps2/progress28_structural_lift_recovered.o
FUN_001742e8	target-function-alias	source-address-alias	src/ps2/address_leaf_recovered.c;src/ps2/progress28_structural_lift_recovered.c	link-identity	ps2/progress28_structural_lift_recovered.o
FUN_001742f8	target-function-alias	source-address-alias	src/ps2/progress28_structural_lift_recovered.c;src/snes9x/progress12_slot_runtime_recovered.c	link-identity	ps2/progress28_structural_lift_recovered.o
FUN_001744d0	target-function-alias	source-address-alias	src/ps2/progress11_frontend_recovered.c;src/ps2/progress28_structural_lift_recovered.c	link-identity	ps2/progress28_structural_lift_recovered.o
FUN_00174564	target-function-alias	source-address-alias	src/ps2/progress23_audio_helpers_recovered.c;src/ps2/progress28_structural_lift_recovered.c	link-identity	ps2/progress28_structural_lift_recovered.o
FUN_00174618	target-function-alias	source-address-alias	src/ps2/progress28_structural_lift_recovered.c;src/snes9x/progress12_slot_runtime_recovered.c	link-identity	ps2/progress28_structural_lift_recovered.o
FUN_00174720	target-function-alias	source-address-alias	src/ps2/address_leaf_recovered.c;src/ps2/progress28_structural_lift_recovered.c	link-identity	ps2/progress28_structural_lift_recovered.o
FUN_00174728	target-function-alias	source-address-alias	src/ps2/progress23_audio_helpers_recovered.c;src/ps2/progress28_structural_lift_recovered.c	link-identity	ps2/progress28_structural_lift_recovered.o
FUN_00174830	target-function-alias	source-address-alias	src/ps2/progress28_structural_lift_recovered.c;src/snes9x/progress12_slot_runtime_recovered.c	link-identity	ps2/progress28_structural_lift_recovered.o
FUN_00174860	target-function-alias	source-address-alias	src/ps2/address_leaf_recovered.c;src/ps2/progress28_structural_lift_recovered.c	link-identity	ps2/progress28_structural_lift_recovered.o
FUN_0017487c	target-function-alias	source-address-alias	src/ps2/address_leaf_recovered.c;src/ps2/progress28_structural_lift_recovered.c	link-identity	ps2/progress28_structural_lift_recovered.o
FUN_00177cec	target-function-alias	source-address-alias	src/ps2/progress23_audio_helpers_recovered.c;src/ps2/progress28_structural_lift_recovered.c	link-identity	ps2/progress28_structural_lift_recovered.o
FUN_00177db0	target-function-alias	source-address-alias	src/ps2/progress23_audio_helpers_recovered.c;src/ps2/progress28_structural_lift_recovered.c	link-identity	ps2/progress28_structural_lift_recovered.o
FUN_001825e4	target-function-alias	source-address-alias	src/ps2/progress28_structural_lift_recovered.c;src/snes9x/progress13_runtime_more_recovered.c	link-identity	ps2/progress28_structural_lift_recovered.o
FUN_001836d0	target-function-alias	source-address-alias	src/ps2/progress28_structural_lift_recovered.c;src/snes9x/progress13_runtime_more_recovered.c	link-identity	ps2/progress28_structural_lift_recovered.o
FUN_00183778	target-function-alias	source-address-alias	src/ps2/progress28_structural_lift_recovered.c;src/snes9x/progress13_runtime_more_recovered.c	link-identity	ps2/progress28_structural_lift_recovered.o
FUN_00183bdc	target-function-alias	source-address-alias	src/ps2/progress28_structural_lift_recovered.c;src/snes9x/progress11_core_recovered.c	link-identity	ps2/progress28_structural_lift_recovered.o
FUN_00183c58	target-function-alias	source-address-alias	src/ps2/progress12_io_state_recovered.c;src/ps2/progress28_structural_lift_recovered.c;src/snes9x/sram_recovered.c	link-identity	ps2/progress28_structural_lift_recovered.o
FUN_00183d40	target-function-alias	source-address-alias	src/ps2/progress12_io_state_recovered.c;src/ps2/progress28_structural_lift_recovered.c;src/snes9x/sram_recovered.c	link-identity	ps2/progress28_structural_lift_recovered.o
FUN_00186cf4	target-function-alias	source-address-alias	src/ps2/progress28_structural_lift_recovered.c;src/snes9x/tile_16bit_recovered.c	link-identity	ps2/progress28_structural_lift_recovered.o
FUN_00187010	target-function-alias	source-address-alias	src/ps2/progress28_structural_lift_recovered.c;src/snes9x/tile_16bit_recovered.c	link-identity	ps2/progress28_structural_lift_recovered.o
FUN_0018d918	target-function-alias	source-address-alias	src/ps2/progress28_structural_lift_recovered.c;src/unzip/explode_recovered.c	link-identity	ps2/progress28_structural_lift_recovered.o
FUN_0018e3ac	target-function-alias	source-address-alias	src/ps2/progress28_structural_lift_recovered.c;src/unzip/explode_recovered.c	link-identity	ps2/progress28_structural_lift_recovered.o
FUN_0018e440	target-function-alias	source-address-alias	src/ps2/progress28_structural_lift_recovered.c;src/unzip/explode_recovered.c	link-identity	ps2/progress28_structural_lift_recovered.o
FUN_0018e4c0	target-function-alias	source-address-alias	src/ps2/progress28_structural_lift_recovered.c;src/unzip/explode_recovered.c;src/unzip/unreduce_recovered.c	link-identity	ps2/progress28_structural_lift_recovered.o
FUN_0018eeb4	target-function-alias	source-address-alias	src/ps2/progress28_structural_lift_recovered.c;src/unzip/unshrink_recovered.c	link-identity	ps2/progress28_structural_lift_recovered.o
FUN_0018f070	target-function-alias	source-address-alias	src/ps2/progress28_structural_lift_recovered.c;src/unzip/unzip_api_recovered.c	link-identity	ps2/progress28_structural_lift_recovered.o
FUN_0018f0ec	target-function-alias	source-address-alias	src/ps2/progress28_structural_lift_recovered.c;src/unzip/unzip_api_recovered.c	link-identity	ps2/progress28_structural_lift_recovered.o
FUN_0018f27c	target-function-alias	source-address-alias	src/ps2/progress28_structural_lift_recovered.c;src/unzip/unzip_api_recovered.c	link-identity	ps2/progress28_structural_lift_recovered.o
FUN_0018f5e0	target-function-alias	source-address-alias	src/ps2/progress28_structural_lift_recovered.c;src/unzip/unzip_api_recovered.c	link-identity	ps2/progress28_structural_lift_recovered.o
FUN_0018f654	target-function-alias	source-address-alias	src/ps2/progress28_structural_lift_recovered.c;src/unzip/unzip_api_recovered.c	link-identity	ps2/progress28_structural_lift_recovered.o
FUN_0018faa4	target-function-alias	source-address-alias	src/ps2/progress28_structural_lift_recovered.c;src/ps2/small_dispatch_recovered.c	link-identity	ps2/progress28_structural_lift_recovered.o
FUN_0018faec	target-function-alias	source-address-alias	src/ps2/progress28_structural_lift_recovered.c;src/unzip/unzip_api_recovered.c	link-identity	ps2/progress28_structural_lift_recovered.o
FUN_0018fb54	target-function-alias	source-address-alias	src/ps2/progress28_structural_lift_recovered.c;src/unzip/unzip_api_recovered.c	link-identity	ps2/progress28_structural_lift_recovered.o
FUN_0018fbfc	target-function-alias	source-address-alias	src/ps2/progress28_structural_lift_recovered.c;src/unzip/unzip_api_recovered.c	link-identity	ps2/progress28_structural_lift_recovered.o
FUN_00190578	target-function-alias	source-address-alias	src/ps2/progress28_structural_lift_recovered.c;src/unzip/unzip_api_recovered.c	link-identity	ps2/progress28_structural_lift_recovered.o
FUN_00192800	target-function-alias	source-address-alias	src/ps2/progress28_structural_lift_recovered.c;src/zlib/inflate_state_recovered.c	link-identity	ps2/progress28_structural_lift_recovered.o
FUN_0019296c	target-function-alias	source-address-alias	src/ps2/progress28_structural_lift_recovered.c;src/zlib/inflate_state_recovered.c;src/zlib/zlib_buffer_api_recovered.c	link-identity	ps2/progress28_structural_lift_recovered.o
FUN_001930a0	target-function-alias	source-address-alias	src/ps2/progress28_structural_lift_recovered.c;src/zlib/crc32_recovered.c	link-identity	ps2/progress28_structural_lift_recovered.o
FUN_00193564	target-function-alias	source-address-alias	src/ps2/progress28_structural_lift_recovered.c;src/zlib/gzio_recovered.c	link-identity	ps2/progress28_structural_lift_recovered.o
FUN_00193a34	target-function-alias	source-address-alias	src/ps2/progress28_structural_lift_recovered.c;src/zlib/gzio_recovered.c	link-identity	ps2/progress28_structural_lift_recovered.o
FUN_00193dbc	target-function-alias	source-address-alias	src/ps2/progress28_structural_lift_recovered.c;src/zlib/gzio_recovered.c	link-identity	ps2/progress28_structural_lift_recovered.o
FUN_00194498	target-function-alias	source-address-alias	src/ps2/progress28_structural_lift_recovered.c;src/zlib/gzio_recovered.c	link-identity	ps2/progress28_structural_lift_recovered.o
FUN_00198cc8	target-function-alias	source-address-alias	src/app/main_bootstrap.c;src/ps2/gsdriver_recovered.c;src/ps2/progress22_more_small_helpers_recovered.c;src/ps2/progress28_structural_lift_recovered.c	link-identity	ps2/progress28_structural_lift_recovered.o
FUN_00198d78	target-function-alias	source-address-alias	src/ps2/gsdriver_recovered.c;src/ps2/progress28_structural_lift_recovered.c	link-identity	ps2/progress28_structural_lift_recovered.o
FUN_00199070	target-function-alias	source-address-alias	src/ps2/gsdriver_recovered.c;src/ps2/progress28_structural_lift_recovered.c	link-identity	ps2/progress28_structural_lift_recovered.o
FUN_001990f8	target-function-alias	source-address-alias	src/app/main_bootstrap.c;src/ps2/gsdriver_recovered.c;src/ps2/progress28_structural_lift_recovered.c	link-identity	ps2/progress28_structural_lift_recovered.o
FUN_00199198	target-function-alias	source-address-alias	src/ps2/gsdriver_recovered.c;src/ps2/progress28_structural_lift_recovered.c	link-identity	ps2/progress28_structural_lift_recovered.o
FUN_001991b0	target-function-alias	source-address-alias	src/ps2/gsdriver_recovered.c;src/ps2/progress11_frontend_recovered.c;src/ps2/progress28_structural_lift_recovered.c	link-identity	ps2/progress28_structural_lift_recovered.o
FUN_001991e8	target-function-alias	source-address-alias	src/ps2/gsdriver_recovered.c;src/ps2/progress28_structural_lift_recovered.c	link-identity	ps2/progress28_structural_lift_recovered.o
FUN_00199208	target-function-alias	source-address-alias	src/ps2/gsdriver_recovered.c;src/ps2/progress28_structural_lift_recovered.c	link-identity	ps2/progress28_structural_lift_recovered.o
FUN_00199268	target-function-alias	source-address-alias	src/ps2/gsdriver_recovered.c;src/ps2/progress28_structural_lift_recovered.c	link-identity	ps2/progress28_structural_lift_recovered.o
FUN_001993c8	target-function-alias	source-address-alias	src/ps2/gsdriver_recovered.c;src/ps2/progress28_structural_lift_recovered.c	link-identity	ps2/progress28_structural_lift_recovered.o
FUN_001998f8	target-function-alias	source-address-alias	src/ps2/gs_fifo_recovered.c;src/ps2/gsdriver_recovered.c;src/ps2/gspipe_recovered.c;src/ps2/progress11_frontend_recovered.c;src/ps2/progress28_structural_lift_recovered.c	link-identity	ps2/progress28_structural_lift_recovered.o
FUN_00199aa8	target-function-alias	source-address-alias	src/ps2/gsdriver_recovered.c;src/ps2/gspipe_recovered.c;src/ps2/progress28_structural_lift_recovered.c	link-identity	ps2/progress28_structural_lift_recovered.o
FUN_00199b80	target-function-alias	source-address-alias	src/ps2/gspipe_recovered.c;src/ps2/progress11_frontend_recovered.c;src/ps2/progress28_structural_lift_recovered.c	link-identity	ps2/progress28_structural_lift_recovered.o
FUN_00199ef8	target-function-alias	source-address-alias	src/ps2/gsdriver_recovered.c;src/ps2/gspipe_recovered.c;src/ps2/progress22_more_small_helpers_recovered.c;src/ps2/progress28_structural_lift_recovered.c	link-identity	ps2/progress28_structural_lift_recovered.o
FUN_00199f88	target-function-alias	source-address-alias	src/ps2/gsfont_recovered.c;src/ps2/gspipe_recovered.c;src/ps2/progress28_structural_lift_recovered.c	link-identity	ps2/progress28_structural_lift_recovered.o
FUN_0019a580	target-function-alias	source-address-alias	src/ps2/gspipe_recovered.c;src/ps2/progress28_structural_lift_recovered.c	link-identity	ps2/progress28_structural_lift_recovered.o
FUN_0019a588	target-function-alias	source-address-alias	src/ps2/gsfont_recovered.c;src/ps2/gspipe_recovered.c;src/ps2/progress28_structural_lift_recovered.c	link-identity	ps2/progress28_structural_lift_recovered.o
FUN_0019a748	target-function-alias	source-address-alias	src/ps2/gspipe_recovered.c;src/ps2/progress28_structural_lift_recovered.c	link-identity	ps2/progress28_structural_lift_recovered.o
FUN_0019adf8	target-function-alias	source-address-alias	src/ps2/gsdriver_recovered.c;src/ps2/gsfont_recovered.c;src/ps2/gspipe_recovered.c;src/ps2/progress11_frontend_recovered.c;src/ps2/progress28_structural_lift_recovered.c	link-identity	ps2/progress28_structural_lift_recovered.o
FUN_0019b028	target-function-alias	source-address-alias	src/ps2/gsfont_recovered.c;src/ps2/gspipe_recovered.c;src/ps2/progress28_structural_lift_recovered.c	link-identity	ps2/progress28_structural_lift_recovered.o
FUN_0019b7f0	target-function-alias	source-address-alias	src/ps2/gsfont_recovered.c;src/ps2/progress28_structural_lift_recovered.c	link-identity	ps2/progress28_structural_lift_recovered.o
FUN_0019b948	target-function-alias	source-address-alias	src/ps2/gsfont_recovered.c;src/ps2/progress22_more_small_helpers_recovered.c;src/ps2/progress28_structural_lift_recovered.c	link-identity	ps2/progress28_structural_lift_recovered.o
FUN_0019be70	target-function-alias	source-address-alias	src/app/main_bootstrap.c;src/ps2/cdvd_rpc_historical_recovered.c;src/ps2/cdvd_rpc_recovered.c;src/ps2/progress28_structural_lift_recovered.c	link-identity	ps2/progress28_structural_lift_recovered.o
FUN_0019c0d0	target-function-alias	source-address-alias	src/ps2/cdvd_rpc_historical_recovered.c;src/ps2/cdvd_rpc_recovered.c;src/ps2/progress22_more_small_helpers_recovered.c;src/ps2/progress28_structural_lift_recovered.c	link-identity	ps2/progress28_structural_lift_recovered.o
FUN_0019c2ac	target-function-alias	source-address-alias	src/ps2/cdvd_rpc_historical_recovered.c;src/ps2/cdvd_rpc_recovered.c;src/ps2/progress28_structural_lift_recovered.c	link-identity	ps2/progress28_structural_lift_recovered.o
FUN_0019c364	target-function-alias	source-address-alias	src/ps2/gspipe_recovered.c;src/ps2/libkernel_strings_recovered.c;src/ps2/progress28_structural_lift_recovered.c	link-identity	ps2/progress28_structural_lift_recovered.o
FUN_0019c39c	target-function-alias	source-address-alias	src/ps2/libkernel_strings_recovered.c;src/ps2/progress28_structural_lift_recovered.c	link-identity	ps2/progress28_structural_lift_recovered.o
FUN_0019c3d4	target-function-alias	source-address-alias	src/ps2/libkernel_strings_recovered.c;src/ps2/progress28_structural_lift_recovered.c	link-identity	ps2/progress28_structural_lift_recovered.o
FUN_0019c458	target-function-alias	source-address-alias	src/ps2/libkernel_strings_recovered.c;src/ps2/progress28_structural_lift_recovered.c	link-identity	ps2/progress28_structural_lift_recovered.o
FUN_0019c4a0	target-function-alias	source-address-alias	src/ps2/libkernel_strings_recovered.c;src/ps2/progress28_structural_lift_recovered.c;src/snes9x/sram_recovered.c	link-identity	ps2/progress28_structural_lift_recovered.o
FUN_0019c528	target-function-alias	source-address-alias	src/ps2/libkernel_strings_recovered.c;src/ps2/progress28_structural_lift_recovered.c	link-identity	ps2/progress28_structural_lift_recovered.o
FUN_0019c550	target-function-alias	source-address-alias	src/ps2/libkernel_strings_recovered.c;src/ps2/progress28_structural_lift_recovered.c	link-identity	ps2/progress28_structural_lift_recovered.o
FUN_0019c5e8	target-function-alias	source-address-alias	src/ps2/libc_text_recovered.c;src/ps2/libkernel_strings_recovered.c;src/ps2/progress28_structural_lift_recovered.c	link-identity	ps2/progress28_structural_lift_recovered.o
FUN_0019c610	target-function-alias	source-address-alias	src/ps2/libc_text_recovered.c;src/ps2/libkernel_strings_recovered.c;src/ps2/progress28_structural_lift_recovered.c	link-identity	ps2/progress28_structural_lift_recovered.o
FUN_0019c688	target-function-alias	source-address-alias	src/ps2/libkernel_client_init_recovered.c;src/ps2/libmc_recovered.c;src/ps2/progress28_structural_lift_recovered.c;src/ps2/sifrpc_recovered.c	link-identity	ps2/progress28_structural_lift_recovered.o
FUN_0019cc0c	target-function-alias	source-address-alias	src/app/main_bootstrap.c;src/ps2/libkernel_client_init_recovered.c;src/ps2/libmc_recovered.c;src/ps2/progress28_structural_lift_recovered.c;src/ps2/sifrpc_recovered.c	link-identity	ps2/progress28_structural_lift_recovered.o
FUN_0019cfc0	target-function-alias	source-address-alias	src/ps2/fileio_recovered.c;src/ps2/progress22_more_small_helpers_recovered.c;src/ps2/progress28_structural_lift_recovered.c;src/snes9x/sram_recovered.c;src/zlib/gzio_recovered.c	link-identity	ps2/progress28_structural_lift_recovered.o
FUN_0019d090	target-function-alias	source-address-alias	src/ps2/fileio_recovered.c;src/ps2/progress22_more_small_helpers_recovered.c;src/ps2/progress28_structural_lift_recovered.c;src/snes9x/sram_recovered.c;src/zlib/gzio_recovered.c	link-identity	ps2/progress28_structural_lift_recovered.o
FUN_0019d120	target-function-alias	source-address-alias	src/ps2/fileio_recovered.c;src/ps2/progress22_more_small_helpers_recovered.c;src/ps2/progress28_structural_lift_recovered.c;src/snes9x/sram_recovered.c;src/zlib/gzio_recovered.c	link-identity	ps2/progress28_structural_lift_recovered.o
FUN_0019d244	target-function-alias	source-address-alias	src/ps2/fileio_recovered.c;src/ps2/progress28_structural_lift_recovered.c;src/ps2/stdio_wrappers_recovered.c;src/snes9x/sram_recovered.c;src/zlib/gzio_recovered.c	link-identity	ps2/progress28_structural_lift_recovered.o
FUN_0019d360	target-function-alias	source-address-alias	src/ps2/fileio_recovered.c;src/ps2/progress22_more_small_helpers_recovered.c;src/ps2/progress28_structural_lift_recovered.c;src/zlib/gzio_recovered.c	link-identity	ps2/progress28_structural_lift_recovered.o
FUN_0019d410	target-function-alias	source-address-alias	src/ps2/fileio_recovered.c;src/ps2/progress28_structural_lift_recovered.c	link-identity	ps2/progress28_structural_lift_recovered.o
FUN_0019d600	target-function-alias	source-address-alias	src/app/main_bootstrap.c;src/ps2/loadfile_iop_recovered.c;src/ps2/progress28_structural_lift_recovered.c	link-identity	ps2/progress28_structural_lift_recovered.o
FUN_0019d740	target-function-alias	source-address-alias	src/app/main_bootstrap.c;src/ps2/loadfile_iop_recovered.c;src/ps2/progress28_structural_lift_recovered.c	link-identity	ps2/progress28_structural_lift_recovered.o
FUN_0019e388	target-function-alias	source-address-alias	src/ps2/progress28_structural_lift_recovered.c;src/ps2/stdio_wrappers_recovered.c	link-identity	ps2/progress28_structural_lift_recovered.o
FUN_0019e3d0	target-function-alias	source-address-alias	src/ps2/progress28_structural_lift_recovered.c;src/ps2/stdio_wrappers_recovered.c	link-identity	ps2/progress28_structural_lift_recovered.o
FUN_0019e414	target-function-alias	source-address-alias	src/app/main_bootstrap.c;src/ps2/progress28_structural_lift_recovered.c;src/ps2/stdio_wrappers_recovered.c	link-identity	ps2/progress28_structural_lift_recovered.o
FUN_0019e4b4	target-function-alias	source-address-alias	src/ps2/libkernel_heap_recovered.c;src/ps2/progress28_structural_lift_recovered.c	link-identity	ps2/progress28_structural_lift_recovered.o
FUN_0019e698	target-function-alias	source-address-alias	src/ps2/gspipe_recovered.c;src/ps2/libkernel_heap_recovered.c;src/ps2/progress22_more_small_helpers_recovered.c;src/ps2/progress28_structural_lift_recovered.c	link-identity	ps2/progress28_structural_lift_recovered.o
FUN_0019e784	target-function-alias	source-address-alias	src/ps2/gspipe_recovered.c;src/ps2/libkernel_heap_recovered.c;src/ps2/progress28_structural_lift_recovered.c	link-identity	ps2/progress28_structural_lift_recovered.o
FUN_0019e860	target-function-alias	source-address-alias	src/ps2/libc_text_recovered.c;src/ps2/progress28_structural_lift_recovered.c	link-identity	ps2/progress28_structural_lift_recovered.o
FUN_0019e8e4	target-function-alias	source-address-alias	src/ps2/libc_text_recovered.c;src/ps2/progress28_structural_lift_recovered.c	link-identity	ps2/progress28_structural_lift_recovered.o
FUN_0019e99c	target-function-alias	source-address-alias	src/ps2/libc_text_recovered.c;src/ps2/progress28_structural_lift_recovered.c	link-identity	ps2/progress28_structural_lift_recovered.o
FUN_0019eaa4	target-function-alias	source-address-alias	src/ps2/libc_text_recovered.c;src/ps2/progress28_structural_lift_recovered.c	link-identity	ps2/progress28_structural_lift_recovered.o
FUN_0019eaf8	target-function-alias	source-address-alias	src/ps2/libc_text_recovered.c;src/ps2/progress28_structural_lift_recovered.c	link-identity	ps2/progress28_structural_lift_recovered.o
FUN_0019eb80	target-function-alias	source-address-alias	src/ps2/libc_text_recovered.c;src/ps2/progress28_structural_lift_recovered.c	link-identity	ps2/progress28_structural_lift_recovered.o
FUN_0019ee34	target-function-alias	source-address-alias	src/ps2/libc_text_recovered.c;src/ps2/progress28_structural_lift_recovered.c	link-identity	ps2/progress28_structural_lift_recovered.o
FUN_0019ee80	target-function-alias	source-address-alias	src/ps2/libc_text_recovered.c;src/ps2/progress28_structural_lift_recovered.c	link-identity	ps2/progress28_structural_lift_recovered.o
FUN_0019efac	target-function-alias	source-address-alias	src/ps2/libc_text_recovered.c;src/ps2/progress28_structural_lift_recovered.c	link-identity	ps2/progress28_structural_lift_recovered.o
FUN_0019fddc	target-function-alias	source-address-alias	src/ps2/newlib_mathfp_recovered.c;src/ps2/progress28_structural_lift_recovered.c	link-identity	ps2/progress28_structural_lift_recovered.o
FUN_001a0024	target-function-alias	source-address-alias	src/ps2/newlib_mathfp_recovered.c;src/ps2/progress28_structural_lift_recovered.c	link-identity	ps2/progress28_structural_lift_recovered.o
FUN_001a0254	target-function-alias	source-address-alias	src/ps2/newlib_mathfp_recovered.c;src/ps2/progress28_structural_lift_recovered.c	link-identity	ps2/progress28_structural_lift_recovered.o
FUN_001a045c	target-function-alias	source-address-alias	src/ps2/newlib_mathfp_recovered.c;src/ps2/progress28_structural_lift_recovered.c	link-identity	ps2/progress28_structural_lift_recovered.o
FUN_001a06b0	target-function-alias	source-address-alias	src/ps2/newlib_mathfp_recovered.c;src/ps2/progress28_structural_lift_recovered.c	link-identity	ps2/progress28_structural_lift_recovered.o
FUN_001a08ec	target-function-alias	source-address-alias	src/app/main_bootstrap.c;src/ps2/libmc_recovered.c;src/ps2/progress28_structural_lift_recovered.c	link-identity	ps2/progress28_structural_lift_recovered.o
FUN_001a0a68	target-function-alias	source-address-alias	src/ps2/libmc_recovered.c;src/ps2/progress28_structural_lift_recovered.c	link-identity	ps2/progress28_structural_lift_recovered.o
FUN_001a1204	target-function-alias	source-address-alias	src/ps2/libmc_recovered.c;src/ps2/progress28_structural_lift_recovered.c	link-identity	ps2/progress28_structural_lift_recovered.o
FUN_001a147c	target-function-alias	source-address-alias	src/ps2/libmc_recovered.c;src/ps2/progress28_structural_lift_recovered.c	link-identity	ps2/progress28_structural_lift_recovered.o
FUN_001a1974	target-function-alias	source-address-alias	src/ps2/libmc_recovered.c;src/ps2/progress28_structural_lift_recovered.c	link-identity	ps2/progress28_structural_lift_recovered.o
FUN_001a1a54	target-function-alias	source-address-alias	src/ps2/libmc_recovered.c;src/ps2/progress28_structural_lift_recovered.c	link-identity	ps2/progress28_structural_lift_recovered.o
FUN_001a1b20	target-function-alias	source-address-alias	src/ps2/libgcc_runtime_recovered.c;src/ps2/progress28_structural_lift_recovered.c	link-identity	ps2/progress28_structural_lift_recovered.o
FUN_001a1b98	target-function-alias	source-address-alias	src/ps2/libgcc_runtime_recovered.c;src/ps2/progress28_structural_lift_recovered.c	link-identity	ps2/progress28_structural_lift_recovered.o
FUN_001a1c98	target-function-alias	source-address-alias	src/ps2/libgcc_runtime_recovered.c;src/ps2/progress28_structural_lift_recovered.c	link-identity	ps2/progress28_structural_lift_recovered.o
FUN_001a1db8	target-function-alias	source-address-alias	src/ps2/libgcc_runtime_recovered.c;src/ps2/progress28_structural_lift_recovered.c	link-identity	ps2/progress28_structural_lift_recovered.o
FUN_001a3340	target-function-alias	source-address-alias	src/ps2/libgcc_runtime_recovered.c;src/ps2/progress28_structural_lift_recovered.c	link-identity	ps2/progress28_structural_lift_recovered.o
FUN_001a35b0	target-function-alias	source-address-alias	src/ps2/libgcc_runtime_recovered.c;src/ps2/progress28_structural_lift_recovered.c	link-identity	ps2/progress28_structural_lift_recovered.o
FUN_001a3610	target-function-alias	source-address-alias	src/ps2/libgcc_runtime_recovered.c;src/ps2/progress28_structural_lift_recovered.c	link-identity	ps2/progress28_structural_lift_recovered.o
FUN_001a3680	target-function-alias	source-address-alias	src/ps2/libgcc_runtime_recovered.c;src/ps2/progress28_structural_lift_recovered.c	link-identity	ps2/progress28_structural_lift_recovered.o
FUN_001a3950	target-function-alias	source-address-alias	src/ps2/libgcc_runtime_recovered.c;src/ps2/progress28_structural_lift_recovered.c	link-identity	ps2/progress28_structural_lift_recovered.o
FUN_001a3ad8	target-function-alias	source-address-alias	src/ps2/libgcc_runtime_recovered.c;src/ps2/progress28_structural_lift_recovered.c	link-identity	ps2/progress28_structural_lift_recovered.o
FUN_001a3b30	target-function-alias	source-address-alias	src/ps2/libgcc_runtime_recovered.c;src/ps2/progress28_structural_lift_recovered.c	link-identity	ps2/progress28_structural_lift_recovered.o
FUN_001a3bf0	target-function-alias	source-address-alias	src/ps2/libgcc_runtime_recovered.c;src/ps2/progress28_structural_lift_recovered.c	link-identity	ps2/progress28_structural_lift_recovered.o
FUN_001a3cc0	target-function-alias	source-address-alias	src/ps2/libgcc_runtime_recovered.c;src/ps2/progress28_structural_lift_recovered.c	link-identity	ps2/progress28_structural_lift_recovered.o
FUN_001a3d18	target-function-alias	source-address-alias	src/ps2/libgcc_runtime_recovered.c;src/ps2/progress28_structural_lift_recovered.c	link-identity	ps2/progress28_structural_lift_recovered.o
FUN_001a3dc0	target-function-alias	source-address-alias	src/ps2/gcc_unwind_pe_recovered.c;src/ps2/progress28_structural_lift_recovered.c	link-identity	ps2/progress28_structural_lift_recovered.o
FUN_001a3e30	target-function-alias	source-address-alias	src/ps2/gcc_unwind_pe_recovered.c;src/ps2/progress28_structural_lift_recovered.c	link-identity	ps2/progress28_structural_lift_recovered.o
FUN_001a3ee8	target-function-alias	source-address-alias	src/ps2/gcc_unwind_pe_recovered.c;src/ps2/progress28_structural_lift_recovered.c	link-identity	ps2/progress28_structural_lift_recovered.o
FUN_001a3f28	target-function-alias	source-address-alias	src/ps2/gcc_unwind_pe_recovered.c;src/ps2/progress28_structural_lift_recovered.c	link-identity	ps2/progress28_structural_lift_recovered.o
FUN_001a3f88	target-function-alias	source-address-alias	src/ps2/gcc_unwind_pe_recovered.c;src/ps2/progress28_structural_lift_recovered.c	link-identity	ps2/progress28_structural_lift_recovered.o
FUN_001a40e8	target-function-alias	source-address-alias	src/ps2/gcc_unwind_pe_recovered.c;src/ps2/progress28_structural_lift_recovered.c	link-identity	ps2/progress28_structural_lift_recovered.o
FUN_001a51d0	target-function-alias	source-address-alias	src/ps2/progress28_structural_lift_recovered.c;src/ps2/small_dispatch_recovered.c	link-identity	ps2/progress28_structural_lift_recovered.o
FUN_001a5c98	target-function-alias	source-address-alias	src/ps2/gcc_unwind_pe_recovered.c;src/ps2/progress28_structural_lift_recovered.c	link-identity	ps2/progress28_structural_lift_recovered.o
FUN_001a5cb0	target-function-alias	source-address-alias	src/ps2/gcc_unwind_pe_recovered.c;src/ps2/progress28_structural_lift_recovered.c	link-identity	ps2/progress28_structural_lift_recovered.o
FUN_001a5cb8	target-function-alias	source-address-alias	src/ps2/gcc_unwind_pe_recovered.c;src/ps2/progress28_structural_lift_recovered.c	link-identity	ps2/progress28_structural_lift_recovered.o
FUN_001a5cc0	target-function-alias	source-address-alias	src/ps2/progress28_structural_lift_recovered.c	link-identity	ps2/progress28_structural_lift_recovered.o
FUN_001a5dd0	target-function-alias	source-address-alias	src/ps2/progress28_structural_lift_recovered.c	link-identity	ps2/progress28_structural_lift_recovered.o
FUN_001a61c0	target-function-alias	source-address-alias	src/ps2/gcc_fde_runtime_recovered.c;src/ps2/progress28_structural_lift_recovered.c	link-identity	ps2/progress28_structural_lift_recovered.o
FUN_001a6240	target-function-alias	source-address-alias	src/ps2/gcc_fde_runtime_recovered.c;src/ps2/progress28_structural_lift_recovered.c	link-identity	ps2/progress28_structural_lift_recovered.o
FUN_001a6348	target-function-alias	source-address-alias	0x001a6348	link-identity	ps2/progress28_structural_lift_recovered.o
FUN_001a6410	target-function-alias	source-address-alias	0x001a6410	link-identity	ps2/progress28_structural_lift_recovered.o
FUN_001a7638	target-function-alias	source-address-alias	src/ps2/progress21_small_helpers_recovered.c;src/ps2/progress28_structural_lift_recovered.c	link-identity	ps2/progress28_structural_lift_recovered.o
FUN_001a8864	target-function-alias	source-address-alias	src/ps2/libpad_recovered.c;src/ps2/progress28_structural_lift_recovered.c	link-identity	ps2/progress28_structural_lift_recovered.o
FUN_001a88a8	target-function-alias	source-address-alias	src/ps2/libpad_recovered.c;src/ps2/progress28_structural_lift_recovered.c	link-identity	ps2/progress28_structural_lift_recovered.o
FUN_001a90f8	target-function-alias	source-address-alias	src/ps2/cpp_runtime_recovered.c;src/ps2/progress28_structural_lift_recovered.c	link-identity	ps2/progress28_structural_lift_recovered.o
FUN_001a9118	target-function-alias	source-address-alias	src/ps2/cpp_runtime_recovered.c;src/ps2/progress28_structural_lift_recovered.c	link-identity	ps2/progress28_structural_lift_recovered.o
FUN_001a91b0	target-function-alias	source-address-alias	src/ps2/progress28_structural_lift_recovered.c	link-identity	ps2/progress28_structural_lift_recovered.o
FUN_001a9268	target-function-alias	source-address-alias	src/ps2/progress28_structural_lift_recovered.c	link-identity	ps2/progress28_structural_lift_recovered.o
FUN_001a92a8	target-function-alias	source-address-alias	src/ps2/progress28_structural_lift_recovered.c	link-identity	ps2/progress28_structural_lift_recovered.o
FUN_001a9308	target-function-alias	source-address-alias	src/ps2/progress28_structural_lift_recovered.c	link-identity	ps2/progress28_structural_lift_recovered.o
FUN_001a9488	target-function-alias	source-address-alias	src/ps2/progress13_cpp_personality_recovered.c;src/ps2/progress28_structural_lift_recovered.c	link-identity	ps2/progress28_structural_lift_recovered.o
FUN_001a9588	target-function-alias	source-address-alias	src/ps2/progress13_cpp_personality_recovered.c;src/ps2/progress28_structural_lift_recovered.c	link-identity	ps2/progress28_structural_lift_recovered.o
FUN_001a95f8	target-function-alias	source-address-alias	src/ps2/progress13_cpp_personality_recovered.c;src/ps2/progress28_structural_lift_recovered.c	link-identity	ps2/progress28_structural_lift_recovered.o
FUN_001a9698	target-function-alias	source-address-alias	src/ps2/progress13_cpp_personality_recovered.c;src/ps2/progress28_structural_lift_recovered.c	link-identity	ps2/progress28_structural_lift_recovered.o
FUN_001a9ca8	target-function-alias	source-address-alias	src/ps2/progress13_cpp_eh_recovered.c;src/ps2/progress28_structural_lift_recovered.c	link-identity	ps2/progress28_structural_lift_recovered.o
FUN_001a9d08	target-function-alias	source-address-alias	src/ps2/progress28_structural_lift_recovered.c	link-identity	ps2/progress28_structural_lift_recovered.o
FUN_001a9db8	target-function-alias	source-address-alias	src/ps2/progress13_cpp_eh_recovered.c;src/ps2/progress28_structural_lift_recovered.c	link-identity	ps2/progress28_structural_lift_recovered.o
FUN_001a9e40	target-function-alias	source-address-alias	src/ps2/progress13_cpp_eh_recovered.c;src/ps2/progress28_structural_lift_recovered.c	link-identity	ps2/progress28_structural_lift_recovered.o
FUN_001a9e88	target-function-alias	source-address-alias	src/app/main_bootstrap.c;src/ps2/progress13_cpp_eh_recovered.c;src/ps2/progress22_more_small_helpers_recovered.c;src/ps2/progress28_structural_lift_recovered.c	link-identity	ps2/progress28_structural_lift_recovered.o
FUN_001a9f68	target-function-alias	source-address-alias	src/ps2/cpp_runtime_recovered.c;src/ps2/progress28_structural_lift_recovered.c	link-identity	ps2/progress28_structural_lift_recovered.o
FUN_001aab20	target-function-alias	source-address-alias	src/ps2/libsupcxx_rtti_recovered.c;src/ps2/progress28_structural_lift_recovered.c	link-identity	ps2/progress28_structural_lift_recovered.o
FUN_001aafb8	target-function-alias	source-address-alias	src/ps2/libsupcxx_rtti_recovered.c;src/ps2/progress28_structural_lift_recovered.c	link-identity	ps2/progress28_structural_lift_recovered.o
FUN_001ab0f0	target-function-alias	source-address-alias	src/ps2/libsupcxx_rtti_recovered.c;src/ps2/progress28_structural_lift_recovered.c	link-identity	ps2/progress28_structural_lift_recovered.o
FUN_001ab308	target-function-alias	source-address-alias	src/ps2/libsupcxx_rtti_recovered.c;src/ps2/progress28_structural_lift_recovered.c	link-identity	ps2/progress28_structural_lift_recovered.o
FUN_001ab4e8	target-function-alias	source-address-alias	src/ps2/progress28_structural_lift_recovered.c;src/snes9x/getset_recovered.c	link-identity	ps2/progress28_structural_lift_recovered.o
FUN_001ab63c	target-function-alias	source-address-alias	src/ps2/progress28_structural_lift_recovered.c;src/snes9x/getset_recovered.c	link-identity	ps2/progress28_structural_lift_recovered.o
FUN_001ab900	target-function-alias	source-address-alias	src/ps2/progress28_structural_lift_recovered.c;src/snes9x/getset_recovered.c	link-identity	ps2/progress28_structural_lift_recovered.o
FUN_001abc28	target-function-alias	source-address-alias	src/ps2/progress28_structural_lift_recovered.c;src/snes9x/getset_recovered.c	link-identity	ps2/progress28_structural_lift_recovered.o
FUN_001ac024	target-function-alias	source-address-alias	src/ps2/progress28_structural_lift_recovered.c;src/snes9x/getset_recovered.c	link-identity	ps2/progress28_structural_lift_recovered.o
FUN_001ac734	target-function-alias	source-address-alias	src/ps2/progress28_structural_lift_recovered.c;src/snes9x/getset_recovered.c	link-identity	ps2/progress28_structural_lift_recovered.o
FUN_001ac838	target-function-alias	source-address-alias	src/ps2/progress28_structural_lift_recovered.c;src/snes9x/cpu_shutdown_renderer_select_recovered.c	link-identity	ps2/progress28_structural_lift_recovered.o
FlushCache_0019ceb0	ps2-runtime	historical-archive	PS2SDK runtime archives	archive-identity	ps2/gs_fifo_recovered.o;ps2/libmc_recovered.o
IPPU_FrameSync	named-program-data	program-data	reserved:program-data.o	program-data	ps2/path_helpers_recovered.o
LAB_0012f8a8	target-address-data	program-data	reserved:target-data.o	program-data	ps2/progress28_structural_lift_recovered.o
LAB_0012fb78	target-address-data	program-data	reserved:target-data.o	program-data	ps2/progress28_structural_lift_recovered.o
LAB_00170138	target-address-data	program-data	reserved:target-data.o	program-data	ps2/progress28_structural_lift_recovered.o
LAB_00170194	target-address-data	program-data	reserved:target-data.o	program-data	ps2/progress28_structural_lift_recovered.o
LAB_0018428c	target-address-data	program-data	reserved:target-data.o	program-data	ps2/progress28_structural_lift_recovered.o
LAB_001845a8	target-address-data	program-data	reserved:target-data.o	program-data	ps2/progress28_structural_lift_recovered.o
LAB_00184a40	target-address-data	program-data	reserved:target-data.o	program-data	ps2/progress28_structural_lift_recovered.o
LAB_00184d5c	target-address-data	program-data	reserved:target-data.o	program-data	ps2/progress28_structural_lift_recovered.o
LAB_001851f4	target-address-data	program-data	reserved:target-data.o	program-data	ps2/progress28_structural_lift_recovered.o
LAB_00185510	target-address-data	program-data	reserved:target-data.o	program-data	ps2/progress28_structural_lift_recovered.o
LAB_00185d8c	target-address-data	program-data	reserved:target-data.o	program-data	ps2/progress28_structural_lift_recovered.o
LAB_001860a8	target-address-data	program-data	reserved:target-data.o	program-data	ps2/progress28_structural_lift_recovered.o
LAB_00186540	target-address-data	program-data	reserved:target-data.o	program-data	ps2/progress28_structural_lift_recovered.o
LAB_0018685c	target-address-data	program-data	reserved:target-data.o	program-data	ps2/progress28_structural_lift_recovered.o
Memory_ROMFramesPerSecond	named-program-data	program-data	reserved:program-data.o	program-data	ps2/path_helpers_recovered.o
PTR_DAT_001bb31c	named-external	link-contract	reserved:link-contract	link-identity	ps2/progress28_structural_lift_recovered.o
PTR_DAT_003f4918	named-external	link-contract	reserved:link-contract	link-identity	ps2/progress28_structural_lift_recovered.o
PTR_DAT_003f4958	named-external	link-contract	reserved:link-contract	link-identity	ps2/progress28_structural_lift_recovered.o
PTR_DAT_003f4bf8	named-external	link-contract	reserved:link-contract	link-identity	ps2/progress28_structural_lift_recovered.o
PTR_FUN_003367f8	named-external	link-contract	reserved:link-contract	link-identity	ps2/progress28_structural_lift_recovered.o
PTR_FUN_00341658	named-external	link-contract	reserved:link-contract	link-identity	ps2/progress28_structural_lift_recovered.o
PTR_FUN_0034165c	named-external	link-contract	reserved:link-contract	link-identity	ps2/progress28_structural_lift_recovered.o
PTR_FUN_003fa628	named-external	link-contract	reserved:link-contract	link-identity	ps2/progress28_structural_lift_recovered.o
PTR_FUN_003fa62c	named-external	link-contract	reserved:link-contract	link-identity	ps2/progress28_structural_lift_recovered.o
PTR_FUN_004134f0	named-external	link-contract	reserved:link-contract	link-identity	ps2/progress28_structural_lift_recovered.o
PTR_FUN_00426d80	named-external	link-contract	reserved:link-contract	link-identity	ps2/progress28_structural_lift_recovered.o
PTR_LAB_0033594e	named-external	link-contract	reserved:link-contract	link-identity	ps2/progress28_structural_lift_recovered.o
PTR_LAB_00343b30	named-external	link-contract	reserved:link-contract	link-identity	ps2/progress28_structural_lift_recovered.o
PTR_LAB_00343b44	named-external	link-contract	reserved:link-contract	link-identity	ps2/progress28_structural_lift_recovered.o
PTR_LAB_00411010	named-external	link-contract	reserved:link-contract	link-identity	ps2/progress28_structural_lift_recovered.o
PTR_s_________________00344d30	named-external	link-contract	reserved:link-contract	link-identity	ps2/progress28_structural_lift_recovered.o
REG_GS_CSR	named-external	link-contract	reserved:link-contract	link-identity	ps2/progress28_structural_lift_recovered.o
S9xBuildDirectColourMaps_0014308c	target-address-symbol	source-address-alias	src/ps2/progress28_structural_lift_recovered.c;src/snes9x/draw_large_pixel_recovered.c;src/snes9x/progress11_core_recovered.c;src/snes9x/tile_16bit_recovered.c;src/snes9x/tile_color_math_recovered.c;src/snes9x/tile_draw_clipped_recovered.c;src/snes9x/tile_draw_recovered.c;src/snes9x/tile_large16_recovered.c;src/snes9x/tile_scaled_remaining_recovered.c;src/snes9x/tile_x2_recovered.c	link-identity	snes9x/draw_large_pixel_recovered.o;snes9x/tile_16bit_recovered.o;snes9x/tile_color_math_recovered.o;snes9x/tile_draw_clipped_recovered.o;snes9x/tile_draw_recovered.o;snes9x/tile_large16_recovered.o;snes9x/tile_scaled_remaining_recovered.o;snes9x/tile_x2_recovered.o
S9xSync_AudioActive	named-external	link-contract	reserved:link-contract	link-identity	ps2/path_helpers_recovered.o
S9xSync_AudioArg0	named-external	link-contract	reserved:link-contract	link-identity	ps2/path_helpers_recovered.o
S9xSync_AudioArg1	named-external	link-contract	reserved:link-contract	link-identity	ps2/path_helpers_recovered.o
S9xSync_AudioStep	named-external	link-contract	reserved:link-contract	link-identity	ps2/path_helpers_recovered.o
S9xSync_AutoFrameLatch	named-external	link-contract	reserved:link-contract	link-identity	ps2/path_helpers_recovered.o
S9xSync_PeriodCounter	named-external	link-contract	reserved:link-contract	link-identity	ps2/path_helpers_recovered.o
S9xSync_PeriodPrevious	named-external	link-contract	reserved:link-contract	link-identity	ps2/path_helpers_recovered.o
S9xSync_PeriodValue	named-external	link-contract	reserved:link-contract	link-identity	ps2/path_helpers_recovered.o
S9xSync_SetVolume	named-external	link-contract	reserved:link-contract	link-identity	ps2/path_helpers_recovered.o
SQRT	named-external	link-contract	reserved:link-contract	link-identity	ps2/progress28_structural_lift_recovered.o
SUB_00002214	named-external	link-contract	reserved:link-contract	link-identity	ps2/progress28_structural_lift_recovered.o
Settings_SkipFrames	named-program-data	program-data	reserved:program-data.o	program-data	ps2/path_helpers_recovered.o
SifAddCmdHandler	ps2-runtime	historical-archive	PS2SDK runtime archives	archive-identity	ps2/sifrpc_recovered.o
SifAllocIopHeap	ps2-runtime	historical-archive	PS2SDK runtime archives	archive-identity	ps2/load_module_buffer.o
SifBindRpc	ps2-runtime	historical-archive	PS2SDK runtime archives	archive-identity	ps2/cdvd_rpc_historical_recovered.o
SifCallRpc	ps2-runtime	historical-archive	PS2SDK runtime archives	archive-identity	ps2/cdvd_rpc_historical_recovered.o;ps2/fileio_recovered.o;ps2/loadfile_iop_recovered.o
SifExitCmd	ps2-runtime	historical-archive	PS2SDK runtime archives	archive-identity	ps2/sifrpc_recovered.o
SifFreeIopHeap	ps2-runtime	historical-archive	PS2SDK runtime archives	archive-identity	ps2/load_module_buffer.o
SifGetSreg	ps2-runtime	historical-archive	PS2SDK runtime archives	archive-identity	ps2/sifrpc_recovered.o
SifInitCmd	ps2-runtime	historical-archive	PS2SDK runtime archives	archive-identity	ps2/sifrpc_recovered.o
SifInitIopHeap_recovered	ps2-runtime	historical-archive	PS2SDK runtime archives	archive-identity	ps2/loadfile_iop_recovered.o
SifInitRpc	ps2-runtime	historical-archive	PS2SDK runtime archives	archive-identity	app/main_bootstrap.o
SifIopReset	ps2-runtime	historical-archive	PS2SDK runtime archives	archive-identity	app/main_bootstrap.o
SifLoadFileInit_recovered	ps2-runtime	historical-archive	PS2SDK runtime archives	archive-identity	ps2/loadfile_iop_recovered.o
SifLoadModule	ps2-runtime	historical-archive	PS2SDK runtime archives	archive-identity	app/main_bootstrap.o
SifLoadModuleBuffer	ps2-runtime	historical-archive	PS2SDK runtime archives	archive-identity	ps2/load_module_buffer.o
SifSendCmd	ps2-runtime	historical-archive	PS2SDK runtime archives	archive-identity	ps2/sifrpc_recovered.o
SifWriteBackDCache_0019cf10	ps2-runtime	historical-archive	PS2SDK runtime archives	archive-identity	ps2/libmc_recovered.o
UNK_00108000	target-address-data	program-data	reserved:target-data.o	program-data	ps2/progress28_structural_lift_recovered.o
UNK_001a6320	target-address-data	program-data	reserved:target-data.o	program-data	ps2/progress28_structural_lift_recovered.o
UNK_001b85c8	target-address-data	program-data	reserved:target-data.o	program-data	ps2/progress28_structural_lift_recovered.o
UNK_001ba7e0	target-address-data	program-data	reserved:target-data.o	program-data	ps2/progress28_structural_lift_recovered.o
UNK_00208000	target-address-data	program-data	reserved:target-data.o	program-data	ps2/progress28_structural_lift_recovered.o
UNK_003f2ed8	target-address-data	program-data	reserved:target-data.o	program-data	ps2/progress28_structural_lift_recovered.o
UNK_003f2ef8	target-address-data	program-data	reserved:target-data.o	program-data	ps2/progress28_structural_lift_recovered.o
UNK_003f2f18	target-address-data	program-data	reserved:target-data.o	program-data	ps2/progress28_structural_lift_recovered.o
UNK_003f2f38	target-address-data	program-data	reserved:target-data.o	program-data	ps2/progress28_structural_lift_recovered.o
UNK_003f2f58	target-address-data	program-data	reserved:target-data.o	program-data	ps2/progress28_structural_lift_recovered.o
UNK_00400001	target-address-data	program-data	reserved:target-data.o	program-data	ps2/progress28_structural_lift_recovered.o
UNK_00407fb0	target-address-data	program-data	reserved:target-data.o	program-data	ps2/progress28_structural_lift_recovered.o
UNK_00407fb2	target-address-data	program-data	reserved:target-data.o	program-data	ps2/progress28_structural_lift_recovered.o
UNK_00407fc0	target-address-data	program-data	reserved:target-data.o	program-data	ps2/progress28_structural_lift_recovered.o
UNK_0040ffb0	target-address-data	program-data	reserved:target-data.o	program-data	ps2/progress28_structural_lift_recovered.o
UNK_0040ffb2	target-address-data	program-data	reserved:target-data.o	program-data	ps2/progress28_structural_lift_recovered.o
UNK_0040ffc0	target-address-data	program-data	reserved:target-data.o	program-data	ps2/progress28_structural_lift_recovered.o
UNK_00420000	target-address-data	program-data	reserved:target-data.o	program-data	ps2/progress28_structural_lift_recovered.o
_DAT_001baf10	target-address-data	program-data	reserved:target-data.o	program-data	ps2/progress28_structural_lift_recovered.o
_DAT_001bb340	target-address-data	program-data	reserved:target-data.o	program-data	ps2/progress28_structural_lift_recovered.o
_DAT_00335938	target-address-data	program-data	reserved:target-data.o	program-data	ps2/progress28_structural_lift_recovered.o
_DAT_0033593a	target-address-data	program-data	reserved:target-data.o	program-data	ps2/progress28_structural_lift_recovered.o
_DAT_00335946	target-address-data	program-data	reserved:target-data.o	program-data	ps2/progress28_structural_lift_recovered.o
_DAT_00335948	target-address-data	program-data	reserved:target-data.o	program-data	ps2/progress28_structural_lift_recovered.o
_DAT_0033594a	target-address-data	program-data	reserved:target-data.o	program-data	ps2/progress28_structural_lift_recovered.o
_DAT_0033594c	target-address-data	program-data	reserved:target-data.o	program-data	ps2/progress28_structural_lift_recovered.o
_DAT_00340f94	target-address-data	program-data	reserved:target-data.o	program-data	ps2/progress28_structural_lift_recovered.o
_DAT_00340f96	target-address-data	program-data	reserved:target-data.o	program-data	ps2/progress28_structural_lift_recovered.o
_DAT_0034139e	target-address-data	program-data	reserved:target-data.o	program-data	ps2/progress28_structural_lift_recovered.o
_DAT_003413a0	target-address-data	program-data	reserved:target-data.o	program-data	ps2/progress28_structural_lift_recovered.o
_DAT_003413b0	target-address-data	program-data	reserved:target-data.o	program-data	ps2/progress28_structural_lift_recovered.o
_DAT_003413b2	target-address-data	program-data	reserved:target-data.o	program-data	ps2/progress28_structural_lift_recovered.o
_DAT_003413b4	target-address-data	program-data	reserved:target-data.o	program-data	ps2/progress28_structural_lift_recovered.o
_DAT_003413b6	target-address-data	program-data	reserved:target-data.o	program-data	ps2/progress28_structural_lift_recovered.o
_DAT_00341468	target-address-data	program-data	reserved:target-data.o	program-data	ps2/progress28_structural_lift_recovered.o
_DAT_0034146a	target-address-data	program-data	reserved:target-data.o	program-data	ps2/progress28_structural_lift_recovered.o
_DAT_0034146c	target-address-data	program-data	reserved:target-data.o	program-data	ps2/progress28_structural_lift_recovered.o
_DAT_0034146e	target-address-data	program-data	reserved:target-data.o	program-data	ps2/progress28_structural_lift_recovered.o
_DAT_003414c6	target-address-data	program-data	reserved:target-data.o	program-data	ps2/progress28_structural_lift_recovered.o
_DAT_003414c8	target-address-data	program-data	reserved:target-data.o	program-data	ps2/progress28_structural_lift_recovered.o
_DAT_003414ca	target-address-data	program-data	reserved:target-data.o	program-data	ps2/progress28_structural_lift_recovered.o
_DAT_003415bc	target-address-data	program-data	reserved:target-data.o	program-data	ps2/progress28_structural_lift_recovered.o
_DAT_003415be	target-address-data	program-data	reserved:target-data.o	program-data	ps2/progress28_structural_lift_recovered.o
_DAT_003415c0	target-address-data	program-data	reserved:target-data.o	program-data	ps2/progress28_structural_lift_recovered.o
_DAT_00341612	target-address-data	program-data	reserved:target-data.o	program-data	ps2/progress28_structural_lift_recovered.o
_DAT_00341620	target-address-data	program-data	reserved:target-data.o	program-data	ps2/progress28_structural_lift_recovered.o
_DAT_00341622	target-address-data	program-data	reserved:target-data.o	program-data	ps2/progress28_structural_lift_recovered.o
_DAT_00341624	target-address-data	program-data	reserved:target-data.o	program-data	ps2/progress28_structural_lift_recovered.o
_DAT_00342a84	target-address-data	program-data	reserved:target-data.o	program-data	ps2/progress28_structural_lift_recovered.o
_DAT_00345388	target-address-data	program-data	reserved:target-data.o	program-data	ps2/progress28_structural_lift_recovered.o
_DAT_003453a8	target-address-data	program-data	reserved:target-data.o	program-data	ps2/progress28_structural_lift_recovered.o
_DAT_003453b0	target-address-data	program-data	reserved:target-data.o	program-data	ps2/progress28_structural_lift_recovered.o
_DAT_003454d8	target-address-data	program-data	reserved:target-data.o	program-data	ps2/progress28_structural_lift_recovered.o
_DAT_0035b74c	target-address-data	program-data	reserved:target-data.o	program-data	ps2/progress28_structural_lift_recovered.o
_DAT_0035b752	target-address-data	program-data	reserved:target-data.o	program-data	ps2/progress28_structural_lift_recovered.o
_DAT_0035b75a	target-address-data	program-data	reserved:target-data.o	program-data	ps2/progress28_structural_lift_recovered.o
_DAT_0035b760	target-address-data	program-data	reserved:target-data.o	program-data	ps2/progress28_structural_lift_recovered.o
_DAT_0035b7b0	target-address-data	program-data	reserved:target-data.o	program-data	ps2/progress28_structural_lift_recovered.o
_DAT_0035bfec	target-address-data	program-data	reserved:target-data.o	program-data	ps2/progress28_structural_lift_recovered.o
_DAT_0035c29c	target-address-data	program-data	reserved:target-data.o	program-data	ps2/progress28_structural_lift_recovered.o
_DAT_0035d4d0	target-address-data	program-data	reserved:target-data.o	program-data	ps2/progress28_structural_lift_recovered.o
_DAT_0041350d	target-address-data	program-data	reserved:target-data.o	program-data	ps2/progress28_structural_lift_recovered.o
_DAT_00413511	target-address-data	program-data	reserved:target-data.o	program-data	ps2/progress28_structural_lift_recovered.o
_DAT_00413518	target-address-data	program-data	reserved:target-data.o	program-data	ps2/progress28_structural_lift_recovered.o
_DAT_00413540	target-address-data	program-data	reserved:target-data.o	program-data	ps2/progress28_structural_lift_recovered.o
_DAT_00423554	target-address-data	program-data	reserved:target-data.o	program-data	ps2/progress28_structural_lift_recovered.o
__ashlti3	compiler-runtime	historical-archive	libgcc	archive-identity	ps2/progress28_structural_lift_recovered.o
__fixunssfdi	compiler-runtime	historical-archive	libgcc	archive-identity	ps2/libgcc_runtime_recovered.o;ps2/progress28_structural_lift_recovered.o
__floatdisf	compiler-runtime	historical-archive	libgcc	archive-identity	ps2/libgcc_runtime_recovered.o;ps2/progress28_structural_lift_recovered.o
__lshrti3	compiler-runtime	historical-archive	libgcc	archive-identity	ps2/progress28_structural_lift_recovered.o
__muldi3	compiler-runtime	historical-archive	libgcc	archive-identity	ps2/address_leaf_recovered.o;ps2/libc_misc_recovered.o;ps2/progress13_cpp_personality_recovered.o;ps2/progress28_structural_lift_recovered.o;ps2/small_dispatch_recovered.o;snes9x/progress13_runtime_more_recovered.o;zlib/trees_recovered.o
__udivdi3	compiler-runtime	historical-archive	libgcc	archive-identity	ps2/progress28_structural_lift_recovered.o;ps2/ps2lib_formatter_recovered.o;snes9x/progress13_runtime_more_recovered.o
__umoddi3	compiler-runtime	historical-archive	libgcc	archive-identity	ps2/progress28_structural_lift_recovered.o;ps2/ps2lib_formatter_recovered.o;zlib/zutil_adler_recovered.o
_auStack_10e4	named-external	link-contract	reserved:link-contract	link-identity	ps2/progress28_structural_lift_recovered.o
abort	c-runtime	historical-archive	newlib/libc	archive-identity	ps2/gcc_fde_runtime_recovered.o;ps2/gcc_unwind_pe_recovered.o
bRam0042c800	named-external	link-contract	reserved:link-contract	link-identity	ps2/progress28_structural_lift_recovered.o
bRam0042c801	named-external	link-contract	reserved:link-contract	link-identity	ps2/progress28_structural_lift_recovered.o
bRam0042e888	named-external	link-contract	reserved:link-contract	link-identity	ps2/progress28_structural_lift_recovered.o
cRam00426e2a	named-external	link-contract	reserved:link-contract	link-identity	ps2/progress28_structural_lift_recovered.o
cRam00447700	named-external	link-contract	reserved:link-contract	link-identity	ps2/progress28_structural_lift_recovered.o
cRam1fc7ff52	named-external	link-contract	reserved:link-contract	link-identity	ps2/progress28_structural_lift_recovered.o
calloc	c-runtime	historical-archive	newlib/libc	archive-identity	zlib/zutil_adler_recovered.o
cosf	named-external	link-contract	reserved:link-contract	link-identity	snes9x/progress13_core_helpers_recovered.o
crc_table_001c8a80	named-external	link-contract	reserved:link-contract	link-identity	zlib/crc32_recovered.o
deflateEnd_00191308	zlib-peer	source-or-archive	zlib object family	link-identity	zlib/deflate_state_recovered.o;zlib/zlib_buffer_api_recovered.o
deflateInit2__001908ec	zlib-peer	source-or-archive	zlib object family	link-identity	zlib/zlib_buffer_api_recovered.o
deflateReset_00190d10	zlib-peer	source-or-archive	zlib object family	link-identity	zlib/deflate_state_recovered.o
embedded_amigamod_irx	embedded-binary	private-asset	reserved:embedded-assets.o	program-data	app/main_bootstrap.o
embedded_amigamod_irx_size	embedded-binary	private-asset	reserved:embedded-assets.o	program-data	app/main_bootstrap.o
embedded_cdvd_irx	embedded-binary	private-asset	reserved:embedded-assets.o	program-data	app/main_bootstrap.o
embedded_cdvd_irx_size	embedded-binary	private-asset	reserved:embedded-assets.o	program-data	app/main_bootstrap.o
embedded_credits_bytes	embedded-binary	private-asset	reserved:embedded-assets.o	program-data	app/main_flow_recovered.o
embedded_credits_xor	embedded-binary	private-asset	reserved:embedded-assets.o	program-data	app/main_flow_recovered.o
embedded_disclaimer_bytes	embedded-binary	private-asset	reserved:embedded-assets.o	program-data	app/main_flow_recovered.o
embedded_disclaimer_xor	embedded-binary	private-asset	reserved:embedded-assets.o	program-data	app/main_flow_recovered.o
embedded_sjpcm_irx	embedded-binary	private-asset	reserved:embedded-assets.o	program-data	app/main_bootstrap.o
embedded_sjpcm_irx_size	embedded-binary	private-asset	reserved:embedded-assets.o	program-data	app/main_bootstrap.o
errno	named-external	link-contract	reserved:link-contract	link-identity	ps2/newlib_mathfp_recovered.o
exit_wrapper_0019c5cc	target-address-symbol	source-address-alias	src/ps2/libmtap_recovered.c;src/ps2/small_dispatch_recovered.c	link-identity	ps2/libmtap_recovered.o
fRam0042c804	named-external	link-contract	reserved:link-contract	link-identity	ps2/progress28_structural_lift_recovered.o
fRam0042c808	named-external	link-contract	reserved:link-contract	link-identity	ps2/progress28_structural_lift_recovered.o
fRam0042c80c	named-external	link-contract	reserved:link-contract	link-identity	ps2/progress28_structural_lift_recovered.o
fRam0042c810	named-external	link-contract	reserved:link-contract	link-identity	ps2/progress28_structural_lift_recovered.o
fRam0042c814	named-external	link-contract	reserved:link-contract	link-identity	ps2/progress28_structural_lift_recovered.o
fRam0042c818	named-external	link-contract	reserved:link-contract	link-identity	ps2/progress28_structural_lift_recovered.o
fRam0042c81c	named-external	link-contract	reserved:link-contract	link-identity	ps2/progress28_structural_lift_recovered.o
fioClose_like	ps2-runtime	historical-archive	PS2SDK runtime archives	archive-identity	snes9x/sram_recovered.o;zlib/gzio_recovered.o
fioInit_recovered	ps2-runtime	historical-archive	PS2SDK runtime archives	archive-identity	ps2/fileio_recovered.o
fioOpen_like	ps2-runtime	historical-archive	PS2SDK runtime archives	archive-identity	snes9x/sram_recovered.o;zlib/gzio_recovered.o
fioPutc_like_0019d534	ps2-runtime	historical-archive	PS2SDK runtime archives	archive-identity	zlib/gzio_recovered.o
fioRead_like	ps2-runtime	historical-archive	PS2SDK runtime archives	archive-identity	snes9x/sram_recovered.o;zlib/gzio_recovered.o
fioSeek_like_0019d360	ps2-runtime	historical-archive	PS2SDK runtime archives	archive-identity	zlib/gzio_recovered.o
fioWrite_like	ps2-runtime	historical-archive	PS2SDK runtime archives	archive-identity	snes9x/sram_recovered.o;zlib/gzio_recovered.o
fixed_td_00425870	named-external	link-contract	reserved:link-contract	link-identity	zlib/inftrees_recovered.o
fixed_tl_00424870	named-external	link-contract	reserved:link-contract	link-identity	zlib/inftrees_recovered.o
free	c-runtime	historical-archive	newlib/libc	archive-identity	ps2/gcc_fde_runtime_recovered.o;ps2/libsupcxx_rtti_recovered.o;snes9x/apu_alloc_recovered.o;snes9x/memory_cleanup_recovered.o;unzip/explode_recovered.o;unzip/unzip_api_recovered.o;zlib/gzio_recovered.o;zlib/zutil_adler_recovered.o
free_like_0019e784	target-address-symbol	source-address-alias	src/ps2/gspipe_recovered.c;src/ps2/libkernel_heap_recovered.c;src/ps2/progress28_structural_lift_recovered.c	link-identity	ps2/gspipe_recovered.o
g_Memory	named-program-data	program-data	reserved:program-data.o	program-data	app/main_flow_recovered.o
g_Settings_blob	named-program-data	program-data	reserved:program-data.o	program-data	app/main_flow_recovered.o
g_apu_state_00345498	named-program-data	program-data	reserved:program-data.o	program-data	snes9x/apu_alloc_recovered.o
g_bg_bitshift	named-program-data	program-data	reserved:program-data.o	program-data	snes9x/tile_converter_recovered.o
g_bg_blob	named-program-data	program-data	reserved:program-data.o	program-data	snes9x/draw_large_pixel_recovered.o;snes9x/tile_16bit_recovered.o;snes9x/tile_color_math_recovered.o;snes9x/tile_draw_clipped_recovered.o;snes9x/tile_draw_recovered.o;snes9x/tile_large16_recovered.o;snes9x/tile_scaled_remaining_recovered.o;snes9x/tile_x2_recovered.o
g_direct_colour_maps	named-program-data	program-data	reserved:program-data.o	program-data	snes9x/draw_large_pixel_recovered.o;snes9x/tile_16bit_recovered.o;snes9x/tile_color_math_recovered.o;snes9x/tile_draw_clipped_recovered.o;snes9x/tile_draw_recovered.o;snes9x/tile_large16_recovered.o;snes9x/tile_scaled_remaining_recovered.o;snes9x/tile_x2_recovered.o
g_direct_colour_maps_need_rebuild	named-program-data	program-data	reserved:program-data.o	program-data	snes9x/draw_large_pixel_recovered.o;snes9x/tile_16bit_recovered.o;snes9x/tile_color_math_recovered.o;snes9x/tile_draw_clipped_recovered.o;snes9x/tile_draw_recovered.o;snes9x/tile_large16_recovered.o;snes9x/tile_scaled_remaining_recovered.o;snes9x/tile_x2_recovered.o
g_even_high	named-program-data	program-data	reserved:program-data.o	program-data	snes9x/tile_converter_recovered.o;snes9x/tile_lookup_tables_recovered.o
g_even_low	named-program-data	program-data	reserved:program-data.o	program-data	snes9x/tile_converter_recovered.o;snes9x/tile_lookup_tables_recovered.o
g_fillram_0034e2c4	named-program-data	program-data	reserved:program-data.o	program-data	ps2/progress22_more_small_helpers_recovered.o
g_frontend_driver_001bb2c0	named-program-data	program-data	reserved:program-data.o	program-data	ps2/progress11_frontend_recovered.o;ps2/progress22_more_small_helpers_recovered.o
g_frontend_font_001bb748	named-program-data	program-data	reserved:program-data.o	program-data	ps2/progress22_more_small_helpers_recovered.o
g_gfx_blob	named-program-data	program-data	reserved:program-data.o	program-data	snes9x/draw_large_pixel_recovered.o;snes9x/tile_16bit_recovered.o;snes9x/tile_color_math_recovered.o;snes9x/tile_draw_clipped_recovered.o;snes9x/tile_draw_recovered.o;snes9x/tile_large16_recovered.o;snes9x/tile_pixel_helpers_recovered.o;snes9x/tile_scaled_remaining_recovered.o;snes9x/tile_x2_recovered.o
g_head_mask	named-program-data	program-data	reserved:program-data.o	program-data	snes9x/tile_16bit_recovered.o;snes9x/tile_color_math_recovered.o;snes9x/tile_draw_clipped_recovered.o;snes9x/tile_scaled_remaining_recovered.o
g_loaded_rom_path	named-program-data	program-data	reserved:program-data.o	program-data	ps2/path_helpers_recovered.o
g_memory_card_available	named-program-data	program-data	reserved:program-data.o	program-data	app/main_flow_recovered.o
g_memory_state_001c3ab0	named-program-data	program-data	reserved:program-data.o	program-data	ps2/libmtap_recovered.o
g_memory_vram	named-program-data	program-data	reserved:program-data.o	program-data	snes9x/tile_converter_recovered.o
g_odd_high	named-program-data	program-data	reserved:program-data.o	program-data	snes9x/tile_converter_recovered.o;snes9x/tile_lookup_tables_recovered.o
g_odd_low	named-program-data	program-data	reserved:program-data.o	program-data	snes9x/tile_converter_recovered.o;snes9x/tile_lookup_tables_recovered.o
g_p12_memory	named-program-data	program-data	reserved:program-data.o	program-data	ps2/progress12_io_state_recovered.o
g_p12_sdd1_dat_extension	named-program-data	program-data	reserved:program-data.o	program-data	ps2/progress12_io_state_recovered.o
g_p21_state_extension_prefix_001b1348	named-program-data	program-data	reserved:program-data.o	program-data	ps2/progress21_small_helpers_recovered.o
g_p21_toc_anchor_00427010	named-program-data	program-data	reserved:program-data.o	program-data	ps2/progress21_small_helpers_recovered.o
g_screen_colors	named-program-data	program-data	reserved:program-data.o	program-data	snes9x/draw_large_pixel_recovered.o;snes9x/tile_16bit_recovered.o;snes9x/tile_color_math_recovered.o;snes9x/tile_draw_clipped_recovered.o;snes9x/tile_draw_recovered.o;snes9x/tile_large16_recovered.o;snes9x/tile_scaled_remaining_recovered.o;snes9x/tile_x2_recovered.o
g_selected_rom_path	named-program-data	program-data	reserved:program-data.o	program-data	app/main_flow_recovered.o
g_settings_54	named-program-data	program-data	reserved:program-data.o	program-data	snes9x/sram_recovered.o
g_settings_64	named-program-data	program-data	reserved:program-data.o	program-data	snes9x/sram_recovered.o
g_settings_66	named-program-data	program-data	reserved:program-data.o	program-data	snes9x/sram_recovered.o
g_shrink_workspace_recovered	named-program-data	program-data	reserved:program-data.o	program-data	unzip/unshrink_recovered.o
g_special_load_flag	named-program-data	program-data	reserved:program-data.o	program-data	snes9x/sram_recovered.o
g_special_save_enable	named-program-data	program-data	reserved:program-data.o	program-data	snes9x/sram_recovered.o
g_sram	named-program-data	program-data	reserved:program-data.o	program-data	snes9x/sram_recovered.o
g_sram_initial_value	named-program-data	program-data	reserved:program-data.o	program-data	snes9x/sram_recovered.o
g_sram_size	named-program-data	program-data	reserved:program-data.o	program-data	snes9x/sram_recovered.o
g_state_003454e0	named-program-data	program-data	reserved:program-data.o	program-data	ps2/progress22_more_small_helpers_recovered.o
g_tail_mask	named-program-data	program-data	reserved:program-data.o	program-data	snes9x/tile_16bit_recovered.o;snes9x/tile_color_math_recovered.o;snes9x/tile_draw_clipped_recovered.o;snes9x/tile_scaled_remaining_recovered.o
g_tile_cache_state	named-program-data	program-data	reserved:program-data.o	program-data	snes9x/memory_init_recovered.o
g_unz_ops_recovered	named-program-data	program-data	reserved:program-data.o	program-data	unzip/unzip_api_recovered.o
g_zip_io_recovered	named-program-data	program-data	reserved:program-data.o	program-data	unzip/explode_recovered.o;unzip/unreduce_recovered.o;unzip/unshrink_recovered.o
gzopen	zlib-peer	source-or-archive	zlib object family	link-identity	ps2/small_dispatch_recovered.o
iFlushCache_0019cec0	target-address-symbol	source-address-alias	src/ps2/gs_fifo_recovered.c;src/ps2/libkernel_leaf_recovered.c	link-identity	ps2/gs_fifo_recovered.o
iRam00426e2c	named-external	link-contract	reserved:link-contract	link-identity	ps2/progress28_structural_lift_recovered.o
iRam00426e34	named-external	link-contract	reserved:link-contract	link-identity	ps2/progress28_structural_lift_recovered.o
iRam00426e38	named-external	link-contract	reserved:link-contract	link-identity	ps2/progress28_structural_lift_recovered.o
iRam00426e40	named-external	link-contract	reserved:link-contract	link-identity	ps2/progress28_structural_lift_recovered.o
iRam00426e80	named-external	link-contract	reserved:link-contract	link-identity	ps2/progress28_structural_lift_recovered.o
iRam00427000	named-external	link-contract	reserved:link-contract	link-identity	ps2/progress28_structural_lift_recovered.o
iRam00427004	named-external	link-contract	reserved:link-contract	link-identity	ps2/progress28_structural_lift_recovered.o
iRam00427008	named-external	link-contract	reserved:link-contract	link-identity	ps2/progress28_structural_lift_recovered.o
iRam00427010	named-external	link-contract	reserved:link-contract	link-identity	ps2/progress28_structural_lift_recovered.o
iRam0042c764	named-external	link-contract	reserved:link-contract	link-identity	ps2/progress28_structural_lift_recovered.o
iRam0042c7a4	named-external	link-contract	reserved:link-contract	link-identity	ps2/progress28_structural_lift_recovered.o
iRam0042c7e4	named-external	link-contract	reserved:link-contract	link-identity	ps2/progress28_structural_lift_recovered.o
iRam0042e87c	named-external	link-contract	reserved:link-contract	link-identity	ps2/progress28_structural_lift_recovered.o
iRam0042e880	named-external	link-contract	reserved:link-contract	link-identity	ps2/progress28_structural_lift_recovered.o
iRam0042e884	named-external	link-contract	reserved:link-contract	link-identity	ps2/progress28_structural_lift_recovered.o
iRam0043ecc0	named-external	link-contract	reserved:link-contract	link-identity	ps2/progress28_structural_lift_recovered.o
iRam0043ecc4	named-external	link-contract	reserved:link-contract	link-identity	ps2/progress28_structural_lift_recovered.o
iRam0043ecc8	named-external	link-contract	reserved:link-contract	link-identity	ps2/progress28_structural_lift_recovered.o
iRam0043eccc	named-external	link-contract	reserved:link-contract	link-identity	ps2/progress28_structural_lift_recovered.o
iSifSendCmd	named-external	link-contract	reserved:link-contract	link-identity	ps2/sifrpc_recovered.o
inflateEnd_00192784	zlib-peer	source-or-archive	zlib object family	link-identity	zlib/zlib_buffer_api_recovered.o
inflateInit__00192948	zlib-peer	source-or-archive	zlib object family	link-identity	zlib/zlib_buffer_api_recovered.o
inflate_0019296c	zlib-peer	source-or-archive	zlib object family	link-identity	zlib/zlib_buffer_api_recovered.o
isdigit	named-external	link-contract	reserved:link-contract	link-identity	ps2/progress21_small_helpers_recovered.o
isinf	named-external	link-contract	reserved:link-contract	link-identity	ps2/libgcc_runtime_recovered.o
isnan	named-external	link-contract	reserved:link-contract	link-identity	ps2/libgcc_runtime_recovered.o
load_config_00106054	target-address-symbol	source-address-alias	src/app/main_flow_recovered.c;src/ps2/progress11_frontend_recovered.c;src/ps2/progress28_structural_lift_recovered.c	link-identity	app/main_flow_recovered.o
lrintf	named-external	link-contract	reserved:link-contract	link-identity	ps2/progress11_frontend_recovered.o;snes9x/progress13_core_helpers_recovered.o
malloc	c-runtime	historical-archive	newlib/libc	archive-identity	ps2/gcc_fde_runtime_recovered.o;ps2/libsupcxx_rtti_recovered.o;snes9x/apu_alloc_recovered.o;snes9x/memory_init_recovered.o;unzip/explode_recovered.o;unzip/unzip_api_recovered.o;zlib/gzio_recovered.o
mcInit	ps2-runtime	historical-archive	PS2SDK runtime archives	archive-identity	app/main_bootstrap.o
memalign_like_0019e698	target-address-symbol	source-address-alias	src/ps2/gspipe_recovered.c;src/ps2/libkernel_heap_recovered.c;src/ps2/progress22_more_small_helpers_recovered.c;src/ps2/progress28_structural_lift_recovered.c	link-identity	ps2/gspipe_recovered.o
memcmp	c-runtime	historical-archive	newlib/libc	archive-identity	ps2/progress21_small_helpers_recovered.o;ps2/progress27_large_state_cpu_batch_recovered.o
memcpy	c-runtime	historical-archive	newlib/libc	archive-identity	ps2/cdvd_rpc_historical_recovered.o;ps2/fileio_recovered.o;ps2/gcc_fde_runtime_recovered.o;ps2/gcc_unwind_pe_recovered.o;ps2/gs_fifo_recovered.o;ps2/gsfont_recovered.o;ps2/gspipe_recovered.o;ps2/libgcc_runtime_recovered.o;ps2/libmc_recovered.o;ps2/libpad_recovered.o;ps2/loadfile_iop_recovered.o;ps2/newlib_mathfp_recovered.o;ps2/progress12_io_state_recovered.o;ps2/progress13_cpp_eh_recovered.o;ps2/progress15_pad_init_recovered.o;ps2/progress23_audio_helpers_recovered.o;ps2/progress27_large_state_cpu_batch_recovered.o;ps2/sifcmd_recovered.o;snes9x/progress11_core_recovered.o;snes9x/progress13_frontend_more_recovered.o;snes9x/progress13_runtime_more_recovered.o;unzip/explode_recovered.o;unzip/unreduce_recovered.o;zlib/deflate_state_recovered.o;zlib/gzio_recovered.o
memcpy_like_0019c364	target-address-symbol	source-address-alias	src/ps2/gspipe_recovered.c;src/ps2/libkernel_strings_recovered.c;src/ps2/progress28_structural_lift_recovered.c	link-identity	ps2/gspipe_recovered.o
memmove	c-runtime	historical-archive	newlib/libc	archive-identity	ps2/progress26_dsp_runtime_batch_recovered.o;unzip/explode_recovered.o;zlib/deflate_engine_recovered.o;zlib/deflate_state_recovered.o;zlib/infblock_engine_recovered.o;zlib/infblock_frontend_recovered.o;zlib/infutil_recovered.o
memmove_like	named-external	link-contract	reserved:link-contract	link-identity	snes9x/sram_recovered.o
memory_card_setup_0010689c	target-address-symbol	source-address-alias	src/app/main_flow_recovered.c;src/ps2/progress28_structural_lift_recovered.c	link-identity	app/main_flow_recovered.o
memset	c-runtime	historical-archive	newlib/libc	archive-identity	app/main_flow_recovered.o;ps2/gcc_fde_runtime_recovered.o;ps2/libpad_recovered.o;ps2/libsupcxx_rtti_recovered.o;ps2/loadfile_iop_recovered.o;ps2/progress13_cpp_eh_recovered.o;ps2/progress22_more_small_helpers_recovered.o;ps2/progress24_core_helpers_recovered.o;ps2/progress25_small_core_helpers_recovered.o;ps2/progress26_dsp_runtime_batch_recovered.o;ps2/progress27_large_state_cpu_batch_recovered.o;ps2/sifcmd_recovered.o;ps2/small_dispatch_recovered.o;snes9x/memory_init_recovered.o;snes9x/progress11_core_recovered.o;snes9x/progress13_core_helpers_recovered.o;snes9x/progress13_frontend_more_recovered.o;snes9x/progress13_runtime_more_recovered.o;snes9x/sram_recovered.o;unzip/explode_recovered.o;unzip/unreduce_recovered.o;zlib/deflate_engine_recovered.o;zlib/deflate_state_recovered.o;zlib/gzio_recovered.o;zlib/infblock_frontend_recovered.o;zlib/inflate_state_recovered.o;zlib/zlib_buffer_api_recovered.o
operator_new_001a9e88	target-address-symbol	source-address-alias	src/app/main_bootstrap.c;src/ps2/progress13_cpp_eh_recovered.c;src/ps2/progress22_more_small_helpers_recovered.c;src/ps2/progress28_structural_lift_recovered.c	link-identity	ps2/progress22_more_small_helpers_recovered.o
operator_new_u32	named-external	link-contract	reserved:link-contract	link-identity	app/main_bootstrap.o
per_rom_cleanup_00151330	target-address-symbol	source-address-alias	src/app/main_flow_recovered.c;src/ps2/libmtap_recovered.c;src/ps2/progress28_structural_lift_recovered.c;src/snes9x/memory_cleanup_recovered.c;src/snes9x/memory_init_recovered.c	link-identity	ps2/libmtap_recovered.o
printf	c-runtime	historical-archive	newlib/libc	archive-identity	ps2/gspipe_recovered.o
ps2_add_intc_handler_recovered	named-external	link-contract	reserved:link-contract	link-identity	ps2/gsdriver_recovered.o
ps2_bios_syscall_2_recovered	named-external	link-contract	reserved:link-contract	link-identity	ps2/gsdriver_recovered.o
ps2_disable_intc_recovered	named-external	link-contract	reserved:link-contract	link-identity	ps2/gsdriver_recovered.o
ps2_enable_intc_recovered	named-external	link-contract	reserved:link-contract	link-identity	ps2/gsdriver_recovered.o
ps2_gs_put_imr_recovered	named-external	link-contract	reserved:link-contract	link-identity	ps2/gsdriver_recovered.o
ps2_remove_intc_handler_recovered	named-external	link-contract	reserved:link-contract	link-identity	ps2/gsdriver_recovered.o
puRam00426fc4	named-external	link-contract	reserved:link-contract	link-identity	ps2/progress28_structural_lift_recovered.o
puRam00447754	named-external	link-contract	reserved:link-contract	link-identity	ps2/progress28_structural_lift_recovered.o
puRam00447758	named-external	link-contract	reserved:link-contract	link-identity	ps2/progress28_structural_lift_recovered.o
puts	c-runtime	historical-archive	newlib/libc	archive-identity	app/main_bootstrap.o;app/main_flow_recovered.o
restart_embedded_mod_00105d78	target-address-symbol	source-address-alias	src/app/main_flow_recovered.c;src/ps2/progress28_structural_lift_recovered.c;src/ps2/small_dispatch_recovered.c	link-identity	app/main_flow_recovered.o
s_THIS_SCRIPT_WAS_STOLEN_001b6ed0	named-external	link-contract	reserved:link-contract	link-identity	ps2/progress28_structural_lift_recovered.o
sinf	named-external	link-contract	reserved:link-contract	link-identity	snes9x/progress13_core_helpers_recovered.o
snes_data_001b0000	named-external	link-contract	reserved:link-contract	link-identity	ps2/address_leaf_recovered.o
snes_memory_helper_00150f54	target-address-symbol	source-address-alias	src/ps2/progress27_large_state_cpu_batch_recovered.c;src/ps2/progress28_structural_lift_recovered.c;src/snes9x/memory_cleanup_recovered.c	link-identity	snes9x/memory_cleanup_recovered.o
snes_p12_compare_sdd1_entries	named-external	link-contract	reserved:link-contract	link-identity	ps2/progress12_io_state_recovered.o
snes_p12_fio_close	named-external	link-contract	reserved:link-contract	link-identity	ps2/progress12_io_state_recovered.o
snes_p12_fio_open	named-external	link-contract	reserved:link-contract	link-identity	ps2/progress12_io_state_recovered.o
snes_p12_fio_read	named-external	link-contract	reserved:link-contract	link-identity	ps2/progress12_io_state_recovered.o
snes_p12_fio_write	named-external	link-contract	reserved:link-contract	link-identity	ps2/progress12_io_state_recovered.o
snes_p12_get_filename	named-external	link-contract	reserved:link-contract	link-identity	ps2/progress12_io_state_recovered.o
snes_p12_qsort	named-external	link-contract	reserved:link-contract	link-identity	ps2/progress12_io_state_recovered.o
snes_ram_003f4be8	named-external	link-contract	reserved:link-contract	link-identity	ps2/address_leaf_recovered.o
snes_state_0035e2c4	named-external	link-contract	reserved:link-contract	link-identity	ps2/address_leaf_recovered.o
snes_udivmoddi4_001a7788	target-address-symbol	source-address-alias	src/ps2/progress21_small_helpers_recovered.c;src/ps2/progress28_structural_lift_recovered.c	link-identity	ps2/progress21_small_helpers_recovered.o
snes_vtable_00426c28	vtable-or-rtti	program-data	reserved:vtable-data.o	program-data	ps2/address_leaf_recovered.o
snprintf	c-runtime	historical-archive	newlib/libc	archive-identity	ps2/small_dispatch_recovered.o;snes9x/memmap_metadata_recovered.o
sprintf	c-runtime	historical-archive	newlib/libc	archive-identity	ps2/path_helpers_recovered.o;ps2/progress12_io_state_recovered.o;zlib/gzio_recovered.o
sqrtf	named-external	link-contract	reserved:link-contract	link-identity	ps2/newlib_mathfp_recovered.o
stack0x00000000	named-external	link-contract	reserved:link-contract	link-identity	ps2/progress28_structural_lift_recovered.o
stack0xffffef20	named-external	link-contract	reserved:link-contract	link-identity	ps2/progress28_structural_lift_recovered.o
stack0xffffef90	named-external	link-contract	reserved:link-contract	link-identity	ps2/progress28_structural_lift_recovered.o
stack0xffffef98	named-external	link-contract	reserved:link-contract	link-identity	ps2/progress28_structural_lift_recovered.o
stack0xffffefa4	named-external	link-contract	reserved:link-contract	link-identity	ps2/progress28_structural_lift_recovered.o
strcasecmp	named-external	link-contract	reserved:link-contract	link-identity	ps2/audio_rpc_recovered.o
strcat	c-runtime	historical-archive	newlib/libc	archive-identity	ps2/path_helpers_recovered.o;zlib/gzio_recovered.o
strchr	c-runtime	historical-archive	newlib/libc	archive-identity	ps2/path_helpers_recovered.o;ps2/progress21_small_helpers_recovered.o
strcmp	c-runtime	historical-archive	newlib/libc	archive-identity	unzip/unzip_api_recovered.o
strcpy	c-runtime	historical-archive	newlib/libc	archive-identity	ps2/libpad_recovered.o;ps2/path_helpers_recovered.o;snes9x/memmap_metadata_recovered.o;zlib/gzio_recovered.o
strlen	c-runtime	historical-archive	newlib/libc	archive-identity	ps2/libmc_recovered.o;ps2/loadfile_iop_recovered.o;ps2/path_helpers_recovered.o;ps2/progress27_large_state_cpu_batch_recovered.o;unzip/unzip_api_recovered.o;zlib/gzio_recovered.o
strncpy	c-runtime	historical-archive	newlib/libc	archive-identity	ps2/cdvd_rpc_historical_recovered.o;ps2/fileio_recovered.o;ps2/libmc_recovered.o;ps2/loadfile_iop_recovered.o;ps2/path_helpers_recovered.o;ps2/progress21_small_helpers_recovered.o
strrchr	c-runtime	historical-archive	newlib/libc	archive-identity	ps2/audio_rpc_recovered.o;ps2/path_helpers_recovered.o;ps2/progress21_small_helpers_recovered.o
strtol	c-runtime	historical-archive	newlib/libc	archive-identity	ps2/progress21_small_helpers_recovered.o;ps2/progress27_large_state_cpu_batch_recovered.o
sub_001019a8	target-function-alias	source-address-alias	src/ps2/progress22_more_small_helpers_recovered.c;src/ps2/progress25_small_core_helpers_recovered.c;src/ps2/progress28_structural_lift_recovered.c	link-identity	ps2/progress22_more_small_helpers_recovered.o
sub_00101b64	target-function-alias	source-address-alias	src/ps2/progress22_more_small_helpers_recovered.c;src/ps2/progress25_small_core_helpers_recovered.c;src/ps2/progress28_structural_lift_recovered.c	link-identity	ps2/progress22_more_small_helpers_recovered.o
sub_00101ef0	target-function-alias	source-address-alias	src/app/main_flow_recovered.c;src/ps2/progress28_structural_lift_recovered.c	link-identity	app/main_flow_recovered.o
sub_00104a54	target-function-alias	source-address-alias	src/app/main_flow_recovered.c;src/ps2/libmtap_recovered.c;src/ps2/progress28_structural_lift_recovered.c	link-identity	app/main_flow_recovered.o
sub_001060dc	target-function-alias	source-address-alias	src/app/main_flow_recovered.c;src/ps2/progress28_structural_lift_recovered.c	link-identity	app/main_flow_recovered.o
sub_00106824	target-function-alias	source-address-alias	src/app/main_flow_recovered.c;src/ps2/progress12_io_state_recovered.c;src/ps2/progress28_structural_lift_recovered.c	link-identity	app/main_flow_recovered.o
sub_00116128	target-function-alias	source-address-alias	src/ps2/address_leaf_recovered.c;src/ps2/progress22_more_small_helpers_recovered.c;src/ps2/progress28_structural_lift_recovered.c	link-identity	ps2/progress22_more_small_helpers_recovered.o
sub_001309c4	target-function-alias	source-address-alias	src/ps2/progress22_more_small_helpers_recovered.c;src/ps2/progress26_dsp_runtime_batch_recovered.c	link-identity	ps2/progress22_more_small_helpers_recovered.o
sub_0016fb04	target-function-alias	source-address-alias	src/ps2/progress12_io_state_recovered.c;src/snes9x/sram_recovered.c	link-identity	snes9x/sram_recovered.o
sub_0016fbb4	target-function-alias	source-address-alias	src/ps2/progress12_io_state_recovered.c;src/snes9x/sram_recovered.c	link-identity	snes9x/sram_recovered.o
sub_001833a4	target-function-alias	source-address-alias	src/snes9x/progress13_frontend_more_recovered.c;src/snes9x/sram_recovered.c	link-identity	snes9x/sram_recovered.o
sub_00183660	target-function-alias	source-address-alias	src/ps2/address_leaf_recovered.c;src/ps2/progress24_core_helpers_recovered.c;src/snes9x/sram_recovered.c	link-identity	snes9x/sram_recovered.o
sub_00183678	target-function-alias	source-address-alias	src/ps2/small_dispatch_recovered.c;src/snes9x/sram_recovered.c	link-identity	snes9x/sram_recovered.o
sub_00183c58	target-function-alias	source-address-alias	src/ps2/progress12_io_state_recovered.c;src/ps2/progress28_structural_lift_recovered.c;src/snes9x/sram_recovered.c	link-identity	snes9x/sram_recovered.o
sub_00183d40	target-function-alias	source-address-alias	src/ps2/progress12_io_state_recovered.c;src/ps2/progress28_structural_lift_recovered.c;src/snes9x/sram_recovered.c	link-identity	snes9x/sram_recovered.o
switchdataD_001b18f8	named-external	link-contract	reserved:link-contract	link-identity	ps2/progress28_structural_lift_recovered.o
switchdataD_001ba82c	named-external	link-contract	reserved:link-contract	link-identity	ps2/progress28_structural_lift_recovered.o
switchdataD_001baad0	named-external	link-contract	reserved:link-contract	link-identity	ps2/progress28_structural_lift_recovered.o
syscall	named-external	link-contract	reserved:link-contract	link-identity	ps2/progress28_structural_lift_recovered.o
target_video_mode_byte_001fc752	named-external	link-contract	reserved:link-contract	link-identity	ps2/gsdriver_recovered.o
top_level_gui_00102ab0	target-address-symbol	source-address-alias	src/app/main_flow_recovered.c;src/ps2/progress28_structural_lift_recovered.c	link-identity	app/main_flow_recovered.o
trap	named-external	link-contract	reserved:link-contract	link-identity	ps2/progress28_structural_lift_recovered.o
uRam00426e20	named-external	link-contract	reserved:link-contract	link-identity	ps2/progress28_structural_lift_recovered.o
uRam00426e3c	named-external	link-contract	reserved:link-contract	link-identity	ps2/progress28_structural_lift_recovered.o
uRam00426fa4	named-external	link-contract	reserved:link-contract	link-identity	ps2/progress28_structural_lift_recovered.o
uRam00426fb4	named-external	link-contract	reserved:link-contract	link-identity	ps2/progress28_structural_lift_recovered.o
uRam00427000	named-external	link-contract	reserved:link-contract	link-identity	ps2/progress28_structural_lift_recovered.o
uRam00427004	named-external	link-contract	reserved:link-contract	link-identity	ps2/progress28_structural_lift_recovered.o
uRam00427008	named-external	link-contract	reserved:link-contract	link-identity	ps2/progress28_structural_lift_recovered.o
uRam0042c804	named-external	link-contract	reserved:link-contract	link-identity	ps2/progress28_structural_lift_recovered.o
uRam0042d338	named-external	link-contract	reserved:link-contract	link-identity	ps2/progress28_structural_lift_recovered.o
uRam0042d339	named-external	link-contract	reserved:link-contract	link-identity	ps2/progress28_structural_lift_recovered.o
uRam0042d33a	named-external	link-contract	reserved:link-contract	link-identity	ps2/progress28_structural_lift_recovered.o
uRam00447701	named-external	link-contract	reserved:link-contract	link-identity	ps2/progress28_structural_lift_recovered.o
uRam00447702	named-external	link-contract	reserved:link-contract	link-identity	ps2/progress28_structural_lift_recovered.o
uRam00447703	named-external	link-contract	reserved:link-contract	link-identity	ps2/progress28_structural_lift_recovered.o
uRam00447704	named-external	link-contract	reserved:link-contract	link-identity	ps2/progress28_structural_lift_recovered.o
uRam00447705	named-external	link-contract	reserved:link-contract	link-identity	ps2/progress28_structural_lift_recovered.o
uRam00447706	named-external	link-contract	reserved:link-contract	link-identity	ps2/progress28_structural_lift_recovered.o
uRam00447707	named-external	link-contract	reserved:link-contract	link-identity	ps2/progress28_structural_lift_recovered.o
uRam00447708	named-external	link-contract	reserved:link-contract	link-identity	ps2/progress28_structural_lift_recovered.o
uRam00447709	named-external	link-contract	reserved:link-contract	link-identity	ps2/progress28_structural_lift_recovered.o
uRam0044770a	named-external	link-contract	reserved:link-contract	link-identity	ps2/progress28_structural_lift_recovered.o
uRam0044770b	named-external	link-contract	reserved:link-contract	link-identity	ps2/progress28_structural_lift_recovered.o
uRam0044770c	named-external	link-contract	reserved:link-contract	link-identity	ps2/progress28_structural_lift_recovered.o
uRam0044770d	named-external	link-contract	reserved:link-contract	link-identity	ps2/progress28_structural_lift_recovered.o
uRam0044770e	named-external	link-contract	reserved:link-contract	link-identity	ps2/progress28_structural_lift_recovered.o
uRam0044770f	named-external	link-contract	reserved:link-contract	link-identity	ps2/progress28_structural_lift_recovered.o
uRam00447710	named-external	link-contract	reserved:link-contract	link-identity	ps2/progress28_structural_lift_recovered.o
uRam00447711	named-external	link-contract	reserved:link-contract	link-identity	ps2/progress28_structural_lift_recovered.o
uRam00447712	named-external	link-contract	reserved:link-contract	link-identity	ps2/progress28_structural_lift_recovered.o
uRam00447713	named-external	link-contract	reserved:link-contract	link-identity	ps2/progress28_structural_lift_recovered.o
uRam00447714	named-external	link-contract	reserved:link-contract	link-identity	ps2/progress28_structural_lift_recovered.o
uRam00447715	named-external	link-contract	reserved:link-contract	link-identity	ps2/progress28_structural_lift_recovered.o
uRam00447716	named-external	link-contract	reserved:link-contract	link-identity	ps2/progress28_structural_lift_recovered.o
uRam00447717	named-external	link-contract	reserved:link-contract	link-identity	ps2/progress28_structural_lift_recovered.o
uRam00447718	named-external	link-contract	reserved:link-contract	link-identity	ps2/progress28_structural_lift_recovered.o
uRam00447719	named-external	link-contract	reserved:link-contract	link-identity	ps2/progress28_structural_lift_recovered.o
uRam0044771a	named-external	link-contract	reserved:link-contract	link-identity	ps2/progress28_structural_lift_recovered.o
uRam0044771b	named-external	link-contract	reserved:link-contract	link-identity	ps2/progress28_structural_lift_recovered.o
uRam0044771c	named-external	link-contract	reserved:link-contract	link-identity	ps2/progress28_structural_lift_recovered.o
uRam0044771d	named-external	link-contract	reserved:link-contract	link-identity	ps2/progress28_structural_lift_recovered.o
uRam0044771e	named-external	link-contract	reserved:link-contract	link-identity	ps2/progress28_structural_lift_recovered.o
uRam00447720	named-external	link-contract	reserved:link-contract	link-identity	ps2/progress28_structural_lift_recovered.o
uRam00447721	named-external	link-contract	reserved:link-contract	link-identity	ps2/progress28_structural_lift_recovered.o
uRam00447722	named-external	link-contract	reserved:link-contract	link-identity	ps2/progress28_structural_lift_recovered.o
uRam00447723	named-external	link-contract	reserved:link-contract	link-identity	ps2/progress28_structural_lift_recovered.o
uRam00447724	named-external	link-contract	reserved:link-contract	link-identity	ps2/progress28_structural_lift_recovered.o
uRam00447725	named-external	link-contract	reserved:link-contract	link-identity	ps2/progress28_structural_lift_recovered.o
uRam00447726	named-external	link-contract	reserved:link-contract	link-identity	ps2/progress28_structural_lift_recovered.o
uRam00447727	named-external	link-contract	reserved:link-contract	link-identity	ps2/progress28_structural_lift_recovered.o
uRam00447728	named-external	link-contract	reserved:link-contract	link-identity	ps2/progress28_structural_lift_recovered.o
uRam00447729	named-external	link-contract	reserved:link-contract	link-identity	ps2/progress28_structural_lift_recovered.o
uRam0044772a	named-external	link-contract	reserved:link-contract	link-identity	ps2/progress28_structural_lift_recovered.o
uRam0044772b	named-external	link-contract	reserved:link-contract	link-identity	ps2/progress28_structural_lift_recovered.o
uRam0044772c	named-external	link-contract	reserved:link-contract	link-identity	ps2/progress28_structural_lift_recovered.o
uRam0044772d	named-external	link-contract	reserved:link-contract	link-identity	ps2/progress28_structural_lift_recovered.o
uRam0044772e	named-external	link-contract	reserved:link-contract	link-identity	ps2/progress28_structural_lift_recovered.o
uRam0044772f	named-external	link-contract	reserved:link-contract	link-identity	ps2/progress28_structural_lift_recovered.o
uRam00447730	named-external	link-contract	reserved:link-contract	link-identity	ps2/progress28_structural_lift_recovered.o
uRam00447731	named-external	link-contract	reserved:link-contract	link-identity	ps2/progress28_structural_lift_recovered.o
uRam00447732	named-external	link-contract	reserved:link-contract	link-identity	ps2/progress28_structural_lift_recovered.o
uRam00447733	named-external	link-contract	reserved:link-contract	link-identity	ps2/progress28_structural_lift_recovered.o
uRam00447734	named-external	link-contract	reserved:link-contract	link-identity	ps2/progress28_structural_lift_recovered.o
uRam00447735	named-external	link-contract	reserved:link-contract	link-identity	ps2/progress28_structural_lift_recovered.o
uRam00447736	named-external	link-contract	reserved:link-contract	link-identity	ps2/progress28_structural_lift_recovered.o
uRam00447737	named-external	link-contract	reserved:link-contract	link-identity	ps2/progress28_structural_lift_recovered.o
uRam00447738	named-external	link-contract	reserved:link-contract	link-identity	ps2/progress28_structural_lift_recovered.o
uRam00447739	named-external	link-contract	reserved:link-contract	link-identity	ps2/progress28_structural_lift_recovered.o
uRam0044773a	named-external	link-contract	reserved:link-contract	link-identity	ps2/progress28_structural_lift_recovered.o
uRam0044773b	named-external	link-contract	reserved:link-contract	link-identity	ps2/progress28_structural_lift_recovered.o
uRam0044773c	named-external	link-contract	reserved:link-contract	link-identity	ps2/progress28_structural_lift_recovered.o
uRam0044773d	named-external	link-contract	reserved:link-contract	link-identity	ps2/progress28_structural_lift_recovered.o
uRam0044773e	named-external	link-contract	reserved:link-contract	link-identity	ps2/progress28_structural_lift_recovered.o
uRam0044773f	named-external	link-contract	reserved:link-contract	link-identity	ps2/progress28_structural_lift_recovered.o
uRam00447740	named-external	link-contract	reserved:link-contract	link-identity	ps2/progress28_structural_lift_recovered.o
uRam00447741	named-external	link-contract	reserved:link-contract	link-identity	ps2/progress28_structural_lift_recovered.o
uRam00447742	named-external	link-contract	reserved:link-contract	link-identity	ps2/progress28_structural_lift_recovered.o
uRam00447743	named-external	link-contract	reserved:link-contract	link-identity	ps2/progress28_structural_lift_recovered.o
uRam00447744	named-external	link-contract	reserved:link-contract	link-identity	ps2/progress28_structural_lift_recovered.o
uRam00447745	named-external	link-contract	reserved:link-contract	link-identity	ps2/progress28_structural_lift_recovered.o
uRam00447746	named-external	link-contract	reserved:link-contract	link-identity	ps2/progress28_structural_lift_recovered.o
uRam00447747	named-external	link-contract	reserved:link-contract	link-identity	ps2/progress28_structural_lift_recovered.o
uRam00447748	named-external	link-contract	reserved:link-contract	link-identity	ps2/progress28_structural_lift_recovered.o
uRam00447749	named-external	link-contract	reserved:link-contract	link-identity	ps2/progress28_structural_lift_recovered.o
uRam0044774a	named-external	link-contract	reserved:link-contract	link-identity	ps2/progress28_structural_lift_recovered.o
uRam0044774b	named-external	link-contract	reserved:link-contract	link-identity	ps2/progress28_structural_lift_recovered.o
uRam0044774c	named-external	link-contract	reserved:link-contract	link-identity	ps2/progress28_structural_lift_recovered.o
uRam0044774d	named-external	link-contract	reserved:link-contract	link-identity	ps2/progress28_structural_lift_recovered.o
uRam0044774e	named-external	link-contract	reserved:link-contract	link-identity	ps2/progress28_structural_lift_recovered.o
uRam0044e206	named-external	link-contract	reserved:link-contract	link-identity	ps2/progress28_structural_lift_recovered.o
uRam00450205	named-external	link-contract	reserved:link-contract	link-identity	ps2/progress28_structural_lift_recovered.o
unzlocal_GetCurrentFileInfoInternal_0018f6cc	target-address-symbol	source-address-alias	src/ps2/progress28_structural_lift_recovered.c;src/unzip/unzip_api_recovered.c	link-identity	unzip/unzip_api_recovered.o
vsprintf	c-runtime	historical-archive	newlib/libc	archive-identity	zlib/gzio_recovered.o
zr_base_dist_001ba130	named-external	link-contract	reserved:link-contract	link-identity	zlib/trees_recovered.o
zr_base_length_001ba0b8	named-external	link-contract	reserved:link-contract	link-identity	zlib/trees_recovered.o
zr_dist_code_001b9db8	named-external	link-contract	reserved:link-contract	link-identity	zlib/trees_recovered.o
zr_length_code_001b9fb8	named-external	link-contract	reserved:link-contract	link-identity	zlib/trees_recovered.o
zr_static_dtree_001b9d40	named-external	link-contract	reserved:link-contract	link-identity	zlib/trees_recovered.o
zr_static_ltree_001b98c0	named-external	link-contract	reserved:link-contract	link-identity	zlib/trees_recovered.o
