symbol	target_address	status	section	section_offset_hex	access_extent_hex	coverage_kind	requesters	claim
DAT_001385ec	0x001385ec	ROM_OFFSET_SOURCE_REFACTOR_CLOSED					ps2/progress28_structural_lift_recovered.o	ROM-relative constant, not storage at the numerically equal EE address
DAT_001385ed	0x001385ed	ROM_OFFSET_SOURCE_REFACTOR_CLOSED					ps2/progress28_structural_lift_recovered.o	ROM-relative constant, not storage at the numerically equal EE address
DAT_001b0a58	0x001b0a58	SECTION_BACKED_ADDRESS	.data.stage3ce.va_001b0000	0xa58		interior-address-only	ps2/progress28_structural_lift_recovered.o	section-backed address only; complete C object/array extent unproved
DAT_001b0ba0	0x001b0ba0	SECTION_BACKED_ADDRESS	.data.stage3ce.va_001b0000	0xba0	0x8	direct-access	ps2/progress28_structural_lift_recovered.o	section-backed address only; complete C object/array extent unproved
DAT_001b0ba8	0x001b0ba8	SECTION_BACKED_ADDRESS	.data.stage3ce.va_001b0000	0xba8	0x8	direct-access	ps2/progress28_structural_lift_recovered.o	section-backed address only; complete C object/array extent unproved
DAT_001b0eb8	0x001b0eb8	SECTION_BACKED_ADDRESS	.data.stage3ce.va_001b0000	0xeb8	0x1	direct-access	ps2/progress28_structural_lift_recovered.o	section-backed address only; complete C object/array extent unproved
DAT_001b0eb9	0x001b0eb9	SECTION_BACKED_ADDRESS	.data.stage3ce.va_001b0000	0xeb9	0x1	direct-access	ps2/progress28_structural_lift_recovered.o	section-backed address only; complete C object/array extent unproved
DAT_001b1370	0x001b1370	SECTION_BACKED_ADDRESS	.data.stage3ce.va_001b0000	0x1370		interior-address-only	ps2/progress28_structural_lift_recovered.o	section-backed address only; complete C object/array extent unproved
DAT_001b1468	0x001b1468	SECTION_BACKED_ADDRESS	.data.stage3ce.va_001b0000	0x1468	0x8	direct-access	ps2/progress28_structural_lift_recovered.o	section-backed address only; complete C object/array extent unproved
DAT_001b1470	0x001b1470	SECTION_BACKED_ADDRESS	.data.stage3ce.va_001b0000	0x1470	0x8	direct-access	ps2/progress28_structural_lift_recovered.o	section-backed address only; complete C object/array extent unproved
DAT_001b18d0	0x001b18d0	SECTION_BACKED_ADDRESS	.data.stage3ce.va_001b0000	0x18d0	0x8	direct-access	ps2/progress28_structural_lift_recovered.o	section-backed address only; complete C object/array extent unproved
DAT_001b18d8	0x001b18d8	SECTION_BACKED_ADDRESS	.data.stage3ce.va_001b0000	0x18d8	0x8	direct-access	ps2/progress28_structural_lift_recovered.o	section-backed address only; complete C object/array extent unproved
DAT_001b18e0	0x001b18e0	SECTION_BACKED_ADDRESS	.data.stage3ce.va_001b0000	0x18e0	0x8	direct-access	ps2/progress28_structural_lift_recovered.o	section-backed address only; complete C object/array extent unproved
DAT_001b18e8	0x001b18e8	SECTION_BACKED_ADDRESS	.data.stage3ce.va_001b0000	0x18e8	0x8	direct-access	ps2/progress28_structural_lift_recovered.o	section-backed address only; complete C object/array extent unproved
DAT_001b18f0	0x001b18f0	SECTION_BACKED_ADDRESS	.data.stage3ce.va_001b0000	0x18f0	0x8	direct-access	ps2/progress28_structural_lift_recovered.o	section-backed address only; complete C object/array extent unproved
DAT_001b20d8	0x001b20d8	SECTION_BACKED_ADDRESS	.data.stage3f.va_001b20d8	0x0	0x8	direct-access	ps2/progress28_structural_lift_recovered.o	section-backed address only; complete C object/array extent unproved
DAT_001b20e0	0x001b20e0	SECTION_BACKED_ADDRESS	.data.stage3f.va_001b20d8	0x8	0x8	direct-access	ps2/progress28_structural_lift_recovered.o	section-backed address only; complete C object/array extent unproved
DAT_001b20e8	0x001b20e8	SECTION_BACKED_ADDRESS	.data.stage3f.va_001b20d8	0x10	0x8	direct-access	ps2/progress28_structural_lift_recovered.o	section-backed address only; complete C object/array extent unproved
DAT_001b20f0	0x001b20f0	SECTION_BACKED_ADDRESS	.data.stage3f.va_001b20d8	0x18	0x8	direct-access	ps2/progress28_structural_lift_recovered.o	section-backed address only; complete C object/array extent unproved
DAT_001b20f8	0x001b20f8	SECTION_BACKED_ADDRESS	.data.stage3f.va_001b20d8	0x20	0x8	direct-access	ps2/progress28_structural_lift_recovered.o	section-backed address only; complete C object/array extent unproved
DAT_001b2118	0x001b2118	SECTION_BACKED_ADDRESS	.data.stage3f.va_001b2118	0x0	0x8	direct-access	ps2/progress28_structural_lift_recovered.o	section-backed address only; complete C object/array extent unproved
DAT_001b6ef8	0x001b6ef8	SECTION_BACKED_ADDRESS	.data.stage3f.history.va_001b6ef8	0x0		historical-source-owner	ps2/progress28_structural_lift_recovered.o	section-backed address only; complete C object/array extent unproved
DAT_001b83f0	0x001b83f0	SECTION_BACKED_ADDRESS	.data.stage3f.va_001b83f0	0x0	0x8	direct-access	ps2/progress28_structural_lift_recovered.o	section-backed address only; complete C object/array extent unproved
DAT_001b8440	0x001b8440	SECTION_BACKED_ADDRESS	.data.stage3f.va_001b8440	0x0	0x8	direct-access	ps2/progress28_structural_lift_recovered.o	section-backed address only; complete C object/array extent unproved
DAT_001b8508	0x001b8508	SECTION_BACKED_ADDRESS	.data.stage3f.va_001b8508	0x0	0x8	direct-access	ps2/progress28_structural_lift_recovered.o	section-backed address only; complete C object/array extent unproved
DAT_001b8510	0x001b8510	SECTION_BACKED_ADDRESS	.data.stage3f.va_001b8508	0x8	0x1	direct-access	ps2/progress28_structural_lift_recovered.o	section-backed address only; complete C object/array extent unproved
DAT_001b8530	0x001b8530	SECTION_BACKED_ADDRESS	.data.stage3f.recovered.va_001b8530	0x0		recovered-source-literal	ps2/progress28_structural_lift_recovered.o	section-backed address only; complete C object/array extent unproved
DAT_001b8538	0x001b8538	SECTION_BACKED_ADDRESS	.data.stage3f.recovered.va_001b8530	0x8		recovered-source-literal	ps2/progress28_structural_lift_recovered.o	section-backed address only; complete C object/array extent unproved
DAT_001b8558	0x001b8558	SECTION_BACKED_ADDRESS	.data.stage3f.recovered.va_001b8558	0x0		recovered-source-literal	ps2/progress28_structural_lift_recovered.o	section-backed address only; complete C object/array extent unproved
DAT_001b8580	0x001b8580	SECTION_BACKED_ADDRESS	.data.stage3f.recovered.va_001b8580	0x0		recovered-source-literal	ps2/progress28_structural_lift_recovered.o	section-backed address only; complete C object/array extent unproved
DAT_001b8588	0x001b8588	SECTION_BACKED_ADDRESS	.data.stage3f.recovered.va_001b8580	0x8		recovered-source-literal	ps2/progress28_structural_lift_recovered.o	section-backed address only; complete C object/array extent unproved
DAT_001b8590	0x001b8590	SECTION_BACKED_ADDRESS	.data.stage3f.recovered.va_001b8590	0x0		recovered-source-literal	ps2/progress28_structural_lift_recovered.o	section-backed address only; complete C object/array extent unproved
DAT_001babc8	0x001babc8	RUNTIME_MEMBER_DATA_OBJECT					ps2/progress28_structural_lift_recovered.o	exact GCC 3.2.2 libgcc runtime data object identity: __clz_tab in _clz.o .rodata+0 size 0x100; full target payload matches all four local archive copies
DAT_001baf00	0x001baf00	SECTION_BACKED_ADDRESS	.data.stage3f.va_001baf00	0x0	0x4	direct-access	ps2/progress28_structural_lift_recovered.o	section-backed address only; complete C object/array extent unproved
DAT_001baf08	0x001baf08	SECTION_BACKED_ADDRESS	.data.stage3f.va_001baf08	0x0	0x4	direct-access	ps2/progress28_structural_lift_recovered.o	section-backed address only; complete C object/array extent unproved
DAT_001baf20	0x001baf20	SECTION_BACKED_ADDRESS	.data.stage3f.va_001baf20	0x0	0x4	direct-access	ps2/progress28_structural_lift_recovered.o	section-backed address only; complete C object/array extent unproved
DAT_001bb2c0	0x001bb2c0	SECTION_BACKED_ADDRESS	.data.stage3ce.va_001bb2c0	0x0	0x4	direct-access	ps2/progress28_structural_lift_recovered.o	section-backed address only; complete C object/array extent unproved
DAT_001bb2c4	0x001bb2c4	SECTION_BACKED_ADDRESS	.data.stage3f.va_001bb2c4	0x0	0x4	direct-access	ps2/progress28_structural_lift_recovered.o	section-backed address only; complete C object/array extent unproved
DAT_001bb2c8	0x001bb2c8	SECTION_BACKED_ADDRESS	.data.stage3f.va_001bb2c4	0x4	0x4	direct-access	ps2/progress28_structural_lift_recovered.o	section-backed address only; complete C object/array extent unproved
DAT_001bb2cc	0x001bb2cc	SECTION_BACKED_ADDRESS	.data.stage3f.va_001bb2c4	0x8	0x4	direct-access	ps2/progress28_structural_lift_recovered.o	section-backed address only; complete C object/array extent unproved
DAT_001bb340	0x001bb340	SECTION_BACKED_ADDRESS	.data.stage3f.va_001bb340	0x0	0x1	direct-access	ps2/progress28_structural_lift_recovered.o	section-backed address only; complete C object/array extent unproved
DAT_001bb341	0x001bb341	SECTION_BACKED_ADDRESS	.data.stage3f.va_001bb340	0x1	0x1	direct-access	ps2/progress28_structural_lift_recovered.o	section-backed address only; complete C object/array extent unproved
DAT_001bb748	0x001bb748	SECTION_BACKED_ADDRESS	.data.stage3ce.va_001bb748	0x0	0x4	direct-access	ps2/progress28_structural_lift_recovered.o	section-backed address only; complete C object/array extent unproved
DAT_001bb87c	0x001bb87c	SECTION_BACKED_ADDRESS	.data.stage3f.va_001bb87c	0x0	0x4	direct-access	ps2/progress28_structural_lift_recovered.o	section-backed address only; complete C object/array extent unproved
DAT_001bbd44	0x001bbd44	SECTION_BACKED_ADDRESS	.data.stage3f.va_001bbd44	0x0	0x4	direct-access	ps2/progress28_structural_lift_recovered.o	section-backed address only; complete C object/array extent unproved
DAT_001bbd50	0x001bbd50	SECTION_BACKED_ADDRESS	.data.stage3ce.va_001bbd48	0x8	0x4	direct-access	ps2/progress28_structural_lift_recovered.o	section-backed address only; complete C object/array extent unproved
DAT_001bbd80	0x001bbd80	PCM_BUFFER_MINIMUM_EXTENT					ps2/progress28_structural_lift_recovered.o	minimum target-consumed PS2 PCM channel extent proved from exact SIZE CFG, reachable mixer-count transformations, target access formulas, and private range fingerprint; complete original C array extent remains unclaimed
DAT_001bbd82	0x001bbd82	PCM_BUFFER_MINIMUM_EXTENT					ps2/progress28_structural_lift_recovered.o	minimum target-consumed PS2 PCM channel extent proved from exact SIZE CFG, reachable mixer-count transformations, target access formulas, and private range fingerprint; complete original C array extent remains unclaimed
DAT_001bbd84	0x001bbd84	PCM_BUFFER_MINIMUM_EXTENT					ps2/progress28_structural_lift_recovered.o	minimum target-consumed PS2 PCM channel extent proved from exact SIZE CFG, reachable mixer-count transformations, target access formulas, and private range fingerprint; complete original C array extent remains unclaimed
DAT_001bbd86	0x001bbd86	PCM_BUFFER_MINIMUM_EXTENT					ps2/progress28_structural_lift_recovered.o	minimum target-consumed PS2 PCM channel extent proved from exact SIZE CFG, reachable mixer-count transformations, target access formulas, and private range fingerprint; complete original C array extent remains unclaimed
DAT_001d3480	0x001d3480	PCM_BUFFER_MINIMUM_EXTENT					ps2/progress28_structural_lift_recovered.o	minimum target-consumed PS2 PCM channel extent proved from exact SIZE CFG, reachable mixer-count transformations, target access formulas, and private range fingerprint; complete original C array extent remains unclaimed
DAT_001d3482	0x001d3482	PCM_BUFFER_MINIMUM_EXTENT					ps2/progress28_structural_lift_recovered.o	minimum target-consumed PS2 PCM channel extent proved from exact SIZE CFG, reachable mixer-count transformations, target access formulas, and private range fingerprint; complete original C array extent remains unclaimed
DAT_001d3484	0x001d3484	PCM_BUFFER_MINIMUM_EXTENT					ps2/progress28_structural_lift_recovered.o	minimum target-consumed PS2 PCM channel extent proved from exact SIZE CFG, reachable mixer-count transformations, target access formulas, and private range fingerprint; complete original C array extent remains unclaimed
DAT_001d3486	0x001d3486	PCM_BUFFER_MINIMUM_EXTENT					ps2/progress28_structural_lift_recovered.o	minimum target-consumed PS2 PCM channel extent proved from exact SIZE CFG, reachable mixer-count transformations, target access formulas, and private range fingerprint; complete original C array extent remains unclaimed
DAT_001eba80	0x001eba80	SECTION_BACKED_ADDRESS	.data.stage3f.va_001eba80	0x0	0x4	direct-access	ps2/progress28_structural_lift_recovered.o	section-backed address only; complete C object/array extent unproved
DAT_001ebae0	0x001ebae0	SECTION_BACKED_ADDRESS	.data.stage3ce.va_001ebae0	0x0	0x4	direct-access	ps2/progress28_structural_lift_recovered.o	section-backed address only; complete C object/array extent unproved
DAT_001ebae4	0x001ebae4	SECTION_BACKED_ADDRESS	.data.stage3ce.va_001ebae0	0x4	0x4	direct-access	ps2/progress28_structural_lift_recovered.o	section-backed address only; complete C object/array extent unproved
DAT_001ebaec	0x001ebaec	SECTION_BACKED_ADDRESS	.data.stage3ce.va_001ebaec	0x0	0x4	direct-access	ps2/progress28_structural_lift_recovered.o	section-backed address only; complete C object/array extent unproved
DAT_001ebd40	0x001ebd40	SECTION_BACKED_ADDRESS	.data.stage3ce.va_001ebd40	0x0	0x1	direct-access	ps2/progress28_structural_lift_recovered.o	section-backed address only; complete C object/array extent unproved
DAT_001ebd41	0x001ebd41	SECTION_BACKED_ADDRESS	.data.stage3f.va_001ebd41	0x0	0x1	direct-access	ps2/progress28_structural_lift_recovered.o	section-backed address only; complete C object/array extent unproved
DAT_001ebd42	0x001ebd42	SECTION_BACKED_ADDRESS	.data.stage3f.va_001ebd41	0x1	0x1	direct-access	ps2/progress28_structural_lift_recovered.o	section-backed address only; complete C object/array extent unproved
DAT_001ebd43	0x001ebd43	SECTION_BACKED_ADDRESS	.data.stage3f.va_001ebd41	0x2	0x1	direct-access	ps2/progress28_structural_lift_recovered.o	section-backed address only; complete C object/array extent unproved
DAT_001ebd44	0x001ebd44	SECTION_BACKED_ADDRESS	.data.stage3f.va_001ebd41	0x3	0x1	direct-access	ps2/progress28_structural_lift_recovered.o	section-backed address only; complete C object/array extent unproved
DAT_001ebd45	0x001ebd45	SECTION_BACKED_ADDRESS	.data.stage3f.va_001ebd41	0x4	0x1	direct-access	ps2/progress28_structural_lift_recovered.o	section-backed address only; complete C object/array extent unproved
DAT_001ebd46	0x001ebd46	SECTION_BACKED_ADDRESS	.data.stage3f.va_001ebd41	0x5	0x1	direct-access	ps2/progress28_structural_lift_recovered.o	section-backed address only; complete C object/array extent unproved
DAT_001ebd48	0x001ebd48	SECTION_BACKED_ADDRESS	.data.stage3f.va_001ebd48	0x0	0x4	direct-access	ps2/progress28_structural_lift_recovered.o	section-backed address only; complete C object/array extent unproved
DAT_001ebd4c	0x001ebd4c	SECTION_BACKED_ADDRESS	.data.stage3f.va_001ebd48	0x4	0x4	direct-access	ps2/progress28_structural_lift_recovered.o	section-backed address only; complete C object/array extent unproved
DAT_001ebd50	0x001ebd50	SECTION_BACKED_ADDRESS	.data.stage3f.va_001ebd48	0x8	0x4	direct-access	ps2/progress28_structural_lift_recovered.o	section-backed address only; complete C object/array extent unproved
DAT_001ebd54	0x001ebd54	SECTION_BACKED_ADDRESS	.data.stage3f.va_001ebd48	0xc	0x4	direct-access	ps2/progress28_structural_lift_recovered.o	section-backed address only; complete C object/array extent unproved
DAT_001ebd58	0x001ebd58	SECTION_BACKED_ADDRESS	.data.stage3f.va_001ebd48	0x10	0x4	direct-access	ps2/progress28_structural_lift_recovered.o	section-backed address only; complete C object/array extent unproved
DAT_001ebd5c	0x001ebd5c	SECTION_BACKED_ADDRESS	.data.stage3f.va_001ebd48	0x14	0x4	direct-access	ps2/progress28_structural_lift_recovered.o	section-backed address only; complete C object/array extent unproved
DAT_001ebe00	0x001ebe00	SECTION_BACKED_ADDRESS	.data.stage3f.va_001ebe00	0x0	0x3c4	direct-access	ps2/progress28_structural_lift_recovered.o	section-backed address only; complete C object/array extent unproved
DAT_001ebe01	0x001ebe01	SECTION_BACKED_ADDRESS	.data.stage3f.va_001ebe00	0x1		interior-address-only	ps2/progress28_structural_lift_recovered.o	section-backed address only; complete C object/array extent unproved
DAT_001ebe02	0x001ebe02	SECTION_BACKED_ADDRESS	.data.stage3f.va_001ebe00	0x2		interior-address-only	ps2/progress28_structural_lift_recovered.o	section-backed address only; complete C object/array extent unproved
DAT_001ebe03	0x001ebe03	SECTION_BACKED_ADDRESS	.data.stage3f.va_001ebe00	0x3		interior-address-only	ps2/progress28_structural_lift_recovered.o	section-backed address only; complete C object/array extent unproved
DAT_001ebe06	0x001ebe06	SECTION_BACKED_ADDRESS	.data.stage3f.va_001ebe00	0x6		interior-address-only	ps2/progress28_structural_lift_recovered.o	section-backed address only; complete C object/array extent unproved
DAT_001ebe0c	0x001ebe0c	SECTION_BACKED_ADDRESS	.data.stage3f.va_001ebe00	0xc		interior-address-only	ps2/progress28_structural_lift_recovered.o	section-backed address only; complete C object/array extent unproved
DAT_001ebe50	0x001ebe50	SECTION_BACKED_ADDRESS	.data.stage3f.va_001ebe00	0x50		interior-address-only	ps2/progress28_structural_lift_recovered.o	section-backed address only; complete C object/array extent unproved
DAT_001ebe54	0x001ebe54	SECTION_BACKED_ADDRESS	.data.stage3f.va_001ebe00	0x54		interior-address-only	ps2/progress28_structural_lift_recovered.o	section-backed address only; complete C object/array extent unproved
DAT_001ebe58	0x001ebe58	SECTION_BACKED_ADDRESS	.data.stage3f.va_001ebe00	0x58		interior-address-only	ps2/progress28_structural_lift_recovered.o	section-backed address only; complete C object/array extent unproved
DAT_001ebe60	0x001ebe60	SECTION_BACKED_ADDRESS	.data.stage3f.va_001ebe00	0x60		interior-address-only	ps2/progress28_structural_lift_recovered.o	section-backed address only; complete C object/array extent unproved
DAT_001ebe64	0x001ebe64	SECTION_BACKED_ADDRESS	.data.stage3f.va_001ebe00	0x64		interior-address-only	ps2/progress28_structural_lift_recovered.o	section-backed address only; complete C object/array extent unproved
DAT_001ebe68	0x001ebe68	SECTION_BACKED_ADDRESS	.data.stage3f.va_001ebe00	0x68		interior-address-only	ps2/progress28_structural_lift_recovered.o	section-backed address only; complete C object/array extent unproved
DAT_001ebe70	0x001ebe70	SECTION_BACKED_ADDRESS	.data.stage3f.va_001ebe00	0x70		interior-address-only	ps2/progress28_structural_lift_recovered.o	section-backed address only; complete C object/array extent unproved
DAT_001ebe74	0x001ebe74	SECTION_BACKED_ADDRESS	.data.stage3f.va_001ebe00	0x74		interior-address-only	ps2/progress28_structural_lift_recovered.o	section-backed address only; complete C object/array extent unproved
DAT_001ebe78	0x001ebe78	SECTION_BACKED_ADDRESS	.data.stage3f.va_001ebe00	0x78		interior-address-only	ps2/progress28_structural_lift_recovered.o	section-backed address only; complete C object/array extent unproved
DAT_001ebe80	0x001ebe80	SECTION_BACKED_ADDRESS	.data.stage3f.va_001ebe00	0x80		interior-address-only	ps2/progress28_structural_lift_recovered.o	section-backed address only; complete C object/array extent unproved
DAT_001ebe84	0x001ebe84	SECTION_BACKED_ADDRESS	.data.stage3f.va_001ebe00	0x84		interior-address-only	ps2/progress28_structural_lift_recovered.o	section-backed address only; complete C object/array extent unproved
DAT_001ebe88	0x001ebe88	SECTION_BACKED_ADDRESS	.data.stage3f.va_001ebe00	0x88		interior-address-only	ps2/progress28_structural_lift_recovered.o	section-backed address only; complete C object/array extent unproved
DAT_001ebe90	0x001ebe90	SECTION_BACKED_ADDRESS	.data.stage3f.va_001ebe00	0x90		interior-address-only	ps2/progress28_structural_lift_recovered.o	section-backed address only; complete C object/array extent unproved
DAT_001ebe94	0x001ebe94	SECTION_BACKED_ADDRESS	.data.stage3f.va_001ebe00	0x94		interior-address-only	ps2/progress28_structural_lift_recovered.o	section-backed address only; complete C object/array extent unproved
DAT_001ebe98	0x001ebe98	SECTION_BACKED_ADDRESS	.data.stage3f.va_001ebe00	0x98		interior-address-only	ps2/progress28_structural_lift_recovered.o	section-backed address only; complete C object/array extent unproved
DAT_001ebea0	0x001ebea0	SECTION_BACKED_ADDRESS	.data.stage3f.va_001ebe00	0xa0		interior-address-only	ps2/progress28_structural_lift_recovered.o	section-backed address only; complete C object/array extent unproved
DAT_001ebea4	0x001ebea4	SECTION_BACKED_ADDRESS	.data.stage3f.va_001ebe00	0xa4		interior-address-only	ps2/progress28_structural_lift_recovered.o	section-backed address only; complete C object/array extent unproved
DAT_001ebea8	0x001ebea8	SECTION_BACKED_ADDRESS	.data.stage3f.va_001ebe00	0xa8		interior-address-only	ps2/progress28_structural_lift_recovered.o	section-backed address only; complete C object/array extent unproved
DAT_001ebeb0	0x001ebeb0	SECTION_BACKED_ADDRESS	.data.stage3f.va_001ebe00	0xb0		interior-address-only	ps2/progress28_structural_lift_recovered.o	section-backed address only; complete C object/array extent unproved
DAT_001ebeb4	0x001ebeb4	SECTION_BACKED_ADDRESS	.data.stage3f.va_001ebe00	0xb4		interior-address-only	ps2/progress28_structural_lift_recovered.o	section-backed address only; complete C object/array extent unproved
DAT_001ebeb8	0x001ebeb8	SECTION_BACKED_ADDRESS	.data.stage3f.va_001ebe00	0xb8		interior-address-only	ps2/progress28_structural_lift_recovered.o	section-backed address only; complete C object/array extent unproved
DAT_001ec1c4	0x001ec1c4	SECTION_BACKED_ADDRESS	.data.stage3f.va_001ebe00	0x3c4	0x4	direct-access	ps2/progress28_structural_lift_recovered.o	section-backed address only; complete C object/array extent unproved
DAT_001f40d4	0x001f40d4	SECTION_BACKED_ADDRESS	.data.private_asset.cdvd_irx	0x7dd4	0x4	direct-access	ps2/progress28_structural_lift_recovered.o	section-backed address only; complete C object/array extent unproved
DAT_001f60c8	0x001f60c8	SECTION_BACKED_ADDRESS	.data.private_asset.sjpcm_irx	0x1fc8	0x4	direct-access	ps2/progress28_structural_lift_recovered.o	section-backed address only; complete C object/array extent unproved
DAT_001fafa0	0x001fafa0	SECTION_BACKED_ADDRESS	.data.private_asset.amigamod_irx	0x4e60	0x4	direct-access	ps2/progress28_structural_lift_recovered.o	section-backed address only; complete C object/array extent unproved
DAT_002ebc30	0x002ebc30	SECTION_BACKED_ADDRESS	.data.private_asset.credits_text	0x0		interior-address-only	ps2/progress28_structural_lift_recovered.o	section-backed address only; complete C object/array extent unproved
DAT_002ec1f4	0x002ec1f4	SECTION_BACKED_ADDRESS	.data.private_asset.credits_text	0x5c4	0x4	direct-access	ps2/progress28_structural_lift_recovered.o	section-backed address only; complete C object/array extent unproved
DAT_002ec200	0x002ec200	SECTION_BACKED_ADDRESS	.data.private_asset.disclaimer_text	0x0		interior-address-only	ps2/progress28_structural_lift_recovered.o	section-backed address only; complete C object/array extent unproved
DAT_002ec53c	0x002ec53c	SECTION_BACKED_ADDRESS	.data.private_asset.disclaimer_text	0x33c	0x4	direct-access	ps2/progress28_structural_lift_recovered.o	section-backed address only; complete C object/array extent unproved
DAT_00335278	0x00335278	SECTION_BACKED_ADDRESS	.data.stage3f.va_00335278	0x0	0x4	direct-access	ps2/progress28_structural_lift_recovered.o	section-backed address only; complete C object/array extent unproved
DAT_00335280	0x00335280	SECTION_BACKED_ADDRESS	.data.stage3f.va_00335280	0x0	0x4	direct-access	ps2/progress28_structural_lift_recovered.o	section-backed address only; complete C object/array extent unproved
DAT_00335370	0x00335370	SECTION_BACKED_ADDRESS	.data.stage3f.history.va_00335370	0x0	0x4	direct-access	ps2/progress28_structural_lift_recovered.o	section-backed address only; complete C object/array extent unproved
DAT_00335374	0x00335374	SECTION_BACKED_ADDRESS	.data.stage3f.history.va_00335374	0x0		historical-source-owner	ps2/progress28_structural_lift_recovered.o	section-backed address only; complete C object/array extent unproved
DAT_00335378	0x00335378	SECTION_BACKED_ADDRESS	.data.stage3f.history.va_00335378	0x0	0x100	direct-access	ps2/progress28_structural_lift_recovered.o	section-backed address only; complete C object/array extent unproved
DAT_00335478	0x00335478	SECTION_BACKED_ADDRESS	.data.stage3f.history.va_00335478	0x0		historical-source-owner	ps2/progress28_structural_lift_recovered.o	section-backed address only; complete C object/array extent unproved
DAT_003354f8	0x003354f8	SECTION_BACKED_ADDRESS	.data.stage3f.history.va_003354f8	0x0		historical-source-owner	ps2/progress28_structural_lift_recovered.o	section-backed address only; complete C object/array extent unproved
DAT_00335538	0x00335538	SECTION_BACKED_ADDRESS	.data.stage3f.history.va_00335538	0x0		historical-source-owner	ps2/progress28_structural_lift_recovered.o	section-backed address only; complete C object/array extent unproved
DAT_00335638	0x00335638	SECTION_BACKED_ADDRESS	.data.stage3f.history.va_00335638	0x0		historical-source-owner	ps2/progress28_structural_lift_recovered.o	section-backed address only; complete C object/array extent unproved
DAT_00335738	0x00335738	SECTION_BACKED_ADDRESS	.data.stage3f.history.va_00335738	0x0		historical-source-owner	ps2/progress28_structural_lift_recovered.o	section-backed address only; complete C object/array extent unproved
DAT_00335938	0x00335938	SECTION_BACKED_ADDRESS	.data.stage3f.history.va_00335938	0x0	0x2	direct-access	ps2/progress28_structural_lift_recovered.o	section-backed address only; complete C object/array extent unproved
DAT_00335939	0x00335939	SECTION_BACKED_ADDRESS	.data.stage3f.history.va_00335938	0x1	0x1	direct-access	ps2/progress28_structural_lift_recovered.o	section-backed address only; complete C object/array extent unproved
DAT_0033593a	0x0033593a	SECTION_BACKED_ADDRESS	.data.stage3f.history.va_0033593a	0x0	0x2	direct-access	ps2/progress28_structural_lift_recovered.o	section-backed address only; complete C object/array extent unproved
DAT_0033593b	0x0033593b	SECTION_BACKED_ADDRESS	.data.stage3f.history.va_0033593a	0x1	0x1	direct-access	ps2/progress28_structural_lift_recovered.o	section-backed address only; complete C object/array extent unproved
DAT_0033593c	0x0033593c	SECTION_BACKED_ADDRESS	.data.stage3f.history.va_0033593c	0x0	0x2	direct-access	ps2/progress28_structural_lift_recovered.o	section-backed address only; complete C object/array extent unproved
DAT_0033593e	0x0033593e	SECTION_BACKED_ADDRESS	.data.stage3f.history.va_0033593e	0x0	0x2	direct-access	ps2/progress28_structural_lift_recovered.o	section-backed address only; complete C object/array extent unproved
DAT_00335940	0x00335940	SECTION_BACKED_ADDRESS	.data.stage3f.history.va_00335940	0x0	0x2	direct-access	ps2/progress28_structural_lift_recovered.o	section-backed address only; complete C object/array extent unproved
DAT_00335942	0x00335942	SECTION_BACKED_ADDRESS	.data.stage3f.history.va_00335942	0x0	0x2	direct-access	ps2/progress28_structural_lift_recovered.o	section-backed address only; complete C object/array extent unproved
DAT_00335944	0x00335944	SECTION_BACKED_ADDRESS	.data.stage3f.history.va_00335944	0x0	0x2	direct-access	ps2/progress28_structural_lift_recovered.o	section-backed address only; complete C object/array extent unproved
DAT_00335946	0x00335946	SECTION_BACKED_ADDRESS	.data.stage3f.history.va_00335946	0x0	0x2	direct-access	ps2/progress28_structural_lift_recovered.o	section-backed address only; complete C object/array extent unproved
DAT_00335947	0x00335947	SECTION_BACKED_ADDRESS	.data.stage3f.history.va_00335946	0x1		historical-source-owner	ps2/progress28_structural_lift_recovered.o	section-backed address only; complete C object/array extent unproved
DAT_00335948	0x00335948	SECTION_BACKED_ADDRESS	.data.stage3f.history.va_00335948	0x0	0x2	direct-access	ps2/progress28_structural_lift_recovered.o	section-backed address only; complete C object/array extent unproved
DAT_00335949	0x00335949	SECTION_BACKED_ADDRESS	.data.stage3f.history.va_00335948	0x1		historical-source-owner	ps2/progress28_structural_lift_recovered.o	section-backed address only; complete C object/array extent unproved
DAT_0033594a	0x0033594a	SECTION_BACKED_ADDRESS	.data.stage3f.history.va_0033594a	0x0	0x2	direct-access	ps2/progress28_structural_lift_recovered.o	section-backed address only; complete C object/array extent unproved
DAT_0033594b	0x0033594b	SECTION_BACKED_ADDRESS	.data.stage3f.history.va_0033594a	0x1	0x1	direct-access	ps2/progress28_structural_lift_recovered.o	section-backed address only; complete C object/array extent unproved
DAT_0033594c	0x0033594c	SECTION_BACKED_ADDRESS	.data.stage3f.history.va_0033594c	0x0		historical-source-owner	ps2/progress28_structural_lift_recovered.o	section-backed address only; complete C object/array extent unproved
DAT_0033594d	0x0033594d	SECTION_BACKED_ADDRESS	.data.stage3f.history.va_0033594c	0x1		historical-source-owner	ps2/progress28_structural_lift_recovered.o	section-backed address only; complete C object/array extent unproved
DAT_003359d0	0x003359d0	SECTION_BACKED_ADDRESS	.data.stage3f.recovered.va_003359d0	0x0		recovered-source-literal	ps2/progress28_structural_lift_recovered.o	section-backed address only; complete C object/array extent unproved
DAT_00335a00	0x00335a00	SECTION_BACKED_ADDRESS	.data.stage3f.recovered.va_003359d0	0x30	0x2	direct-access	ps2/progress28_structural_lift_recovered.o	section-backed address only; complete C object/array extent unproved
DAT_00335a50	0x00335a50	SECTION_BACKED_ADDRESS	.data.stage3f.recovered.va_00335a50	0x0		recovered-source-literal	ps2/progress28_structural_lift_recovered.o	section-backed address only; complete C object/array extent unproved
DAT_00335e50	0x00335e50	SECTION_BACKED_ADDRESS	.data.stage3f.recovered.va_00335e50	0x0		recovered-source-literal	ps2/progress28_structural_lift_recovered.o	section-backed address only; complete C object/array extent unproved
DAT_0033ce78	0x0033ce78	SECTION_BACKED_ADDRESS	.data.stage3f.history.va_0033ce78	0x0		historical-source-owner	ps2/progress28_structural_lift_recovered.o	section-backed address only; complete C object/array extent unproved
DAT_0033ee78	0x0033ee78	SECTION_BACKED_ADDRESS	.data.stage3f.history.va_0033ee78	0x0		historical-source-owner	ps2/progress28_structural_lift_recovered.o	section-backed address only; complete C object/array extent unproved
DAT_00340f90	0x00340f90	SECTION_BACKED_ADDRESS	.data.stage3f.va_00340f90	0x0	0x2	direct-access	ps2/progress28_structural_lift_recovered.o	section-backed address only; complete C object/array extent unproved
DAT_00340f92	0x00340f92	SECTION_BACKED_ADDRESS	.data.stage3f.history.va_00340f92	0x0		historical-source-owner	ps2/progress28_structural_lift_recovered.o	section-backed address only; complete C object/array extent unproved
DAT_00341398	0x00341398	SECTION_BACKED_ADDRESS	.data.stage3f.va_00341398	0x0	0x2	direct-access	ps2/progress28_structural_lift_recovered.o	section-backed address only; complete C object/array extent unproved
DAT_0034139a	0x0034139a	SECTION_BACKED_ADDRESS	.data.stage3f.history.va_0034139a	0x0		historical-source-owner	ps2/progress28_structural_lift_recovered.o	section-backed address only; complete C object/array extent unproved
DAT_0034139c	0x0034139c	SECTION_BACKED_ADDRESS	.data.stage3f.va_0034139c	0x0	0x2	direct-access	ps2/progress28_structural_lift_recovered.o	section-backed address only; complete C object/array extent unproved
DAT_003413a2	0x003413a2	SECTION_BACKED_ADDRESS	.data.stage3f.va_0034139c	0x6	0x2	direct-access	ps2/progress28_structural_lift_recovered.o	section-backed address only; complete C object/array extent unproved
DAT_003413a4	0x003413a4	SECTION_BACKED_ADDRESS	.data.stage3f.va_0034139c	0x8	0x2	direct-access	ps2/progress28_structural_lift_recovered.o	section-backed address only; complete C object/array extent unproved
DAT_003413a6	0x003413a6	SECTION_BACKED_ADDRESS	.data.stage3f.va_0034139c	0xa	0x2	direct-access	ps2/progress28_structural_lift_recovered.o	section-backed address only; complete C object/array extent unproved
DAT_003413a8	0x003413a8	SECTION_BACKED_ADDRESS	.data.stage3f.va_0034139c	0xc	0x2	direct-access	ps2/progress28_structural_lift_recovered.o	section-backed address only; complete C object/array extent unproved
DAT_003413aa	0x003413aa	SECTION_BACKED_ADDRESS	.data.stage3f.va_0034139c	0xe	0x2	direct-access	ps2/progress28_structural_lift_recovered.o	section-backed address only; complete C object/array extent unproved
DAT_003413ac	0x003413ac	SECTION_BACKED_ADDRESS	.data.stage3f.va_0034139c	0x10	0x2	direct-access	ps2/progress28_structural_lift_recovered.o	section-backed address only; complete C object/array extent unproved
DAT_003413ae	0x003413ae	SECTION_BACKED_ADDRESS	.data.stage3f.va_0034139c	0x12	0x2	direct-access	ps2/progress28_structural_lift_recovered.o	section-backed address only; complete C object/array extent unproved
DAT_003413b8	0x003413b8	SECTION_BACKED_ADDRESS	.data.stage3f.va_003413b4	0x4	0x4	direct-access	ps2/progress28_structural_lift_recovered.o	section-backed address only; complete C object/array extent unproved
DAT_003413bc	0x003413bc	SECTION_BACKED_ADDRESS	.data.stage3f.va_003413b4	0x8	0x4	direct-access	ps2/progress28_structural_lift_recovered.o	section-backed address only; complete C object/array extent unproved
DAT_003413cc	0x003413cc	SECTION_BACKED_ADDRESS	.data.stage3f.va_003413cc	0x0	0x4	direct-access	ps2/progress28_structural_lift_recovered.o	section-backed address only; complete C object/array extent unproved
DAT_003413d0	0x003413d0	SECTION_BACKED_ADDRESS	.data.stage3f.va_003413cc	0x4	0x4	direct-access	ps2/progress28_structural_lift_recovered.o	section-backed address only; complete C object/array extent unproved
DAT_003413d4	0x003413d4	SECTION_BACKED_ADDRESS	.data.stage3f.va_003413cc	0x8	0x4	direct-access	ps2/progress28_structural_lift_recovered.o	section-backed address only; complete C object/array extent unproved
DAT_003413d8	0x003413d8	SECTION_BACKED_ADDRESS	.data.stage3f.va_003413cc	0xc	0x4	direct-access	ps2/progress28_structural_lift_recovered.o	section-backed address only; complete C object/array extent unproved
DAT_003413dc	0x003413dc	SECTION_BACKED_ADDRESS	.data.stage3f.va_003413cc	0x10	0x4	direct-access	ps2/progress28_structural_lift_recovered.o	section-backed address only; complete C object/array extent unproved
DAT_003413e0	0x003413e0	SECTION_BACKED_ADDRESS	.data.stage3f.va_003413cc	0x14	0x4	direct-access	ps2/progress28_structural_lift_recovered.o	section-backed address only; complete C object/array extent unproved
DAT_003413f0	0x003413f0	SECTION_BACKED_ADDRESS	.data.stage3f.va_003413f0	0x0	0x4	direct-access	ps2/progress28_structural_lift_recovered.o	section-backed address only; complete C object/array extent unproved
DAT_003413f4	0x003413f4	SECTION_BACKED_ADDRESS	.data.stage3f.va_003413f0	0x4	0x4	direct-access	ps2/progress28_structural_lift_recovered.o	section-backed address only; complete C object/array extent unproved
DAT_003413f8	0x003413f8	SECTION_BACKED_ADDRESS	.data.stage3f.va_003413f0	0x8	0x4	direct-access	ps2/progress28_structural_lift_recovered.o	section-backed address only; complete C object/array extent unproved
DAT_003413fc	0x003413fc	SECTION_BACKED_ADDRESS	.data.stage3f.va_003413f0	0xc	0x4	direct-access	ps2/progress28_structural_lift_recovered.o	section-backed address only; complete C object/array extent unproved
DAT_00341434	0x00341434	SECTION_BACKED_ADDRESS	.data.stage3f.va_00341434	0x0	0x4	direct-access	ps2/progress28_structural_lift_recovered.o	section-backed address only; complete C object/array extent unproved
DAT_00341438	0x00341438	SECTION_BACKED_ADDRESS	.data.stage3f.va_00341434	0x4	0x2	direct-access	ps2/progress28_structural_lift_recovered.o	section-backed address only; complete C object/array extent unproved
DAT_0034143c	0x0034143c	SECTION_BACKED_ADDRESS	.data.stage3f.va_0034143c	0x0	0x4	direct-access	ps2/progress28_structural_lift_recovered.o	section-backed address only; complete C object/array extent unproved
DAT_00341440	0x00341440	SECTION_BACKED_ADDRESS	.data.stage3f.va_0034143c	0x4	0x4	direct-access	ps2/progress28_structural_lift_recovered.o	section-backed address only; complete C object/array extent unproved
DAT_00341444	0x00341444	SECTION_BACKED_ADDRESS	.data.stage3f.va_0034143c	0x8	0x4	direct-access	ps2/progress28_structural_lift_recovered.o	section-backed address only; complete C object/array extent unproved
DAT_00341448	0x00341448	SECTION_BACKED_ADDRESS	.data.stage3f.va_0034143c	0xc	0x4	direct-access	ps2/progress28_structural_lift_recovered.o	section-backed address only; complete C object/array extent unproved
DAT_0034144c	0x0034144c	SECTION_BACKED_ADDRESS	.data.stage3f.history.va_0034144c	0x0		historical-source-owner	ps2/progress28_structural_lift_recovered.o	section-backed address only; complete C object/array extent unproved
DAT_00341450	0x00341450	SECTION_BACKED_ADDRESS	.data.stage3f.va_00341450	0x0	0x4	direct-access	ps2/progress28_structural_lift_recovered.o	section-backed address only; complete C object/array extent unproved
DAT_00341454	0x00341454	SECTION_BACKED_ADDRESS	.data.stage3f.va_00341450	0x4	0x4	direct-access	ps2/progress28_structural_lift_recovered.o	section-backed address only; complete C object/array extent unproved
DAT_0034145c	0x0034145c	SECTION_BACKED_ADDRESS	.data.stage3f.history.va_0034145c	0x0		historical-source-owner	ps2/progress28_structural_lift_recovered.o	section-backed address only; complete C object/array extent unproved
DAT_00341460	0x00341460	SECTION_BACKED_ADDRESS	.data.stage3f.va_00341460	0x0	0x2	direct-access	ps2/progress28_structural_lift_recovered.o	section-backed address only; complete C object/array extent unproved
DAT_00341462	0x00341462	SECTION_BACKED_ADDRESS	.data.stage3f.va_00341460	0x2	0x2	direct-access	ps2/progress28_structural_lift_recovered.o	section-backed address only; complete C object/array extent unproved
DAT_00341464	0x00341464	SECTION_BACKED_ADDRESS	.data.stage3f.va_00341460	0x4	0x2	direct-access	ps2/progress28_structural_lift_recovered.o	section-backed address only; complete C object/array extent unproved
DAT_00341466	0x00341466	SECTION_BACKED_ADDRESS	.data.stage3f.va_00341460	0x6	0x2	direct-access	ps2/progress28_structural_lift_recovered.o	section-backed address only; complete C object/array extent unproved
DAT_003414b0	0x003414b0	SECTION_BACKED_ADDRESS	.data.stage3f.va_003414b0	0x0	0x4	direct-access	ps2/progress28_structural_lift_recovered.o	section-backed address only; complete C object/array extent unproved
DAT_003414b4	0x003414b4	SECTION_BACKED_ADDRESS	.data.stage3f.va_003414b0	0x4	0x4	direct-access	ps2/progress28_structural_lift_recovered.o	section-backed address only; complete C object/array extent unproved
DAT_003414b8	0x003414b8	SECTION_BACKED_ADDRESS	.data.stage3f.va_003414b0	0x8	0x4	direct-access	ps2/progress28_structural_lift_recovered.o	section-backed address only; complete C object/array extent unproved
DAT_003414bc	0x003414bc	SECTION_BACKED_ADDRESS	.data.stage3f.va_003414b0	0xc	0x4	direct-access	ps2/progress28_structural_lift_recovered.o	section-backed address only; complete C object/array extent unproved
DAT_003414c0	0x003414c0	SECTION_BACKED_ADDRESS	.data.stage3f.va_003414b0	0x10	0x2	direct-access	ps2/progress28_structural_lift_recovered.o	section-backed address only; complete C object/array extent unproved
DAT_003414c2	0x003414c2	SECTION_BACKED_ADDRESS	.data.stage3f.va_003414b0	0x12	0x2	direct-access	ps2/progress28_structural_lift_recovered.o	section-backed address only; complete C object/array extent unproved
DAT_003414c4	0x003414c4	SECTION_BACKED_ADDRESS	.data.stage3f.va_003414b0	0x14	0x2	direct-access	ps2/progress28_structural_lift_recovered.o	section-backed address only; complete C object/array extent unproved
DAT_003414cc	0x003414cc	SECTION_BACKED_ADDRESS	.data.stage3f.va_003414b0	0x1c	0x4	direct-access	ps2/progress28_structural_lift_recovered.o	section-backed address only; complete C object/array extent unproved
DAT_003414d0	0x003414d0	SECTION_BACKED_ADDRESS	.data.stage3f.va_003414b0	0x20	0x4	direct-access	ps2/progress28_structural_lift_recovered.o	section-backed address only; complete C object/array extent unproved
DAT_003414d4	0x003414d4	SECTION_BACKED_ADDRESS	.data.stage3f.va_003414b0	0x24	0x4	direct-access	ps2/progress28_structural_lift_recovered.o	section-backed address only; complete C object/array extent unproved
DAT_003414d8	0x003414d8	SECTION_BACKED_ADDRESS	.data.stage3f.va_003414b0	0x28	0x4	direct-access	ps2/progress28_structural_lift_recovered.o	section-backed address only; complete C object/array extent unproved
DAT_003414dc	0x003414dc	SECTION_BACKED_ADDRESS	.data.stage3f.va_003414b0	0x2c	0x4	direct-access	ps2/progress28_structural_lift_recovered.o	section-backed address only; complete C object/array extent unproved
DAT_003414e0	0x003414e0	SECTION_BACKED_ADDRESS	.data.stage3f.va_003414b0	0x30	0x4	direct-access	ps2/progress28_structural_lift_recovered.o	section-backed address only; complete C object/array extent unproved
DAT_003414e4	0x003414e4	SECTION_BACKED_ADDRESS	.data.stage3f.va_003414b0	0x34	0x4	direct-access	ps2/progress28_structural_lift_recovered.o	section-backed address only; complete C object/array extent unproved
DAT_003414e8	0x003414e8	SECTION_BACKED_ADDRESS	.data.stage3f.va_003414b0	0x38	0x4	direct-access	ps2/progress28_structural_lift_recovered.o	section-backed address only; complete C object/array extent unproved
DAT_003414ec	0x003414ec	SECTION_BACKED_ADDRESS	.data.stage3f.va_003414b0	0x3c	0x4	direct-access	ps2/progress28_structural_lift_recovered.o	section-backed address only; complete C object/array extent unproved
DAT_003414fc	0x003414fc	SECTION_BACKED_ADDRESS	.data.stage3f.va_003414fc	0x0	0x4	direct-access	ps2/progress28_structural_lift_recovered.o	section-backed address only; complete C object/array extent unproved
DAT_003415b0	0x003415b0	SECTION_BACKED_ADDRESS	.data.stage3f.va_003415b0	0x0	0x2	direct-access	ps2/progress28_structural_lift_recovered.o	section-backed address only; complete C object/array extent unproved
DAT_003415b2	0x003415b2	SECTION_BACKED_ADDRESS	.data.stage3f.va_003415b0	0x2	0x2	direct-access	ps2/progress28_structural_lift_recovered.o	section-backed address only; complete C object/array extent unproved
DAT_003415b4	0x003415b4	SECTION_BACKED_ADDRESS	.data.stage3f.history.va_003415b4	0x0		historical-source-owner	ps2/progress28_structural_lift_recovered.o	section-backed address only; complete C object/array extent unproved
DAT_003415b6	0x003415b6	SECTION_BACKED_ADDRESS	.data.stage3f.history.va_003415b6	0x0		historical-source-owner	ps2/progress28_structural_lift_recovered.o	section-backed address only; complete C object/array extent unproved
DAT_003415b8	0x003415b8	SECTION_BACKED_ADDRESS	.data.stage3f.history.va_003415b8	0x0		historical-source-owner	ps2/progress28_structural_lift_recovered.o	section-backed address only; complete C object/array extent unproved
DAT_003415ba	0x003415ba	SECTION_BACKED_ADDRESS	.data.stage3f.va_003415ba	0x0	0x2	direct-access	ps2/progress28_structural_lift_recovered.o	section-backed address only; complete C object/array extent unproved
DAT_0034160c	0x0034160c	SECTION_BACKED_ADDRESS	.data.stage3f.va_0034160c	0x0	0x2	direct-access	ps2/progress28_structural_lift_recovered.o	section-backed address only; complete C object/array extent unproved
DAT_0034160e	0x0034160e	SECTION_BACKED_ADDRESS	.data.stage3f.va_0034160c	0x2	0x2	direct-access	ps2/progress28_structural_lift_recovered.o	section-backed address only; complete C object/array extent unproved
DAT_00341610	0x00341610	SECTION_BACKED_ADDRESS	.data.stage3f.va_0034160c	0x4	0x2	direct-access	ps2/progress28_structural_lift_recovered.o	section-backed address only; complete C object/array extent unproved
DAT_00341614	0x00341614	SECTION_BACKED_ADDRESS	.data.stage3f.va_0034160c	0x8	0x2	direct-access	ps2/progress28_structural_lift_recovered.o	section-backed address only; complete C object/array extent unproved
DAT_00341616	0x00341616	SECTION_BACKED_ADDRESS	.data.stage3f.history.va_00341616	0x0		historical-source-owner	ps2/progress28_structural_lift_recovered.o	section-backed address only; complete C object/array extent unproved
DAT_00341618	0x00341618	SECTION_BACKED_ADDRESS	.data.stage3f.va_00341618	0x0	0x2	direct-access	ps2/progress28_structural_lift_recovered.o	section-backed address only; complete C object/array extent unproved
DAT_0034161a	0x0034161a	SECTION_BACKED_ADDRESS	.data.stage3f.va_00341618	0x2	0x2	direct-access	ps2/progress28_structural_lift_recovered.o	section-backed address only; complete C object/array extent unproved
DAT_0034161c	0x0034161c	SECTION_BACKED_ADDRESS	.data.stage3f.history.va_0034161c	0x0		historical-source-owner	ps2/progress28_structural_lift_recovered.o	section-backed address only; complete C object/array extent unproved
DAT_0034161e	0x0034161e	SECTION_BACKED_ADDRESS	.data.stage3f.va_0034161e	0x0	0x2	direct-access	ps2/progress28_structural_lift_recovered.o	section-backed address only; complete C object/array extent unproved
DAT_00341626	0x00341626	SECTION_BACKED_ADDRESS	.data.stage3f.history.va_00341626	0x0		historical-source-owner	ps2/progress28_structural_lift_recovered.o	section-backed address only; complete C object/array extent unproved
DAT_00341628	0x00341628	SECTION_BACKED_ADDRESS	.data.stage3f.va_00341628	0x0	0x2	direct-access	ps2/progress28_structural_lift_recovered.o	section-backed address only; complete C object/array extent unproved
DAT_0034162a	0x0034162a	SECTION_BACKED_ADDRESS	.data.stage3f.history.va_0034162a	0x0		historical-source-owner	ps2/progress28_structural_lift_recovered.o	section-backed address only; complete C object/array extent unproved
DAT_0034162c	0x0034162c	SECTION_BACKED_ADDRESS	.data.stage3f.va_0034162c	0x0	0x2	direct-access	ps2/progress28_structural_lift_recovered.o	section-backed address only; complete C object/array extent unproved
DAT_0034162e	0x0034162e	SECTION_BACKED_ADDRESS	.data.stage3f.history.va_0034162e	0x0		historical-source-owner	ps2/progress28_structural_lift_recovered.o	section-backed address only; complete C object/array extent unproved
DAT_00341630	0x00341630	SECTION_BACKED_ADDRESS	.data.stage3f.va_00341630	0x0	0x2	direct-access	ps2/progress28_structural_lift_recovered.o	section-backed address only; complete C object/array extent unproved
DAT_00342a38	0x00342a38	SECTION_BACKED_ADDRESS	.data.stage3f.history.va_00342a38	0x0	0x7fc	direct-access	ps2/progress28_structural_lift_recovered.o	section-backed address only; complete C object/array extent unproved
DAT_00342a7c	0x00342a7c	SECTION_BACKED_ADDRESS	.data.stage3f.history.va_00342a38	0x44	0x4	direct-access	ps2/progress28_structural_lift_recovered.o	section-backed address only; complete C object/array extent unproved
DAT_00342a80	0x00342a80	SECTION_BACKED_ADDRESS	.data.stage3f.history.va_00342a38	0x48	0x4	direct-access	ps2/progress28_structural_lift_recovered.o	section-backed address only; complete C object/array extent unproved
DAT_00342a88	0x00342a88	SECTION_BACKED_ADDRESS	.data.stage3f.history.va_00342a38	0x50	0x4	direct-access	ps2/progress28_structural_lift_recovered.o	section-backed address only; complete C object/array extent unproved
DAT_00342a8c	0x00342a8c	SECTION_BACKED_ADDRESS	.data.stage3f.history.va_00342a38	0x54	0x4	direct-access	ps2/progress28_structural_lift_recovered.o	section-backed address only; complete C object/array extent unproved
DAT_00342a90	0x00342a90	SECTION_BACKED_ADDRESS	.data.stage3f.history.va_00342a38	0x58	0x4	direct-access	ps2/progress28_structural_lift_recovered.o	section-backed address only; complete C object/array extent unproved
DAT_00342aac	0x00342aac	SECTION_BACKED_ADDRESS	.data.stage3f.history.va_00342a38	0x74	0x4	direct-access	ps2/progress28_structural_lift_recovered.o	section-backed address only; complete C object/array extent unproved
DAT_00342ab0	0x00342ab0	SECTION_BACKED_ADDRESS	.data.stage3f.history.va_00342a38	0x78	0x4	direct-access	ps2/progress28_structural_lift_recovered.o	section-backed address only; complete C object/array extent unproved
DAT_00342ab4	0x00342ab4	SECTION_BACKED_ADDRESS	.data.stage3f.history.va_00342a38	0x7c	0x4	direct-access	ps2/progress28_structural_lift_recovered.o	section-backed address only; complete C object/array extent unproved
DAT_00342ab8	0x00342ab8	SECTION_BACKED_ADDRESS	.data.stage3f.history.va_00342a38	0x80	0x4	direct-access	ps2/progress28_structural_lift_recovered.o	section-backed address only; complete C object/array extent unproved
DAT_00342abc	0x00342abc	SECTION_BACKED_ADDRESS	.data.stage3f.history.va_00342a38	0x84	0x4	direct-access	ps2/progress28_structural_lift_recovered.o	section-backed address only; complete C object/array extent unproved
DAT_00342ad0	0x00342ad0	SECTION_BACKED_ADDRESS	.data.stage3f.history.va_00342a38	0x98	0x4	direct-access	ps2/progress28_structural_lift_recovered.o	section-backed address only; complete C object/array extent unproved
DAT_00342ad4	0x00342ad4	SECTION_BACKED_ADDRESS	.data.stage3f.history.va_00342a38	0x9c	0x4	direct-access	ps2/progress28_structural_lift_recovered.o	section-backed address only; complete C object/array extent unproved
DAT_00342ad8	0x00342ad8	SECTION_BACKED_ADDRESS	.data.stage3f.history.va_00342a38	0xa0	0x4	direct-access	ps2/progress28_structural_lift_recovered.o	section-backed address only; complete C object/array extent unproved
DAT_00342ae4	0x00342ae4	SECTION_BACKED_ADDRESS	.data.stage3f.history.va_00342a38	0xac	0x4	direct-access	ps2/progress28_structural_lift_recovered.o	section-backed address only; complete C object/array extent unproved
DAT_00342ae8	0x00342ae8	SECTION_BACKED_ADDRESS	.data.stage3f.history.va_00342a38	0xb0	0x4	direct-access	ps2/progress28_structural_lift_recovered.o	section-backed address only; complete C object/array extent unproved
DAT_00342aec	0x00342aec	SECTION_BACKED_ADDRESS	.data.stage3f.history.va_00342a38	0xb4	0x4	direct-access	ps2/progress28_structural_lift_recovered.o	section-backed address only; complete C object/array extent unproved
DAT_00342af0	0x00342af0	SECTION_BACKED_ADDRESS	.data.stage3f.history.va_00342a38	0xb8		historical-source-owner	ps2/progress28_structural_lift_recovered.o	section-backed address only; complete C object/array extent unproved
DAT_00342b70	0x00342b70	SECTION_BACKED_ADDRESS	.data.stage3f.history.va_00342a38	0x138		historical-source-owner	ps2/progress28_structural_lift_recovered.o	section-backed address only; complete C object/array extent unproved
DAT_00342bf0	0x00342bf0	SECTION_BACKED_ADDRESS	.data.stage3f.history.va_00342a38	0x1b8	0x4	direct-access	ps2/progress28_structural_lift_recovered.o	section-backed address only; complete C object/array extent unproved
DAT_00342bf4	0x00342bf4	SECTION_BACKED_ADDRESS	.data.stage3f.history.va_00342a38	0x1bc	0x4	direct-access	ps2/progress28_structural_lift_recovered.o	section-backed address only; complete C object/array extent unproved
DAT_00342bf8	0x00342bf8	SECTION_BACKED_ADDRESS	.data.stage3f.history.va_00342a38	0x1c0	0x4	direct-access	ps2/progress28_structural_lift_recovered.o	section-backed address only; complete C object/array extent unproved
DAT_00342bfc	0x00342bfc	SECTION_BACKED_ADDRESS	.data.stage3f.history.va_00342a38	0x1c4	0x4	direct-access	ps2/progress28_structural_lift_recovered.o	section-backed address only; complete C object/array extent unproved
DAT_00342c00	0x00342c00	SECTION_BACKED_ADDRESS	.data.stage3f.history.va_00342a38	0x1c8	0x4	direct-access	ps2/progress28_structural_lift_recovered.o	section-backed address only; complete C object/array extent unproved
DAT_00342c04	0x00342c04	SECTION_BACKED_ADDRESS	.data.stage3f.history.va_00342a38	0x1cc	0x4	direct-access	ps2/progress28_structural_lift_recovered.o	section-backed address only; complete C object/array extent unproved
DAT_00342c08	0x00342c08	SECTION_BACKED_ADDRESS	.data.stage3f.history.va_00342a38	0x1d0	0x4	direct-access	ps2/progress28_structural_lift_recovered.o	section-backed address only; complete C object/array extent unproved
DAT_00342c0c	0x00342c0c	SECTION_BACKED_ADDRESS	.data.stage3f.history.va_00342a38	0x1d4	0x4	direct-access	ps2/progress28_structural_lift_recovered.o	section-backed address only; complete C object/array extent unproved
DAT_00342c10	0x00342c10	SECTION_BACKED_ADDRESS	.data.stage3f.history.va_00342a38	0x1d8	0x4	direct-access	ps2/progress28_structural_lift_recovered.o	section-backed address only; complete C object/array extent unproved
DAT_00342c14	0x00342c14	SECTION_BACKED_ADDRESS	.data.stage3f.history.va_00342a38	0x1dc		historical-source-owner	ps2/progress28_structural_lift_recovered.o	section-backed address only; complete C object/array extent unproved
DAT_00342c24	0x00342c24	SECTION_BACKED_ADDRESS	.data.stage3f.history.va_00342a38	0x1ec		historical-source-owner	ps2/progress28_structural_lift_recovered.o	section-backed address only; complete C object/array extent unproved
DAT_0034323c	0x0034323c	SECTION_BACKED_ADDRESS	.data.stage3f.va_0034323c	0x0	0x4	direct-access	ps2/progress28_structural_lift_recovered.o	section-backed address only; complete C object/array extent unproved
DAT_00343240	0x00343240	SECTION_BACKED_ADDRESS	.data.stage3f.history.va_00343240	0x0		historical-source-owner	ps2/progress28_structural_lift_recovered.o	section-backed address only; complete C object/array extent unproved
DAT_00343250	0x00343250	SECTION_BACKED_ADDRESS	.data.stage3f.history.va_00343250	0x0		historical-source-owner	ps2/progress28_structural_lift_recovered.o	section-backed address only; complete C object/array extent unproved
DAT_00344e08	0x00344e08	SECTION_BACKED_ADDRESS	.data.stage3f.va_00344e08	0x0	0x4	direct-access	ps2/progress28_structural_lift_recovered.o	section-backed address only; complete C object/array extent unproved
DAT_00344e0c	0x00344e0c	SECTION_BACKED_ADDRESS	.data.stage3f.va_00344e08	0x4	0x4	direct-access	ps2/progress28_structural_lift_recovered.o	section-backed address only; complete C object/array extent unproved
DAT_00345303	0x00345303	SECTION_BACKED_ADDRESS	.data.stage3f.history.va_00345060	0x2a3	0x1	direct-access	ps2/progress28_structural_lift_recovered.o	section-backed address only; complete C object/array extent unproved
DAT_00345305	0x00345305	SECTION_BACKED_ADDRESS	.data.stage3f.history.va_00345060	0x2a5	0x1	direct-access	ps2/progress28_structural_lift_recovered.o	section-backed address only; complete C object/array extent unproved
DAT_0034531c	0x0034531c	SECTION_BACKED_ADDRESS	.data.stage3f.history.va_00345060	0x2bc	0x4	direct-access	ps2/progress28_structural_lift_recovered.o	section-backed address only; complete C object/array extent unproved
DAT_00345320	0x00345320	SECTION_BACKED_ADDRESS	.data.stage3f.history.va_00345060	0x2c0	0x1	direct-access	ps2/progress28_structural_lift_recovered.o	section-backed address only; complete C object/array extent unproved
DAT_00345321	0x00345321	SECTION_BACKED_ADDRESS	.data.stage3f.history.va_00345060	0x2c1	0x1	direct-access	ps2/progress28_structural_lift_recovered.o	section-backed address only; complete C object/array extent unproved
DAT_00345322	0x00345322	SECTION_BACKED_ADDRESS	.data.stage3f.history.va_00345060	0x2c2	0x1	direct-access	ps2/progress28_structural_lift_recovered.o	section-backed address only; complete C object/array extent unproved
DAT_00345323	0x00345323	SECTION_BACKED_ADDRESS	.data.stage3f.history.va_00345060	0x2c3	0x1	direct-access	ps2/progress28_structural_lift_recovered.o	section-backed address only; complete C object/array extent unproved
DAT_00345324	0x00345324	SECTION_BACKED_ADDRESS	.data.stage3f.history.va_00345060	0x2c4	0x1	direct-access	ps2/progress28_structural_lift_recovered.o	section-backed address only; complete C object/array extent unproved
DAT_00345328	0x00345328	SECTION_BACKED_ADDRESS	.data.stage3f.history.va_00345060	0x2c8	0x4	direct-access	ps2/progress28_structural_lift_recovered.o	section-backed address only; complete C object/array extent unproved
DAT_0034532c	0x0034532c	SECTION_BACKED_ADDRESS	.data.stage3f.history.va_00345060	0x2cc	0x4	direct-access	ps2/progress28_structural_lift_recovered.o	section-backed address only; complete C object/array extent unproved
DAT_00345330	0x00345330	SECTION_BACKED_ADDRESS	.data.stage3f.history.va_00345060	0x2d0	0x4	direct-access	ps2/progress28_structural_lift_recovered.o	section-backed address only; complete C object/array extent unproved
DAT_00345334	0x00345334	SECTION_BACKED_ADDRESS	.data.stage3f.history.va_00345060	0x2d4	0x4	direct-access	ps2/progress28_structural_lift_recovered.o	section-backed address only; complete C object/array extent unproved
DAT_00345340	0x00345340	SECTION_BACKED_ADDRESS	.data.stage3f.history.va_00345060	0x2e0	0x4	direct-access	ps2/progress28_structural_lift_recovered.o	section-backed address only; complete C object/array extent unproved
DAT_00345344	0x00345344	SECTION_BACKED_ADDRESS	.data.stage3f.history.va_00345060	0x2e4	0x1	direct-access	ps2/progress28_structural_lift_recovered.o	section-backed address only; complete C object/array extent unproved
DAT_00345345	0x00345345	SECTION_BACKED_ADDRESS	.data.stage3f.history.va_00345060	0x2e5	0x1	direct-access	ps2/progress28_structural_lift_recovered.o	section-backed address only; complete C object/array extent unproved
DAT_00345346	0x00345346	SECTION_BACKED_ADDRESS	.data.stage3f.history.va_00345060	0x2e6	0x1	direct-access	ps2/progress28_structural_lift_recovered.o	section-backed address only; complete C object/array extent unproved
DAT_00345347	0x00345347	SECTION_BACKED_ADDRESS	.data.stage3f.history.va_00345060	0x2e7	0x1	direct-access	ps2/progress28_structural_lift_recovered.o	section-backed address only; complete C object/array extent unproved
DAT_00345348	0x00345348	SECTION_BACKED_ADDRESS	.data.stage3f.history.va_00345060	0x2e8	0x1	direct-access	ps2/progress28_structural_lift_recovered.o	section-backed address only; complete C object/array extent unproved
DAT_00345349	0x00345349	SECTION_BACKED_ADDRESS	.data.stage3f.history.va_00345060	0x2e9	0x1	direct-access	ps2/progress28_structural_lift_recovered.o	section-backed address only; complete C object/array extent unproved
DAT_0034534c	0x0034534c	SECTION_BACKED_ADDRESS	.data.stage3f.history.va_00345060	0x2ec	0x4	direct-access	ps2/progress28_structural_lift_recovered.o	section-backed address only; complete C object/array extent unproved
DAT_00345350	0x00345350	SECTION_BACKED_ADDRESS	.data.stage3f.history.va_00345060	0x2f0	0x4	direct-access	ps2/progress28_structural_lift_recovered.o	section-backed address only; complete C object/array extent unproved
DAT_00345354	0x00345354	SECTION_BACKED_ADDRESS	.data.stage3f.history.va_00345060	0x2f4	0x4	direct-access	ps2/progress28_structural_lift_recovered.o	section-backed address only; complete C object/array extent unproved
DAT_00345358	0x00345358	SECTION_BACKED_ADDRESS	.data.stage3f.history.va_00345060	0x2f8	0x4	direct-access	ps2/progress28_structural_lift_recovered.o	section-backed address only; complete C object/array extent unproved
DAT_0034535c	0x0034535c	SECTION_BACKED_ADDRESS	.data.stage3f.history.va_00345060	0x2fc	0x4	direct-access	ps2/progress28_structural_lift_recovered.o	section-backed address only; complete C object/array extent unproved
DAT_00345360	0x00345360	SECTION_BACKED_ADDRESS	.data.stage3f.history.va_00345060	0x300	0x8	direct-access	ps2/progress28_structural_lift_recovered.o	section-backed address only; complete C object/array extent unproved
DAT_00345368	0x00345368	SECTION_BACKED_ADDRESS	.data.stage3f.history.va_00345060	0x308	0x8	direct-access	ps2/progress28_structural_lift_recovered.o	section-backed address only; complete C object/array extent unproved
DAT_00345370	0x00345370	SECTION_BACKED_ADDRESS	.data.stage3f.history.va_00345060	0x310	0x8	direct-access	ps2/progress28_structural_lift_recovered.o	section-backed address only; complete C object/array extent unproved
DAT_00345378	0x00345378	SECTION_BACKED_ADDRESS	.data.stage3f.history.va_00345060	0x318	0x8	direct-access	ps2/progress28_structural_lift_recovered.o	section-backed address only; complete C object/array extent unproved
DAT_00345380	0x00345380	SECTION_BACKED_ADDRESS	.data.stage3f.history.va_00345060	0x320	0x8	direct-access	ps2/progress28_structural_lift_recovered.o	section-backed address only; complete C object/array extent unproved
DAT_00345390	0x00345390	SECTION_BACKED_ADDRESS	.data.stage3f.history.va_00345060	0x330	0x4	direct-access	ps2/progress28_structural_lift_recovered.o	section-backed address only; complete C object/array extent unproved
DAT_00345394	0x00345394	SECTION_BACKED_ADDRESS	.data.stage3f.history.va_00345060	0x334	0x1	direct-access	ps2/progress28_structural_lift_recovered.o	section-backed address only; complete C object/array extent unproved
DAT_00345398	0x00345398	SECTION_BACKED_ADDRESS	.data.stage3f.history.va_00345060	0x338	0x4	direct-access	ps2/progress28_structural_lift_recovered.o	section-backed address only; complete C object/array extent unproved
DAT_0034539c	0x0034539c	SECTION_BACKED_ADDRESS	.data.stage3f.history.va_00345060	0x33c	0x1	direct-access	ps2/progress28_structural_lift_recovered.o	section-backed address only; complete C object/array extent unproved
DAT_0034539d	0x0034539d	SECTION_BACKED_ADDRESS	.data.stage3f.history.va_00345060	0x33d	0x1	direct-access	ps2/progress28_structural_lift_recovered.o	section-backed address only; complete C object/array extent unproved
DAT_003453a0	0x003453a0	SECTION_BACKED_ADDRESS	.data.stage3f.history.va_00345060	0x340	0x4	direct-access	ps2/progress28_structural_lift_recovered.o	section-backed address only; complete C object/array extent unproved
DAT_003453a4	0x003453a4	SECTION_BACKED_ADDRESS	.data.stage3f.history.va_00345060	0x344	0x4	direct-access	ps2/progress28_structural_lift_recovered.o	section-backed address only; complete C object/array extent unproved
DAT_003453a8	0x003453a8	SECTION_BACKED_ADDRESS	.data.stage3f.history.va_00345060	0x348	0x1	direct-access	ps2/progress28_structural_lift_recovered.o	section-backed address only; complete C object/array extent unproved
DAT_003453a9	0x003453a9	SECTION_BACKED_ADDRESS	.data.stage3f.history.va_00345060	0x349	0x1	direct-access	ps2/progress28_structural_lift_recovered.o	section-backed address only; complete C object/array extent unproved
DAT_003453aa	0x003453aa	SECTION_BACKED_ADDRESS	.data.stage3f.history.va_00345060	0x34a	0x2	direct-access	ps2/progress28_structural_lift_recovered.o	section-backed address only; complete C object/array extent unproved
DAT_003453ac	0x003453ac	SECTION_BACKED_ADDRESS	.data.stage3f.history.va_00345060	0x34c	0x2	direct-access	ps2/progress28_structural_lift_recovered.o	section-backed address only; complete C object/array extent unproved
DAT_003453ae	0x003453ae	SECTION_BACKED_ADDRESS	.data.stage3f.history.va_00345060	0x34e	0x2	direct-access	ps2/progress28_structural_lift_recovered.o	section-backed address only; complete C object/array extent unproved
DAT_003453b0	0x003453b0	SECTION_BACKED_ADDRESS	.data.stage3f.history.va_00345060	0x350	0x2	direct-access	ps2/progress28_structural_lift_recovered.o	section-backed address only; complete C object/array extent unproved
DAT_003453b2	0x003453b2	SECTION_BACKED_ADDRESS	.data.stage3f.history.va_00345060	0x352	0x2	direct-access	ps2/progress28_structural_lift_recovered.o	section-backed address only; complete C object/array extent unproved
DAT_003453b4	0x003453b4	SECTION_BACKED_ADDRESS	.data.stage3f.history.va_00345060	0x354	0x2	direct-access	ps2/progress28_structural_lift_recovered.o	section-backed address only; complete C object/array extent unproved
DAT_003453b6	0x003453b6	SECTION_BACKED_ADDRESS	.data.stage3f.history.va_00345060	0x356	0x2	direct-access	ps2/progress28_structural_lift_recovered.o	section-backed address only; complete C object/array extent unproved
DAT_003453b8	0x003453b8	SECTION_BACKED_ADDRESS	.data.stage3f.history.va_00345060	0x358	0x4	direct-access	ps2/progress28_structural_lift_recovered.o	section-backed address only; complete C object/array extent unproved
DAT_003453bc	0x003453bc	SECTION_BACKED_ADDRESS	.data.stage3f.history.va_00345060	0x35c	0x1	direct-access	ps2/progress28_structural_lift_recovered.o	section-backed address only; complete C object/array extent unproved
DAT_003453be	0x003453be	SECTION_BACKED_ADDRESS	.data.stage3f.history.va_00345060	0x35e	0x1	direct-access	ps2/progress28_structural_lift_recovered.o	section-backed address only; complete C object/array extent unproved
DAT_003453bf	0x003453bf	SECTION_BACKED_ADDRESS	.data.stage3f.history.va_00345060	0x35f	0x1	direct-access	ps2/progress28_structural_lift_recovered.o	section-backed address only; complete C object/array extent unproved
DAT_003453c0	0x003453c0	SECTION_BACKED_ADDRESS	.data.stage3f.history.va_00345060	0x360	0x1	direct-access	ps2/progress28_structural_lift_recovered.o	section-backed address only; complete C object/array extent unproved
DAT_003453c8	0x003453c8	SECTION_BACKED_ADDRESS	.data.stage3f.history.va_00345060	0x368		historical-source-owner	ps2/progress28_structural_lift_recovered.o	section-backed address only; complete C object/array extent unproved
DAT_003453d0	0x003453d0	SECTION_BACKED_ADDRESS	.data.stage3f.history.va_00345060	0x370		historical-source-owner	ps2/progress28_structural_lift_recovered.o	section-backed address only; complete C object/array extent unproved
DAT_003453d8	0x003453d8	SECTION_BACKED_ADDRESS	.data.stage3f.history.va_00345060	0x378		historical-source-owner	ps2/progress28_structural_lift_recovered.o	section-backed address only; complete C object/array extent unproved
DAT_003453e0	0x003453e0	SECTION_BACKED_ADDRESS	.data.stage3f.history.va_00345060	0x380		historical-source-owner	ps2/progress28_structural_lift_recovered.o	section-backed address only; complete C object/array extent unproved
DAT_003453e8	0x003453e8	SECTION_BACKED_ADDRESS	.data.stage3f.history.va_00345060	0x388		historical-source-owner	ps2/progress28_structural_lift_recovered.o	section-backed address only; complete C object/array extent unproved
DAT_003453f0	0x003453f0	SECTION_BACKED_ADDRESS	.data.stage3f.history.va_00345060	0x390	0x1	direct-access	ps2/progress28_structural_lift_recovered.o	section-backed address only; complete C object/array extent unproved
DAT_003453ff	0x003453ff	SECTION_BACKED_ADDRESS	.data.stage3f.history.va_00345060	0x39f	0x1	direct-access	ps2/progress28_structural_lift_recovered.o	section-backed address only; complete C object/array extent unproved
DAT_00345400	0x00345400	SECTION_BACKED_ADDRESS	.data.stage3f.history.va_00345060	0x3a0	0x1	direct-access	ps2/progress28_structural_lift_recovered.o	section-backed address only; complete C object/array extent unproved
DAT_00345402	0x00345402	SECTION_BACKED_ADDRESS	.data.stage3f.history.va_00345060	0x3a2		historical-source-owner	ps2/progress28_structural_lift_recovered.o	section-backed address only; complete C object/array extent unproved
DAT_0034540f	0x0034540f	SECTION_BACKED_ADDRESS	.data.stage3f.history.va_00345060	0x3af	0x1	direct-access	ps2/progress28_structural_lift_recovered.o	section-backed address only; complete C object/array extent unproved
DAT_00345410	0x00345410	SECTION_BACKED_ADDRESS	.data.stage3f.history.va_00345060	0x3b0	0x1	direct-access	ps2/progress28_structural_lift_recovered.o	section-backed address only; complete C object/array extent unproved
DAT_00345412	0x00345412	SECTION_BACKED_ADDRESS	.data.stage3f.history.va_00345060	0x3b2		historical-source-owner	ps2/progress28_structural_lift_recovered.o	section-backed address only; complete C object/array extent unproved
DAT_0034541f	0x0034541f	SECTION_BACKED_ADDRESS	.data.stage3f.history.va_00345060	0x3bf	0x1	direct-access	ps2/progress28_structural_lift_recovered.o	section-backed address only; complete C object/array extent unproved
DAT_00345420	0x00345420	SECTION_BACKED_ADDRESS	.data.stage3f.history.va_00345060	0x3c0	0x1	direct-access	ps2/progress28_structural_lift_recovered.o	section-backed address only; complete C object/array extent unproved
DAT_00345422	0x00345422	SECTION_BACKED_ADDRESS	.data.stage3f.history.va_00345060	0x3c2		historical-source-owner	ps2/progress28_structural_lift_recovered.o	section-backed address only; complete C object/array extent unproved
DAT_0034542f	0x0034542f	SECTION_BACKED_ADDRESS	.data.stage3f.history.va_00345060	0x3cf	0x1	direct-access	ps2/progress28_structural_lift_recovered.o	section-backed address only; complete C object/array extent unproved
DAT_00345432	0x00345432	SECTION_BACKED_ADDRESS	.data.stage3f.history.va_00345060	0x3d2		historical-source-owner	ps2/progress28_structural_lift_recovered.o	section-backed address only; complete C object/array extent unproved
DAT_0034543f	0x0034543f	SECTION_BACKED_ADDRESS	.data.stage3f.history.va_00345060	0x3df	0x1	direct-access	ps2/progress28_structural_lift_recovered.o	section-backed address only; complete C object/array extent unproved
DAT_00345440	0x00345440	SECTION_BACKED_ADDRESS	.data.stage3f.history.va_00345060	0x3e0	0x1	direct-access	ps2/progress28_structural_lift_recovered.o	section-backed address only; complete C object/array extent unproved
DAT_00345442	0x00345442	SECTION_BACKED_ADDRESS	.data.stage3f.history.va_00345060	0x3e2		historical-source-owner	ps2/progress28_structural_lift_recovered.o	section-backed address only; complete C object/array extent unproved
DAT_00345484	0x00345484	SECTION_BACKED_ADDRESS	.data.stage3f.history.va_00345060	0x424	0x2	direct-access	ps2/progress28_structural_lift_recovered.o	section-backed address only; complete C object/array extent unproved
DAT_00345486	0x00345486	SECTION_BACKED_ADDRESS	.data.stage3f.history.va_00345060	0x426	0x2	direct-access	ps2/progress28_structural_lift_recovered.o	section-backed address only; complete C object/array extent unproved
DAT_00345488	0x00345488	SECTION_BACKED_ADDRESS	.data.stage3f.history.va_00345060	0x428	0x2	direct-access	ps2/progress28_structural_lift_recovered.o	section-backed address only; complete C object/array extent unproved
DAT_0034548a	0x0034548a	SECTION_BACKED_ADDRESS	.data.stage3f.history.va_00345060	0x42a	0x2	direct-access	ps2/progress28_structural_lift_recovered.o	section-backed address only; complete C object/array extent unproved
DAT_0034548c	0x0034548c	SECTION_BACKED_ADDRESS	.data.stage3f.history.va_00345060	0x42c	0x2	direct-access	ps2/progress28_structural_lift_recovered.o	section-backed address only; complete C object/array extent unproved
DAT_0034548e	0x0034548e	SECTION_BACKED_ADDRESS	.data.stage3f.history.va_00345060	0x42e	0x2	direct-access	ps2/progress28_structural_lift_recovered.o	section-backed address only; complete C object/array extent unproved
DAT_00345490	0x00345490	SECTION_BACKED_ADDRESS	.data.stage3f.history.va_00345060	0x430	0x1	direct-access	ps2/progress28_structural_lift_recovered.o	section-backed address only; complete C object/array extent unproved
DAT_00345491	0x00345491	SECTION_BACKED_ADDRESS	.data.stage3f.history.va_00345060	0x431	0x1	direct-access	ps2/progress28_structural_lift_recovered.o	section-backed address only; complete C object/array extent unproved
DAT_00345492	0x00345492	SECTION_BACKED_ADDRESS	.data.stage3f.history.va_00345060	0x432	0x1	direct-access	ps2/progress28_structural_lift_recovered.o	section-backed address only; complete C object/array extent unproved
DAT_00345493	0x00345493	SECTION_BACKED_ADDRESS	.data.stage3f.history.va_00345060	0x433	0x1	direct-access	ps2/progress28_structural_lift_recovered.o	section-backed address only; complete C object/array extent unproved
DAT_00345498	0x00345498	SECTION_BACKED_ADDRESS	.data.stage3ce.va_00345498	0x0	0x4	direct-access	ps2/progress28_structural_lift_recovered.o	section-backed address only; complete C object/array extent unproved
DAT_0034549c	0x0034549c	SECTION_BACKED_ADDRESS	.data.stage3ce.va_00345498	0x4	0x4	direct-access	ps2/progress28_structural_lift_recovered.o	section-backed address only; complete C object/array extent unproved
DAT_003454a0	0x003454a0	SECTION_BACKED_ADDRESS	.data.stage3ce.va_00345498	0x8	0x4	direct-access	ps2/progress28_structural_lift_recovered.o	section-backed address only; complete C object/array extent unproved
DAT_003454a4	0x003454a4	SECTION_BACKED_ADDRESS	.data.stage3ce.va_00345498	0xc	0x1	direct-access	ps2/progress28_structural_lift_recovered.o	section-backed address only; complete C object/array extent unproved
DAT_003454ac	0x003454ac	SECTION_BACKED_ADDRESS	.data.stage3ce.va_00345498	0x14	0x4	direct-access	ps2/progress28_structural_lift_recovered.o	section-backed address only; complete C object/array extent unproved
DAT_003454b0	0x003454b0	SECTION_BACKED_ADDRESS	.data.stage3ce.va_00345498	0x18	0x4	direct-access	ps2/progress28_structural_lift_recovered.o	section-backed address only; complete C object/array extent unproved
DAT_003454b4	0x003454b4	SECTION_BACKED_ADDRESS	.data.stage3ce.va_00345498	0x1c	0x4	direct-access	ps2/progress28_structural_lift_recovered.o	section-backed address only; complete C object/array extent unproved
DAT_003454b8	0x003454b8	SECTION_BACKED_ADDRESS	.data.stage3ce.va_00345498	0x20	0x4	direct-access	ps2/progress28_structural_lift_recovered.o	section-backed address only; complete C object/array extent unproved
DAT_003454bc	0x003454bc	SECTION_BACKED_ADDRESS	.data.stage3ce.va_00345498	0x24	0x4	direct-access	ps2/progress28_structural_lift_recovered.o	section-backed address only; complete C object/array extent unproved
DAT_003454c0	0x003454c0	SECTION_BACKED_ADDRESS	.data.stage3f.history.va_003454c0	0x0	0x1	direct-access	ps2/progress28_structural_lift_recovered.o	section-backed address only; complete C object/array extent unproved
DAT_003454c1	0x003454c1	SECTION_BACKED_ADDRESS	.data.stage3f.history.va_003454c0	0x1	0x1	direct-access	ps2/progress28_structural_lift_recovered.o	section-backed address only; complete C object/array extent unproved
DAT_003454c2	0x003454c2	SECTION_BACKED_ADDRESS	.data.stage3f.history.va_003454c0	0x2	0x1	direct-access	ps2/progress28_structural_lift_recovered.o	section-backed address only; complete C object/array extent unproved
DAT_003454c8	0x003454c8	SECTION_BACKED_ADDRESS	.data.stage3f.history.va_003454c0	0x8	0x4	direct-access	ps2/progress28_structural_lift_recovered.o	section-backed address only; complete C object/array extent unproved
DAT_003454cc	0x003454cc	SECTION_BACKED_ADDRESS	.data.stage3f.history.va_003454c0	0xc	0x4	direct-access	ps2/progress28_structural_lift_recovered.o	section-backed address only; complete C object/array extent unproved
DAT_003454d0	0x003454d0	SECTION_BACKED_ADDRESS	.data.stage3f.history.va_003454c0	0x10	0x4	direct-access	ps2/progress28_structural_lift_recovered.o	section-backed address only; complete C object/array extent unproved
DAT_003454d8	0x003454d8	SECTION_BACKED_ADDRESS	.data.stage3f.history.va_003454c0	0x18	0x1	direct-access	ps2/progress28_structural_lift_recovered.o	section-backed address only; complete C object/array extent unproved
DAT_003454da	0x003454da	SECTION_BACKED_ADDRESS	.data.stage3f.history.va_003454c0	0x1a	0x2	direct-access	ps2/progress28_structural_lift_recovered.o	section-backed address only; complete C object/array extent unproved
DAT_003454dc	0x003454dc	SECTION_BACKED_ADDRESS	.data.stage3f.history.va_003454c0	0x1c	0x1	direct-access	ps2/progress28_structural_lift_recovered.o	section-backed address only; complete C object/array extent unproved
DAT_003454dd	0x003454dd	SECTION_BACKED_ADDRESS	.data.stage3f.history.va_003454c0	0x1d	0x1	direct-access	ps2/progress28_structural_lift_recovered.o	section-backed address only; complete C object/array extent unproved
DAT_003454de	0x003454de	SECTION_BACKED_ADDRESS	.data.stage3f.history.va_003454c0	0x1e	0x2	direct-access	ps2/progress28_structural_lift_recovered.o	section-backed address only; complete C object/array extent unproved
DAT_003454e0	0x003454e0	SECTION_BACKED_ADDRESS	.data.stage3ce.va_003454e0	0x0	0x148	direct-access	ps2/progress28_structural_lift_recovered.o	section-backed address only; complete C object/array extent unproved
DAT_003454e1	0x003454e1	SECTION_BACKED_ADDRESS	.data.stage3ce.va_003454e0	0x1	0x1	direct-access	ps2/progress28_structural_lift_recovered.o	section-backed address only; complete C object/array extent unproved
DAT_003454e2	0x003454e2	SECTION_BACKED_ADDRESS	.data.stage3ce.va_003454e0	0x2		interior-address-only	ps2/progress28_structural_lift_recovered.o	section-backed address only; complete C object/array extent unproved
DAT_003454e8	0x003454e8	SECTION_BACKED_ADDRESS	.data.stage3ce.va_003454e0	0x8	0x8	direct-access	ps2/progress28_structural_lift_recovered.o	section-backed address only; complete C object/array extent unproved
DAT_003454f0	0x003454f0	SECTION_BACKED_ADDRESS	.data.stage3ce.va_003454e0	0x10	0x8	direct-access	ps2/progress28_structural_lift_recovered.o	section-backed address only; complete C object/array extent unproved
DAT_003454f8	0x003454f8	SECTION_BACKED_ADDRESS	.data.stage3ce.va_003454e0	0x18	0x8	direct-access	ps2/progress28_structural_lift_recovered.o	section-backed address only; complete C object/array extent unproved
DAT_00345500	0x00345500	SECTION_BACKED_ADDRESS	.data.stage3ce.va_003454e0	0x20	0x1	direct-access	ps2/progress28_structural_lift_recovered.o	section-backed address only; complete C object/array extent unproved
DAT_00345501	0x00345501	SECTION_BACKED_ADDRESS	.data.stage3ce.va_003454e0	0x21	0x1	direct-access	ps2/progress28_structural_lift_recovered.o	section-backed address only; complete C object/array extent unproved
DAT_00345508	0x00345508	SECTION_BACKED_ADDRESS	.data.stage3ce.va_003454e0	0x28	0x8	direct-access	ps2/progress28_structural_lift_recovered.o	section-backed address only; complete C object/array extent unproved
DAT_00345510	0x00345510	SECTION_BACKED_ADDRESS	.data.stage3ce.va_003454e0	0x30	0x4	direct-access	ps2/progress28_structural_lift_recovered.o	section-backed address only; complete C object/array extent unproved
DAT_00345514	0x00345514	SECTION_BACKED_ADDRESS	.data.stage3ce.va_003454e0	0x34	0x4	direct-access	ps2/progress28_structural_lift_recovered.o	section-backed address only; complete C object/array extent unproved
DAT_00345518	0x00345518	SECTION_BACKED_ADDRESS	.data.stage3ce.va_003454e0	0x38	0x4	direct-access	ps2/progress28_structural_lift_recovered.o	section-backed address only; complete C object/array extent unproved
DAT_0034551c	0x0034551c	SECTION_BACKED_ADDRESS	.data.stage3ce.va_003454e0	0x3c	0x4	direct-access	ps2/progress28_structural_lift_recovered.o	section-backed address only; complete C object/array extent unproved
DAT_00345520	0x00345520	SECTION_BACKED_ADDRESS	.data.stage3ce.va_003454e0	0x40	0x8	direct-access	ps2/progress28_structural_lift_recovered.o	section-backed address only; complete C object/array extent unproved
DAT_00345528	0x00345528	SECTION_BACKED_ADDRESS	.data.stage3ce.va_003454e0	0x48	0x8	direct-access	ps2/progress28_structural_lift_recovered.o	section-backed address only; complete C object/array extent unproved
DAT_00345530	0x00345530	SECTION_BACKED_ADDRESS	.data.stage3ce.va_003454e0	0x50	0x1	direct-access	ps2/progress28_structural_lift_recovered.o	section-backed address only; complete C object/array extent unproved
DAT_00345531	0x00345531	SECTION_BACKED_ADDRESS	.data.stage3ce.va_003454e0	0x51	0x1	direct-access	ps2/progress28_structural_lift_recovered.o	section-backed address only; complete C object/array extent unproved
DAT_00345532	0x00345532	SECTION_BACKED_ADDRESS	.data.stage3ce.va_003454e0	0x52	0x1	direct-access	ps2/progress28_structural_lift_recovered.o	section-backed address only; complete C object/array extent unproved
DAT_00345533	0x00345533	SECTION_BACKED_ADDRESS	.data.stage3ce.va_003454e0	0x53	0x1	direct-access	ps2/progress28_structural_lift_recovered.o	section-backed address only; complete C object/array extent unproved
DAT_00345534	0x00345534	SECTION_BACKED_ADDRESS	.data.stage3ce.va_003454e0	0x54	0x1	direct-access	ps2/progress28_structural_lift_recovered.o	section-backed address only; complete C object/array extent unproved
DAT_00345538	0x00345538	SECTION_BACKED_ADDRESS	.data.stage3ce.va_003454e0	0x58	0x4	direct-access	ps2/progress28_structural_lift_recovered.o	section-backed address only; complete C object/array extent unproved
DAT_0034553c	0x0034553c	SECTION_BACKED_ADDRESS	.data.stage3ce.va_003454e0	0x5c	0x1	direct-access	ps2/progress28_structural_lift_recovered.o	section-backed address only; complete C object/array extent unproved
DAT_0034553d	0x0034553d	SECTION_BACKED_ADDRESS	.data.stage3ce.va_003454e0	0x5d	0x1	direct-access	ps2/progress28_structural_lift_recovered.o	section-backed address only; complete C object/array extent unproved
DAT_0034553e	0x0034553e	SECTION_BACKED_ADDRESS	.data.stage3ce.va_003454e0	0x5e	0x1	direct-access	ps2/progress28_structural_lift_recovered.o	section-backed address only; complete C object/array extent unproved
DAT_0034553f	0x0034553f	SECTION_BACKED_ADDRESS	.data.stage3ce.va_003454e0	0x5f	0x1	direct-access	ps2/progress28_structural_lift_recovered.o	section-backed address only; complete C object/array extent unproved
DAT_00345540	0x00345540	SECTION_BACKED_ADDRESS	.data.stage3ce.va_003454e0	0x60	0x1	direct-access	ps2/progress28_structural_lift_recovered.o	section-backed address only; complete C object/array extent unproved
DAT_00345541	0x00345541	SECTION_BACKED_ADDRESS	.data.stage3ce.va_003454e0	0x61	0x1	direct-access	ps2/progress28_structural_lift_recovered.o	section-backed address only; complete C object/array extent unproved
DAT_00345542	0x00345542	SECTION_BACKED_ADDRESS	.data.stage3ce.va_003454e0	0x62	0x1	direct-access	ps2/progress28_structural_lift_recovered.o	section-backed address only; complete C object/array extent unproved
DAT_00345543	0x00345543	SECTION_BACKED_ADDRESS	.data.stage3ce.va_003454e0	0x63	0x1	direct-access	ps2/progress28_structural_lift_recovered.o	section-backed address only; complete C object/array extent unproved
DAT_00345544	0x00345544	SECTION_BACKED_ADDRESS	.data.stage3ce.va_003454e0	0x64	0x1	direct-access	ps2/progress28_structural_lift_recovered.o	section-backed address only; complete C object/array extent unproved
DAT_00345545	0x00345545	SECTION_BACKED_ADDRESS	.data.stage3ce.va_003454e0	0x65	0x1	direct-access	ps2/progress28_structural_lift_recovered.o	section-backed address only; complete C object/array extent unproved
DAT_00345546	0x00345546	SECTION_BACKED_ADDRESS	.data.stage3ce.va_003454e0	0x66	0x1	direct-access	ps2/progress28_structural_lift_recovered.o	section-backed address only; complete C object/array extent unproved
DAT_00345547	0x00345547	SECTION_BACKED_ADDRESS	.data.stage3ce.va_003454e0	0x67	0x1	direct-access	ps2/progress28_structural_lift_recovered.o	section-backed address only; complete C object/array extent unproved
DAT_00345548	0x00345548	SECTION_BACKED_ADDRESS	.data.stage3ce.va_003454e0	0x68	0x4	direct-access	ps2/progress28_structural_lift_recovered.o	section-backed address only; complete C object/array extent unproved
DAT_0034554d	0x0034554d	SECTION_BACKED_ADDRESS	.data.stage3ce.va_003454e0	0x6d	0x1	direct-access	ps2/progress28_structural_lift_recovered.o	section-backed address only; complete C object/array extent unproved
DAT_0034554e	0x0034554e	SECTION_BACKED_ADDRESS	.data.stage3ce.va_003454e0	0x6e	0x1	direct-access	ps2/progress28_structural_lift_recovered.o	section-backed address only; complete C object/array extent unproved
DAT_00345550	0x00345550	SECTION_BACKED_ADDRESS	.data.stage3ce.va_003454e0	0x70	0x4	direct-access	ps2/progress28_structural_lift_recovered.o	section-backed address only; complete C object/array extent unproved
DAT_00345559	0x00345559	SECTION_BACKED_ADDRESS	.data.stage3ce.va_003454e0	0x79	0x1	direct-access	ps2/progress28_structural_lift_recovered.o	section-backed address only; complete C object/array extent unproved
DAT_0034555a	0x0034555a	SECTION_BACKED_ADDRESS	.data.stage3ce.va_003454e0	0x7a	0x1	direct-access	ps2/progress28_structural_lift_recovered.o	section-backed address only; complete C object/array extent unproved
DAT_0034555b	0x0034555b	SECTION_BACKED_ADDRESS	.data.stage3ce.va_003454e0	0x7b	0x1	direct-access	ps2/progress28_structural_lift_recovered.o	section-backed address only; complete C object/array extent unproved
DAT_0034555c	0x0034555c	SECTION_BACKED_ADDRESS	.data.stage3ce.va_003454e0	0x7c	0x1	direct-access	ps2/progress28_structural_lift_recovered.o	section-backed address only; complete C object/array extent unproved
DAT_0034555d	0x0034555d	SECTION_BACKED_ADDRESS	.data.stage3ce.va_003454e0	0x7d	0x1	direct-access	ps2/progress28_structural_lift_recovered.o	section-backed address only; complete C object/array extent unproved
DAT_00345560	0x00345560	SECTION_BACKED_ADDRESS	.data.stage3ce.va_003454e0	0x80	0x1	direct-access	ps2/progress28_structural_lift_recovered.o	section-backed address only; complete C object/array extent unproved
DAT_00345561	0x00345561	SECTION_BACKED_ADDRESS	.data.stage3ce.va_003454e0	0x81	0x1	direct-access	ps2/progress28_structural_lift_recovered.o	section-backed address only; complete C object/array extent unproved
DAT_00345563	0x00345563	SECTION_BACKED_ADDRESS	.data.stage3ce.va_003454e0	0x83	0x1	direct-access	ps2/progress28_structural_lift_recovered.o	section-backed address only; complete C object/array extent unproved
DAT_00345564	0x00345564	SECTION_BACKED_ADDRESS	.data.stage3ce.va_003454e0	0x84	0x1	direct-access	ps2/progress28_structural_lift_recovered.o	section-backed address only; complete C object/array extent unproved
DAT_00345565	0x00345565	SECTION_BACKED_ADDRESS	.data.stage3ce.va_003454e0	0x85	0x1	direct-access	ps2/progress28_structural_lift_recovered.o	section-backed address only; complete C object/array extent unproved
DAT_00345566	0x00345566	SECTION_BACKED_ADDRESS	.data.stage3ce.va_003454e0	0x86	0x1	direct-access	ps2/progress28_structural_lift_recovered.o	section-backed address only; complete C object/array extent unproved
DAT_00345567	0x00345567	SECTION_BACKED_ADDRESS	.data.stage3ce.va_003454e0	0x87	0x1	direct-access	ps2/progress28_structural_lift_recovered.o	section-backed address only; complete C object/array extent unproved
DAT_00345568	0x00345568	SECTION_BACKED_ADDRESS	.data.stage3ce.va_003454e0	0x88	0x1	direct-access	ps2/progress28_structural_lift_recovered.o	section-backed address only; complete C object/array extent unproved
DAT_00345569	0x00345569	SECTION_BACKED_ADDRESS	.data.stage3ce.va_003454e0	0x89	0x1	direct-access	ps2/progress28_structural_lift_recovered.o	section-backed address only; complete C object/array extent unproved
DAT_0034556b	0x0034556b	SECTION_BACKED_ADDRESS	.data.stage3ce.va_003454e0	0x8b	0x1	direct-access	ps2/progress28_structural_lift_recovered.o	section-backed address only; complete C object/array extent unproved
DAT_0034556c	0x0034556c	SECTION_BACKED_ADDRESS	.data.stage3ce.va_003454e0	0x8c	0x1	direct-access	ps2/progress28_structural_lift_recovered.o	section-backed address only; complete C object/array extent unproved
DAT_0034556e	0x0034556e	SECTION_BACKED_ADDRESS	.data.stage3ce.va_003454e0	0x8e	0x1	direct-access	ps2/progress28_structural_lift_recovered.o	section-backed address only; complete C object/array extent unproved
DAT_003455f8	0x003455f8	SECTION_BACKED_ADDRESS	.data.stage3ce.va_003454e0	0x118	0x4	direct-access	ps2/progress28_structural_lift_recovered.o	section-backed address only; complete C object/array extent unproved
DAT_003455fc	0x003455fc	SECTION_BACKED_ADDRESS	.data.stage3ce.va_003454e0	0x11c	0x1	direct-access	ps2/progress28_structural_lift_recovered.o	section-backed address only; complete C object/array extent unproved
DAT_003455fd	0x003455fd	SECTION_BACKED_ADDRESS	.data.stage3ce.va_003454e0	0x11d	0x1	direct-access	ps2/progress28_structural_lift_recovered.o	section-backed address only; complete C object/array extent unproved
DAT_00345608	0x00345608	SECTION_BACKED_ADDRESS	.data.stage3ce.va_003454e0	0x128	0x1	direct-access	ps2/progress28_structural_lift_recovered.o	section-backed address only; complete C object/array extent unproved
DAT_00345609	0x00345609	SECTION_BACKED_ADDRESS	.data.stage3ce.va_003454e0	0x129	0x1	direct-access	ps2/progress28_structural_lift_recovered.o	section-backed address only; complete C object/array extent unproved
DAT_0034560a	0x0034560a	SECTION_BACKED_ADDRESS	.data.stage3ce.va_003454e0	0x12a	0x1	direct-access	ps2/progress28_structural_lift_recovered.o	section-backed address only; complete C object/array extent unproved
DAT_0034560b	0x0034560b	SECTION_BACKED_ADDRESS	.data.stage3ce.va_003454e0	0x12b	0x1	direct-access	ps2/progress28_structural_lift_recovered.o	section-backed address only; complete C object/array extent unproved
DAT_0034560c	0x0034560c	SECTION_BACKED_ADDRESS	.data.stage3ce.va_003454e0	0x12c	0x1	direct-access	ps2/progress28_structural_lift_recovered.o	section-backed address only; complete C object/array extent unproved
DAT_0034560d	0x0034560d	SECTION_BACKED_ADDRESS	.data.stage3ce.va_003454e0	0x12d	0x1	direct-access	ps2/progress28_structural_lift_recovered.o	section-backed address only; complete C object/array extent unproved
DAT_0034560e	0x0034560e	SECTION_BACKED_ADDRESS	.data.stage3ce.va_003454e0	0x12e	0x1	direct-access	ps2/progress28_structural_lift_recovered.o	section-backed address only; complete C object/array extent unproved
DAT_00345610	0x00345610	SECTION_BACKED_ADDRESS	.data.stage3ce.va_003454e0	0x130	0x8	direct-access	ps2/progress28_structural_lift_recovered.o	section-backed address only; complete C object/array extent unproved
DAT_00345618	0x00345618	SECTION_BACKED_ADDRESS	.data.stage3ce.va_003454e0	0x138	0x2	direct-access	ps2/progress28_structural_lift_recovered.o	section-backed address only; complete C object/array extent unproved
DAT_00345ae8	0x00345ae8	SECTION_BACKED_ADDRESS	.data.stage3f.history.va_00345628	0x4c0	0x1	direct-access	ps2/progress28_structural_lift_recovered.o	section-backed address only; complete C object/array extent unproved
DAT_00345ae9	0x00345ae9	SECTION_BACKED_ADDRESS	.data.stage3f.history.va_00345628	0x4c1	0x1	direct-access	ps2/progress28_structural_lift_recovered.o	section-backed address only; complete C object/array extent unproved
DAT_00345aea	0x00345aea	SECTION_BACKED_ADDRESS	.data.stage3f.history.va_00345628	0x4c2	0x2	direct-access	ps2/progress28_structural_lift_recovered.o	section-backed address only; complete C object/array extent unproved
DAT_00345aec	0x00345aec	SECTION_BACKED_ADDRESS	.data.stage3f.history.va_00345628	0x4c4	0x2	direct-access	ps2/progress28_structural_lift_recovered.o	section-backed address only; complete C object/array extent unproved
DAT_00345aee	0x00345aee	SECTION_BACKED_ADDRESS	.data.stage3f.history.va_00345628	0x4c6	0x2	direct-access	ps2/progress28_structural_lift_recovered.o	section-backed address only; complete C object/array extent unproved
DAT_00345af0	0x00345af0	SECTION_BACKED_ADDRESS	.data.stage3f.history.va_00345628	0x4c8	0x2	direct-access	ps2/progress28_structural_lift_recovered.o	section-backed address only; complete C object/array extent unproved
DAT_00345af2	0x00345af2	SECTION_BACKED_ADDRESS	.data.stage3f.history.va_00345628	0x4ca	0x2	direct-access	ps2/progress28_structural_lift_recovered.o	section-backed address only; complete C object/array extent unproved
DAT_00345af4	0x00345af4	SECTION_BACKED_ADDRESS	.data.stage3f.history.va_00345628	0x4cc	0x2	direct-access	ps2/progress28_structural_lift_recovered.o	section-backed address only; complete C object/array extent unproved
DAT_00345af6	0x00345af6	SECTION_BACKED_ADDRESS	.data.stage3f.history.va_00345628	0x4ce	0x2	direct-access	ps2/progress28_structural_lift_recovered.o	section-backed address only; complete C object/array extent unproved
DAT_00345af8	0x00345af8	SECTION_BACKED_ADDRESS	.data.stage3f.history.va_00345628	0x4d0	0x4	direct-access	ps2/progress28_structural_lift_recovered.o	section-backed address only; complete C object/array extent unproved
DAT_00345afc	0x00345afc	SECTION_BACKED_ADDRESS	.data.stage3f.history.va_00345628	0x4d4	0x1	direct-access	ps2/progress28_structural_lift_recovered.o	section-backed address only; complete C object/array extent unproved
DAT_00345afd	0x00345afd	SECTION_BACKED_ADDRESS	.data.stage3f.history.va_00345628	0x4d5	0x1	direct-access	ps2/progress28_structural_lift_recovered.o	section-backed address only; complete C object/array extent unproved
DAT_00345afe	0x00345afe	SECTION_BACKED_ADDRESS	.data.stage3f.history.va_00345628	0x4d6	0x1	direct-access	ps2/progress28_structural_lift_recovered.o	section-backed address only; complete C object/array extent unproved
DAT_00345aff	0x00345aff	SECTION_BACKED_ADDRESS	.data.stage3f.history.va_00345628	0x4d7	0x1	direct-access	ps2/progress28_structural_lift_recovered.o	section-backed address only; complete C object/array extent unproved
DAT_00345b0c	0x00345b0c	SECTION_BACKED_ADDRESS	.data.stage3f.history.va_00345628	0x4e4	0x4	direct-access	ps2/progress28_structural_lift_recovered.o	section-backed address only; complete C object/array extent unproved
DAT_00345b10	0x00345b10	SECTION_BACKED_ADDRESS	.data.stage3f.history.va_00345628	0x4e8	0x1	direct-access	ps2/progress28_structural_lift_recovered.o	section-backed address only; complete C object/array extent unproved
DAT_00345b12	0x00345b12	SECTION_BACKED_ADDRESS	.data.stage3f.history.va_00345628	0x4ea	0x1	direct-access	ps2/progress28_structural_lift_recovered.o	section-backed address only; complete C object/array extent unproved
DAT_00345b14	0x00345b14	SECTION_BACKED_ADDRESS	.data.stage3f.history.va_00345628	0x4ec	0x1	direct-access	ps2/progress28_structural_lift_recovered.o	section-backed address only; complete C object/array extent unproved
DAT_00345b18	0x00345b18	SECTION_BACKED_ADDRESS	.data.stage3f.history.va_00345628	0x4f0	0x4	direct-access	ps2/progress28_structural_lift_recovered.o	section-backed address only; complete C object/array extent unproved
DAT_00345b1c	0x00345b1c	SECTION_BACKED_ADDRESS	.data.stage3f.history.va_00345628	0x4f4	0x4	direct-access	ps2/progress28_structural_lift_recovered.o	section-backed address only; complete C object/array extent unproved
DAT_00345b20	0x00345b20	SECTION_BACKED_ADDRESS	.data.stage3f.history.va_00345628	0x4f8	0x4	direct-access	ps2/progress28_structural_lift_recovered.o	section-backed address only; complete C object/array extent unproved
DAT_00345b28	0x00345b28	SECTION_BACKED_ADDRESS	.data.stage3f.history.va_00345628	0x500	0x4	direct-access	ps2/progress28_structural_lift_recovered.o	section-backed address only; complete C object/array extent unproved
DAT_00345b30	0x00345b30	SECTION_BACKED_ADDRESS	.data.stage3f.history.va_00345628	0x508	0x4	direct-access	ps2/progress28_structural_lift_recovered.o	section-backed address only; complete C object/array extent unproved
DAT_00345b34	0x00345b34	SECTION_BACKED_ADDRESS	.data.stage3f.history.va_00345628	0x50c	0x4	direct-access	ps2/progress28_structural_lift_recovered.o	section-backed address only; complete C object/array extent unproved
DAT_00345b38	0x00345b38	SECTION_BACKED_ADDRESS	.data.stage3f.history.va_00345628	0x510		historical-source-owner	ps2/progress28_structural_lift_recovered.o	section-backed address only; complete C object/array extent unproved
DAT_00345b3c	0x00345b3c	SECTION_BACKED_ADDRESS	.data.stage3f.history.va_00345628	0x514		historical-source-owner	ps2/progress28_structural_lift_recovered.o	section-backed address only; complete C object/array extent unproved
DAT_00345b44	0x00345b44	SECTION_BACKED_ADDRESS	.data.stage3f.history.va_00345628	0x51c	0x4	direct-access	ps2/progress28_structural_lift_recovered.o	section-backed address only; complete C object/array extent unproved
DAT_00345b50	0x00345b50	SECTION_BACKED_ADDRESS	.data.stage3f.history.va_00345628	0x528		historical-source-owner	ps2/progress28_structural_lift_recovered.o	section-backed address only; complete C object/array extent unproved
DAT_00345b54	0x00345b54	SECTION_BACKED_ADDRESS	.data.stage3f.history.va_00345628	0x52c		historical-source-owner	ps2/progress28_structural_lift_recovered.o	section-backed address only; complete C object/array extent unproved
DAT_00345b58	0x00345b58	SECTION_BACKED_ADDRESS	.data.stage3f.history.va_00345628	0x530	0x4	direct-access	ps2/progress28_structural_lift_recovered.o	section-backed address only; complete C object/array extent unproved
DAT_00345b5c	0x00345b5c	SECTION_BACKED_ADDRESS	.data.stage3f.history.va_00345628	0x534	0x4	direct-access	ps2/progress28_structural_lift_recovered.o	section-backed address only; complete C object/array extent unproved
DAT_00345b6c	0x00345b6c	SECTION_BACKED_ADDRESS	.data.stage3f.history.va_00345628	0x544	0x4	direct-access	ps2/progress28_structural_lift_recovered.o	section-backed address only; complete C object/array extent unproved
DAT_00345b74	0x00345b74	SECTION_BACKED_ADDRESS	.data.stage3f.history.va_00345628	0x54c	0x4	direct-access	ps2/progress28_structural_lift_recovered.o	section-backed address only; complete C object/array extent unproved
DAT_00345b98	0x00345b98	SECTION_BACKED_ADDRESS	.data.stage3f.history.va_00345628	0x570	0x4	direct-access	ps2/progress28_structural_lift_recovered.o	section-backed address only; complete C object/array extent unproved
DAT_00345eec	0x00345eec	SECTION_BACKED_ADDRESS	.data.stage3f.history.va_00345628	0x8c4		historical-source-owner	ps2/progress28_structural_lift_recovered.o	section-backed address only; complete C object/array extent unproved
DAT_00347338	0x00347338	SECTION_BACKED_ADDRESS	.data.stage3f.history.va_00345628	0x1d10		historical-source-owner	ps2/progress28_structural_lift_recovered.o	section-backed address only; complete C object/array extent unproved
DAT_00347b38	0x00347b38	SECTION_BACKED_ADDRESS	.data.stage3f.history.va_00345628	0x2510		historical-source-owner	ps2/progress28_structural_lift_recovered.o	section-backed address only; complete C object/array extent unproved
DAT_00347b3c	0x00347b3c	SECTION_BACKED_ADDRESS	.data.stage3f.history.va_00345628	0x2514		historical-source-owner	ps2/progress28_structural_lift_recovered.o	section-backed address only; complete C object/array extent unproved
DAT_00347b50	0x00347b50	SECTION_BACKED_ADDRESS	.data.stage3f.history.va_00345628	0x2528		historical-source-owner	ps2/progress28_structural_lift_recovered.o	section-backed address only; complete C object/array extent unproved
DAT_00347b54	0x00347b54	SECTION_BACKED_ADDRESS	.data.stage3f.history.va_00345628	0x252c		historical-source-owner	ps2/progress28_structural_lift_recovered.o	section-backed address only; complete C object/array extent unproved
DAT_00347b58	0x00347b58	SECTION_BACKED_ADDRESS	.data.stage3f.history.va_00345628	0x2530	0x4	direct-access	ps2/progress28_structural_lift_recovered.o	section-backed address only; complete C object/array extent unproved
DAT_00348b48	0x00348b48	SECTION_BACKED_ADDRESS	.data.stage3f.history.va_00345628	0x3520	0x4	direct-access	ps2/progress28_structural_lift_recovered.o	section-backed address only; complete C object/array extent unproved
DAT_00348b58	0x00348b58	SECTION_BACKED_ADDRESS	.data.stage3f.history.va_00345628	0x3530	0x4	direct-access	ps2/progress28_structural_lift_recovered.o	section-backed address only; complete C object/array extent unproved
DAT_00348b74	0x00348b74	SECTION_BACKED_ADDRESS	.data.stage3f.history.va_00345628	0x354c		historical-source-owner	ps2/progress28_structural_lift_recovered.o	section-backed address only; complete C object/array extent unproved
DAT_00348b78	0x00348b78	SECTION_BACKED_ADDRESS	.data.stage3f.history.va_00345628	0x3550	0x4	direct-access	ps2/progress28_structural_lift_recovered.o	section-backed address only; complete C object/array extent unproved
DAT_00348bb4	0x00348bb4	SECTION_BACKED_ADDRESS	.data.stage3f.history.va_00345628	0x358c		historical-source-owner	ps2/progress28_structural_lift_recovered.o	section-backed address only; complete C object/array extent unproved
DAT_00348bcc	0x00348bcc	SECTION_BACKED_ADDRESS	.data.stage3f.history.va_00345628	0x35a4		historical-source-owner	ps2/progress28_structural_lift_recovered.o	section-backed address only; complete C object/array extent unproved
DAT_00349b38	0x00349b38	SECTION_BACKED_ADDRESS	.data.stage3f.history.va_00345628	0x4510		historical-source-owner	ps2/progress28_structural_lift_recovered.o	section-backed address only; complete C object/array extent unproved
DAT_00349b3c	0x00349b3c	SECTION_BACKED_ADDRESS	.data.stage3f.history.va_00345628	0x4514		historical-source-owner	ps2/progress28_structural_lift_recovered.o	section-backed address only; complete C object/array extent unproved
DAT_00349b50	0x00349b50	SECTION_BACKED_ADDRESS	.data.stage3f.history.va_00345628	0x4528		historical-source-owner	ps2/progress28_structural_lift_recovered.o	section-backed address only; complete C object/array extent unproved
DAT_00349b54	0x00349b54	SECTION_BACKED_ADDRESS	.data.stage3f.history.va_00345628	0x452c		historical-source-owner	ps2/progress28_structural_lift_recovered.o	section-backed address only; complete C object/array extent unproved
DAT_0034b338	0x0034b338	SECTION_BACKED_ADDRESS	.data.stage3f.history.va_00345628	0x5d10		historical-source-owner	ps2/progress28_structural_lift_recovered.o	section-backed address only; complete C object/array extent unproved
DAT_0034bb38	0x0034bb38	SECTION_BACKED_ADDRESS	.data.stage3f.history.va_00345628	0x6510		historical-source-owner	ps2/progress28_structural_lift_recovered.o	section-backed address only; complete C object/array extent unproved
DAT_0034bb3c	0x0034bb3c	SECTION_BACKED_ADDRESS	.data.stage3f.history.va_00345628	0x6514		historical-source-owner	ps2/progress28_structural_lift_recovered.o	section-backed address only; complete C object/array extent unproved
DAT_0034bb50	0x0034bb50	SECTION_BACKED_ADDRESS	.data.stage3f.history.va_00345628	0x6528		historical-source-owner	ps2/progress28_structural_lift_recovered.o	section-backed address only; complete C object/array extent unproved
DAT_0034bb54	0x0034bb54	SECTION_BACKED_ADDRESS	.data.stage3f.history.va_00345628	0x652c		historical-source-owner	ps2/progress28_structural_lift_recovered.o	section-backed address only; complete C object/array extent unproved
DAT_0034db38	0x0034db38	SECTION_BACKED_ADDRESS	.data.stage3f.history.va_00345628	0x8510	0x2	direct-access	ps2/progress28_structural_lift_recovered.o	section-backed address only; complete C object/array extent unproved
DAT_0034db3a	0x0034db3a	SECTION_BACKED_ADDRESS	.data.stage3f.history.va_00345628	0x8512	0x2	direct-access	ps2/progress28_structural_lift_recovered.o	section-backed address only; complete C object/array extent unproved
DAT_0034db3c	0x0034db3c	SECTION_BACKED_ADDRESS	.data.stage3f.history.va_00345628	0x8514	0x4	direct-access	ps2/progress28_structural_lift_recovered.o	section-backed address only; complete C object/array extent unproved
DAT_0034db40	0x0034db40	SECTION_BACKED_ADDRESS	.data.stage3f.history.va_00345628	0x8518	0x8	direct-access	ps2/progress28_structural_lift_recovered.o	section-backed address only; complete C object/array extent unproved
DAT_0034db48	0x0034db48	SECTION_BACKED_ADDRESS	.data.stage3f.history.va_00345628	0x8520		historical-source-owner	ps2/progress28_structural_lift_recovered.o	section-backed address only; complete C object/array extent unproved
DAT_0034db49	0x0034db49	SECTION_BACKED_ADDRESS	.data.stage3f.history.va_00345628	0x8521	0x1	direct-access	ps2/progress28_structural_lift_recovered.o	section-backed address only; complete C object/array extent unproved
DAT_0034db4a	0x0034db4a	SECTION_BACKED_ADDRESS	.data.stage3f.history.va_00345628	0x8522	0x1	direct-access	ps2/progress28_structural_lift_recovered.o	section-backed address only; complete C object/array extent unproved
DAT_0034db4b	0x0034db4b	SECTION_BACKED_ADDRESS	.data.stage3f.history.va_00345628	0x8523	0x1	direct-access	ps2/progress28_structural_lift_recovered.o	section-backed address only; complete C object/array extent unproved
DAT_0034db50	0x0034db50	SECTION_BACKED_ADDRESS	.data.stage3f.history.va_00345628	0x8528	0x2	direct-access	ps2/progress28_structural_lift_recovered.o	section-backed address only; complete C object/array extent unproved
DAT_0034db52	0x0034db52	SECTION_BACKED_ADDRESS	.data.stage3f.history.va_00345628	0x852a	0x2	direct-access	ps2/progress28_structural_lift_recovered.o	section-backed address only; complete C object/array extent unproved
DAT_0034db54	0x0034db54	SECTION_BACKED_ADDRESS	.data.stage3f.history.va_00345628	0x852c	0x2	direct-access	ps2/progress28_structural_lift_recovered.o	section-backed address only; complete C object/array extent unproved
DAT_0034db56	0x0034db56	SECTION_BACKED_ADDRESS	.data.stage3f.history.va_00345628	0x852e	0x2	direct-access	ps2/progress28_structural_lift_recovered.o	section-backed address only; complete C object/array extent unproved
DAT_0034db58	0x0034db58	SECTION_BACKED_ADDRESS	.data.stage3f.history.va_00345628	0x8530	0x4	direct-access	ps2/progress28_structural_lift_recovered.o	section-backed address only; complete C object/array extent unproved
DAT_0034db5c	0x0034db5c	SECTION_BACKED_ADDRESS	.data.stage3f.history.va_00345628	0x8534	0x4	direct-access	ps2/progress28_structural_lift_recovered.o	section-backed address only; complete C object/array extent unproved
DAT_0034db60	0x0034db60	SECTION_BACKED_ADDRESS	.data.stage3f.history.va_00345628	0x8538	0x4	direct-access	ps2/progress28_structural_lift_recovered.o	section-backed address only; complete C object/array extent unproved
DAT_0034db64	0x0034db64	SECTION_BACKED_ADDRESS	.data.stage3f.history.va_00345628	0x853c	0x4	direct-access	ps2/progress28_structural_lift_recovered.o	section-backed address only; complete C object/array extent unproved
DAT_0034db68	0x0034db68	SECTION_BACKED_ADDRESS	.data.stage3f.history.va_00345628	0x8540	0x4	direct-access	ps2/progress28_structural_lift_recovered.o	section-backed address only; complete C object/array extent unproved
DAT_0034db6c	0x0034db6c	SECTION_BACKED_ADDRESS	.data.stage3f.history.va_00345628	0x8544	0x4	direct-access	ps2/progress28_structural_lift_recovered.o	section-backed address only; complete C object/array extent unproved
DAT_0034db70	0x0034db70	SECTION_BACKED_ADDRESS	.data.stage3f.history.va_00345628	0x8548	0x4	direct-access	ps2/progress28_structural_lift_recovered.o	section-backed address only; complete C object/array extent unproved
DAT_0034db74	0x0034db74	SECTION_BACKED_ADDRESS	.data.stage3f.history.va_00345628	0x854c	0x4	direct-access	ps2/progress28_structural_lift_recovered.o	section-backed address only; complete C object/array extent unproved
DAT_0034db78	0x0034db78	SECTION_BACKED_ADDRESS	.data.stage3f.history.va_00345628	0x8550	0x4	direct-access	ps2/progress28_structural_lift_recovered.o	section-backed address only; complete C object/array extent unproved
DAT_0034db7c	0x0034db7c	SECTION_BACKED_ADDRESS	.data.stage3f.history.va_00345628	0x8554	0x4	direct-access	ps2/progress28_structural_lift_recovered.o	section-backed address only; complete C object/array extent unproved
DAT_0034db80	0x0034db80	SECTION_BACKED_ADDRESS	.data.stage3f.history.va_00345628	0x8558	0x4	direct-access	ps2/progress28_structural_lift_recovered.o	section-backed address only; complete C object/array extent unproved
DAT_0034db84	0x0034db84	SECTION_BACKED_ADDRESS	.data.stage3f.history.va_00345628	0x855c	0x4	direct-access	ps2/progress28_structural_lift_recovered.o	section-backed address only; complete C object/array extent unproved
DAT_0034db88	0x0034db88	SECTION_BACKED_ADDRESS	.data.stage3f.history.va_00345628	0x8560	0x2	direct-access	ps2/progress28_structural_lift_recovered.o	section-backed address only; complete C object/array extent unproved
DAT_0034db8a	0x0034db8a	SECTION_BACKED_ADDRESS	.data.stage3f.history.va_00345628	0x8562	0x2	direct-access	ps2/progress28_structural_lift_recovered.o	section-backed address only; complete C object/array extent unproved
DAT_0034db8c	0x0034db8c	SECTION_BACKED_ADDRESS	.data.stage3f.history.va_00345628	0x8564	0x4	direct-access	ps2/progress28_structural_lift_recovered.o	section-backed address only; complete C object/array extent unproved
DAT_0034db90	0x0034db90	SECTION_BACKED_ADDRESS	.data.stage3f.history.va_00345628	0x8568	0x4	direct-access	ps2/progress28_structural_lift_recovered.o	section-backed address only; complete C object/array extent unproved
DAT_0034db94	0x0034db94	SECTION_BACKED_ADDRESS	.data.stage3f.history.va_00345628	0x856c	0x4	direct-access	ps2/progress28_structural_lift_recovered.o	section-backed address only; complete C object/array extent unproved
DAT_0034db98	0x0034db98	SECTION_BACKED_ADDRESS	.data.stage3f.history.va_00345628	0x8570	0x1	direct-access	ps2/progress28_structural_lift_recovered.o	section-backed address only; complete C object/array extent unproved
DAT_0034db9c	0x0034db9c	SECTION_BACKED_ADDRESS	.data.stage3f.history.va_00345628	0x8574	0x4	direct-access	ps2/progress28_structural_lift_recovered.o	section-backed address only; complete C object/array extent unproved
DAT_0034dba0	0x0034dba0	SECTION_BACKED_ADDRESS	.data.stage3f.history.va_00345628	0x8578	0x2	direct-access	ps2/progress28_structural_lift_recovered.o	section-backed address only; complete C object/array extent unproved
DAT_0034dba2	0x0034dba2	SECTION_BACKED_ADDRESS	.data.stage3f.history.va_00345628	0x857a	0x2	direct-access	ps2/progress28_structural_lift_recovered.o	section-backed address only; complete C object/array extent unproved
DAT_0034dba4	0x0034dba4	SECTION_BACKED_ADDRESS	.data.stage3f.history.va_00345628	0x857c	0x2	direct-access	ps2/progress28_structural_lift_recovered.o	section-backed address only; complete C object/array extent unproved
DAT_0034dba8	0x0034dba8	SECTION_BACKED_ADDRESS	.data.stage3f.history.va_00345628	0x8580	0x8	direct-access	ps2/progress28_structural_lift_recovered.o	section-backed address only; complete C object/array extent unproved
DAT_0034dbb0	0x0034dbb0	SECTION_BACKED_ADDRESS	.data.stage3f.history.va_00345628	0x8588	0x8	direct-access	ps2/progress28_structural_lift_recovered.o	section-backed address only; complete C object/array extent unproved
DAT_0034dbb8	0x0034dbb8	SECTION_BACKED_ADDRESS	.data.stage3f.history.va_00345628	0x8590	0x4	direct-access	ps2/progress28_structural_lift_recovered.o	section-backed address only; complete C object/array extent unproved
DAT_0034dbc0	0x0034dbc0	SECTION_BACKED_ADDRESS	.data.stage3f.history.va_00345628	0x8598	0x8	direct-access	ps2/progress28_structural_lift_recovered.o	section-backed address only; complete C object/array extent unproved
DAT_0034dbc8	0x0034dbc8	SECTION_BACKED_ADDRESS	.data.stage3f.history.va_00345628	0x85a0	0x8	direct-access	ps2/progress28_structural_lift_recovered.o	section-backed address only; complete C object/array extent unproved
DAT_0034dbd0	0x0034dbd0	SECTION_BACKED_ADDRESS	.data.stage3f.history.va_00345628	0x85a8	0x8	direct-access	ps2/progress28_structural_lift_recovered.o	section-backed address only; complete C object/array extent unproved
DAT_0034dbd8	0x0034dbd8	SECTION_BACKED_ADDRESS	.data.stage3f.history.va_00345628	0x85b0	0x8	direct-access	ps2/progress28_structural_lift_recovered.o	section-backed address only; complete C object/array extent unproved
DAT_0034dbe0	0x0034dbe0	SECTION_BACKED_ADDRESS	.data.stage3f.history.va_00345628	0x85b8	0x8	direct-access	ps2/progress28_structural_lift_recovered.o	section-backed address only; complete C object/array extent unproved
DAT_0034dbe8	0x0034dbe8	SECTION_BACKED_ADDRESS	.data.stage3f.history.va_00345628	0x85c0		historical-source-owner	ps2/progress28_structural_lift_recovered.o	section-backed address only; complete C object/array extent unproved
DAT_0034dbea	0x0034dbea	SECTION_BACKED_ADDRESS	.data.stage3f.history.va_00345628	0x85c2		historical-source-owner	ps2/progress28_structural_lift_recovered.o	section-backed address only; complete C object/array extent unproved
DAT_0034dc0a	0x0034dc0a	SECTION_BACKED_ADDRESS	.data.stage3f.history.va_00345628	0x85e2		historical-source-owner	ps2/progress28_structural_lift_recovered.o	section-backed address only; complete C object/array extent unproved
DAT_0034dc0c	0x0034dc0c	SECTION_BACKED_ADDRESS	.data.stage3f.history.va_00345628	0x85e4		historical-source-owner	ps2/progress28_structural_lift_recovered.o	section-backed address only; complete C object/array extent unproved
DAT_0034dc10	0x0034dc10	SECTION_BACKED_ADDRESS	.data.stage3f.history.va_00345628	0x85e8		historical-source-owner	ps2/progress28_structural_lift_recovered.o	section-backed address only; complete C object/array extent unproved
DAT_0034dc14	0x0034dc14	SECTION_BACKED_ADDRESS	.data.stage3f.history.va_00345628	0x85ec		historical-source-owner	ps2/progress28_structural_lift_recovered.o	section-backed address only; complete C object/array extent unproved
DAT_0034dc16	0x0034dc16	SECTION_BACKED_ADDRESS	.data.stage3f.history.va_00345628	0x85ee		historical-source-owner	ps2/progress28_structural_lift_recovered.o	section-backed address only; complete C object/array extent unproved
DAT_0034dc17	0x0034dc17	SECTION_BACKED_ADDRESS	.data.stage3f.history.va_00345628	0x85ef		historical-source-owner	ps2/progress28_structural_lift_recovered.o	section-backed address only; complete C object/array extent unproved
DAT_0034dc18	0x0034dc18	SECTION_BACKED_ADDRESS	.data.stage3f.history.va_00345628	0x85f0		historical-source-owner	ps2/progress28_structural_lift_recovered.o	section-backed address only; complete C object/array extent unproved
DAT_0034dc1c	0x0034dc1c	SECTION_BACKED_ADDRESS	.data.stage3f.history.va_00345628	0x85f4		historical-source-owner	ps2/progress28_structural_lift_recovered.o	section-backed address only; complete C object/array extent unproved
DAT_0034dc20	0x0034dc20	SECTION_BACKED_ADDRESS	.data.stage3f.history.va_00345628	0x85f8		historical-source-owner	ps2/progress28_structural_lift_recovered.o	section-backed address only; complete C object/array extent unproved
DAT_0034dc24	0x0034dc24	SECTION_BACKED_ADDRESS	.data.stage3f.history.va_00345628	0x85fc	0x4	direct-access	ps2/progress28_structural_lift_recovered.o	section-backed address only; complete C object/array extent unproved
DAT_0034dc28	0x0034dc28	SECTION_BACKED_ADDRESS	.data.stage3f.history.va_00345628	0x8600	0x4	direct-access	ps2/progress28_structural_lift_recovered.o	section-backed address only; complete C object/array extent unproved
DAT_0034dc2c	0x0034dc2c	SECTION_BACKED_ADDRESS	.data.stage3f.history.va_00345628	0x8604		historical-source-owner	ps2/progress28_structural_lift_recovered.o	section-backed address only; complete C object/array extent unproved
DAT_0034dc30	0x0034dc30	SECTION_BACKED_ADDRESS	.data.stage3f.history.va_00345628	0x8608		historical-source-owner	ps2/progress28_structural_lift_recovered.o	section-backed address only; complete C object/array extent unproved
DAT_0034dc34	0x0034dc34	SECTION_BACKED_ADDRESS	.data.stage3f.history.va_00345628	0x860c		historical-source-owner	ps2/progress28_structural_lift_recovered.o	section-backed address only; complete C object/array extent unproved
DAT_0034dc38	0x0034dc38	SECTION_BACKED_ADDRESS	.data.stage3f.history.va_00345628	0x8610		historical-source-owner	ps2/progress28_structural_lift_recovered.o	section-backed address only; complete C object/array extent unproved
DAT_0034e280	0x0034e280	SECTION_BACKED_ADDRESS	.data.stage3f.history.va_00345628	0x8c58	0x1	direct-access	ps2/progress28_structural_lift_recovered.o	section-backed address only; complete C object/array extent unproved
DAT_0034e284	0x0034e284	SECTION_BACKED_ADDRESS	.data.stage3f.history.va_00345628	0x8c5c	0x4	direct-access	ps2/progress28_structural_lift_recovered.o	section-backed address only; complete C object/array extent unproved
DAT_0034e288	0x0034e288	SECTION_BACKED_ADDRESS	.data.stage3f.history.va_00345628	0x8c60	0x4	direct-access	ps2/progress28_structural_lift_recovered.o	section-backed address only; complete C object/array extent unproved
DAT_0034e28c	0x0034e28c	SECTION_BACKED_ADDRESS	.data.stage3f.history.va_00345628	0x8c64	0x4	direct-access	ps2/progress28_structural_lift_recovered.o	section-backed address only; complete C object/array extent unproved
DAT_0034e290	0x0034e290	SECTION_BACKED_ADDRESS	.data.stage3f.history.va_00345628	0x8c68	0x4	direct-access	ps2/progress28_structural_lift_recovered.o	section-backed address only; complete C object/array extent unproved
DAT_0034e294	0x0034e294	SECTION_BACKED_ADDRESS	.data.stage3f.history.va_00345628	0x8c6c	0x4	direct-access	ps2/progress28_structural_lift_recovered.o	section-backed address only; complete C object/array extent unproved
DAT_0034e298	0x0034e298	SECTION_BACKED_ADDRESS	.data.stage3ce.va_0034e298	0x0	0x4	direct-access	ps2/progress28_structural_lift_recovered.o	section-backed address only; complete C object/array extent unproved
DAT_0034e29c	0x0034e29c	SECTION_BACKED_ADDRESS	.data.stage3f.history.va_0034e29c	0x0	0x4	direct-access	ps2/progress28_structural_lift_recovered.o	section-backed address only; complete C object/array extent unproved
DAT_0034e2a8	0x0034e2a8	SECTION_BACKED_ADDRESS	.data.stage3f.history.va_0034e29c	0xc	0x4	direct-access	ps2/progress28_structural_lift_recovered.o	section-backed address only; complete C object/array extent unproved
DAT_0034e2b0	0x0034e2b0	SECTION_BACKED_ADDRESS	.data.stage3ce.va_0034e2b0	0x0	0x4	direct-access	ps2/progress28_structural_lift_recovered.o	section-backed address only; complete C object/array extent unproved
DAT_0034e2b4	0x0034e2b4	SECTION_BACKED_ADDRESS	.data.stage3ce.va_0034e2b0	0x4	0x4	direct-access	ps2/progress28_structural_lift_recovered.o	section-backed address only; complete C object/array extent unproved
DAT_0034e2b8	0x0034e2b8	SECTION_BACKED_ADDRESS	.data.stage3ce.va_0034e2b0	0x8	0x4	direct-access	ps2/progress28_structural_lift_recovered.o	section-backed address only; complete C object/array extent unproved
DAT_0034e2bc	0x0034e2bc	SECTION_BACKED_ADDRESS	.data.stage3ce.va_0034e2b0	0xc	0x4	direct-access	ps2/progress28_structural_lift_recovered.o	section-backed address only; complete C object/array extent unproved
DAT_0034e2c0	0x0034e2c0	SECTION_BACKED_ADDRESS	.data.stage3ce.va_0034e2b0	0x10	0x4	direct-access	ps2/progress28_structural_lift_recovered.o	section-backed address only; complete C object/array extent unproved
DAT_0034e2c4	0x0034e2c4	SECTION_BACKED_ADDRESS	.data.stage3ce.va_0034e2b0	0x14	0x4	direct-access	ps2/progress28_structural_lift_recovered.o	section-backed address only; complete C object/array extent unproved
DAT_0034e2c8	0x0034e2c8	SECTION_BACKED_ADDRESS	.data.stage3ce.va_0034e2b0	0x18	0x4	direct-access	ps2/progress28_structural_lift_recovered.o	section-backed address only; complete C object/array extent unproved
DAT_0034e2cc	0x0034e2cc	SECTION_BACKED_ADDRESS	.data.stage3ce.va_0034e2b0	0x1c	0x1	direct-access	ps2/progress28_structural_lift_recovered.o	section-backed address only; complete C object/array extent unproved
DAT_0034e2cd	0x0034e2cd	SECTION_BACKED_ADDRESS	.data.stage3ce.va_0034e2b0	0x1d	0x1	direct-access	ps2/progress28_structural_lift_recovered.o	section-backed address only; complete C object/array extent unproved
DAT_0034e2d4	0x0034e2d4	SECTION_BACKED_ADDRESS	.data.stage3ce.va_0034e2b0	0x24	0x1	direct-access	ps2/progress28_structural_lift_recovered.o	section-backed address only; complete C object/array extent unproved
DAT_003592fc	0x003592fc	SECTION_BACKED_ADDRESS	.data.stage3ce.va_0034e2b0	0xb04c	0x4	direct-access	ps2/progress28_structural_lift_recovered.o	section-backed address only; complete C object/array extent unproved
DAT_00359304	0x00359304	SECTION_BACKED_ADDRESS	.data.stage3ce.va_0034e2b0	0xb054	0x4	direct-access	ps2/progress28_structural_lift_recovered.o	section-backed address only; complete C object/array extent unproved
DAT_00359308	0x00359308	SECTION_BACKED_ADDRESS	.data.stage3ce.va_0034e2b0	0xb058	0x4	direct-access	ps2/progress28_structural_lift_recovered.o	section-backed address only; complete C object/array extent unproved
DAT_00359314	0x00359314	SECTION_BACKED_ADDRESS	.data.stage3ce.va_0034e2b0	0xb064		interior-address-only	ps2/progress28_structural_lift_recovered.o	section-backed address only; complete C object/array extent unproved
DAT_00359318	0x00359318	SECTION_BACKED_ADDRESS	.data.stage3ce.va_0034e2b0	0xb068		interior-address-only	ps2/progress28_structural_lift_recovered.o	section-backed address only; complete C object/array extent unproved
DAT_0035931c	0x0035931c	SECTION_BACKED_ADDRESS	.data.stage3ce.va_0034e2b0	0xb06c		interior-address-only	ps2/progress28_structural_lift_recovered.o	section-backed address only; complete C object/array extent unproved
DAT_00359324	0x00359324	SECTION_BACKED_ADDRESS	.data.stage3ce.va_0034e2b0	0xb074	0x4	direct-access	ps2/progress28_structural_lift_recovered.o	section-backed address only; complete C object/array extent unproved
DAT_00359328	0x00359328	SECTION_BACKED_ADDRESS	.data.stage3ce.va_0034e2b0	0xb078		interior-address-only	ps2/progress28_structural_lift_recovered.o	section-backed address only; complete C object/array extent unproved
DAT_0035b738	0x0035b738	SECTION_BACKED_ADDRESS	.data.stage3ce.va_0034e2b0	0xd488	0x1	direct-access	ps2/progress28_structural_lift_recovered.o	section-backed address only; complete C object/array extent unproved
DAT_0035b739	0x0035b739	SECTION_BACKED_ADDRESS	.data.stage3ce.va_0034e2b0	0xd489	0x1	direct-access	ps2/progress28_structural_lift_recovered.o	section-backed address only; complete C object/array extent unproved
DAT_0035b73a	0x0035b73a	SECTION_BACKED_ADDRESS	.data.stage3ce.va_0034e2b0	0xd48a	0x1	direct-access	ps2/progress28_structural_lift_recovered.o	section-backed address only; complete C object/array extent unproved
DAT_0035b73b	0x0035b73b	SECTION_BACKED_ADDRESS	.data.stage3ce.va_0034e2b0	0xd48b	0x1	direct-access	ps2/progress28_structural_lift_recovered.o	section-backed address only; complete C object/array extent unproved
DAT_0035b73c	0x0035b73c	SECTION_BACKED_ADDRESS	.data.stage3ce.va_0034e2b0	0xd48c	0x1	direct-access	ps2/progress28_structural_lift_recovered.o	section-backed address only; complete C object/array extent unproved
DAT_0035b73d	0x0035b73d	SECTION_BACKED_ADDRESS	.data.stage3ce.va_0034e2b0	0xd48d	0x1	direct-access	ps2/progress28_structural_lift_recovered.o	section-backed address only; complete C object/array extent unproved
DAT_0035b73e	0x0035b73e	SECTION_BACKED_ADDRESS	.data.stage3ce.va_0034e2b0	0xd48e	0x1	direct-access	ps2/progress28_structural_lift_recovered.o	section-backed address only; complete C object/array extent unproved
DAT_0035b73f	0x0035b73f	SECTION_BACKED_ADDRESS	.data.stage3ce.va_0034e2b0	0xd48f	0x1	direct-access	ps2/progress28_structural_lift_recovered.o	section-backed address only; complete C object/array extent unproved
DAT_0035b740	0x0035b740	SECTION_BACKED_ADDRESS	.data.stage3ce.va_0034e2b0	0xd490	0x1	direct-access	ps2/progress28_structural_lift_recovered.o	section-backed address only; complete C object/array extent unproved
DAT_0035b741	0x0035b741	SECTION_BACKED_ADDRESS	.data.stage3ce.va_0034e2b0	0xd491	0x1	direct-access	ps2/progress28_structural_lift_recovered.o	section-backed address only; complete C object/array extent unproved
DAT_0035b742	0x0035b742	SECTION_BACKED_ADDRESS	.data.stage3ce.va_0034e2b0	0xd492	0x1	direct-access	ps2/progress28_structural_lift_recovered.o	section-backed address only; complete C object/array extent unproved
DAT_0035b743	0x0035b743	SECTION_BACKED_ADDRESS	.data.stage3ce.va_0034e2b0	0xd493	0x1	direct-access	ps2/progress28_structural_lift_recovered.o	section-backed address only; complete C object/array extent unproved
DAT_0035b744	0x0035b744	SECTION_BACKED_ADDRESS	.data.stage3ce.va_0034e2b0	0xd494	0x1	direct-access	ps2/progress28_structural_lift_recovered.o	section-backed address only; complete C object/array extent unproved
DAT_0035b745	0x0035b745	SECTION_BACKED_ADDRESS	.data.stage3ce.va_0034e2b0	0xd495	0x1	direct-access	ps2/progress28_structural_lift_recovered.o	section-backed address only; complete C object/array extent unproved
DAT_0035b746	0x0035b746	SECTION_BACKED_ADDRESS	.data.stage3ce.va_0034e2b0	0xd496	0x1	direct-access	ps2/progress28_structural_lift_recovered.o	section-backed address only; complete C object/array extent unproved
DAT_0035b747	0x0035b747	SECTION_BACKED_ADDRESS	.data.stage3ce.va_0034e2b0	0xd497	0x1	direct-access	ps2/progress28_structural_lift_recovered.o	section-backed address only; complete C object/array extent unproved
DAT_0035b748	0x0035b748	SECTION_BACKED_ADDRESS	.data.stage3ce.va_0034e2b0	0xd498	0x2	direct-access	ps2/progress28_structural_lift_recovered.o	section-backed address only; complete C object/array extent unproved
DAT_0035b74c	0x0035b74c	SECTION_BACKED_ADDRESS	.data.stage3ce.va_0034e2b0	0xd49c	0x4	direct-access	ps2/progress28_structural_lift_recovered.o	section-backed address only; complete C object/array extent unproved
DAT_0035b750	0x0035b750	SECTION_BACKED_ADDRESS	.data.stage3ce.va_0034e2b0	0xd4a0	0x1	direct-access	ps2/progress28_structural_lift_recovered.o	section-backed address only; complete C object/array extent unproved
DAT_0035b752	0x0035b752	SECTION_BACKED_ADDRESS	.data.stage3ce.va_0034e2b0	0xd4a2	0x2	direct-access	ps2/progress28_structural_lift_recovered.o	section-backed address only; complete C object/array extent unproved
DAT_0035b75a	0x0035b75a	SECTION_BACKED_ADDRESS	.data.stage3ce.va_0034e2b0	0xd4aa	0x2	direct-access	ps2/progress28_structural_lift_recovered.o	section-backed address only; complete C object/array extent unproved
DAT_0035b760	0x0035b760	SECTION_BACKED_ADDRESS	.data.stage3ce.va_0034e2b0	0xd4b0	0x8	direct-access	ps2/progress28_structural_lift_recovered.o	section-backed address only; complete C object/array extent unproved
DAT_0035b768	0x0035b768	SECTION_BACKED_ADDRESS	.data.stage3ce.va_0034e2b0	0xd4b8	0x1	direct-access	ps2/progress28_structural_lift_recovered.o	section-backed address only; complete C object/array extent unproved
DAT_0035b780	0x0035b780	SECTION_BACKED_ADDRESS	.data.stage3ce.va_0034e2b0	0xd4d0	0x4	direct-access	ps2/progress28_structural_lift_recovered.o	section-backed address only; complete C object/array extent unproved
DAT_0035b788	0x0035b788	SECTION_BACKED_ADDRESS	.data.stage3ce.va_0034e2b0	0xd4d8	0x1	direct-access	ps2/progress28_structural_lift_recovered.o	section-backed address only; complete C object/array extent unproved
DAT_0035b789	0x0035b789	SECTION_BACKED_ADDRESS	.data.stage3ce.va_0034e2b0	0xd4d9	0x1	direct-access	ps2/progress28_structural_lift_recovered.o	section-backed address only; complete C object/array extent unproved
DAT_0035b78a	0x0035b78a	SECTION_BACKED_ADDRESS	.data.stage3ce.va_0034e2b0	0xd4da	0x1	direct-access	ps2/progress28_structural_lift_recovered.o	section-backed address only; complete C object/array extent unproved
DAT_0035b78c	0x0035b78c	SECTION_BACKED_ADDRESS	.data.stage3ce.va_0034e2b0	0xd4dc	0x1	direct-access	ps2/progress28_structural_lift_recovered.o	section-backed address only; complete C object/array extent unproved
DAT_0035b78d	0x0035b78d	SECTION_BACKED_ADDRESS	.data.stage3ce.va_0034e2b0	0xd4dd	0x1	direct-access	ps2/progress28_structural_lift_recovered.o	section-backed address only; complete C object/array extent unproved
DAT_0035b78e	0x0035b78e	SECTION_BACKED_ADDRESS	.data.stage3ce.va_0034e2b0	0xd4de	0x2	direct-access	ps2/progress28_structural_lift_recovered.o	section-backed address only; complete C object/array extent unproved
DAT_0035b790	0x0035b790	SECTION_BACKED_ADDRESS	.data.stage3ce.va_0034e2b0	0xd4e0	0x2	direct-access	ps2/progress28_structural_lift_recovered.o	section-backed address only; complete C object/array extent unproved
DAT_0035b792	0x0035b792	SECTION_BACKED_ADDRESS	.data.stage3ce.va_0034e2b0	0xd4e2	0x2	direct-access	ps2/progress28_structural_lift_recovered.o	section-backed address only; complete C object/array extent unproved
DAT_0035b794	0x0035b794	SECTION_BACKED_ADDRESS	.data.stage3ce.va_0034e2b0	0xd4e4	0x2	direct-access	ps2/progress28_structural_lift_recovered.o	section-backed address only; complete C object/array extent unproved
DAT_0035b796	0x0035b796	SECTION_BACKED_ADDRESS	.data.stage3ce.va_0034e2b0	0xd4e6	0x2	direct-access	ps2/progress28_structural_lift_recovered.o	section-backed address only; complete C object/array extent unproved
DAT_0035b798	0x0035b798	SECTION_BACKED_ADDRESS	.data.stage3ce.va_0034e2b0	0xd4e8	0x2	direct-access	ps2/progress28_structural_lift_recovered.o	section-backed address only; complete C object/array extent unproved
DAT_0035b79a	0x0035b79a	SECTION_BACKED_ADDRESS	.data.stage3ce.va_0034e2b0	0xd4ea	0x2	direct-access	ps2/progress28_structural_lift_recovered.o	section-backed address only; complete C object/array extent unproved
DAT_0035b79c	0x0035b79c	SECTION_BACKED_ADDRESS	.data.stage3ce.va_0034e2b0	0xd4ec	0x1	direct-access	ps2/progress28_structural_lift_recovered.o	section-backed address only; complete C object/array extent unproved
DAT_0035b79e	0x0035b79e	SECTION_BACKED_ADDRESS	.data.stage3ce.va_0034e2b0	0xd4ee	0x2	direct-access	ps2/progress28_structural_lift_recovered.o	section-backed address only; complete C object/array extent unproved
DAT_0035b7a0	0x0035b7a0	SECTION_BACKED_ADDRESS	.data.stage3ce.va_0034e2b0	0xd4f0	0x2	direct-access	ps2/progress28_structural_lift_recovered.o	section-backed address only; complete C object/array extent unproved
DAT_0035b7a2	0x0035b7a2	SECTION_BACKED_ADDRESS	.data.stage3ce.va_0034e2b0	0xd4f2	0x2	direct-access	ps2/progress28_structural_lift_recovered.o	section-backed address only; complete C object/array extent unproved
DAT_0035b7a4	0x0035b7a4	SECTION_BACKED_ADDRESS	.data.stage3ce.va_0034e2b0	0xd4f4	0x2	direct-access	ps2/progress28_structural_lift_recovered.o	section-backed address only; complete C object/array extent unproved
DAT_0035b7a6	0x0035b7a6	SECTION_BACKED_ADDRESS	.data.stage3ce.va_0034e2b0	0xd4f6	0x2	direct-access	ps2/progress28_structural_lift_recovered.o	section-backed address only; complete C object/array extent unproved
DAT_0035b7a8	0x0035b7a8	SECTION_BACKED_ADDRESS	.data.stage3ce.va_0034e2b0	0xd4f8	0x1	direct-access	ps2/progress28_structural_lift_recovered.o	section-backed address only; complete C object/array extent unproved
DAT_0035b7aa	0x0035b7aa	SECTION_BACKED_ADDRESS	.data.stage3ce.va_0034e2b0	0xd4fa	0x2	direct-access	ps2/progress28_structural_lift_recovered.o	section-backed address only; complete C object/array extent unproved
DAT_0035b7ac	0x0035b7ac	SECTION_BACKED_ADDRESS	.data.stage3ce.va_0034e2b0	0xd4fc	0x2	direct-access	ps2/progress28_structural_lift_recovered.o	section-backed address only; complete C object/array extent unproved
DAT_0035b7ae	0x0035b7ae	SECTION_BACKED_ADDRESS	.data.stage3ce.va_0034e2b0	0xd4fe	0x2	direct-access	ps2/progress28_structural_lift_recovered.o	section-backed address only; complete C object/array extent unproved
DAT_0035b7b0	0x0035b7b0	SECTION_BACKED_ADDRESS	.data.stage3ce.va_0034e2b0	0xd500	0x4	direct-access	ps2/progress28_structural_lift_recovered.o	section-backed address only; complete C object/array extent unproved
DAT_0035b7b2	0x0035b7b2	SECTION_BACKED_ADDRESS	.data.stage3ce.va_0034e2b0	0xd502	0x2	direct-access	ps2/progress28_structural_lift_recovered.o	section-backed address only; complete C object/array extent unproved
DAT_0035b7b4	0x0035b7b4	SECTION_BACKED_ADDRESS	.data.stage3ce.va_0034e2b0	0xd504	0x1	direct-access	ps2/progress28_structural_lift_recovered.o	section-backed address only; complete C object/array extent unproved
DAT_0035b7b6	0x0035b7b6	SECTION_BACKED_ADDRESS	.data.stage3ce.va_0034e2b0	0xd506	0x2	direct-access	ps2/progress28_structural_lift_recovered.o	section-backed address only; complete C object/array extent unproved
DAT_0035b7b8	0x0035b7b8	SECTION_BACKED_ADDRESS	.data.stage3ce.va_0034e2b0	0xd508	0x2	direct-access	ps2/progress28_structural_lift_recovered.o	section-backed address only; complete C object/array extent unproved
DAT_0035b7ba	0x0035b7ba	SECTION_BACKED_ADDRESS	.data.stage3ce.va_0034e2b0	0xd50a	0x2	direct-access	ps2/progress28_structural_lift_recovered.o	section-backed address only; complete C object/array extent unproved
DAT_0035b7bc	0x0035b7bc	SECTION_BACKED_ADDRESS	.data.stage3ce.va_0034e2b0	0xd50c	0x2	direct-access	ps2/progress28_structural_lift_recovered.o	section-backed address only; complete C object/array extent unproved
DAT_0035b7be	0x0035b7be	SECTION_BACKED_ADDRESS	.data.stage3ce.va_0034e2b0	0xd50e	0x2	direct-access	ps2/progress28_structural_lift_recovered.o	section-backed address only; complete C object/array extent unproved
DAT_0035b7c0	0x0035b7c0	SECTION_BACKED_ADDRESS	.data.stage3ce.va_0034e2b0	0xd510	0x1	direct-access	ps2/progress28_structural_lift_recovered.o	section-backed address only; complete C object/array extent unproved
DAT_0035b7c2	0x0035b7c2	SECTION_BACKED_ADDRESS	.data.stage3ce.va_0034e2b0	0xd512	0x2	direct-access	ps2/progress28_structural_lift_recovered.o	section-backed address only; complete C object/array extent unproved
DAT_0035b7c4	0x0035b7c4	SECTION_BACKED_ADDRESS	.data.stage3ce.va_0034e2b0	0xd514	0x2	direct-access	ps2/progress28_structural_lift_recovered.o	section-backed address only; complete C object/array extent unproved
DAT_0035b7c6	0x0035b7c6	SECTION_BACKED_ADDRESS	.data.stage3ce.va_0034e2b0	0xd516	0x1	direct-access	ps2/progress28_structural_lift_recovered.o	section-backed address only; complete C object/array extent unproved
DAT_0035b7c8	0x0035b7c8	SECTION_BACKED_ADDRESS	.data.stage3ce.va_0034e2b0	0xd518	0x2	direct-access	ps2/progress28_structural_lift_recovered.o	section-backed address only; complete C object/array extent unproved
DAT_0035b9c8	0x0035b9c8	SECTION_BACKED_ADDRESS	.data.stage3ce.va_0034e2b0	0xd718	0x1	direct-access	ps2/progress28_structural_lift_recovered.o	section-backed address only; complete C object/array extent unproved
DAT_0035b9c9	0x0035b9c9	SECTION_BACKED_ADDRESS	.data.stage3ce.va_0034e2b0	0xd719	0x1	direct-access	ps2/progress28_structural_lift_recovered.o	section-backed address only; complete C object/array extent unproved
DAT_0035b9ca	0x0035b9ca	SECTION_BACKED_ADDRESS	.data.stage3ce.va_0034e2b0	0xd71a		interior-address-only	ps2/progress28_structural_lift_recovered.o	section-backed address only; complete C object/array extent unproved
DAT_0035b9cc	0x0035b9cc	SECTION_BACKED_ADDRESS	.data.stage3ce.va_0034e2b0	0xd71c		interior-address-only	ps2/progress28_structural_lift_recovered.o	section-backed address only; complete C object/array extent unproved
DAT_0035b9ce	0x0035b9ce	SECTION_BACKED_ADDRESS	.data.stage3ce.va_0034e2b0	0xd71e		interior-address-only	ps2/progress28_structural_lift_recovered.o	section-backed address only; complete C object/array extent unproved
DAT_0035b9d0	0x0035b9d0	SECTION_BACKED_ADDRESS	.data.stage3ce.va_0034e2b0	0xd720		interior-address-only	ps2/progress28_structural_lift_recovered.o	section-backed address only; complete C object/array extent unproved
DAT_0035b9d1	0x0035b9d1	SECTION_BACKED_ADDRESS	.data.stage3ce.va_0034e2b0	0xd721		interior-address-only	ps2/progress28_structural_lift_recovered.o	section-backed address only; complete C object/array extent unproved
DAT_0035b9d2	0x0035b9d2	SECTION_BACKED_ADDRESS	.data.stage3ce.va_0034e2b0	0xd722		interior-address-only	ps2/progress28_structural_lift_recovered.o	section-backed address only; complete C object/array extent unproved
DAT_0035b9d3	0x0035b9d3	SECTION_BACKED_ADDRESS	.data.stage3ce.va_0034e2b0	0xd723		interior-address-only	ps2/progress28_structural_lift_recovered.o	section-backed address only; complete C object/array extent unproved
DAT_0035b9d4	0x0035b9d4	SECTION_BACKED_ADDRESS	.data.stage3ce.va_0034e2b0	0xd724		interior-address-only	ps2/progress28_structural_lift_recovered.o	section-backed address only; complete C object/array extent unproved
DAT_0035b9d6	0x0035b9d6	SECTION_BACKED_ADDRESS	.data.stage3ce.va_0034e2b0	0xd726		interior-address-only	ps2/progress28_structural_lift_recovered.o	section-backed address only; complete C object/array extent unproved
DAT_0035b9e0	0x0035b9e0	SECTION_BACKED_ADDRESS	.data.stage3ce.va_0034e2b0	0xd730		interior-address-only	ps2/progress28_structural_lift_recovered.o	section-backed address only; complete C object/array extent unproved
DAT_0035b9e2	0x0035b9e2	SECTION_BACKED_ADDRESS	.data.stage3ce.va_0034e2b0	0xd732		interior-address-only	ps2/progress28_structural_lift_recovered.o	section-backed address only; complete C object/array extent unproved
DAT_0035b9ec	0x0035b9ec	SECTION_BACKED_ADDRESS	.data.stage3ce.va_0034e2b0	0xd73c		interior-address-only	ps2/progress28_structural_lift_recovered.o	section-backed address only; complete C object/array extent unproved
DAT_0035b9ee	0x0035b9ee	SECTION_BACKED_ADDRESS	.data.stage3ce.va_0034e2b0	0xd73e		interior-address-only	ps2/progress28_structural_lift_recovered.o	section-backed address only; complete C object/array extent unproved
DAT_0035b9f8	0x0035b9f8	SECTION_BACKED_ADDRESS	.data.stage3ce.va_0034e2b0	0xd748		interior-address-only	ps2/progress28_structural_lift_recovered.o	section-backed address only; complete C object/array extent unproved
DAT_0035bfca	0x0035bfca	SECTION_BACKED_ADDRESS	.data.stage3ce.va_0034e2b0	0xdd1a	0x1	direct-access	ps2/progress28_structural_lift_recovered.o	section-backed address only; complete C object/array extent unproved
DAT_0035bfcc	0x0035bfcc	SECTION_BACKED_ADDRESS	.data.stage3ce.va_0034e2b0	0xdd1c	0x2	direct-access	ps2/progress28_structural_lift_recovered.o	section-backed address only; complete C object/array extent unproved
DAT_0035bfce	0x0035bfce	SECTION_BACKED_ADDRESS	.data.stage3ce.va_0034e2b0	0xdd1e	0x1	direct-access	ps2/progress28_structural_lift_recovered.o	section-backed address only; complete C object/array extent unproved
DAT_0035bfcf	0x0035bfcf	SECTION_BACKED_ADDRESS	.data.stage3ce.va_0034e2b0	0xdd1f	0x1	direct-access	ps2/progress28_structural_lift_recovered.o	section-backed address only; complete C object/array extent unproved
DAT_0035bfd0	0x0035bfd0	SECTION_BACKED_ADDRESS	.data.stage3ce.va_0034e2b0	0xdd20	0x2	direct-access	ps2/progress28_structural_lift_recovered.o	section-backed address only; complete C object/array extent unproved
DAT_0035bfd2	0x0035bfd2	SECTION_BACKED_ADDRESS	.data.stage3ce.va_0034e2b0	0xdd22	0x2	direct-access	ps2/progress28_structural_lift_recovered.o	section-backed address only; complete C object/array extent unproved
DAT_0035bfd4	0x0035bfd4	SECTION_BACKED_ADDRESS	.data.stage3ce.va_0034e2b0	0xdd24	0x2	direct-access	ps2/progress28_structural_lift_recovered.o	section-backed address only; complete C object/array extent unproved
DAT_0035bfd6	0x0035bfd6	SECTION_BACKED_ADDRESS	.data.stage3ce.va_0034e2b0	0xdd26	0x2	direct-access	ps2/progress28_structural_lift_recovered.o	section-backed address only; complete C object/array extent unproved
DAT_0035bfd8	0x0035bfd8	SECTION_BACKED_ADDRESS	.data.stage3ce.va_0034e2b0	0xdd28	0x2	direct-access	ps2/progress28_structural_lift_recovered.o	section-backed address only; complete C object/array extent unproved
DAT_0035bfda	0x0035bfda	SECTION_BACKED_ADDRESS	.data.stage3ce.va_0034e2b0	0xdd2a	0x1	direct-access	ps2/progress28_structural_lift_recovered.o	section-backed address only; complete C object/array extent unproved
DAT_0035bfdb	0x0035bfdb	SECTION_BACKED_ADDRESS	.data.stage3ce.va_0034e2b0	0xdd2b	0x1	direct-access	ps2/progress28_structural_lift_recovered.o	section-backed address only; complete C object/array extent unproved
DAT_0035bfdc	0x0035bfdc	SECTION_BACKED_ADDRESS	.data.stage3ce.va_0034e2b0	0xdd2c	0x1	direct-access	ps2/progress28_structural_lift_recovered.o	section-backed address only; complete C object/array extent unproved
DAT_0035bfde	0x0035bfde	SECTION_BACKED_ADDRESS	.data.stage3ce.va_0034e2b0	0xdd2e	0x2	direct-access	ps2/progress28_structural_lift_recovered.o	section-backed address only; complete C object/array extent unproved
DAT_0035bfe0	0x0035bfe0	SECTION_BACKED_ADDRESS	.data.stage3ce.va_0034e2b0	0xdd30	0x2	direct-access	ps2/progress28_structural_lift_recovered.o	section-backed address only; complete C object/array extent unproved
DAT_0035bfe2	0x0035bfe2	SECTION_BACKED_ADDRESS	.data.stage3ce.va_0034e2b0	0xdd32	0x2	direct-access	ps2/progress28_structural_lift_recovered.o	section-backed address only; complete C object/array extent unproved
DAT_0035bfe4	0x0035bfe4	SECTION_BACKED_ADDRESS	.data.stage3ce.va_0034e2b0	0xdd34	0x2	direct-access	ps2/progress28_structural_lift_recovered.o	section-backed address only; complete C object/array extent unproved
DAT_0035bfe6	0x0035bfe6	SECTION_BACKED_ADDRESS	.data.stage3ce.va_0034e2b0	0xdd36	0x2	direct-access	ps2/progress28_structural_lift_recovered.o	section-backed address only; complete C object/array extent unproved
DAT_0035bfe8	0x0035bfe8	SECTION_BACKED_ADDRESS	.data.stage3ce.va_0034e2b0	0xdd38	0x2	direct-access	ps2/progress28_structural_lift_recovered.o	section-backed address only; complete C object/array extent unproved
DAT_0035bfea	0x0035bfea	SECTION_BACKED_ADDRESS	.data.stage3ce.va_0034e2b0	0xdd3a	0x1	direct-access	ps2/progress28_structural_lift_recovered.o	section-backed address only; complete C object/array extent unproved
DAT_0035bfeb	0x0035bfeb	SECTION_BACKED_ADDRESS	.data.stage3ce.va_0034e2b0	0xdd3b	0x1	direct-access	ps2/progress28_structural_lift_recovered.o	section-backed address only; complete C object/array extent unproved
DAT_0035bfec	0x0035bfec	SECTION_BACKED_ADDRESS	.data.stage3ce.va_0034e2b0	0xdd3c	0x4	direct-access	ps2/progress28_structural_lift_recovered.o	section-backed address only; complete C object/array extent unproved
DAT_0035bfed	0x0035bfed	SECTION_BACKED_ADDRESS	.data.stage3ce.va_0034e2b0	0xdd3d	0x1	direct-access	ps2/progress28_structural_lift_recovered.o	section-backed address only; complete C object/array extent unproved
DAT_0035bfee	0x0035bfee	SECTION_BACKED_ADDRESS	.data.stage3ce.va_0034e2b0	0xdd3e	0x1	direct-access	ps2/progress28_structural_lift_recovered.o	section-backed address only; complete C object/array extent unproved
DAT_0035bfef	0x0035bfef	SECTION_BACKED_ADDRESS	.data.stage3ce.va_0034e2b0	0xdd3f	0x1	direct-access	ps2/progress28_structural_lift_recovered.o	section-backed address only; complete C object/array extent unproved
DAT_0035bff0	0x0035bff0	SECTION_BACKED_ADDRESS	.data.stage3ce.va_0034e2b0	0xdd40	0x2	direct-access	ps2/progress28_structural_lift_recovered.o	section-backed address only; complete C object/array extent unproved
DAT_0035bff2	0x0035bff2	SECTION_BACKED_ADDRESS	.data.stage3ce.va_0034e2b0	0xdd42	0x2	direct-access	ps2/progress28_structural_lift_recovered.o	section-backed address only; complete C object/array extent unproved
DAT_0035bff4	0x0035bff4	SECTION_BACKED_ADDRESS	.data.stage3ce.va_0034e2b0	0xdd44	0x4	direct-access	ps2/progress28_structural_lift_recovered.o	section-backed address only; complete C object/array extent unproved
DAT_0035bff8	0x0035bff8	SECTION_BACKED_ADDRESS	.data.stage3ce.va_0034e2b0	0xdd48	0x1	direct-access	ps2/progress28_structural_lift_recovered.o	section-backed address only; complete C object/array extent unproved
DAT_0035bff9	0x0035bff9	SECTION_BACKED_ADDRESS	.data.stage3ce.va_0034e2b0	0xdd49	0x1	direct-access	ps2/progress28_structural_lift_recovered.o	section-backed address only; complete C object/array extent unproved
DAT_0035bffa	0x0035bffa	SECTION_BACKED_ADDRESS	.data.stage3ce.va_0034e2b0	0xdd4a	0x1	direct-access	ps2/progress28_structural_lift_recovered.o	section-backed address only; complete C object/array extent unproved
DAT_0035bffb	0x0035bffb	SECTION_BACKED_ADDRESS	.data.stage3ce.va_0034e2b0	0xdd4b	0x1	direct-access	ps2/progress28_structural_lift_recovered.o	section-backed address only; complete C object/array extent unproved
DAT_0035bffc	0x0035bffc	SECTION_BACKED_ADDRESS	.data.stage3ce.va_0034e2b0	0xdd4c	0x1	direct-access	ps2/progress28_structural_lift_recovered.o	section-backed address only; complete C object/array extent unproved
DAT_0035bffe	0x0035bffe	SECTION_BACKED_ADDRESS	.data.stage3ce.va_0034e2b0	0xdd4e	0x2	direct-access	ps2/progress28_structural_lift_recovered.o	section-backed address only; complete C object/array extent unproved
DAT_0035c000	0x0035c000	SECTION_BACKED_ADDRESS	.data.stage3ce.va_0034e2b0	0xdd50	0x1	direct-access	ps2/progress28_structural_lift_recovered.o	section-backed address only; complete C object/array extent unproved
DAT_0035c001	0x0035c001	SECTION_BACKED_ADDRESS	.data.stage3ce.va_0034e2b0	0xdd51	0x1	direct-access	ps2/progress28_structural_lift_recovered.o	section-backed address only; complete C object/array extent unproved
DAT_0035c002	0x0035c002	SECTION_BACKED_ADDRESS	.data.stage3ce.va_0034e2b0	0xdd52	0x220	direct-access	ps2/progress28_structural_lift_recovered.o	section-backed address only; complete C object/array extent unproved
DAT_0035c003	0x0035c003	SECTION_BACKED_ADDRESS	.data.stage3ce.va_0034e2b0	0xdd53		interior-address-only	ps2/progress28_structural_lift_recovered.o	section-backed address only; complete C object/array extent unproved
DAT_0035c222	0x0035c222	SECTION_BACKED_ADDRESS	.data.stage3ce.va_0034e2b0	0xdf72	0x1	direct-access	ps2/progress28_structural_lift_recovered.o	section-backed address only; complete C object/array extent unproved
DAT_0035c223	0x0035c223	SECTION_BACKED_ADDRESS	.data.stage3ce.va_0034e2b0	0xdf73	0x1	direct-access	ps2/progress28_structural_lift_recovered.o	section-backed address only; complete C object/array extent unproved
DAT_0035c224	0x0035c224	SECTION_BACKED_ADDRESS	.data.stage3ce.va_0034e2b0	0xdf74	0x2	direct-access	ps2/progress28_structural_lift_recovered.o	section-backed address only; complete C object/array extent unproved
DAT_0035c226	0x0035c226	SECTION_BACKED_ADDRESS	.data.stage3ce.va_0034e2b0	0xdf76	0x1	direct-access	ps2/progress28_structural_lift_recovered.o	section-backed address only; complete C object/array extent unproved
DAT_0035c227	0x0035c227	SECTION_BACKED_ADDRESS	.data.stage3ce.va_0034e2b0	0xdf77	0x1	direct-access	ps2/progress28_structural_lift_recovered.o	section-backed address only; complete C object/array extent unproved
DAT_0035c228	0x0035c228	SECTION_BACKED_ADDRESS	.data.stage3ce.va_0034e2b0	0xdf78	0x1	direct-access	ps2/progress28_structural_lift_recovered.o	section-backed address only; complete C object/array extent unproved
DAT_0035c229	0x0035c229	SECTION_BACKED_ADDRESS	.data.stage3ce.va_0034e2b0	0xdf79	0x1	direct-access	ps2/progress28_structural_lift_recovered.o	section-backed address only; complete C object/array extent unproved
DAT_0035c22a	0x0035c22a	SECTION_BACKED_ADDRESS	.data.stage3ce.va_0034e2b0	0xdf7a	0x1	direct-access	ps2/progress28_structural_lift_recovered.o	section-backed address only; complete C object/array extent unproved
DAT_0035c22b	0x0035c22b	SECTION_BACKED_ADDRESS	.data.stage3ce.va_0034e2b0	0xdf7b	0x1	direct-access	ps2/progress28_structural_lift_recovered.o	section-backed address only; complete C object/array extent unproved
DAT_0035c22c	0x0035c22c	SECTION_BACKED_ADDRESS	.data.stage3ce.va_0034e2b0	0xdf7c	0x1	direct-access	ps2/progress28_structural_lift_recovered.o	section-backed address only; complete C object/array extent unproved
DAT_0035c22d	0x0035c22d	SECTION_BACKED_ADDRESS	.data.stage3ce.va_0034e2b0	0xdf7d	0x1	direct-access	ps2/progress28_structural_lift_recovered.o	section-backed address only; complete C object/array extent unproved
DAT_0035c22e	0x0035c22e	SECTION_BACKED_ADDRESS	.data.stage3ce.va_0034e2b0	0xdf7e	0x1	direct-access	ps2/progress28_structural_lift_recovered.o	section-backed address only; complete C object/array extent unproved
DAT_0035c22f	0x0035c22f	SECTION_BACKED_ADDRESS	.data.stage3ce.va_0034e2b0	0xdf7f	0x1	direct-access	ps2/progress28_structural_lift_recovered.o	section-backed address only; complete C object/array extent unproved
DAT_0035c230	0x0035c230	SECTION_BACKED_ADDRESS	.data.stage3ce.va_0034e2b0	0xdf80	0x1	direct-access	ps2/progress28_structural_lift_recovered.o	section-backed address only; complete C object/array extent unproved
DAT_0035c231	0x0035c231	SECTION_BACKED_ADDRESS	.data.stage3ce.va_0034e2b0	0xdf81	0x1	direct-access	ps2/progress28_structural_lift_recovered.o	section-backed address only; complete C object/array extent unproved
DAT_0035c232	0x0035c232	SECTION_BACKED_ADDRESS	.data.stage3ce.va_0034e2b0	0xdf82		interior-address-only	ps2/progress28_structural_lift_recovered.o	section-backed address only; complete C object/array extent unproved
DAT_0035c236	0x0035c236	SECTION_BACKED_ADDRESS	.data.stage3ce.va_0034e2b0	0xdf86	0x1	direct-access	ps2/progress28_structural_lift_recovered.o	section-backed address only; complete C object/array extent unproved
DAT_0035c237	0x0035c237	SECTION_BACKED_ADDRESS	.data.stage3ce.va_0034e2b0	0xdf87	0x1	direct-access	ps2/progress28_structural_lift_recovered.o	section-backed address only; complete C object/array extent unproved
DAT_0035c238	0x0035c238	SECTION_BACKED_ADDRESS	.data.stage3ce.va_0034e2b0	0xdf88		interior-address-only	ps2/progress28_structural_lift_recovered.o	section-backed address only; complete C object/array extent unproved
DAT_0035c239	0x0035c239	SECTION_BACKED_ADDRESS	.data.stage3ce.va_0034e2b0	0xdf89		interior-address-only	ps2/progress28_structural_lift_recovered.o	section-backed address only; complete C object/array extent unproved
DAT_0035c23a	0x0035c23a	SECTION_BACKED_ADDRESS	.data.stage3ce.va_0034e2b0	0xdf8a		interior-address-only	ps2/progress28_structural_lift_recovered.o	section-backed address only; complete C object/array extent unproved
DAT_0035c23b	0x0035c23b	SECTION_BACKED_ADDRESS	.data.stage3ce.va_0034e2b0	0xdf8b		interior-address-only	ps2/progress28_structural_lift_recovered.o	section-backed address only; complete C object/array extent unproved
DAT_0035c23c	0x0035c23c	SECTION_BACKED_ADDRESS	.data.stage3ce.va_0034e2b0	0xdf8c	0x1	direct-access	ps2/progress28_structural_lift_recovered.o	section-backed address only; complete C object/array extent unproved
DAT_0035c23d	0x0035c23d	SECTION_BACKED_ADDRESS	.data.stage3ce.va_0034e2b0	0xdf8d	0x1	direct-access	ps2/progress28_structural_lift_recovered.o	section-backed address only; complete C object/array extent unproved
DAT_0035c23e	0x0035c23e	SECTION_BACKED_ADDRESS	.data.stage3ce.va_0034e2b0	0xdf8e	0x1	direct-access	ps2/progress28_structural_lift_recovered.o	section-backed address only; complete C object/array extent unproved
DAT_0035c23f	0x0035c23f	SECTION_BACKED_ADDRESS	.data.stage3ce.va_0034e2b0	0xdf8f	0x1	direct-access	ps2/progress28_structural_lift_recovered.o	section-backed address only; complete C object/array extent unproved
DAT_0035c240	0x0035c240	SECTION_BACKED_ADDRESS	.data.stage3ce.va_0034e2b0	0xdf90	0x1	direct-access	ps2/progress28_structural_lift_recovered.o	section-backed address only; complete C object/array extent unproved
DAT_0035c241	0x0035c241	SECTION_BACKED_ADDRESS	.data.stage3ce.va_0034e2b0	0xdf91	0x1	direct-access	ps2/progress28_structural_lift_recovered.o	section-backed address only; complete C object/array extent unproved
DAT_0035c242	0x0035c242	SECTION_BACKED_ADDRESS	.data.stage3ce.va_0034e2b0	0xdf92	0x1	direct-access	ps2/progress28_structural_lift_recovered.o	section-backed address only; complete C object/array extent unproved
DAT_0035c243	0x0035c243	SECTION_BACKED_ADDRESS	.data.stage3ce.va_0034e2b0	0xdf93	0x1	direct-access	ps2/progress28_structural_lift_recovered.o	section-backed address only; complete C object/array extent unproved
DAT_0035c244	0x0035c244	SECTION_BACKED_ADDRESS	.data.stage3ce.va_0034e2b0	0xdf94	0x1	direct-access	ps2/progress28_structural_lift_recovered.o	section-backed address only; complete C object/array extent unproved
DAT_0035c245	0x0035c245	SECTION_BACKED_ADDRESS	.data.stage3ce.va_0034e2b0	0xdf95	0x1	direct-access	ps2/progress28_structural_lift_recovered.o	section-backed address only; complete C object/array extent unproved
DAT_0035c246	0x0035c246	SECTION_BACKED_ADDRESS	.data.stage3ce.va_0034e2b0	0xdf96	0x1	direct-access	ps2/progress28_structural_lift_recovered.o	section-backed address only; complete C object/array extent unproved
DAT_0035c247	0x0035c247	SECTION_BACKED_ADDRESS	.data.stage3ce.va_0034e2b0	0xdf97	0x1	direct-access	ps2/progress28_structural_lift_recovered.o	section-backed address only; complete C object/array extent unproved
DAT_0035c248	0x0035c248	SECTION_BACKED_ADDRESS	.data.stage3ce.va_0034e2b0	0xdf98	0x1	direct-access	ps2/progress28_structural_lift_recovered.o	section-backed address only; complete C object/array extent unproved
DAT_0035c249	0x0035c249	SECTION_BACKED_ADDRESS	.data.stage3ce.va_0034e2b0	0xdf99	0x1	direct-access	ps2/progress28_structural_lift_recovered.o	section-backed address only; complete C object/array extent unproved
DAT_0035c24a	0x0035c24a	SECTION_BACKED_ADDRESS	.data.stage3ce.va_0034e2b0	0xdf9a	0x1	direct-access	ps2/progress28_structural_lift_recovered.o	section-backed address only; complete C object/array extent unproved
DAT_0035c24b	0x0035c24b	SECTION_BACKED_ADDRESS	.data.stage3ce.va_0034e2b0	0xdf9b	0x1	direct-access	ps2/progress28_structural_lift_recovered.o	section-backed address only; complete C object/array extent unproved
DAT_0035c24c	0x0035c24c	SECTION_BACKED_ADDRESS	.data.stage3ce.va_0034e2b0	0xdf9c	0x1	direct-access	ps2/progress28_structural_lift_recovered.o	section-backed address only; complete C object/array extent unproved
DAT_0035c24d	0x0035c24d	SECTION_BACKED_ADDRESS	.data.stage3ce.va_0034e2b0	0xdf9d	0x1	direct-access	ps2/progress28_structural_lift_recovered.o	section-backed address only; complete C object/array extent unproved
DAT_0035c24e	0x0035c24e	SECTION_BACKED_ADDRESS	.data.stage3ce.va_0034e2b0	0xdf9e	0x1	direct-access	ps2/progress28_structural_lift_recovered.o	section-backed address only; complete C object/array extent unproved
DAT_0035c24f	0x0035c24f	SECTION_BACKED_ADDRESS	.data.stage3ce.va_0034e2b0	0xdf9f	0x1	direct-access	ps2/progress28_structural_lift_recovered.o	section-backed address only; complete C object/array extent unproved
DAT_0035c250	0x0035c250	SECTION_BACKED_ADDRESS	.data.stage3ce.va_0034e2b0	0xdfa0	0x1	direct-access	ps2/progress28_structural_lift_recovered.o	section-backed address only; complete C object/array extent unproved
DAT_0035c251	0x0035c251	SECTION_BACKED_ADDRESS	.data.stage3ce.va_0034e2b0	0xdfa1	0x1	direct-access	ps2/progress28_structural_lift_recovered.o	section-backed address only; complete C object/array extent unproved
DAT_0035c252	0x0035c252	SECTION_BACKED_ADDRESS	.data.stage3ce.va_0034e2b0	0xdfa2	0x1	direct-access	ps2/progress28_structural_lift_recovered.o	section-backed address only; complete C object/array extent unproved
DAT_0035c253	0x0035c253	SECTION_BACKED_ADDRESS	.data.stage3ce.va_0034e2b0	0xdfa3	0x1	direct-access	ps2/progress28_structural_lift_recovered.o	section-backed address only; complete C object/array extent unproved
DAT_0035c254	0x0035c254	SECTION_BACKED_ADDRESS	.data.stage3ce.va_0034e2b0	0xdfa4	0x1	direct-access	ps2/progress28_structural_lift_recovered.o	section-backed address only; complete C object/array extent unproved
DAT_0035c255	0x0035c255	SECTION_BACKED_ADDRESS	.data.stage3ce.va_0034e2b0	0xdfa5	0x1	direct-access	ps2/progress28_structural_lift_recovered.o	section-backed address only; complete C object/array extent unproved
DAT_0035c256	0x0035c256	SECTION_BACKED_ADDRESS	.data.stage3ce.va_0034e2b0	0xdfa6	0x1	direct-access	ps2/progress28_structural_lift_recovered.o	section-backed address only; complete C object/array extent unproved
DAT_0035c257	0x0035c257	SECTION_BACKED_ADDRESS	.data.stage3ce.va_0034e2b0	0xdfa7	0x1	direct-access	ps2/progress28_structural_lift_recovered.o	section-backed address only; complete C object/array extent unproved
DAT_0035c258	0x0035c258	SECTION_BACKED_ADDRESS	.data.stage3ce.va_0034e2b0	0xdfa8	0x2	direct-access	ps2/progress28_structural_lift_recovered.o	section-backed address only; complete C object/array extent unproved
DAT_0035c25a	0x0035c25a	SECTION_BACKED_ADDRESS	.data.stage3ce.va_0034e2b0	0xdfaa	0x1	direct-access	ps2/progress28_structural_lift_recovered.o	section-backed address only; complete C object/array extent unproved
DAT_0035c25b	0x0035c25b	SECTION_BACKED_ADDRESS	.data.stage3ce.va_0034e2b0	0xdfab	0x1	direct-access	ps2/progress28_structural_lift_recovered.o	section-backed address only; complete C object/array extent unproved
DAT_0035c25c	0x0035c25c	SECTION_BACKED_ADDRESS	.data.stage3ce.va_0034e2b0	0xdfac		interior-address-only	ps2/progress28_structural_lift_recovered.o	section-backed address only; complete C object/array extent unproved
DAT_0035c25d	0x0035c25d	SECTION_BACKED_ADDRESS	.data.stage3ce.va_0034e2b0	0xdfad		interior-address-only	ps2/progress28_structural_lift_recovered.o	section-backed address only; complete C object/array extent unproved
DAT_0035c25e	0x0035c25e	SECTION_BACKED_ADDRESS	.data.stage3ce.va_0034e2b0	0xdfae	0x2	direct-access	ps2/progress28_structural_lift_recovered.o	section-backed address only; complete C object/array extent unproved
DAT_0035c260	0x0035c260	SECTION_BACKED_ADDRESS	.data.stage3ce.va_0034e2b0	0xdfb0	0x2	direct-access	ps2/progress28_structural_lift_recovered.o	section-backed address only; complete C object/array extent unproved
DAT_0035c262	0x0035c262	SECTION_BACKED_ADDRESS	.data.stage3ce.va_0034e2b0	0xdfb2	0x1	direct-access	ps2/progress28_structural_lift_recovered.o	section-backed address only; complete C object/array extent unproved
DAT_0035c263	0x0035c263	SECTION_BACKED_ADDRESS	.data.stage3ce.va_0034e2b0	0xdfb3	0x1	direct-access	ps2/progress28_structural_lift_recovered.o	section-backed address only; complete C object/array extent unproved
DAT_0035c268	0x0035c268	SECTION_BACKED_ADDRESS	.data.stage3ce.va_0034e2b0	0xdfb8	0x1	direct-access	ps2/progress28_structural_lift_recovered.o	section-backed address only; complete C object/array extent unproved
DAT_0035c269	0x0035c269	SECTION_BACKED_ADDRESS	.data.stage3ce.va_0034e2b0	0xdfb9	0x1	direct-access	ps2/progress28_structural_lift_recovered.o	section-backed address only; complete C object/array extent unproved
DAT_0035c26a	0x0035c26a	SECTION_BACKED_ADDRESS	.data.stage3ce.va_0034e2b0	0xdfba	0x1	direct-access	ps2/progress28_structural_lift_recovered.o	section-backed address only; complete C object/array extent unproved
DAT_0035c26b	0x0035c26b	SECTION_BACKED_ADDRESS	.data.stage3ce.va_0034e2b0	0xdfbb	0x1	direct-access	ps2/progress28_structural_lift_recovered.o	section-backed address only; complete C object/array extent unproved
DAT_0035c26c	0x0035c26c	SECTION_BACKED_ADDRESS	.data.stage3ce.va_0034e2b0	0xdfbc	0x1	direct-access	ps2/progress28_structural_lift_recovered.o	section-backed address only; complete C object/array extent unproved
DAT_0035c26d	0x0035c26d	SECTION_BACKED_ADDRESS	.data.stage3ce.va_0034e2b0	0xdfbd	0x1	direct-access	ps2/progress28_structural_lift_recovered.o	section-backed address only; complete C object/array extent unproved
DAT_0035c26e	0x0035c26e	SECTION_BACKED_ADDRESS	.data.stage3ce.va_0034e2b0	0xdfbe	0x1	direct-access	ps2/progress28_structural_lift_recovered.o	section-backed address only; complete C object/array extent unproved
DAT_0035c26f	0x0035c26f	SECTION_BACKED_ADDRESS	.data.stage3ce.va_0034e2b0	0xdfbf	0x1	direct-access	ps2/progress28_structural_lift_recovered.o	section-backed address only; complete C object/array extent unproved
DAT_0035c270	0x0035c270	SECTION_BACKED_ADDRESS	.data.stage3ce.va_0034e2b0	0xdfc0	0x4	direct-access	ps2/progress28_structural_lift_recovered.o	section-backed address only; complete C object/array extent unproved
DAT_0035c274	0x0035c274	SECTION_BACKED_ADDRESS	.data.stage3ce.va_0034e2b0	0xdfc4	0x4	direct-access	ps2/progress28_structural_lift_recovered.o	section-backed address only; complete C object/array extent unproved
DAT_0035c278	0x0035c278	SECTION_BACKED_ADDRESS	.data.stage3ce.va_0034e2b0	0xdfc8	0x4	direct-access	ps2/progress28_structural_lift_recovered.o	section-backed address only; complete C object/array extent unproved
DAT_0035c27c	0x0035c27c	SECTION_BACKED_ADDRESS	.data.stage3ce.va_0034e2b0	0xdfcc	0x4	direct-access	ps2/progress28_structural_lift_recovered.o	section-backed address only; complete C object/array extent unproved
DAT_0035c280	0x0035c280	SECTION_BACKED_ADDRESS	.data.stage3ce.va_0034e2b0	0xdfd0	0x4	direct-access	ps2/progress28_structural_lift_recovered.o	section-backed address only; complete C object/array extent unproved
DAT_0035c284	0x0035c284	SECTION_BACKED_ADDRESS	.data.stage3ce.va_0034e2b0	0xdfd4	0x4	direct-access	ps2/progress28_structural_lift_recovered.o	section-backed address only; complete C object/array extent unproved
DAT_0035c288	0x0035c288	SECTION_BACKED_ADDRESS	.data.stage3ce.va_0034e2b0	0xdfd8	0x4	direct-access	ps2/progress28_structural_lift_recovered.o	section-backed address only; complete C object/array extent unproved
DAT_0035c290	0x0035c290	SECTION_BACKED_ADDRESS	.data.stage3ce.va_0034e2b0	0xdfe0	0x4	direct-access	ps2/progress28_structural_lift_recovered.o	section-backed address only; complete C object/array extent unproved
DAT_0035c294	0x0035c294	SECTION_BACKED_ADDRESS	.data.stage3ce.va_0034e2b0	0xdfe4	0x4	direct-access	ps2/progress28_structural_lift_recovered.o	section-backed address only; complete C object/array extent unproved
DAT_0035c298	0x0035c298	SECTION_BACKED_ADDRESS	.data.stage3ce.va_0034e2b0	0xdfe8	0x4	direct-access	ps2/progress28_structural_lift_recovered.o	section-backed address only; complete C object/array extent unproved
DAT_0035c29c	0x0035c29c	SECTION_BACKED_ADDRESS	.data.stage3ce.va_0034e2b0	0xdfec	0x1	direct-access	ps2/progress28_structural_lift_recovered.o	section-backed address only; complete C object/array extent unproved
DAT_0035c29d	0x0035c29d	SECTION_BACKED_ADDRESS	.data.stage3ce.va_0034e2b0	0xdfed	0x1	direct-access	ps2/progress28_structural_lift_recovered.o	section-backed address only; complete C object/array extent unproved
DAT_0035c29e	0x0035c29e	SECTION_BACKED_ADDRESS	.data.stage3ce.va_0034e2b0	0xdfee	0x1	direct-access	ps2/progress28_structural_lift_recovered.o	section-backed address only; complete C object/array extent unproved
DAT_0035c29f	0x0035c29f	SECTION_BACKED_ADDRESS	.data.stage3ce.va_0034e2b0	0xdfef		interior-address-only	ps2/progress28_structural_lift_recovered.o	section-backed address only; complete C object/array extent unproved
DAT_0035c2a0	0x0035c2a0	SECTION_BACKED_ADDRESS	.data.stage3ce.va_0034e2b0	0xdff0	0x1	direct-access	ps2/progress28_structural_lift_recovered.o	section-backed address only; complete C object/array extent unproved
DAT_0035c2a4	0x0035c2a4	SECTION_BACKED_ADDRESS	.data.stage3ce.va_0034e2b0	0xdff4	0x4	direct-access	ps2/progress28_structural_lift_recovered.o	section-backed address only; complete C object/array extent unproved
DAT_0035c2a8	0x0035c2a8	SECTION_BACKED_ADDRESS	.data.stage3ce.va_0034e2b0	0xdff8	0x4	direct-access	ps2/progress28_structural_lift_recovered.o	section-backed address only; complete C object/array extent unproved
DAT_0035c2ac	0x0035c2ac	SECTION_BACKED_ADDRESS	.data.stage3ce.va_0034e2b0	0xdffc		interior-address-only	ps2/progress28_structural_lift_recovered.o	section-backed address only; complete C object/array extent unproved
DAT_0035c6ac	0x0035c6ac	SECTION_BACKED_ADDRESS	.data.stage3ce.va_0034e2b0	0xe3fc		interior-address-only	ps2/progress28_structural_lift_recovered.o	section-backed address only; complete C object/array extent unproved
DAT_0035caac	0x0035caac	SECTION_BACKED_ADDRESS	.data.stage3ce.va_0034e2b0	0xe7fc		interior-address-only	ps2/progress28_structural_lift_recovered.o	section-backed address only; complete C object/array extent unproved
DAT_0035ceac	0x0035ceac	SECTION_BACKED_ADDRESS	.data.stage3ce.va_0034e2b0	0xebfc	0x4	direct-access	ps2/progress28_structural_lift_recovered.o	section-backed address only; complete C object/array extent unproved
DAT_0035ceb0	0x0035ceb0	SECTION_BACKED_ADDRESS	.data.stage3ce.va_0034e2b0	0xec00	0x2	direct-access	ps2/progress28_structural_lift_recovered.o	section-backed address only; complete C object/array extent unproved
DAT_0035d0b0	0x0035d0b0	SECTION_BACKED_ADDRESS	.data.stage3ce.va_0034e2b0	0xee00	0x4	direct-access	ps2/progress28_structural_lift_recovered.o	section-backed address only; complete C object/array extent unproved
DAT_0035d0b4	0x0035d0b4	SECTION_BACKED_ADDRESS	.data.stage3ce.va_0034e2b0	0xee04	0x4	direct-access	ps2/progress28_structural_lift_recovered.o	section-backed address only; complete C object/array extent unproved
DAT_0035d0b8	0x0035d0b8	SECTION_BACKED_ADDRESS	.data.stage3ce.va_0034e2b0	0xee08	0x4	direct-access	ps2/progress28_structural_lift_recovered.o	section-backed address only; complete C object/array extent unproved
DAT_0035d0bc	0x0035d0bc	SECTION_BACKED_ADDRESS	.data.stage3ce.va_0034e2b0	0xee0c	0x4	direct-access	ps2/progress28_structural_lift_recovered.o	section-backed address only; complete C object/array extent unproved
DAT_0035d0c0	0x0035d0c0	SECTION_BACKED_ADDRESS	.data.stage3ce.va_0034e2b0	0xee10	0x4	direct-access	ps2/progress28_structural_lift_recovered.o	section-backed address only; complete C object/array extent unproved
DAT_0035d0c4	0x0035d0c4	SECTION_BACKED_ADDRESS	.data.stage3ce.va_0034e2b0	0xee14	0x4	direct-access	ps2/progress28_structural_lift_recovered.o	section-backed address only; complete C object/array extent unproved
DAT_0035d0c8	0x0035d0c8	SECTION_BACKED_ADDRESS	.data.stage3ce.va_0034e2b0	0xee18	0x4	direct-access	ps2/progress28_structural_lift_recovered.o	section-backed address only; complete C object/array extent unproved
DAT_0035d0cc	0x0035d0cc	SECTION_BACKED_ADDRESS	.data.stage3ce.va_0034e2b0	0xee1c	0x4	direct-access	ps2/progress28_structural_lift_recovered.o	section-backed address only; complete C object/array extent unproved
DAT_0035d0d0	0x0035d0d0	SECTION_BACKED_ADDRESS	.data.stage3ce.va_0034e2b0	0xee20		interior-address-only	ps2/progress28_structural_lift_recovered.o	section-backed address only; complete C object/array extent unproved
DAT_0035d0d4	0x0035d0d4	SECTION_BACKED_ADDRESS	.data.stage3ce.va_0034e2b0	0xee24		interior-address-only	ps2/progress28_structural_lift_recovered.o	section-backed address only; complete C object/array extent unproved
DAT_0035d0d8	0x0035d0d8	SECTION_BACKED_ADDRESS	.data.stage3ce.va_0034e2b0	0xee28		interior-address-only	ps2/progress28_structural_lift_recovered.o	section-backed address only; complete C object/array extent unproved
DAT_0035d0dc	0x0035d0dc	SECTION_BACKED_ADDRESS	.data.stage3ce.va_0034e2b0	0xee2c		interior-address-only	ps2/progress28_structural_lift_recovered.o	section-backed address only; complete C object/array extent unproved
DAT_0035d0e0	0x0035d0e0	SECTION_BACKED_ADDRESS	.data.stage3ce.va_0034e2b0	0xee30		interior-address-only	ps2/progress28_structural_lift_recovered.o	section-backed address only; complete C object/array extent unproved
DAT_0035d0e4	0x0035d0e4	SECTION_BACKED_ADDRESS	.data.stage3ce.va_0034e2b0	0xee34		interior-address-only	ps2/progress28_structural_lift_recovered.o	section-backed address only; complete C object/array extent unproved
DAT_0035d0e8	0x0035d0e8	SECTION_BACKED_ADDRESS	.data.stage3ce.va_0034e2b0	0xee38		interior-address-only	ps2/progress28_structural_lift_recovered.o	section-backed address only; complete C object/array extent unproved
DAT_0035d0ec	0x0035d0ec	SECTION_BACKED_ADDRESS	.data.stage3ce.va_0034e2b0	0xee3c		interior-address-only	ps2/progress28_structural_lift_recovered.o	section-backed address only; complete C object/array extent unproved
DAT_0035d100	0x0035d100	SECTION_BACKED_ADDRESS	.data.stage3ce.va_0034e2b0	0xee50	0x4	direct-access	ps2/progress28_structural_lift_recovered.o	section-backed address only; complete C object/array extent unproved
DAT_0035d104	0x0035d104	SECTION_BACKED_ADDRESS	.data.stage3ce.va_0034e2b0	0xee54		interior-address-only	ps2/progress28_structural_lift_recovered.o	section-backed address only; complete C object/array extent unproved
DAT_0035d118	0x0035d118	SECTION_BACKED_ADDRESS	.data.stage3ce.va_0034e2b0	0xee68		interior-address-only	ps2/progress28_structural_lift_recovered.o	section-backed address only; complete C object/array extent unproved
DAT_0035d194	0x0035d194	SECTION_BACKED_ADDRESS	.data.stage3ce.va_0034e2b0	0xeee4		interior-address-only	ps2/progress28_structural_lift_recovered.o	section-backed address only; complete C object/array extent unproved
DAT_0035d1a8	0x0035d1a8	SECTION_BACKED_ADDRESS	.data.stage3ce.va_0034e2b0	0xeef8		interior-address-only	ps2/progress28_structural_lift_recovered.o	section-backed address only; complete C object/array extent unproved
DAT_0035d224	0x0035d224	SECTION_BACKED_ADDRESS	.data.stage3ce.va_0034e2b0	0xef74		interior-address-only	ps2/progress28_structural_lift_recovered.o	section-backed address only; complete C object/array extent unproved
DAT_0035d238	0x0035d238	SECTION_BACKED_ADDRESS	.data.stage3ce.va_0034e2b0	0xef88	0x4	direct-access	ps2/progress28_structural_lift_recovered.o	section-backed address only; complete C object/array extent unproved
DAT_0035d23c	0x0035d23c	SECTION_BACKED_ADDRESS	.data.stage3ce.va_0034e2b0	0xef8c		interior-address-only	ps2/progress28_structural_lift_recovered.o	section-backed address only; complete C object/array extent unproved
DAT_0035d250	0x0035d250	SECTION_BACKED_ADDRESS	.data.stage3ce.va_0034e2b0	0xefa0		interior-address-only	ps2/progress28_structural_lift_recovered.o	section-backed address only; complete C object/array extent unproved
DAT_0035d2cc	0x0035d2cc	SECTION_BACKED_ADDRESS	.data.stage3ce.va_0034e2b0	0xf01c		interior-address-only	ps2/progress28_structural_lift_recovered.o	section-backed address only; complete C object/array extent unproved
DAT_0035d2e0	0x0035d2e0	SECTION_BACKED_ADDRESS	.data.stage3ce.va_0034e2b0	0xf030		interior-address-only	ps2/progress28_structural_lift_recovered.o	section-backed address only; complete C object/array extent unproved
DAT_0035d360	0x0035d360	SECTION_BACKED_ADDRESS	.data.stage3ce.va_0034e2b0	0xf0b0	0x1	direct-access	ps2/progress28_structural_lift_recovered.o	section-backed address only; complete C object/array extent unproved
DAT_0035d361	0x0035d361	SECTION_BACKED_ADDRESS	.data.stage3ce.va_0034e2b0	0xf0b1	0x1	direct-access	ps2/progress28_structural_lift_recovered.o	section-backed address only; complete C object/array extent unproved
DAT_0035d362	0x0035d362	SECTION_BACKED_ADDRESS	.data.stage3ce.va_0034e2b0	0xf0b2	0x1	direct-access	ps2/progress28_structural_lift_recovered.o	section-backed address only; complete C object/array extent unproved
DAT_0035d363	0x0035d363	SECTION_BACKED_ADDRESS	.data.stage3ce.va_0034e2b0	0xf0b3	0x1	direct-access	ps2/progress28_structural_lift_recovered.o	section-backed address only; complete C object/array extent unproved
DAT_0035d364	0x0035d364	SECTION_BACKED_ADDRESS	.data.stage3ce.va_0034e2b0	0xf0b4	0x1	direct-access	ps2/progress28_structural_lift_recovered.o	section-backed address only; complete C object/array extent unproved
DAT_0035d366	0x0035d366	SECTION_BACKED_ADDRESS	.data.stage3ce.va_0034e2b0	0xf0b6	0x2	direct-access	ps2/progress28_structural_lift_recovered.o	section-backed address only; complete C object/array extent unproved
DAT_0035d368	0x0035d368	SECTION_BACKED_ADDRESS	.data.stage3ce.va_0034e2b0	0xf0b8	0x2	direct-access	ps2/progress28_structural_lift_recovered.o	section-backed address only; complete C object/array extent unproved
DAT_0035d36a	0x0035d36a	SECTION_BACKED_ADDRESS	.data.stage3ce.va_0034e2b0	0xf0ba	0x1	direct-access	ps2/progress28_structural_lift_recovered.o	section-backed address only; complete C object/array extent unproved
DAT_0035d36c	0x0035d36c	SECTION_BACKED_ADDRESS	.data.stage3ce.va_0034e2b0	0xf0bc	0x2	direct-access	ps2/progress28_structural_lift_recovered.o	section-backed address only; complete C object/array extent unproved
DAT_0035d36e	0x0035d36e	SECTION_BACKED_ADDRESS	.data.stage3ce.va_0034e2b0	0xf0be	0x1	direct-access	ps2/progress28_structural_lift_recovered.o	section-backed address only; complete C object/array extent unproved
DAT_0035d370	0x0035d370	SECTION_BACKED_ADDRESS	.data.stage3ce.va_0034e2b0	0xf0c0		interior-address-only	ps2/progress28_structural_lift_recovered.o	section-backed address only; complete C object/array extent unproved
DAT_0035d372	0x0035d372	SECTION_BACKED_ADDRESS	.data.stage3ce.va_0034e2b0	0xf0c2		interior-address-only	ps2/progress28_structural_lift_recovered.o	section-backed address only; complete C object/array extent unproved
DAT_0035d373	0x0035d373	SECTION_BACKED_ADDRESS	.data.stage3ce.va_0034e2b0	0xf0c3		interior-address-only	ps2/progress28_structural_lift_recovered.o	section-backed address only; complete C object/array extent unproved
DAT_0035d374	0x0035d374	SECTION_BACKED_ADDRESS	.data.stage3ce.va_0034e2b0	0xf0c4		interior-address-only	ps2/progress28_structural_lift_recovered.o	section-backed address only; complete C object/array extent unproved
DAT_0035d375	0x0035d375	SECTION_BACKED_ADDRESS	.data.stage3ce.va_0034e2b0	0xf0c5		interior-address-only	ps2/progress28_structural_lift_recovered.o	section-backed address only; complete C object/array extent unproved
DAT_0035d410	0x0035d410	SECTION_BACKED_ADDRESS	.data.stage3ce.va_0034e2b0	0xf160		interior-address-only	ps2/progress28_structural_lift_recovered.o	section-backed address only; complete C object/array extent unproved
DAT_0035d430	0x0035d430	SECTION_BACKED_ADDRESS	.data.stage3ce.va_0034e2b0	0xf180		interior-address-only	ps2/progress28_structural_lift_recovered.o	section-backed address only; complete C object/array extent unproved
DAT_0035d450	0x0035d450	SECTION_BACKED_ADDRESS	.data.stage3ce.va_0034e2b0	0xf1a0	0x4	direct-access	ps2/progress28_structural_lift_recovered.o	section-backed address only; complete C object/array extent unproved
DAT_0035d454	0x0035d454	SECTION_BACKED_ADDRESS	.data.stage3ce.va_0034e2b0	0xf1a4	0x4	direct-access	ps2/progress28_structural_lift_recovered.o	section-backed address only; complete C object/array extent unproved
DAT_0035d458	0x0035d458	SECTION_BACKED_ADDRESS	.data.stage3ce.va_0034e2b0	0xf1a8	0x4	direct-access	ps2/progress28_structural_lift_recovered.o	section-backed address only; complete C object/array extent unproved
DAT_0035d45c	0x0035d45c	SECTION_BACKED_ADDRESS	.data.stage3ce.va_0034e2b0	0xf1ac	0x4	direct-access	ps2/progress28_structural_lift_recovered.o	section-backed address only; complete C object/array extent unproved
DAT_0035d460	0x0035d460	SECTION_BACKED_ADDRESS	.data.stage3ce.va_0034e2b0	0xf1b0	0x4	direct-access	ps2/progress28_structural_lift_recovered.o	section-backed address only; complete C object/array extent unproved
DAT_0035d468	0x0035d468	SECTION_BACKED_ADDRESS	.data.stage3ce.va_0034e2b0	0xf1b8	0x4	direct-access	ps2/progress28_structural_lift_recovered.o	section-backed address only; complete C object/array extent unproved
DAT_0035d46c	0x0035d46c	SECTION_BACKED_ADDRESS	.data.stage3ce.va_0034e2b0	0xf1bc	0x4	direct-access	ps2/progress28_structural_lift_recovered.o	section-backed address only; complete C object/array extent unproved
DAT_0035d470	0x0035d470	SECTION_BACKED_ADDRESS	.data.stage3ce.va_0034e2b0	0xf1c0	0x4	direct-access	ps2/progress28_structural_lift_recovered.o	section-backed address only; complete C object/array extent unproved
DAT_0035d474	0x0035d474	SECTION_BACKED_ADDRESS	.data.stage3ce.va_0034e2b0	0xf1c4	0x4	direct-access	ps2/progress28_structural_lift_recovered.o	section-backed address only; complete C object/array extent unproved
DAT_0035d478	0x0035d478	SECTION_BACKED_ADDRESS	.data.stage3ce.va_0034e2b0	0xf1c8	0x4	direct-access	ps2/progress28_structural_lift_recovered.o	section-backed address only; complete C object/array extent unproved
DAT_0035d47c	0x0035d47c	SECTION_BACKED_ADDRESS	.data.stage3ce.va_0034e2b0	0xf1cc	0x1	direct-access	ps2/progress28_structural_lift_recovered.o	section-backed address only; complete C object/array extent unproved
DAT_0035d480	0x0035d480	SECTION_BACKED_ADDRESS	.data.stage3ce.va_0034e2b0	0xf1d0	0x4	direct-access	ps2/progress28_structural_lift_recovered.o	section-backed address only; complete C object/array extent unproved
DAT_0035d484	0x0035d484	SECTION_BACKED_ADDRESS	.data.stage3ce.va_0034e2b0	0xf1d4	0x4	direct-access	ps2/progress28_structural_lift_recovered.o	section-backed address only; complete C object/array extent unproved
DAT_0035d488	0x0035d488	SECTION_BACKED_ADDRESS	.data.stage3ce.va_0034e2b0	0xf1d8	0x4	direct-access	ps2/progress28_structural_lift_recovered.o	section-backed address only; complete C object/array extent unproved
DAT_0035d48c	0x0035d48c	SECTION_BACKED_ADDRESS	.data.stage3ce.va_0034e2b0	0xf1dc	0x4	direct-access	ps2/progress28_structural_lift_recovered.o	section-backed address only; complete C object/array extent unproved
DAT_0035d490	0x0035d490	SECTION_BACKED_ADDRESS	.data.stage3ce.va_0034e2b0	0xf1e0	0x4	direct-access	ps2/progress28_structural_lift_recovered.o	section-backed address only; complete C object/array extent unproved
DAT_0035d494	0x0035d494	SECTION_BACKED_ADDRESS	.data.stage3ce.va_0034e2b0	0xf1e4	0x4	direct-access	ps2/progress28_structural_lift_recovered.o	section-backed address only; complete C object/array extent unproved
DAT_0035d498	0x0035d498	SECTION_BACKED_ADDRESS	.data.stage3ce.va_0034e2b0	0xf1e8	0x4	direct-access	ps2/progress28_structural_lift_recovered.o	section-backed address only; complete C object/array extent unproved
DAT_0035d49c	0x0035d49c	SECTION_BACKED_ADDRESS	.data.stage3ce.va_0034e2b0	0xf1ec	0x4	direct-access	ps2/progress28_structural_lift_recovered.o	section-backed address only; complete C object/array extent unproved
DAT_0035d4a0	0x0035d4a0	SECTION_BACKED_ADDRESS	.data.stage3ce.va_0034e2b0	0xf1f0	0x4	direct-access	ps2/progress28_structural_lift_recovered.o	section-backed address only; complete C object/array extent unproved
DAT_0035d4a4	0x0035d4a4	SECTION_BACKED_ADDRESS	.data.stage3ce.va_0034e2b0	0xf1f4	0x4	direct-access	ps2/progress28_structural_lift_recovered.o	section-backed address only; complete C object/array extent unproved
DAT_0035d4a8	0x0035d4a8	SECTION_BACKED_ADDRESS	.data.stage3ce.va_0034e2b0	0xf1f8	0x4	direct-access	ps2/progress28_structural_lift_recovered.o	section-backed address only; complete C object/array extent unproved
DAT_0035d4ac	0x0035d4ac	SECTION_BACKED_ADDRESS	.data.stage3ce.va_0034e2b0	0xf1fc	0x4	direct-access	ps2/progress28_structural_lift_recovered.o	section-backed address only; complete C object/array extent unproved
DAT_0035d4b0	0x0035d4b0	SECTION_BACKED_ADDRESS	.data.stage3ce.va_0034e2b0	0xf200	0x4	direct-access	ps2/progress28_structural_lift_recovered.o	section-backed address only; complete C object/array extent unproved
DAT_0035d4b4	0x0035d4b4	SECTION_BACKED_ADDRESS	.data.stage3ce.va_0034e2b0	0xf204	0x4	direct-access	ps2/progress28_structural_lift_recovered.o	section-backed address only; complete C object/array extent unproved
DAT_0035d4b8	0x0035d4b8	SECTION_BACKED_ADDRESS	.data.stage3ce.va_0034e2b0	0xf208	0x4	direct-access	ps2/progress28_structural_lift_recovered.o	section-backed address only; complete C object/array extent unproved
DAT_0035d4bc	0x0035d4bc	SECTION_BACKED_ADDRESS	.data.stage3ce.va_0034e2b0	0xf20c	0x4	direct-access	ps2/progress28_structural_lift_recovered.o	section-backed address only; complete C object/array extent unproved
DAT_0035d4c0	0x0035d4c0	SECTION_BACKED_ADDRESS	.data.stage3ce.va_0034e2b0	0xf210	0x4	direct-access	ps2/progress28_structural_lift_recovered.o	section-backed address only; complete C object/array extent unproved
DAT_0035d4c4	0x0035d4c4	SECTION_BACKED_ADDRESS	.data.stage3ce.va_0034e2b0	0xf214	0x4	direct-access	ps2/progress28_structural_lift_recovered.o	section-backed address only; complete C object/array extent unproved
DAT_0035d4c8	0x0035d4c8	SECTION_BACKED_ADDRESS	.data.stage3ce.va_0034e2b0	0xf218	0x4	direct-access	ps2/progress28_structural_lift_recovered.o	section-backed address only; complete C object/array extent unproved
DAT_0035d4cc	0x0035d4cc	SECTION_BACKED_ADDRESS	.data.stage3ce.va_0034e2b0	0xf21c	0x1	direct-access	ps2/progress28_structural_lift_recovered.o	section-backed address only; complete C object/array extent unproved
DAT_0035d4cd	0x0035d4cd	SECTION_BACKED_ADDRESS	.data.stage3ce.va_0034e2b0	0xf21d	0x1	direct-access	ps2/progress28_structural_lift_recovered.o	section-backed address only; complete C object/array extent unproved
DAT_0035d4d0	0x0035d4d0	SECTION_BACKED_ADDRESS	.data.stage3ce.va_0034e2b0	0xf220	0x4	direct-access	ps2/progress28_structural_lift_recovered.o	section-backed address only; complete C object/array extent unproved
DAT_0035d4d4	0x0035d4d4	SECTION_BACKED_ADDRESS	.data.stage3ce.va_0034e2b0	0xf224	0x4	direct-access	ps2/progress28_structural_lift_recovered.o	section-backed address only; complete C object/array extent unproved
DAT_0035d4d8	0x0035d4d8	SECTION_BACKED_ADDRESS	.data.stage3ce.va_0034e2b0	0xf228	0x4	direct-access	ps2/progress28_structural_lift_recovered.o	section-backed address only; complete C object/array extent unproved
DAT_0035d4dc	0x0035d4dc	SECTION_BACKED_ADDRESS	.data.stage3ce.va_0034e2b0	0xf22c	0x4	direct-access	ps2/progress28_structural_lift_recovered.o	section-backed address only; complete C object/array extent unproved
DAT_0035d4e0	0x0035d4e0	SECTION_BACKED_ADDRESS	.data.stage3ce.va_0034e2b0	0xf230	0x4	direct-access	ps2/progress28_structural_lift_recovered.o	section-backed address only; complete C object/array extent unproved
DAT_0035d4e4	0x0035d4e4	SECTION_BACKED_ADDRESS	.data.stage3ce.va_0034e2b0	0xf234	0x4	direct-access	ps2/progress28_structural_lift_recovered.o	section-backed address only; complete C object/array extent unproved
DAT_0035d4e8	0x0035d4e8	SECTION_BACKED_ADDRESS	.data.stage3ce.va_0034e2b0	0xf238	0x4	direct-access	ps2/progress28_structural_lift_recovered.o	section-backed address only; complete C object/array extent unproved
DAT_0035d4ec	0x0035d4ec	SECTION_BACKED_ADDRESS	.data.stage3ce.va_0034e2b0	0xf23c	0x4	direct-access	ps2/progress28_structural_lift_recovered.o	section-backed address only; complete C object/array extent unproved
DAT_0035d4f0	0x0035d4f0	SECTION_BACKED_ADDRESS	.data.stage3ce.va_0034e2b0	0xf240	0x4	direct-access	ps2/progress28_structural_lift_recovered.o	section-backed address only; complete C object/array extent unproved
DAT_0035dab0	0x0035dab0	SECTION_BACKED_ADDRESS	.data.stage3ce.va_0034e2b0	0xf800		interior-address-only	ps2/progress28_structural_lift_recovered.o	section-backed address only; complete C object/array extent unproved
DAT_0035dd38	0x0035dd38	SECTION_BACKED_ADDRESS	.data.stage3ce.va_0034e2b0	0xfa88		interior-address-only	ps2/progress28_structural_lift_recovered.o	section-backed address only; complete C object/array extent unproved
DAT_0035df3c	0x0035df3c	SECTION_BACKED_ADDRESS	.data.stage3ce.va_0034e2b0	0xfc8c	0x4	direct-access	ps2/progress28_structural_lift_recovered.o	section-backed address only; complete C object/array extent unproved
DAT_0035df40	0x0035df40	SECTION_BACKED_ADDRESS	.data.stage3ce.va_0034e2b0	0xfc90	0x1	direct-access	ps2/progress28_structural_lift_recovered.o	section-backed address only; complete C object/array extent unproved
DAT_0035df48	0x0035df48	SECTION_BACKED_ADDRESS	.data.stage3ce.va_0034e2b0	0xfc98		interior-address-only	ps2/progress28_structural_lift_recovered.o	section-backed address only; complete C object/array extent unproved
DAT_0035df4a	0x0035df4a	SECTION_BACKED_ADDRESS	.data.stage3ce.va_0034e2b0	0xfc9a		interior-address-only	ps2/progress28_structural_lift_recovered.o	section-backed address only; complete C object/array extent unproved
DAT_0035df4c	0x0035df4c	SECTION_BACKED_ADDRESS	.data.stage3ce.va_0034e2b0	0xfc9c		interior-address-only	ps2/progress28_structural_lift_recovered.o	section-backed address only; complete C object/array extent unproved
DAT_0035df4e	0x0035df4e	SECTION_BACKED_ADDRESS	.data.stage3ce.va_0034e2b0	0xfc9e		interior-address-only	ps2/progress28_structural_lift_recovered.o	section-backed address only; complete C object/array extent unproved
DAT_0035df50	0x0035df50	SECTION_BACKED_ADDRESS	.data.stage3ce.va_0034e2b0	0xfca0		interior-address-only	ps2/progress28_structural_lift_recovered.o	section-backed address only; complete C object/array extent unproved
DAT_0035df52	0x0035df52	SECTION_BACKED_ADDRESS	.data.stage3ce.va_0034e2b0	0xfca2		interior-address-only	ps2/progress28_structural_lift_recovered.o	section-backed address only; complete C object/array extent unproved
DAT_0035df54	0x0035df54	SECTION_BACKED_ADDRESS	.data.stage3ce.va_0034e2b0	0xfca4		interior-address-only	ps2/progress28_structural_lift_recovered.o	section-backed address only; complete C object/array extent unproved
DAT_0035df56	0x0035df56	SECTION_BACKED_ADDRESS	.data.stage3ce.va_0034e2b0	0xfca6		interior-address-only	ps2/progress28_structural_lift_recovered.o	section-backed address only; complete C object/array extent unproved
DAT_0035df58	0x0035df58	SECTION_BACKED_ADDRESS	.data.stage3ce.va_0034e2b0	0xfca8		interior-address-only	ps2/progress28_structural_lift_recovered.o	section-backed address only; complete C object/array extent unproved
DAT_0035df5a	0x0035df5a	SECTION_BACKED_ADDRESS	.data.stage3ce.va_0034e2b0	0xfcaa		interior-address-only	ps2/progress28_structural_lift_recovered.o	section-backed address only; complete C object/array extent unproved
DAT_0035ee48	0x0035ee48	SECTION_BACKED_ADDRESS	.data.stage3ce.va_0034e2b0	0x10b98		interior-address-only	ps2/progress28_structural_lift_recovered.o	section-backed address only; complete C object/array extent unproved
DAT_0035ee4a	0x0035ee4a	SECTION_BACKED_ADDRESS	.data.stage3ce.va_0034e2b0	0x10b9a		interior-address-only	ps2/progress28_structural_lift_recovered.o	section-backed address only; complete C object/array extent unproved
DAT_0035ee4c	0x0035ee4c	SECTION_BACKED_ADDRESS	.data.stage3ce.va_0034e2b0	0x10b9c		interior-address-only	ps2/progress28_structural_lift_recovered.o	section-backed address only; complete C object/array extent unproved
DAT_0035ee4e	0x0035ee4e	SECTION_BACKED_ADDRESS	.data.stage3ce.va_0034e2b0	0x10b9e		interior-address-only	ps2/progress28_structural_lift_recovered.o	section-backed address only; complete C object/array extent unproved
DAT_0035ee50	0x0035ee50	SECTION_BACKED_ADDRESS	.data.stage3ce.va_0034e2b0	0x10ba0		interior-address-only	ps2/progress28_structural_lift_recovered.o	section-backed address only; complete C object/array extent unproved
DAT_0035ee52	0x0035ee52	SECTION_BACKED_ADDRESS	.data.stage3ce.va_0034e2b0	0x10ba2		interior-address-only	ps2/progress28_structural_lift_recovered.o	section-backed address only; complete C object/array extent unproved
DAT_0035f988	0x0035f988	SECTION_BACKED_ADDRESS	.data.stage3ce.va_0034e2b0	0x116d8	0x1	direct-access	ps2/progress28_structural_lift_recovered.o	section-backed address only; complete C object/array extent unproved
DAT_0035f989	0x0035f989	SECTION_BACKED_ADDRESS	.data.stage3ce.va_0034e2b0	0x116d9	0x1	direct-access	ps2/progress28_structural_lift_recovered.o	section-backed address only; complete C object/array extent unproved
DAT_0035f98c	0x0035f98c	SECTION_BACKED_ADDRESS	.data.stage3ce.va_0034e2b0	0x116dc	0x4	direct-access	ps2/progress28_structural_lift_recovered.o	section-backed address only; complete C object/array extent unproved
DAT_0035f990	0x0035f990	SECTION_BACKED_ADDRESS	.data.stage3ce.va_0034e2b0	0x116e0	0x4	direct-access	ps2/progress28_structural_lift_recovered.o	section-backed address only; complete C object/array extent unproved
DAT_0035f994	0x0035f994	SECTION_BACKED_ADDRESS	.data.stage3ce.va_0034e2b0	0x116e4	0x4	direct-access	ps2/progress28_structural_lift_recovered.o	section-backed address only; complete C object/array extent unproved
DAT_0035f998	0x0035f998	SECTION_BACKED_ADDRESS	.data.stage3ce.va_0034e2b0	0x116e8	0x4	direct-access	ps2/progress28_structural_lift_recovered.o	section-backed address only; complete C object/array extent unproved
DAT_0035f99c	0x0035f99c	SECTION_BACKED_ADDRESS	.data.stage3ce.va_0034e2b0	0x116ec	0x4	direct-access	ps2/progress28_structural_lift_recovered.o	section-backed address only; complete C object/array extent unproved
DAT_0035fda0	0x0035fda0	SECTION_BACKED_ADDRESS	.data.stage3ce.va_0034e2b0	0x11af0	0x1	direct-access	ps2/progress28_structural_lift_recovered.o	section-backed address only; complete C object/array extent unproved
DAT_0035fda8	0x0035fda8	SECTION_BACKED_ADDRESS	.data.stage3ce.va_0034e2b0	0x11af8		interior-address-only	ps2/progress28_structural_lift_recovered.o	section-backed address only; complete C object/array extent unproved
DAT_0035fdac	0x0035fdac	SECTION_BACKED_ADDRESS	.data.stage3ce.va_0034e2b0	0x11afc		interior-address-only	ps2/progress28_structural_lift_recovered.o	section-backed address only; complete C object/array extent unproved
DAT_0035fdad	0x0035fdad	SECTION_BACKED_ADDRESS	.data.stage3ce.va_0034e2b0	0x11afd		interior-address-only	ps2/progress28_structural_lift_recovered.o	section-backed address only; complete C object/array extent unproved
DAT_0035fdae	0x0035fdae	SECTION_BACKED_ADDRESS	.data.stage3ce.va_0034e2b0	0x11afe		interior-address-only	ps2/progress28_structural_lift_recovered.o	section-backed address only; complete C object/array extent unproved
DAT_0035fdaf	0x0035fdaf	SECTION_BACKED_ADDRESS	.data.stage3ce.va_0034e2b0	0x11aff		interior-address-only	ps2/progress28_structural_lift_recovered.o	section-backed address only; complete C object/array extent unproved
DAT_0035fdb0	0x0035fdb0	SECTION_BACKED_ADDRESS	.data.stage3ce.va_0034e2b0	0x11b00		interior-address-only	ps2/progress28_structural_lift_recovered.o	section-backed address only; complete C object/array extent unproved
DAT_0035fdc4	0x0035fdc4	SECTION_BACKED_ADDRESS	.data.stage3ce.va_0034e2b0	0x11b14		interior-address-only	ps2/progress28_structural_lift_recovered.o	section-backed address only; complete C object/array extent unproved
DAT_00360708	0x00360708	SECTION_BACKED_ADDRESS	.data.stage3ce.va_0034e2b0	0x12458	0x4	direct-access	ps2/progress28_structural_lift_recovered.o	section-backed address only; complete C object/array extent unproved
DAT_003ab71c	0x003ab71c	SECTION_BACKED_ADDRESS	.data.stage3f.history.va_00369328	0x423f4	0x4	direct-access	ps2/progress28_structural_lift_recovered.o	section-backed address only; complete C object/array extent unproved
DAT_003ab720	0x003ab720	SECTION_BACKED_ADDRESS	.data.stage3f.history.va_00369328	0x423f8	0x4	direct-access	ps2/progress28_structural_lift_recovered.o	section-backed address only; complete C object/array extent unproved
DAT_003ab728	0x003ab728	SECTION_BACKED_ADDRESS	.data.stage3f.history.va_00369328	0x42400	0x4	direct-access	ps2/progress28_structural_lift_recovered.o	section-backed address only; complete C object/array extent unproved
DAT_003ab72c	0x003ab72c	SECTION_BACKED_ADDRESS	.data.stage3f.history.va_00369328	0x42404	0x1	direct-access	ps2/progress28_structural_lift_recovered.o	section-backed address only; complete C object/array extent unproved
DAT_003ab730	0x003ab730	SECTION_BACKED_ADDRESS	.data.stage3f.history.va_00369328	0x42408	0x4	direct-access	ps2/progress28_structural_lift_recovered.o	section-backed address only; complete C object/array extent unproved
DAT_003ab734	0x003ab734	SECTION_BACKED_ADDRESS	.data.stage3f.history.va_00369328	0x4240c	0x1	direct-access	ps2/progress28_structural_lift_recovered.o	section-backed address only; complete C object/array extent unproved
DAT_003ab738	0x003ab738	SECTION_BACKED_ADDRESS	.data.stage3f.history.va_00369328	0x42410	0x4	direct-access	ps2/progress28_structural_lift_recovered.o	section-backed address only; complete C object/array extent unproved
DAT_003ab73c	0x003ab73c	SECTION_BACKED_ADDRESS	.data.stage3f.history.va_00369328	0x42414	0x4	direct-access	ps2/progress28_structural_lift_recovered.o	section-backed address only; complete C object/array extent unproved
DAT_003ab740	0x003ab740	SECTION_BACKED_ADDRESS	.data.stage3f.history.va_00369328	0x42418	0x4	direct-access	ps2/progress28_structural_lift_recovered.o	section-backed address only; complete C object/array extent unproved
DAT_003ab744	0x003ab744	SECTION_BACKED_ADDRESS	.data.stage3f.history.va_00369328	0x4241c	0x4	direct-access	ps2/progress28_structural_lift_recovered.o	section-backed address only; complete C object/array extent unproved
DAT_003ab748	0x003ab748	SECTION_BACKED_ADDRESS	.data.stage3f.history.va_00369328	0x42420	0x17700	direct-access	ps2/progress28_structural_lift_recovered.o	section-backed address only; complete C object/array extent unproved
DAT_003d2e48	0x003d2e48	SECTION_BACKED_ADDRESS	.data.stage3f.history.va_00369328	0x69b20		historical-source-owner	ps2/progress28_structural_lift_recovered.o	section-backed address only; complete C object/array extent unproved
DAT_003e2e48	0x003e2e48	SECTION_BACKED_ADDRESS	.data.stage3f.history.va_00369328	0x79b20		historical-source-owner	ps2/progress28_structural_lift_recovered.o	section-backed address only; complete C object/array extent unproved
DAT_003f2e48	0x003f2e48	SECTION_BACKED_ADDRESS	.data.stage3f.history.va_00369328	0x89b20	0x4	direct-access	ps2/progress28_structural_lift_recovered.o	section-backed address only; complete C object/array extent unproved
DAT_003f2e4c	0x003f2e4c	SECTION_BACKED_ADDRESS	.data.stage3f.history.va_00369328	0x89b24	0x4	direct-access	ps2/progress28_structural_lift_recovered.o	section-backed address only; complete C object/array extent unproved
DAT_003f2e50	0x003f2e50	SECTION_BACKED_ADDRESS	.data.stage3f.history.va_00369328	0x89b28	0x4	direct-access	ps2/progress28_structural_lift_recovered.o	section-backed address only; complete C object/array extent unproved
DAT_003f2e54	0x003f2e54	SECTION_BACKED_ADDRESS	.data.stage3f.history.va_00369328	0x89b2c	0x4	direct-access	ps2/progress28_structural_lift_recovered.o	section-backed address only; complete C object/array extent unproved
DAT_003f2e58	0x003f2e58	SECTION_BACKED_ADDRESS	.data.stage3f.history.va_00369328	0x89b30	0x4	direct-access	ps2/progress28_structural_lift_recovered.o	section-backed address only; complete C object/array extent unproved
DAT_003f2e5c	0x003f2e5c	SECTION_BACKED_ADDRESS	.data.stage3f.history.va_00369328	0x89b34	0x4	direct-access	ps2/progress28_structural_lift_recovered.o	section-backed address only; complete C object/array extent unproved
DAT_003f2e60	0x003f2e60	SECTION_BACKED_ADDRESS	.data.stage3f.history.va_00369328	0x89b38	0x4	direct-access	ps2/progress28_structural_lift_recovered.o	section-backed address only; complete C object/array extent unproved
DAT_003f2e64	0x003f2e64	SECTION_BACKED_ADDRESS	.data.stage3f.history.va_00369328	0x89b3c	0x4	direct-access	ps2/progress28_structural_lift_recovered.o	section-backed address only; complete C object/array extent unproved
DAT_003f2e68	0x003f2e68	SECTION_BACKED_ADDRESS	.data.stage3f.history.va_00369328	0x89b40	0x8	direct-access	ps2/progress28_structural_lift_recovered.o	section-backed address only; complete C object/array extent unproved
DAT_003f2e70	0x003f2e70	SECTION_BACKED_ADDRESS	.data.stage3f.history.va_00369328	0x89b48	0x40	direct-access	ps2/progress28_structural_lift_recovered.o	section-backed address only; complete C object/array extent unproved
DAT_003f2eb0	0x003f2eb0	SECTION_BACKED_ADDRESS	.data.stage3f.history.va_00369328	0x89b88		historical-source-owner	ps2/progress28_structural_lift_recovered.o	section-backed address only; complete C object/array extent unproved
DAT_003f2eb8	0x003f2eb8	SECTION_BACKED_ADDRESS	.data.stage3f.history.va_00369328	0x89b90		historical-source-owner	ps2/progress28_structural_lift_recovered.o	section-backed address only; complete C object/array extent unproved
DAT_003f2f78	0x003f2f78	SECTION_BACKED_ADDRESS	.data.stage3f.history.va_00369328	0x89c50		historical-source-owner	ps2/progress28_structural_lift_recovered.o	section-backed address only; complete C object/array extent unproved
DAT_003f2f80	0x003f2f80	SECTION_BACKED_ADDRESS	.data.stage3ce.va_003f2f80	0x0		interior-address-only	ps2/progress28_structural_lift_recovered.o	section-backed address only; complete C object/array extent unproved
DAT_003f3fc0	0x003f3fc0	SECTION_BACKED_ADDRESS	.data.stage3f.history.va_003f3f80	0x40		historical-source-owner	ps2/progress28_structural_lift_recovered.o	section-backed address only; complete C object/array extent unproved
DAT_003f40a8	0x003f40a8	SECTION_BACKED_ADDRESS	.data.stage3f.history.va_003f4064	0x44		historical-source-owner	ps2/progress28_structural_lift_recovered.o	section-backed address only; complete C object/array extent unproved
DAT_003f44a8	0x003f44a8	SECTION_BACKED_ADDRESS	.data.stage3f.history.va_003f4064	0x444		historical-source-owner	ps2/progress28_structural_lift_recovered.o	section-backed address only; complete C object/array extent unproved
DAT_003f4be8	0x003f4be8	SECTION_BACKED_ADDRESS	.data.stage3ce.va_003f4be8	0x0	0x4	direct-access	ps2/progress28_structural_lift_recovered.o	section-backed address only; complete C object/array extent unproved
DAT_003f4bf0	0x003f4bf0	SECTION_BACKED_ADDRESS	.data.stage3f.va_003f4bf0	0x0	0x4	direct-access	ps2/progress28_structural_lift_recovered.o	section-backed address only; complete C object/array extent unproved
DAT_003f4bf4	0x003f4bf4	SECTION_BACKED_ADDRESS	.data.stage3f.va_003f4bf0	0x4	0x1	direct-access	ps2/progress28_structural_lift_recovered.o	section-backed address only; complete C object/array extent unproved
DAT_003f4c00	0x003f4c00	SECTION_BACKED_ADDRESS	.data.stage3f.history.va_003f4c00	0x0		historical-source-owner	ps2/progress28_structural_lift_recovered.o	section-backed address only; complete C object/array extent unproved
DAT_003fa6c0	0x003fa6c0	SECTION_BACKED_ADDRESS	.data.stage3f.history.va_003fa6c0	0x0		historical-source-owner	ps2/progress28_structural_lift_recovered.o	section-backed address only; complete C object/array extent unproved
DAT_003fa6c1	0x003fa6c1	SECTION_BACKED_ADDRESS	.data.stage3f.history.va_003fa6c0	0x1		historical-source-owner	ps2/progress28_structural_lift_recovered.o	section-backed address only; complete C object/array extent unproved
DAT_003fa6c2	0x003fa6c2	SECTION_BACKED_ADDRESS	.data.stage3f.history.va_003fa6c0	0x2		historical-source-owner	ps2/progress28_structural_lift_recovered.o	section-backed address only; complete C object/array extent unproved
DAT_003fa6c4	0x003fa6c4	SECTION_BACKED_ADDRESS	.data.stage3f.history.va_003fa6c0	0x4		historical-source-owner	ps2/progress28_structural_lift_recovered.o	section-backed address only; complete C object/array extent unproved
DAT_003fa6c5	0x003fa6c5	SECTION_BACKED_ADDRESS	.data.stage3f.history.va_003fa6c0	0x5		historical-source-owner	ps2/progress28_structural_lift_recovered.o	section-backed address only; complete C object/array extent unproved
DAT_003fa6c6	0x003fa6c6	SECTION_BACKED_ADDRESS	.data.stage3f.history.va_003fa6c0	0x6		historical-source-owner	ps2/progress28_structural_lift_recovered.o	section-backed address only; complete C object/array extent unproved
DAT_003fa6c8	0x003fa6c8	SECTION_BACKED_ADDRESS	.data.stage3f.history.va_003fa6c0	0x8		historical-source-owner	ps2/progress28_structural_lift_recovered.o	section-backed address only; complete C object/array extent unproved
DAT_003fa6ca	0x003fa6ca	SECTION_BACKED_ADDRESS	.data.stage3f.history.va_003fa6c0	0xa		historical-source-owner	ps2/progress28_structural_lift_recovered.o	section-backed address only; complete C object/array extent unproved
DAT_003fa6cc	0x003fa6cc	SECTION_BACKED_ADDRESS	.data.stage3f.history.va_003fa6c0	0xc		historical-source-owner	ps2/progress28_structural_lift_recovered.o	section-backed address only; complete C object/array extent unproved
DAT_003fa6d4	0x003fa6d4	SECTION_BACKED_ADDRESS	.data.stage3f.history.va_003fa6c0	0x14		historical-source-owner	ps2/progress28_structural_lift_recovered.o	section-backed address only; complete C object/array extent unproved
DAT_003fa6d6	0x003fa6d6	SECTION_BACKED_ADDRESS	.data.stage3f.history.va_003fa6c0	0x16		historical-source-owner	ps2/progress28_structural_lift_recovered.o	section-backed address only; complete C object/array extent unproved
DAT_003fa6d8	0x003fa6d8	SECTION_BACKED_ADDRESS	.data.stage3f.history.va_003fa6c0	0x18		historical-source-owner	ps2/progress28_structural_lift_recovered.o	section-backed address only; complete C object/array extent unproved
DAT_003fa6dc	0x003fa6dc	SECTION_BACKED_ADDRESS	.data.stage3f.history.va_003fa6c0	0x1c		historical-source-owner	ps2/progress28_structural_lift_recovered.o	section-backed address only; complete C object/array extent unproved
DAT_003fa6de	0x003fa6de	SECTION_BACKED_ADDRESS	.data.stage3f.history.va_003fa6c0	0x1e		historical-source-owner	ps2/progress28_structural_lift_recovered.o	section-backed address only; complete C object/array extent unproved
DAT_003fa6e0	0x003fa6e0	SECTION_BACKED_ADDRESS	.data.stage3f.history.va_003fa6c0	0x20		historical-source-owner	ps2/progress28_structural_lift_recovered.o	section-backed address only; complete C object/array extent unproved
DAT_003fa726	0x003fa726	SECTION_BACKED_ADDRESS	.data.stage3f.history.va_003fa6c0	0x66	0x1	direct-access	ps2/progress28_structural_lift_recovered.o	section-backed address only; complete C object/array extent unproved
DAT_003fa728	0x003fa728	SECTION_BACKED_ADDRESS	.data.stage3f.history.va_003fa6c0	0x68		historical-source-owner	ps2/progress28_structural_lift_recovered.o	section-backed address only; complete C object/array extent unproved
DAT_003fa928	0x003fa928	SECTION_BACKED_ADDRESS	.data.stage3f.history.va_003fa6c0	0x268	0x1	direct-access	ps2/progress28_structural_lift_recovered.o	section-backed address only; complete C object/array extent unproved
DAT_003fa92a	0x003fa92a	SECTION_BACKED_ADDRESS	.data.stage3f.history.va_003fa6c0	0x26a		historical-source-owner	ps2/progress28_structural_lift_recovered.o	section-backed address only; complete C object/array extent unproved
DAT_003fa92c	0x003fa92c	SECTION_BACKED_ADDRESS	.data.stage3f.history.va_003fa6c0	0x26c		historical-source-owner	ps2/progress28_structural_lift_recovered.o	section-backed address only; complete C object/array extent unproved
DAT_003fa92e	0x003fa92e	SECTION_BACKED_ADDRESS	.data.stage3f.history.va_003fa6c0	0x26e		historical-source-owner	ps2/progress28_structural_lift_recovered.o	section-backed address only; complete C object/array extent unproved
DAT_003fa930	0x003fa930	SECTION_BACKED_ADDRESS	.data.stage3f.history.va_003fa6c0	0x270		historical-source-owner	ps2/progress28_structural_lift_recovered.o	section-backed address only; complete C object/array extent unproved
DAT_003fa931	0x003fa931	SECTION_BACKED_ADDRESS	.data.stage3f.history.va_003fa6c0	0x271		historical-source-owner	ps2/progress28_structural_lift_recovered.o	section-backed address only; complete C object/array extent unproved
DAT_003fa932	0x003fa932	SECTION_BACKED_ADDRESS	.data.stage3f.history.va_003fa6c0	0x272		historical-source-owner	ps2/progress28_structural_lift_recovered.o	section-backed address only; complete C object/array extent unproved
DAT_003fa933	0x003fa933	SECTION_BACKED_ADDRESS	.data.stage3f.history.va_003fa6c0	0x273		historical-source-owner	ps2/progress28_structural_lift_recovered.o	section-backed address only; complete C object/array extent unproved
DAT_003fa934	0x003fa934	SECTION_BACKED_ADDRESS	.data.stage3f.history.va_003fa6c0	0x274		historical-source-owner	ps2/progress28_structural_lift_recovered.o	section-backed address only; complete C object/array extent unproved
DAT_003fb038	0x003fb038	SECTION_BACKED_ADDRESS	.data.stage3f.history.va_003fa6c0	0x978	0x1	direct-access	ps2/progress28_structural_lift_recovered.o	section-backed address only; complete C object/array extent unproved
DAT_003fb03a	0x003fb03a	SECTION_BACKED_ADDRESS	.data.stage3f.history.va_003fa6c0	0x97a	0x2	direct-access	ps2/progress28_structural_lift_recovered.o	section-backed address only; complete C object/array extent unproved
DAT_003fb03c	0x003fb03c	SECTION_BACKED_ADDRESS	.data.stage3f.history.va_003fa6c0	0x97c	0x1	direct-access	ps2/progress28_structural_lift_recovered.o	section-backed address only; complete C object/array extent unproved
DAT_003fb03e	0x003fb03e	SECTION_BACKED_ADDRESS	.data.stage3f.history.va_003fa6c0	0x97e	0x2	direct-access	ps2/progress28_structural_lift_recovered.o	section-backed address only; complete C object/array extent unproved
DAT_003fb040	0x003fb040	SECTION_BACKED_ADDRESS	.data.stage3f.history.va_003fa6c0	0x980	0x2	direct-access	ps2/progress28_structural_lift_recovered.o	section-backed address only; complete C object/array extent unproved
DAT_003fb042	0x003fb042	SECTION_BACKED_ADDRESS	.data.stage3f.history.va_003fa6c0	0x982	0x2	direct-access	ps2/progress28_structural_lift_recovered.o	section-backed address only; complete C object/array extent unproved
DAT_003fb044	0x003fb044	SECTION_BACKED_ADDRESS	.data.stage3f.history.va_003fa6c0	0x984	0x2	direct-access	ps2/progress28_structural_lift_recovered.o	section-backed address only; complete C object/array extent unproved
DAT_003fb046	0x003fb046	SECTION_BACKED_ADDRESS	.data.stage3f.history.va_003fa6c0	0x986	0x2	direct-access	ps2/progress28_structural_lift_recovered.o	section-backed address only; complete C object/array extent unproved
DAT_003fb048	0x003fb048	SECTION_BACKED_ADDRESS	.data.stage3f.history.va_003fa6c0	0x988	0x1	direct-access	ps2/progress28_structural_lift_recovered.o	section-backed address only; complete C object/array extent unproved
DAT_003fb049	0x003fb049	SECTION_BACKED_ADDRESS	.data.stage3f.history.va_003fa6c0	0x989	0x1	direct-access	ps2/progress28_structural_lift_recovered.o	section-backed address only; complete C object/array extent unproved
DAT_003fb04a	0x003fb04a	SECTION_BACKED_ADDRESS	.data.stage3f.history.va_003fa6c0	0x98a	0x1	direct-access	ps2/progress28_structural_lift_recovered.o	section-backed address only; complete C object/array extent unproved
DAT_003fb04c	0x003fb04c	SECTION_BACKED_ADDRESS	.data.stage3f.history.va_003fa6c0	0x98c	0x2	direct-access	ps2/progress28_structural_lift_recovered.o	section-backed address only; complete C object/array extent unproved
DAT_003fb04e	0x003fb04e	SECTION_BACKED_ADDRESS	.data.stage3f.history.va_003fa6c0	0x98e	0x2	direct-access	ps2/progress28_structural_lift_recovered.o	section-backed address only; complete C object/array extent unproved
DAT_003fb050	0x003fb050	SECTION_BACKED_ADDRESS	.data.stage3f.history.va_003fa6c0	0x990	0x2	direct-access	ps2/progress28_structural_lift_recovered.o	section-backed address only; complete C object/array extent unproved
DAT_003fb052	0x003fb052	SECTION_BACKED_ADDRESS	.data.stage3f.history.va_003fa6c0	0x992	0x2	direct-access	ps2/progress28_structural_lift_recovered.o	section-backed address only; complete C object/array extent unproved
DAT_003fb054	0x003fb054	SECTION_BACKED_ADDRESS	.data.stage3f.history.va_003fa6c0	0x994	0x2	direct-access	ps2/progress28_structural_lift_recovered.o	section-backed address only; complete C object/array extent unproved
DAT_003fb056	0x003fb056	SECTION_BACKED_ADDRESS	.data.stage3f.history.va_003fa6c0	0x996	0x2	direct-access	ps2/progress28_structural_lift_recovered.o	section-backed address only; complete C object/array extent unproved
DAT_003fb058	0x003fb058	SECTION_BACKED_ADDRESS	.data.stage3f.history.va_003fa6c0	0x998	0x1	direct-access	ps2/progress28_structural_lift_recovered.o	section-backed address only; complete C object/array extent unproved
DAT_003fb059	0x003fb059	SECTION_BACKED_ADDRESS	.data.stage3f.history.va_003fa6c0	0x999	0x1	direct-access	ps2/progress28_structural_lift_recovered.o	section-backed address only; complete C object/array extent unproved
DAT_003fb05a	0x003fb05a	SECTION_BACKED_ADDRESS	.data.stage3f.history.va_003fa6c0	0x99a	0x1	direct-access	ps2/progress28_structural_lift_recovered.o	section-backed address only; complete C object/array extent unproved
DAT_003fb05b	0x003fb05b	SECTION_BACKED_ADDRESS	.data.stage3f.history.va_003fa6c0	0x99b	0x1	direct-access	ps2/progress28_structural_lift_recovered.o	section-backed address only; complete C object/array extent unproved
DAT_003fb05c	0x003fb05c	SECTION_BACKED_ADDRESS	.data.stage3f.history.va_003fa6c0	0x99c	0x1	direct-access	ps2/progress28_structural_lift_recovered.o	section-backed address only; complete C object/array extent unproved
DAT_003fb05d	0x003fb05d	SECTION_BACKED_ADDRESS	.data.stage3f.history.va_003fa6c0	0x99d	0x1	direct-access	ps2/progress28_structural_lift_recovered.o	section-backed address only; complete C object/array extent unproved
DAT_003fb05e	0x003fb05e	SECTION_BACKED_ADDRESS	.data.stage3f.history.va_003fa6c0	0x99e	0x2	direct-access	ps2/progress28_structural_lift_recovered.o	section-backed address only; complete C object/array extent unproved
DAT_003fb060	0x003fb060	SECTION_BACKED_ADDRESS	.data.stage3f.history.va_003fa6c0	0x9a0	0x2	direct-access	ps2/progress28_structural_lift_recovered.o	section-backed address only; complete C object/array extent unproved
DAT_003fb064	0x003fb064	SECTION_BACKED_ADDRESS	.data.stage3f.history.va_003fa6c0	0x9a4	0x4	direct-access	ps2/progress28_structural_lift_recovered.o	section-backed address only; complete C object/array extent unproved
DAT_003fb069	0x003fb069	SECTION_BACKED_ADDRESS	.data.stage3f.history.va_003fa6c0	0x9a9	0x1	direct-access	ps2/progress28_structural_lift_recovered.o	section-backed address only; complete C object/array extent unproved
DAT_003fb06c	0x003fb06c	SECTION_BACKED_ADDRESS	.data.stage3f.history.va_003fa6c0	0x9ac	0x1	direct-access	ps2/progress28_structural_lift_recovered.o	section-backed address only; complete C object/array extent unproved
DAT_003fb06e	0x003fb06e	SECTION_BACKED_ADDRESS	.data.stage3f.history.va_003fa6c0	0x9ae	0x2	direct-access	ps2/progress28_structural_lift_recovered.o	section-backed address only; complete C object/array extent unproved
DAT_003fb071	0x003fb071	SECTION_BACKED_ADDRESS	.data.stage3f.history.va_003fa6c0	0x9b1	0x1	direct-access	ps2/progress28_structural_lift_recovered.o	section-backed address only; complete C object/array extent unproved
DAT_003fb292	0x003fb292	SECTION_BACKED_ADDRESS	.data.stage3f.history.va_003fa6c0	0xbd2		historical-source-owner	ps2/progress28_structural_lift_recovered.o	section-backed address only; complete C object/array extent unproved
DAT_003fb293	0x003fb293	SECTION_BACKED_ADDRESS	.data.stage3f.history.va_003fa6c0	0xbd3		historical-source-owner	ps2/progress28_structural_lift_recovered.o	section-backed address only; complete C object/array extent unproved
DAT_003fb294	0x003fb294	SECTION_BACKED_ADDRESS	.data.stage3f.history.va_003fa6c0	0xbd4		historical-source-owner	ps2/progress28_structural_lift_recovered.o	section-backed address only; complete C object/array extent unproved
DAT_003fb296	0x003fb296	SECTION_BACKED_ADDRESS	.data.stage3f.history.va_003fa6c0	0xbd6		historical-source-owner	ps2/progress28_structural_lift_recovered.o	section-backed address only; complete C object/array extent unproved
DAT_003fb29b	0x003fb29b	SECTION_BACKED_ADDRESS	.data.stage3f.history.va_003fa6c0	0xbdb		historical-source-owner	ps2/progress28_structural_lift_recovered.o	section-backed address only; complete C object/array extent unproved
DAT_003fb29c	0x003fb29c	SECTION_BACKED_ADDRESS	.data.stage3f.history.va_003fa6c0	0xbdc		historical-source-owner	ps2/progress28_structural_lift_recovered.o	section-backed address only; complete C object/array extent unproved
DAT_003fb29d	0x003fb29d	SECTION_BACKED_ADDRESS	.data.stage3f.history.va_003fa6c0	0xbdd		historical-source-owner	ps2/progress28_structural_lift_recovered.o	section-backed address only; complete C object/array extent unproved
DAT_003fb29e	0x003fb29e	SECTION_BACKED_ADDRESS	.data.stage3f.history.va_003fa6c0	0xbde		historical-source-owner	ps2/progress28_structural_lift_recovered.o	section-backed address only; complete C object/array extent unproved
DAT_003fb29f	0x003fb29f	SECTION_BACKED_ADDRESS	.data.stage3f.history.va_003fa6c0	0xbdf		historical-source-owner	ps2/progress28_structural_lift_recovered.o	section-backed address only; complete C object/array extent unproved
DAT_003fb2a0	0x003fb2a0	SECTION_BACKED_ADDRESS	.data.stage3f.history.va_003fa6c0	0xbe0		historical-source-owner	ps2/progress28_structural_lift_recovered.o	section-backed address only; complete C object/array extent unproved
DAT_003fb2a1	0x003fb2a1	SECTION_BACKED_ADDRESS	.data.stage3f.history.va_003fa6c0	0xbe1		historical-source-owner	ps2/progress28_structural_lift_recovered.o	section-backed address only; complete C object/array extent unproved
DAT_003fb2cc	0x003fb2cc	SECTION_BACKED_ADDRESS	.data.stage3f.history.va_003fa6c0	0xc0c		historical-source-owner	ps2/progress28_structural_lift_recovered.o	section-backed address only; complete C object/array extent unproved
DAT_003fb2d2	0x003fb2d2	SECTION_BACKED_ADDRESS	.data.stage3f.history.va_003fa6c0	0xc12		historical-source-owner	ps2/progress28_structural_lift_recovered.o	section-backed address only; complete C object/array extent unproved
DAT_003fb2d8	0x003fb2d8	SECTION_BACKED_ADDRESS	.data.stage3f.history.va_003fa6c0	0xc18		historical-source-owner	ps2/progress28_structural_lift_recovered.o	section-backed address only; complete C object/array extent unproved
DAT_003fb2de	0x003fb2de	SECTION_BACKED_ADDRESS	.data.stage3f.history.va_003fa6c0	0xc1e		historical-source-owner	ps2/progress28_structural_lift_recovered.o	section-backed address only; complete C object/array extent unproved
DAT_003fb2e4	0x003fb2e4	SECTION_BACKED_ADDRESS	.data.stage3f.history.va_003fa6c0	0xc24		historical-source-owner	ps2/progress28_structural_lift_recovered.o	section-backed address only; complete C object/array extent unproved
DAT_003fb2eb	0x003fb2eb	SECTION_BACKED_ADDRESS	.data.stage3f.history.va_003fa6c0	0xc2b	0x1	direct-access	ps2/progress28_structural_lift_recovered.o	section-backed address only; complete C object/array extent unproved
DAT_003fb2ec	0x003fb2ec	SECTION_BACKED_ADDRESS	.data.stage3f.history.va_003fa6c0	0xc2c	0x2	direct-access	ps2/progress28_structural_lift_recovered.o	section-backed address only; complete C object/array extent unproved
DAT_003fb2ee	0x003fb2ee	SECTION_BACKED_ADDRESS	.data.stage3f.history.va_003fa6c0	0xc2e	0x1	direct-access	ps2/progress28_structural_lift_recovered.o	section-backed address only; complete C object/array extent unproved
DAT_003fb2ef	0x003fb2ef	SECTION_BACKED_ADDRESS	.data.stage3f.history.va_003fa6c0	0xc2f	0x1	direct-access	ps2/progress28_structural_lift_recovered.o	section-backed address only; complete C object/array extent unproved
DAT_003fb2f8	0x003fb2f8	SECTION_BACKED_ADDRESS	.data.stage3f.history.va_003fb2f8	0x0		historical-source-owner	ps2/progress28_structural_lift_recovered.o	section-backed address only; complete C object/array extent unproved
DAT_003fb2f9	0x003fb2f9	SECTION_BACKED_ADDRESS	.data.stage3f.history.va_003fb2f8	0x1		historical-source-owner	ps2/progress28_structural_lift_recovered.o	section-backed address only; complete C object/array extent unproved
DAT_003fb2fa	0x003fb2fa	SECTION_BACKED_ADDRESS	.data.stage3f.history.va_003fb2f8	0x2		historical-source-owner	ps2/progress28_structural_lift_recovered.o	section-backed address only; complete C object/array extent unproved
DAT_003fb2fb	0x003fb2fb	SECTION_BACKED_ADDRESS	.data.stage3f.history.va_003fb2f8	0x3		historical-source-owner	ps2/progress28_structural_lift_recovered.o	section-backed address only; complete C object/array extent unproved
DAT_003fb2fc	0x003fb2fc	SECTION_BACKED_ADDRESS	.data.stage3f.history.va_003fb2f8	0x4		historical-source-owner	ps2/progress28_structural_lift_recovered.o	section-backed address only; complete C object/array extent unproved
DAT_003fb2fe	0x003fb2fe	SECTION_BACKED_ADDRESS	.data.stage3f.history.va_003fb2f8	0x6		historical-source-owner	ps2/progress28_structural_lift_recovered.o	section-backed address only; complete C object/array extent unproved
DAT_003fb300	0x003fb300	SECTION_BACKED_ADDRESS	.data.stage3f.history.va_003fb2f8	0x8		historical-source-owner	ps2/progress28_structural_lift_recovered.o	section-backed address only; complete C object/array extent unproved
DAT_003fb302	0x003fb302	SECTION_BACKED_ADDRESS	.data.stage3f.history.va_003fb2f8	0xa		historical-source-owner	ps2/progress28_structural_lift_recovered.o	section-backed address only; complete C object/array extent unproved
DAT_003fb304	0x003fb304	SECTION_BACKED_ADDRESS	.data.stage3f.history.va_003fb2f8	0xc		historical-source-owner	ps2/progress28_structural_lift_recovered.o	section-backed address only; complete C object/array extent unproved
DAT_003fb306	0x003fb306	SECTION_BACKED_ADDRESS	.data.stage3f.history.va_003fb2f8	0xe		historical-source-owner	ps2/progress28_structural_lift_recovered.o	section-backed address only; complete C object/array extent unproved
DAT_003fb308	0x003fb308	SECTION_BACKED_ADDRESS	.data.stage3f.history.va_003fb2f8	0x10		historical-source-owner	ps2/progress28_structural_lift_recovered.o	section-backed address only; complete C object/array extent unproved
DAT_003fb30a	0x003fb30a	SECTION_BACKED_ADDRESS	.data.stage3f.history.va_003fb2f8	0x12		historical-source-owner	ps2/progress28_structural_lift_recovered.o	section-backed address only; complete C object/array extent unproved
DAT_003fb30b	0x003fb30b	SECTION_BACKED_ADDRESS	.data.stage3f.history.va_003fb2f8	0x13		historical-source-owner	ps2/progress28_structural_lift_recovered.o	section-backed address only; complete C object/array extent unproved
DAT_003fb30c	0x003fb30c	SECTION_BACKED_ADDRESS	.data.stage3f.history.va_003fb2f8	0x14		historical-source-owner	ps2/progress28_structural_lift_recovered.o	section-backed address only; complete C object/array extent unproved
DAT_003fb30d	0x003fb30d	SECTION_BACKED_ADDRESS	.data.stage3f.history.va_003fb2f8	0x15		historical-source-owner	ps2/progress28_structural_lift_recovered.o	section-backed address only; complete C object/array extent unproved
DAT_003fb3b8	0x003fb3b8	SECTION_BACKED_ADDRESS	.data.stage3f.history.va_003fb3b8	0x0		historical-source-owner	ps2/progress28_structural_lift_recovered.o	section-backed address only; complete C object/array extent unproved
DAT_003fb3c0	0x003fb3c0	SECTION_BACKED_ADDRESS	.data.stage3f.history.va_003fb3b8	0x8		historical-source-owner	ps2/progress28_structural_lift_recovered.o	section-backed address only; complete C object/array extent unproved
DAT_003fb3c8	0x003fb3c8	SECTION_BACKED_ADDRESS	.data.stage3f.history.va_003fb3c8	0x0		historical-source-owner	ps2/progress28_structural_lift_recovered.o	section-backed address only; complete C object/array extent unproved
DAT_003fb3cc	0x003fb3cc	SECTION_BACKED_ADDRESS	.data.stage3f.history.va_003fb3c8	0x4		historical-source-owner	ps2/progress28_structural_lift_recovered.o	section-backed address only; complete C object/array extent unproved
DAT_003fb3ce	0x003fb3ce	SECTION_BACKED_ADDRESS	.data.stage3f.history.va_003fb3c8	0x6		historical-source-owner	ps2/progress28_structural_lift_recovered.o	section-backed address only; complete C object/array extent unproved
DAT_003fb3d2	0x003fb3d2	SECTION_BACKED_ADDRESS	.data.stage3f.history.va_003fb3c8	0xa		historical-source-owner	ps2/progress28_structural_lift_recovered.o	section-backed address only; complete C object/array extent unproved
DAT_003fb3d4	0x003fb3d4	SECTION_BACKED_ADDRESS	.data.stage3f.history.va_003fb3c8	0xc		historical-source-owner	ps2/progress28_structural_lift_recovered.o	section-backed address only; complete C object/array extent unproved
DAT_003fb3d5	0x003fb3d5	SECTION_BACKED_ADDRESS	.data.stage3f.history.va_003fb3c8	0xd		historical-source-owner	ps2/progress28_structural_lift_recovered.o	section-backed address only; complete C object/array extent unproved
DAT_003fb3d6	0x003fb3d6	SECTION_BACKED_ADDRESS	.data.stage3f.history.va_003fb3c8	0xe		historical-source-owner	ps2/progress28_structural_lift_recovered.o	section-backed address only; complete C object/array extent unproved
DAT_003fb3d7	0x003fb3d7	SECTION_BACKED_ADDRESS	.data.stage3f.history.va_003fb3c8	0xf		historical-source-owner	ps2/progress28_structural_lift_recovered.o	section-backed address only; complete C object/array extent unproved
DAT_003fb3d9	0x003fb3d9	SECTION_BACKED_ADDRESS	.data.stage3f.history.va_003fb3c8	0x11		historical-source-owner	ps2/progress28_structural_lift_recovered.o	section-backed address only; complete C object/array extent unproved
DAT_003fb3e4	0x003fb3e4	SECTION_BACKED_ADDRESS	.data.stage3f.history.va_003fb3c8	0x1c		historical-source-owner	ps2/progress28_structural_lift_recovered.o	section-backed address only; complete C object/array extent unproved
DAT_003fb3e6	0x003fb3e6	SECTION_BACKED_ADDRESS	.data.stage3f.history.va_003fb3c8	0x1e		historical-source-owner	ps2/progress28_structural_lift_recovered.o	section-backed address only; complete C object/array extent unproved
DAT_003fb3e8	0x003fb3e8	SECTION_BACKED_ADDRESS	.data.stage3f.history.va_003fb3c8	0x20		historical-source-owner	ps2/progress28_structural_lift_recovered.o	section-backed address only; complete C object/array extent unproved
DAT_003fb3f8	0x003fb3f8	SECTION_BACKED_ADDRESS	.data.stage3f.history.va_003fb3c8	0x30		historical-source-owner	ps2/progress28_structural_lift_recovered.o	section-backed address only; complete C object/array extent unproved
DAT_003fb400	0x003fb400	SECTION_BACKED_ADDRESS	.data.stage3f.history.va_003fb3c8	0x38		historical-source-owner	ps2/progress28_structural_lift_recovered.o	section-backed address only; complete C object/array extent unproved
DAT_003fb408	0x003fb408	SECTION_BACKED_ADDRESS	.data.stage3f.history.va_003fb3c8	0x40		historical-source-owner	ps2/progress28_structural_lift_recovered.o	section-backed address only; complete C object/array extent unproved
DAT_003fb410	0x003fb410	SECTION_BACKED_ADDRESS	.data.stage3f.history.va_003fb3c8	0x48		historical-source-owner	ps2/progress28_structural_lift_recovered.o	section-backed address only; complete C object/array extent unproved
DAT_003fb418	0x003fb418	SECTION_BACKED_ADDRESS	.data.stage3f.history.va_003fb3c8	0x50		historical-source-owner	ps2/progress28_structural_lift_recovered.o	section-backed address only; complete C object/array extent unproved
DAT_003fb420	0x003fb420	SECTION_BACKED_ADDRESS	.data.stage3f.history.va_003fb3c8	0x58		historical-source-owner	ps2/progress28_structural_lift_recovered.o	section-backed address only; complete C object/array extent unproved
DAT_003fb428	0x003fb428	SECTION_BACKED_ADDRESS	.data.stage3f.history.va_003fb428	0x0		historical-source-owner	ps2/progress28_structural_lift_recovered.o	section-backed address only; complete C object/array extent unproved
DAT_003fb508	0x003fb508	SECTION_BACKED_ADDRESS	.data.stage3f.history.va_003fb508	0x0		historical-source-owner	ps2/progress28_structural_lift_recovered.o	section-backed address only; complete C object/array extent unproved
DAT_003fb50a	0x003fb50a	SECTION_BACKED_ADDRESS	.data.stage3f.history.va_003fb508	0x2		historical-source-owner	ps2/progress28_structural_lift_recovered.o	section-backed address only; complete C object/array extent unproved
DAT_003fb50c	0x003fb50c	SECTION_BACKED_ADDRESS	.data.stage3f.history.va_003fb508	0x4		historical-source-owner	ps2/progress28_structural_lift_recovered.o	section-backed address only; complete C object/array extent unproved
DAT_003fb50e	0x003fb50e	SECTION_BACKED_ADDRESS	.data.stage3f.history.va_003fb508	0x6		historical-source-owner	ps2/progress28_structural_lift_recovered.o	section-backed address only; complete C object/array extent unproved
DAT_003fb510	0x003fb510	SECTION_BACKED_ADDRESS	.data.stage3f.history.va_003fb508	0x8		historical-source-owner	ps2/progress28_structural_lift_recovered.o	section-backed address only; complete C object/array extent unproved
DAT_003fb514	0x003fb514	SECTION_BACKED_ADDRESS	.data.stage3f.history.va_003fb508	0xc		historical-source-owner	ps2/progress28_structural_lift_recovered.o	section-backed address only; complete C object/array extent unproved
DAT_003fb518	0x003fb518	SECTION_BACKED_ADDRESS	.data.stage3f.history.va_003fb508	0x10		historical-source-owner	ps2/progress28_structural_lift_recovered.o	section-backed address only; complete C object/array extent unproved
DAT_003fb51c	0x003fb51c	SECTION_BACKED_ADDRESS	.data.stage3f.history.va_003fb508	0x14		historical-source-owner	ps2/progress28_structural_lift_recovered.o	section-backed address only; complete C object/array extent unproved
DAT_003fb520	0x003fb520	SECTION_BACKED_ADDRESS	.data.stage3f.history.va_003fb508	0x18		historical-source-owner	ps2/progress28_structural_lift_recovered.o	section-backed address only; complete C object/array extent unproved
DAT_003fb524	0x003fb524	SECTION_BACKED_ADDRESS	.data.stage3f.history.va_003fb508	0x1c		historical-source-owner	ps2/progress28_structural_lift_recovered.o	section-backed address only; complete C object/array extent unproved
DAT_003fb528	0x003fb528	SECTION_BACKED_ADDRESS	.data.stage3f.history.va_003fb508	0x20		historical-source-owner	ps2/progress28_structural_lift_recovered.o	section-backed address only; complete C object/array extent unproved
DAT_003fb52c	0x003fb52c	SECTION_BACKED_ADDRESS	.data.stage3f.history.va_003fb508	0x24		historical-source-owner	ps2/progress28_structural_lift_recovered.o	section-backed address only; complete C object/array extent unproved
DAT_003fb538	0x003fb538	SECTION_BACKED_ADDRESS	.data.stage3f.history.va_003fb508	0x30		historical-source-owner	ps2/progress28_structural_lift_recovered.o	section-backed address only; complete C object/array extent unproved
DAT_003fb53c	0x003fb53c	SECTION_BACKED_ADDRESS	.data.stage3f.history.va_003fb508	0x34		historical-source-owner	ps2/progress28_structural_lift_recovered.o	section-backed address only; complete C object/array extent unproved
DAT_003fb540	0x003fb540	SECTION_BACKED_ADDRESS	.data.stage3f.history.va_003fb508	0x38		historical-source-owner	ps2/progress28_structural_lift_recovered.o	section-backed address only; complete C object/array extent unproved
DAT_003fb542	0x003fb542	SECTION_BACKED_ADDRESS	.data.stage3f.history.va_003fb508	0x3a		historical-source-owner	ps2/progress28_structural_lift_recovered.o	section-backed address only; complete C object/array extent unproved
DAT_003fb544	0x003fb544	SECTION_BACKED_ADDRESS	.data.stage3f.history.va_003fb508	0x3c		historical-source-owner	ps2/progress28_structural_lift_recovered.o	section-backed address only; complete C object/array extent unproved
DAT_003fb548	0x003fb548	SECTION_BACKED_ADDRESS	.data.stage3f.history.va_003fb508	0x40		historical-source-owner	ps2/progress28_structural_lift_recovered.o	section-backed address only; complete C object/array extent unproved
DAT_003fd54c	0x003fd54c	SECTION_BACKED_ADDRESS	.data.stage3f.history.va_003fb508	0x2044		historical-source-owner	ps2/progress28_structural_lift_recovered.o	section-backed address only; complete C object/array extent unproved
DAT_003fd550	0x003fd550	SECTION_BACKED_ADDRESS	.data.stage3f.history.va_003fb508	0x2048		historical-source-owner	ps2/progress28_structural_lift_recovered.o	section-backed address only; complete C object/array extent unproved
DAT_003fd554	0x003fd554	SECTION_BACKED_ADDRESS	.data.stage3f.history.va_003fb508	0x204c		historical-source-owner	ps2/progress28_structural_lift_recovered.o	section-backed address only; complete C object/array extent unproved
DAT_003fd556	0x003fd556	SECTION_BACKED_ADDRESS	.data.stage3f.history.va_003fb508	0x204e		historical-source-owner	ps2/progress28_structural_lift_recovered.o	section-backed address only; complete C object/array extent unproved
DAT_003fd558	0x003fd558	SECTION_BACKED_ADDRESS	.data.stage3f.history.va_003fb508	0x2050		historical-source-owner	ps2/progress28_structural_lift_recovered.o	section-backed address only; complete C object/array extent unproved
DAT_003fd560	0x003fd560	SECTION_BACKED_ADDRESS	.data.stage3f.history.va_003fb508	0x2058		historical-source-owner	ps2/progress28_structural_lift_recovered.o	section-backed address only; complete C object/array extent unproved
DAT_003fd568	0x003fd568	SECTION_BACKED_ADDRESS	.data.stage3f.history.va_003fb508	0x2060		historical-source-owner	ps2/progress28_structural_lift_recovered.o	section-backed address only; complete C object/array extent unproved
DAT_003fd570	0x003fd570	SECTION_BACKED_ADDRESS	.data.stage3f.history.va_003fb508	0x2068		historical-source-owner	ps2/progress28_structural_lift_recovered.o	section-backed address only; complete C object/array extent unproved
DAT_003fd578	0x003fd578	SECTION_BACKED_ADDRESS	.data.stage3f.history.va_003fb508	0x2070		historical-source-owner	ps2/progress28_structural_lift_recovered.o	section-backed address only; complete C object/array extent unproved
DAT_003fd580	0x003fd580	SECTION_BACKED_ADDRESS	.data.stage3f.history.va_003fb508	0x2078		historical-source-owner	ps2/progress28_structural_lift_recovered.o	section-backed address only; complete C object/array extent unproved
DAT_003fd588	0x003fd588	SECTION_BACKED_ADDRESS	.data.stage3f.history.va_003fb508	0x2080		historical-source-owner	ps2/progress28_structural_lift_recovered.o	section-backed address only; complete C object/array extent unproved
DAT_003fd590	0x003fd590	SECTION_BACKED_ADDRESS	.data.stage3f.history.va_003fb508	0x2088		historical-source-owner	ps2/progress28_structural_lift_recovered.o	section-backed address only; complete C object/array extent unproved
DAT_003fd598	0x003fd598	SECTION_BACKED_ADDRESS	.data.stage3f.history.va_003fb508	0x2090		historical-source-owner	ps2/progress28_structural_lift_recovered.o	section-backed address only; complete C object/array extent unproved
DAT_003fd5a0	0x003fd5a0	SECTION_BACKED_ADDRESS	.data.stage3f.history.va_003fb508	0x2098		historical-source-owner	ps2/progress28_structural_lift_recovered.o	section-backed address only; complete C object/array extent unproved
DAT_003fd5a2	0x003fd5a2	SECTION_BACKED_ADDRESS	.data.stage3f.history.va_003fb508	0x209a		historical-source-owner	ps2/progress28_structural_lift_recovered.o	section-backed address only; complete C object/array extent unproved
DAT_003fd5c2	0x003fd5c2	SECTION_BACKED_ADDRESS	.data.stage3f.history.va_003fb508	0x20ba		historical-source-owner	ps2/progress28_structural_lift_recovered.o	section-backed address only; complete C object/array extent unproved
DAT_003fd5c6	0x003fd5c6	SECTION_BACKED_ADDRESS	.data.stage3f.history.va_003fb508	0x20be		historical-source-owner	ps2/progress28_structural_lift_recovered.o	section-backed address only; complete C object/array extent unproved
DAT_003fd5c8	0x003fd5c8	SECTION_BACKED_ADDRESS	.data.stage3f.history.va_003fb508	0x20c0		historical-source-owner	ps2/progress28_structural_lift_recovered.o	section-backed address only; complete C object/array extent unproved
DAT_003fd5c9	0x003fd5c9	SECTION_BACKED_ADDRESS	.data.stage3f.history.va_003fb508	0x20c1		historical-source-owner	ps2/progress28_structural_lift_recovered.o	section-backed address only; complete C object/array extent unproved
DAT_003fd5cc	0x003fd5cc	SECTION_BACKED_ADDRESS	.data.stage3f.history.va_003fb508	0x20c4		historical-source-owner	ps2/progress28_structural_lift_recovered.o	section-backed address only; complete C object/array extent unproved
DAT_003fd5d0	0x003fd5d0	SECTION_BACKED_ADDRESS	.data.stage3f.history.va_003fb508	0x20c8		historical-source-owner	ps2/progress28_structural_lift_recovered.o	section-backed address only; complete C object/array extent unproved
DAT_003fd5d8	0x003fd5d8	SECTION_BACKED_ADDRESS	.data.stage3f.history.va_003fb508	0x20d0		historical-source-owner	ps2/progress28_structural_lift_recovered.o	section-backed address only; complete C object/array extent unproved
DAT_00407fd5	0x00407fd5	ROM_OFFSET_SOURCE_REFACTOR_CLOSED					ps2/progress28_structural_lift_recovered.o	ROM-relative constant, not storage at the numerically equal EE address
DAT_00407fd6	0x00407fd6	ROM_OFFSET_SOURCE_REFACTOR_CLOSED					ps2/progress28_structural_lift_recovered.o	ROM-relative constant, not storage at the numerically equal EE address
DAT_00407fd7	0x00407fd7	ROM_OFFSET_SOURCE_REFACTOR_CLOSED					ps2/progress28_structural_lift_recovered.o	ROM-relative constant, not storage at the numerically equal EE address
DAT_00407fd8	0x00407fd8	ROM_OFFSET_SOURCE_REFACTOR_CLOSED					ps2/progress28_structural_lift_recovered.o	ROM-relative constant, not storage at the numerically equal EE address
DAT_00407fd9	0x00407fd9	ROM_OFFSET_SOURCE_REFACTOR_CLOSED					ps2/progress28_structural_lift_recovered.o	ROM-relative constant, not storage at the numerically equal EE address
DAT_00407fdc	0x00407fdc	ROM_OFFSET_SOURCE_REFACTOR_CLOSED					ps2/progress28_structural_lift_recovered.o	ROM-relative constant, not storage at the numerically equal EE address
DAT_00407fdd	0x00407fdd	ROM_OFFSET_SOURCE_REFACTOR_CLOSED					ps2/progress28_structural_lift_recovered.o	ROM-relative constant, not storage at the numerically equal EE address
DAT_00407fde	0x00407fde	ROM_OFFSET_SOURCE_REFACTOR_CLOSED					ps2/progress28_structural_lift_recovered.o	ROM-relative constant, not storage at the numerically equal EE address
DAT_00407fdf	0x00407fdf	ROM_OFFSET_SOURCE_REFACTOR_CLOSED					ps2/progress28_structural_lift_recovered.o	ROM-relative constant, not storage at the numerically equal EE address
DAT_0040bb78	0x0040bb78	SECTION_BACKED_ADDRESS	.data.stage3f.history.va_0040bb78	0x0		historical-source-owner	ps2/progress28_structural_lift_recovered.o	section-backed address only; complete C object/array extent unproved
DAT_0040ffd5	0x0040ffd5	ROM_OFFSET_SOURCE_REFACTOR_CLOSED					ps2/progress28_structural_lift_recovered.o	ROM-relative constant, not storage at the numerically equal EE address
DAT_0040ffd6	0x0040ffd6	ROM_OFFSET_SOURCE_REFACTOR_CLOSED					ps2/progress28_structural_lift_recovered.o	ROM-relative constant, not storage at the numerically equal EE address
DAT_0040ffd7	0x0040ffd7	ROM_OFFSET_SOURCE_REFACTOR_CLOSED					ps2/progress28_structural_lift_recovered.o	ROM-relative constant, not storage at the numerically equal EE address
DAT_0040ffd8	0x0040ffd8	ROM_OFFSET_SOURCE_REFACTOR_CLOSED					ps2/progress28_structural_lift_recovered.o	ROM-relative constant, not storage at the numerically equal EE address
DAT_0040ffd9	0x0040ffd9	ROM_OFFSET_SOURCE_REFACTOR_CLOSED					ps2/progress28_structural_lift_recovered.o	ROM-relative constant, not storage at the numerically equal EE address
DAT_0040ffdc	0x0040ffdc	ROM_OFFSET_SOURCE_REFACTOR_CLOSED					ps2/progress28_structural_lift_recovered.o	ROM-relative constant, not storage at the numerically equal EE address
DAT_0040ffdd	0x0040ffdd	ROM_OFFSET_SOURCE_REFACTOR_CLOSED					ps2/progress28_structural_lift_recovered.o	ROM-relative constant, not storage at the numerically equal EE address
DAT_0040ffde	0x0040ffde	ROM_OFFSET_SOURCE_REFACTOR_CLOSED					ps2/progress28_structural_lift_recovered.o	ROM-relative constant, not storage at the numerically equal EE address
DAT_0040ffdf	0x0040ffdf	ROM_OFFSET_SOURCE_REFACTOR_CLOSED					ps2/progress28_structural_lift_recovered.o	ROM-relative constant, not storage at the numerically equal EE address
DAT_004134ec	0x004134ec	SECTION_BACKED_ADDRESS	.data.stage3f.va_004134ec	0x0	0x4	direct-access	ps2/progress28_structural_lift_recovered.o	section-backed address only; complete C object/array extent unproved
DAT_004134f4	0x004134f4	SECTION_BACKED_ADDRESS	.data.stage3f.va_004134f4	0x0	0x4	direct-access	ps2/progress28_structural_lift_recovered.o	section-backed address only; complete C object/array extent unproved
DAT_004134f8	0x004134f8	SECTION_BACKED_ADDRESS	.data.stage3f.va_004134f4	0x4	0x8	direct-access	ps2/progress28_structural_lift_recovered.o	section-backed address only; complete C object/array extent unproved
DAT_00413500	0x00413500	SECTION_BACKED_ADDRESS	.data.stage3f.va_004134f4	0xc	0x1	direct-access	ps2/progress28_structural_lift_recovered.o	section-backed address only; complete C object/array extent unproved
DAT_00413504	0x00413504	SECTION_BACKED_ADDRESS	.data.stage3f.va_00413504	0x0	0x4	direct-access	ps2/progress28_structural_lift_recovered.o	section-backed address only; complete C object/array extent unproved
DAT_00413508	0x00413508	SECTION_BACKED_ADDRESS	.data.stage3f.va_00413504	0x4	0x1	direct-access	ps2/progress28_structural_lift_recovered.o	section-backed address only; complete C object/array extent unproved
DAT_00413509	0x00413509	SECTION_BACKED_ADDRESS	.data.stage3f.va_00413504	0x5	0x1	direct-access	ps2/progress28_structural_lift_recovered.o	section-backed address only; complete C object/array extent unproved
DAT_0041350a	0x0041350a	SECTION_BACKED_ADDRESS	.data.stage3f.va_00413504	0x6	0x1	direct-access	ps2/progress28_structural_lift_recovered.o	section-backed address only; complete C object/array extent unproved
DAT_0041350b	0x0041350b	SECTION_BACKED_ADDRESS	.data.stage3f.va_00413504	0x7	0x1	direct-access	ps2/progress28_structural_lift_recovered.o	section-backed address only; complete C object/array extent unproved
DAT_0041350c	0x0041350c	SECTION_BACKED_ADDRESS	.data.stage3f.va_00413504	0x8	0x1	direct-access	ps2/progress28_structural_lift_recovered.o	section-backed address only; complete C object/array extent unproved
DAT_0041350d	0x0041350d	SECTION_BACKED_ADDRESS	.data.stage3f.va_00413504	0x9	0x1	direct-access	ps2/progress28_structural_lift_recovered.o	section-backed address only; complete C object/array extent unproved
DAT_0041350e	0x0041350e	SECTION_BACKED_ADDRESS	.data.stage3f.va_00413504	0xa	0x1	direct-access	ps2/progress28_structural_lift_recovered.o	section-backed address only; complete C object/array extent unproved
DAT_0041350f	0x0041350f	SECTION_BACKED_ADDRESS	.data.stage3f.va_00413504	0xb	0x1	direct-access	ps2/progress28_structural_lift_recovered.o	section-backed address only; complete C object/array extent unproved
DAT_00413510	0x00413510	SECTION_BACKED_ADDRESS	.data.stage3f.va_00413504	0xc	0x1	direct-access	ps2/progress28_structural_lift_recovered.o	section-backed address only; complete C object/array extent unproved
DAT_00413511	0x00413511	SECTION_BACKED_ADDRESS	.data.stage3f.va_00413504	0xd	0x1	direct-access	ps2/progress28_structural_lift_recovered.o	section-backed address only; complete C object/array extent unproved
DAT_00413512	0x00413512	SECTION_BACKED_ADDRESS	.data.stage3f.va_00413504	0xe	0x1	direct-access	ps2/progress28_structural_lift_recovered.o	section-backed address only; complete C object/array extent unproved
DAT_00413513	0x00413513	SECTION_BACKED_ADDRESS	.data.stage3f.va_00413504	0xf	0x1	direct-access	ps2/progress28_structural_lift_recovered.o	section-backed address only; complete C object/array extent unproved
DAT_00413514	0x00413514	SECTION_BACKED_ADDRESS	.data.stage3f.va_00413504	0x10	0x1	direct-access	ps2/progress28_structural_lift_recovered.o	section-backed address only; complete C object/array extent unproved
DAT_00413515	0x00413515	SECTION_BACKED_ADDRESS	.data.stage3f.va_00413504	0x11	0x1	direct-access	ps2/progress28_structural_lift_recovered.o	section-backed address only; complete C object/array extent unproved
DAT_00413516	0x00413516	SECTION_BACKED_ADDRESS	.data.stage3f.va_00413504	0x12	0x1	direct-access	ps2/progress28_structural_lift_recovered.o	section-backed address only; complete C object/array extent unproved
DAT_00413517	0x00413517	SECTION_BACKED_ADDRESS	.data.stage3f.va_00413504	0x13	0x1	direct-access	ps2/progress28_structural_lift_recovered.o	section-backed address only; complete C object/array extent unproved
DAT_00413518	0x00413518	SECTION_BACKED_ADDRESS	.data.stage3f.va_00413504	0x14	0x1	direct-access	ps2/progress28_structural_lift_recovered.o	section-backed address only; complete C object/array extent unproved
DAT_00413519	0x00413519	SECTION_BACKED_ADDRESS	.data.stage3f.va_00413504	0x15	0x1	direct-access	ps2/progress28_structural_lift_recovered.o	section-backed address only; complete C object/array extent unproved
DAT_0041351a	0x0041351a	SECTION_BACKED_ADDRESS	.data.stage3f.va_00413504	0x16	0x1	direct-access	ps2/progress28_structural_lift_recovered.o	section-backed address only; complete C object/array extent unproved
DAT_0041351b	0x0041351b	SECTION_BACKED_ADDRESS	.data.stage3f.va_00413504	0x17	0x1	direct-access	ps2/progress28_structural_lift_recovered.o	section-backed address only; complete C object/array extent unproved
DAT_0041351c	0x0041351c	SECTION_BACKED_ADDRESS	.data.stage3f.va_00413504	0x18	0x1	direct-access	ps2/progress28_structural_lift_recovered.o	section-backed address only; complete C object/array extent unproved
DAT_0041351d	0x0041351d	SECTION_BACKED_ADDRESS	.data.stage3f.va_00413504	0x19	0x1	direct-access	ps2/progress28_structural_lift_recovered.o	section-backed address only; complete C object/array extent unproved
DAT_0041351e	0x0041351e	SECTION_BACKED_ADDRESS	.data.stage3f.va_00413504	0x1a	0x1	direct-access	ps2/progress28_structural_lift_recovered.o	section-backed address only; complete C object/array extent unproved
DAT_0041351f	0x0041351f	SECTION_BACKED_ADDRESS	.data.stage3f.va_00413504	0x1b	0x1	direct-access	ps2/progress28_structural_lift_recovered.o	section-backed address only; complete C object/array extent unproved
DAT_00413520	0x00413520	SECTION_BACKED_ADDRESS	.data.stage3f.va_00413504	0x1c	0x1	direct-access	ps2/progress28_structural_lift_recovered.o	section-backed address only; complete C object/array extent unproved
DAT_00413521	0x00413521	SECTION_BACKED_ADDRESS	.data.stage3f.va_00413504	0x1d	0x1	direct-access	ps2/progress28_structural_lift_recovered.o	section-backed address only; complete C object/array extent unproved
DAT_00413522	0x00413522	SECTION_BACKED_ADDRESS	.data.stage3f.va_00413504	0x1e	0x1	direct-access	ps2/progress28_structural_lift_recovered.o	section-backed address only; complete C object/array extent unproved
DAT_00413523	0x00413523	SECTION_BACKED_ADDRESS	.data.stage3f.va_00413504	0x1f	0x1	direct-access	ps2/progress28_structural_lift_recovered.o	section-backed address only; complete C object/array extent unproved
DAT_00413524	0x00413524	SECTION_BACKED_ADDRESS	.data.stage3f.va_00413504	0x20	0x1	direct-access	ps2/progress28_structural_lift_recovered.o	section-backed address only; complete C object/array extent unproved
DAT_00413525	0x00413525	SECTION_BACKED_ADDRESS	.data.stage3f.va_00413504	0x21	0x1	direct-access	ps2/progress28_structural_lift_recovered.o	section-backed address only; complete C object/array extent unproved
DAT_00413526	0x00413526	SECTION_BACKED_ADDRESS	.data.stage3f.va_00413504	0x22	0x1	direct-access	ps2/progress28_structural_lift_recovered.o	section-backed address only; complete C object/array extent unproved
DAT_00413527	0x00413527	SECTION_BACKED_ADDRESS	.data.stage3f.va_00413504	0x23	0x1	direct-access	ps2/progress28_structural_lift_recovered.o	section-backed address only; complete C object/array extent unproved
DAT_00413528	0x00413528	SECTION_BACKED_ADDRESS	.data.stage3f.va_00413504	0x24	0x1	direct-access	ps2/progress28_structural_lift_recovered.o	section-backed address only; complete C object/array extent unproved
DAT_00413529	0x00413529	SECTION_BACKED_ADDRESS	.data.stage3f.va_00413504	0x25	0x1	direct-access	ps2/progress28_structural_lift_recovered.o	section-backed address only; complete C object/array extent unproved
DAT_0041352a	0x0041352a	SECTION_BACKED_ADDRESS	.data.stage3f.va_00413504	0x26	0x1	direct-access	ps2/progress28_structural_lift_recovered.o	section-backed address only; complete C object/array extent unproved
DAT_0041352b	0x0041352b	SECTION_BACKED_ADDRESS	.data.stage3f.va_00413504	0x27	0x1	direct-access	ps2/progress28_structural_lift_recovered.o	section-backed address only; complete C object/array extent unproved
DAT_0041352c	0x0041352c	SECTION_BACKED_ADDRESS	.data.stage3f.va_00413504	0x28	0x1	direct-access	ps2/progress28_structural_lift_recovered.o	section-backed address only; complete C object/array extent unproved
DAT_0041352d	0x0041352d	SECTION_BACKED_ADDRESS	.data.stage3f.va_00413504	0x29	0x1	direct-access	ps2/progress28_structural_lift_recovered.o	section-backed address only; complete C object/array extent unproved
DAT_0041352e	0x0041352e	SECTION_BACKED_ADDRESS	.data.stage3f.va_00413504	0x2a	0x1	direct-access	ps2/progress28_structural_lift_recovered.o	section-backed address only; complete C object/array extent unproved
DAT_0041352f	0x0041352f	SECTION_BACKED_ADDRESS	.data.stage3f.va_00413504	0x2b	0x1	direct-access	ps2/progress28_structural_lift_recovered.o	section-backed address only; complete C object/array extent unproved
DAT_00413530	0x00413530	SECTION_BACKED_ADDRESS	.data.stage3f.va_00413504	0x2c	0x1	direct-access	ps2/progress28_structural_lift_recovered.o	section-backed address only; complete C object/array extent unproved
DAT_00413531	0x00413531	SECTION_BACKED_ADDRESS	.data.stage3f.va_00413504	0x2d	0x1	direct-access	ps2/progress28_structural_lift_recovered.o	section-backed address only; complete C object/array extent unproved
DAT_00413532	0x00413532	SECTION_BACKED_ADDRESS	.data.stage3f.va_00413504	0x2e	0x1	direct-access	ps2/progress28_structural_lift_recovered.o	section-backed address only; complete C object/array extent unproved
DAT_00413533	0x00413533	SECTION_BACKED_ADDRESS	.data.stage3f.va_00413504	0x2f	0x1	direct-access	ps2/progress28_structural_lift_recovered.o	section-backed address only; complete C object/array extent unproved
DAT_00413534	0x00413534	SECTION_BACKED_ADDRESS	.data.stage3f.va_00413504	0x30	0x1	direct-access	ps2/progress28_structural_lift_recovered.o	section-backed address only; complete C object/array extent unproved
DAT_00413535	0x00413535	SECTION_BACKED_ADDRESS	.data.stage3f.va_00413504	0x31	0x1	direct-access	ps2/progress28_structural_lift_recovered.o	section-backed address only; complete C object/array extent unproved
DAT_00413536	0x00413536	SECTION_BACKED_ADDRESS	.data.stage3f.va_00413504	0x32	0x1	direct-access	ps2/progress28_structural_lift_recovered.o	section-backed address only; complete C object/array extent unproved
DAT_00413537	0x00413537	SECTION_BACKED_ADDRESS	.data.stage3f.va_00413504	0x33	0x1	direct-access	ps2/progress28_structural_lift_recovered.o	section-backed address only; complete C object/array extent unproved
DAT_00413538	0x00413538	SECTION_BACKED_ADDRESS	.data.stage3f.va_00413504	0x34	0x4	direct-access	ps2/progress28_structural_lift_recovered.o	section-backed address only; complete C object/array extent unproved
DAT_0041353c	0x0041353c	SECTION_BACKED_ADDRESS	.data.stage3f.va_00413504	0x38	0x4	direct-access	ps2/progress28_structural_lift_recovered.o	section-backed address only; complete C object/array extent unproved
DAT_00413540	0x00413540	SECTION_BACKED_ADDRESS	.data.stage3f.va_00413504	0x3c	0x4	direct-access	ps2/progress28_structural_lift_recovered.o	section-backed address only; complete C object/array extent unproved
DAT_00413544	0x00413544	SECTION_BACKED_ADDRESS	.data.stage3f.va_00413504	0x40	0x10000	direct-access	ps2/progress28_structural_lift_recovered.o	section-backed address only; complete C object/array extent unproved
DAT_00423548	0x00423548	SECTION_BACKED_ADDRESS	.data.stage3f.va_00423548	0x0	0x1	direct-access	ps2/progress28_structural_lift_recovered.o	section-backed address only; complete C object/array extent unproved
DAT_00423549	0x00423549	SECTION_BACKED_ADDRESS	.data.stage3f.va_00423548	0x1	0x1	direct-access	ps2/progress28_structural_lift_recovered.o	section-backed address only; complete C object/array extent unproved
DAT_0042354a	0x0042354a	SECTION_BACKED_ADDRESS	.data.stage3f.va_00423548	0x2	0x1	direct-access	ps2/progress28_structural_lift_recovered.o	section-backed address only; complete C object/array extent unproved
DAT_0042354b	0x0042354b	SECTION_BACKED_ADDRESS	.data.stage3f.va_00423548	0x3	0x1	direct-access	ps2/progress28_structural_lift_recovered.o	section-backed address only; complete C object/array extent unproved
DAT_0042354c	0x0042354c	SECTION_BACKED_ADDRESS	.data.stage3f.va_00423548	0x4	0x1	direct-access	ps2/progress28_structural_lift_recovered.o	section-backed address only; complete C object/array extent unproved
DAT_0042354d	0x0042354d	SECTION_BACKED_ADDRESS	.data.stage3f.va_00423548	0x5	0x1	direct-access	ps2/progress28_structural_lift_recovered.o	section-backed address only; complete C object/array extent unproved
DAT_0042354e	0x0042354e	SECTION_BACKED_ADDRESS	.data.stage3f.va_00423548	0x6	0x1	direct-access	ps2/progress28_structural_lift_recovered.o	section-backed address only; complete C object/array extent unproved
DAT_0042354f	0x0042354f	SECTION_BACKED_ADDRESS	.data.stage3f.va_00423548	0x7	0x1	direct-access	ps2/progress28_structural_lift_recovered.o	section-backed address only; complete C object/array extent unproved
DAT_00423550	0x00423550	SECTION_BACKED_ADDRESS	.data.stage3f.va_00423548	0x8	0x1	direct-access	ps2/progress28_structural_lift_recovered.o	section-backed address only; complete C object/array extent unproved
DAT_00423551	0x00423551	SECTION_BACKED_ADDRESS	.data.stage3f.va_00423548	0x9	0x1	direct-access	ps2/progress28_structural_lift_recovered.o	section-backed address only; complete C object/array extent unproved
DAT_00423552	0x00423552	SECTION_BACKED_ADDRESS	.data.stage3f.va_00423548	0xa	0x1	direct-access	ps2/progress28_structural_lift_recovered.o	section-backed address only; complete C object/array extent unproved
DAT_00423553	0x00423553	SECTION_BACKED_ADDRESS	.data.stage3f.va_00423548	0xb	0x1	direct-access	ps2/progress28_structural_lift_recovered.o	section-backed address only; complete C object/array extent unproved
DAT_00423554	0x00423554	SECTION_BACKED_ADDRESS	.data.stage3f.va_00423548	0xc	0x4	direct-access	ps2/progress28_structural_lift_recovered.o	section-backed address only; complete C object/array extent unproved
DAT_00423555	0x00423555	SECTION_BACKED_ADDRESS	.data.stage3f.va_00423548	0xd	0x1	direct-access	ps2/progress28_structural_lift_recovered.o	section-backed address only; complete C object/array extent unproved
DAT_00423556	0x00423556	SECTION_BACKED_ADDRESS	.data.stage3f.va_00423548	0xe	0x1	direct-access	ps2/progress28_structural_lift_recovered.o	section-backed address only; complete C object/array extent unproved
DAT_00423557	0x00423557	SECTION_BACKED_ADDRESS	.data.stage3f.va_00423548	0xf	0x1	direct-access	ps2/progress28_structural_lift_recovered.o	section-backed address only; complete C object/array extent unproved
DAT_00423558	0x00423558	SECTION_BACKED_ADDRESS	.data.stage3f.va_00423548	0x10	0x2	direct-access	ps2/progress28_structural_lift_recovered.o	section-backed address only; complete C object/array extent unproved
DAT_0042355a	0x0042355a	HISTORICAL_OBJECT_INTERIOR_FIELD					ps2/progress28_structural_lift_recovered.o	exact historical S7RTC rtc_f9 interior-field identity: target object 0x00423548..0x00423560 matches spc7110.o::rtc_f9 size 0x18; EE ABI32 field offset +0x12 is control; strict S9xGetSPC7110/S9xSetSPC7110/S9xUpdateRTC identities corroborate the same state object
DAT_0042355b	0x0042355b	SECTION_BACKED_ADDRESS	.data.stage3f.va_0042355b	0x0	0x1	direct-access	ps2/progress28_structural_lift_recovered.o	section-backed address only; complete C object/array extent unproved
DAT_0042355c	0x0042355c	SECTION_BACKED_ADDRESS	.data.stage3f.va_0042355b	0x1	0x4	direct-access	ps2/progress28_structural_lift_recovered.o	section-backed address only; complete C object/array extent unproved
DAT_00423858	0x00423858	SECTION_BACKED_ADDRESS	.data.stage3f.va_00423858	0x0	0x1c	direct-access	ps2/progress28_structural_lift_recovered.o	section-backed address only; complete C object/array extent unproved
DAT_00423859	0x00423859	SECTION_BACKED_ADDRESS	.data.stage3f.va_00423858	0x1	0x1	direct-access	ps2/progress28_structural_lift_recovered.o	section-backed address only; complete C object/array extent unproved
DAT_0042385a	0x0042385a	SECTION_BACKED_ADDRESS	.data.stage3f.va_00423858	0x2	0xd	direct-access	ps2/progress28_structural_lift_recovered.o	section-backed address only; complete C object/array extent unproved
DAT_0042385b	0x0042385b	SECTION_BACKED_ADDRESS	.data.stage3f.va_00423858	0x3	0x1	direct-access	ps2/progress28_structural_lift_recovered.o	section-backed address only; complete C object/array extent unproved
DAT_0042385c	0x0042385c	SECTION_BACKED_ADDRESS	.data.stage3f.va_00423858	0x4	0x1	direct-access	ps2/progress28_structural_lift_recovered.o	section-backed address only; complete C object/array extent unproved
DAT_0042385d	0x0042385d	SECTION_BACKED_ADDRESS	.data.stage3f.va_00423858	0x5	0x1	direct-access	ps2/progress28_structural_lift_recovered.o	section-backed address only; complete C object/array extent unproved
DAT_0042385e	0x0042385e	SECTION_BACKED_ADDRESS	.data.stage3f.va_00423858	0x6	0x1	direct-access	ps2/progress28_structural_lift_recovered.o	section-backed address only; complete C object/array extent unproved
DAT_0042385f	0x0042385f	SECTION_BACKED_ADDRESS	.data.stage3f.va_00423858	0x7	0x1	direct-access	ps2/progress28_structural_lift_recovered.o	section-backed address only; complete C object/array extent unproved
DAT_00423860	0x00423860	SECTION_BACKED_ADDRESS	.data.stage3f.va_00423858	0x8	0x1	direct-access	ps2/progress28_structural_lift_recovered.o	section-backed address only; complete C object/array extent unproved
DAT_00423861	0x00423861	SECTION_BACKED_ADDRESS	.data.stage3f.va_00423858	0x9	0x1	direct-access	ps2/progress28_structural_lift_recovered.o	section-backed address only; complete C object/array extent unproved
DAT_00423862	0x00423862	SECTION_BACKED_ADDRESS	.data.stage3f.va_00423858	0xa	0x1	direct-access	ps2/progress28_structural_lift_recovered.o	section-backed address only; complete C object/array extent unproved
DAT_00423863	0x00423863	SECTION_BACKED_ADDRESS	.data.stage3f.va_00423858	0xb	0x1	direct-access	ps2/progress28_structural_lift_recovered.o	section-backed address only; complete C object/array extent unproved
DAT_00423864	0x00423864	SECTION_BACKED_ADDRESS	.data.stage3f.va_00423858	0xc	0x1	direct-access	ps2/progress28_structural_lift_recovered.o	section-backed address only; complete C object/array extent unproved
DAT_00423865	0x00423865	SECTION_BACKED_ADDRESS	.data.stage3f.va_00423858	0xd	0x1	direct-access	ps2/progress28_structural_lift_recovered.o	section-backed address only; complete C object/array extent unproved
DAT_00423866	0x00423866	SECTION_BACKED_ADDRESS	.data.stage3f.va_00423858	0xe		interior-address-only	ps2/progress28_structural_lift_recovered.o	section-backed address only; complete C object/array extent unproved
DAT_00423867	0x00423867	SECTION_BACKED_ADDRESS	.data.stage3f.va_00423858	0xf	0x1	direct-access	ps2/progress28_structural_lift_recovered.o	section-backed address only; complete C object/array extent unproved
DAT_00423868	0x00423868	SECTION_BACKED_ADDRESS	.data.stage3f.va_00423858	0x10	0x1	direct-access	ps2/progress28_structural_lift_recovered.o	section-backed address only; complete C object/array extent unproved
DAT_0042386c	0x0042386c	SECTION_BACKED_ADDRESS	.data.stage3f.va_00423858	0x14	0x4	direct-access	ps2/progress28_structural_lift_recovered.o	section-backed address only; complete C object/array extent unproved
DAT_004243d8	0x004243d8	SECTION_BACKED_ADDRESS	.data.stage3f.recovered.va_004243d8	0x0		recovered-source-literal	ps2/progress28_structural_lift_recovered.o	section-backed address only; complete C object/array extent unproved
DAT_00424850	0x00424850	SECTION_BACKED_ADDRESS	.data.stage3f.va_00424850	0x0	0x4	direct-access	ps2/progress28_structural_lift_recovered.o;unzip/explode_recovered.o;unzip/unreduce_recovered.o	section-backed address only; complete C object/array extent unproved
DAT_00424854	0x00424854	SECTION_BACKED_ADDRESS	.data.stage3f.va_00424850	0x4	0x4	direct-access	ps2/progress28_structural_lift_recovered.o;unzip/explode_recovered.o;unzip/unreduce_recovered.o	section-backed address only; complete C object/array extent unproved
DAT_00425970	0x00425970	SECTION_BACKED_ADDRESS	.data.stage3f.recovered.va_00425970	0x0		recovered-source-literal	ps2/progress28_structural_lift_recovered.o	section-backed address only; complete C object/array extent unproved
DAT_00426820	0x00426820	TARGET_NATIVE_EH_FRAME_RELOCATION_BYTE					ps2/progress28_structural_lift_recovered.o	target-native DWARF .eh_frame identity: DAT_00426820 is the final byte of the four-byte LSDA augmentation field in the unique FDE for operator_new/_Znwj at 0x001a9e88 size 0xdc; CIE version 1 augmentation zPL uses DW_EH_PE_absptr on EE/ELF32 and the linked LSDA value is 0x00426bdc
LAB_0012f8a8	0x0012f8a8	RUNTIME_CODE_POINTER_REFACTOR					ps2/progress28_structural_lift_recovered.o	runtime code-pointer identity proved by exact matched writer instructions; no data storage or replacement-ELF claim
LAB_0012fb78	0x0012fb78	RUNTIME_CODE_POINTER_REFACTOR					ps2/progress28_structural_lift_recovered.o	runtime code-pointer identity proved by exact matched writer instructions; no data storage or replacement-ELF claim
LAB_00170138	0x00170138	RUNTIME_CODE_POINTER_REFACTOR					ps2/progress28_structural_lift_recovered.o	runtime code-pointer identity proved by exact matched writer instructions; no data storage or replacement-ELF claim
LAB_00170194	0x00170194	RUNTIME_CODE_POINTER_REFACTOR					ps2/progress28_structural_lift_recovered.o	runtime code-pointer identity proved by exact matched writer instructions; no data storage or replacement-ELF claim
LAB_0018428c	0x0018428c	CODE_POINTER_SOURCE_ALIAS_CLOSED					ps2/progress28_structural_lift_recovered.o	historical code-pointer label resolved as a zero-byte alias to proved global text; no data storage claimed
LAB_001845a8	0x001845a8	CODE_POINTER_SOURCE_ALIAS_CLOSED					ps2/progress28_structural_lift_recovered.o	historical code-pointer label resolved as a zero-byte alias to proved global text; no data storage claimed
LAB_00184a40	0x00184a40	CODE_POINTER_SOURCE_ALIAS_CLOSED					ps2/progress28_structural_lift_recovered.o	historical code-pointer label resolved as a zero-byte alias to proved global text; no data storage claimed
LAB_00184d5c	0x00184d5c	CODE_POINTER_SOURCE_ALIAS_CLOSED					ps2/progress28_structural_lift_recovered.o	historical code-pointer label resolved as a zero-byte alias to proved global text; no data storage claimed
LAB_001851f4	0x001851f4	CODE_POINTER_SOURCE_ALIAS_CLOSED					ps2/progress28_structural_lift_recovered.o	historical code-pointer label resolved as a zero-byte alias to proved global text; no data storage claimed
LAB_00185510	0x00185510	CODE_POINTER_SOURCE_ALIAS_CLOSED					ps2/progress28_structural_lift_recovered.o	historical code-pointer label resolved as a zero-byte alias to proved global text; no data storage claimed
LAB_00185d8c	0x00185d8c	CODE_POINTER_SOURCE_ALIAS_CLOSED					ps2/progress28_structural_lift_recovered.o	historical code-pointer label resolved as a zero-byte alias to proved global text; no data storage claimed
LAB_001860a8	0x001860a8	CODE_POINTER_SOURCE_ALIAS_CLOSED					ps2/progress28_structural_lift_recovered.o	historical code-pointer label resolved as a zero-byte alias to proved global text; no data storage claimed
LAB_00186540	0x00186540	CODE_POINTER_SOURCE_ALIAS_CLOSED					ps2/progress28_structural_lift_recovered.o	historical code-pointer label resolved as a zero-byte alias to proved global text; no data storage claimed
LAB_0018685c	0x0018685c	CODE_POINTER_SOURCE_ALIAS_CLOSED					ps2/progress28_structural_lift_recovered.o	historical code-pointer label resolved as a zero-byte alias to proved global text; no data storage claimed
UNK_00108000	0x00108000	ROM_OFFSET_SOURCE_REFACTOR_CLOSED					ps2/progress28_structural_lift_recovered.o	ROM-relative constant, not storage at the numerically equal EE address
UNK_001a6320	0x001a6320	RUNTIME_INTERNAL_CODE_LABEL					ps2/progress28_structural_lift_recovered.o	exact GCC 3.2.2 libgcc internal-code identity: local fde_unencoded_compare in unwind-dw2-fde.o .text+0x660 size 0x28; target bytes match all four archive copies and init_object materializes the target address
UNK_001b85c8	0x001b85c8	SECTION_BACKED_ADDRESS	.data.stage3f.recovered.va_001b85c8	0x0		recovered-source-literal	ps2/progress28_structural_lift_recovered.o	section-backed address only; complete C object/array extent unproved
UNK_001ba7e0	0x001ba7e0	RUNTIME_MEMBER_DATA_OBJECT					ps2/progress28_structural_lift_recovered.o	exact GCC 3.2.2 libgcc runtime data object identity: __thenan_df in _thenan_df.o .rodata+0 size 0x18; exact target payload plus direct _fpadd_parts/_fpmul_parts/_fpdiv_parts witnesses
UNK_00208000	0x00208000	ROM_OFFSET_SOURCE_REFACTOR_CLOSED					ps2/progress28_structural_lift_recovered.o	ROM-relative constant, not storage at the numerically equal EE address
UNK_003f2ed8	0x003f2ed8	SECTION_BACKED_ADDRESS	.data.stage3f.history.va_00369328	0x89bb0		historical-source-owner	ps2/progress28_structural_lift_recovered.o	section-backed address only; complete C object/array extent unproved
UNK_003f2ef8	0x003f2ef8	SECTION_BACKED_ADDRESS	.data.stage3f.history.va_00369328	0x89bd0		historical-source-owner	ps2/progress28_structural_lift_recovered.o	section-backed address only; complete C object/array extent unproved
UNK_003f2f18	0x003f2f18	SECTION_BACKED_ADDRESS	.data.stage3f.history.va_00369328	0x89bf0		historical-source-owner	ps2/progress28_structural_lift_recovered.o	section-backed address only; complete C object/array extent unproved
UNK_003f2f38	0x003f2f38	SECTION_BACKED_ADDRESS	.data.stage3f.history.va_00369328	0x89c10		historical-source-owner	ps2/progress28_structural_lift_recovered.o	section-backed address only; complete C object/array extent unproved
UNK_003f2f58	0x003f2f58	SECTION_BACKED_ADDRESS	.data.stage3f.history.va_00369328	0x89c30		historical-source-owner	ps2/progress28_structural_lift_recovered.o	section-backed address only; complete C object/array extent unproved
UNK_00400001	0x00400001	ROM_OFFSET_SOURCE_REFACTOR_CLOSED					ps2/progress28_structural_lift_recovered.o	ROM-relative constant, not storage at the numerically equal EE address
UNK_00407fb0	0x00407fb0	ROM_OFFSET_SOURCE_REFACTOR_CLOSED					ps2/progress28_structural_lift_recovered.o	ROM-relative constant, not storage at the numerically equal EE address
UNK_00407fb2	0x00407fb2	ROM_OFFSET_SOURCE_REFACTOR_CLOSED					ps2/progress28_structural_lift_recovered.o	ROM-relative constant, not storage at the numerically equal EE address
UNK_00407fc0	0x00407fc0	ROM_OFFSET_SOURCE_REFACTOR_CLOSED					ps2/progress28_structural_lift_recovered.o	ROM-relative constant, not storage at the numerically equal EE address
UNK_0040ffb0	0x0040ffb0	ROM_OFFSET_SOURCE_REFACTOR_CLOSED					ps2/progress28_structural_lift_recovered.o	ROM-relative constant, not storage at the numerically equal EE address
UNK_0040ffb2	0x0040ffb2	ROM_OFFSET_SOURCE_REFACTOR_CLOSED					ps2/progress28_structural_lift_recovered.o	ROM-relative constant, not storage at the numerically equal EE address
UNK_0040ffc0	0x0040ffc0	ROM_OFFSET_SOURCE_REFACTOR_CLOSED					ps2/progress28_structural_lift_recovered.o	ROM-relative constant, not storage at the numerically equal EE address
UNK_00420000	0x00420000	SECTION_BACKED_ADDRESS	.data.stage3f.va_00413504	0xcafc		interior-address-only	ps2/progress28_structural_lift_recovered.o	section-backed address only; complete C object/array extent unproved
_DAT_001baf10	0x001baf10	SECTION_BACKED_ADDRESS	.data.stage3f.va_001baf10	0x0	0x8	direct-access	ps2/progress28_structural_lift_recovered.o	section-backed address only; complete C object/array extent unproved
_DAT_001bb340	0x001bb340	SECTION_BACKED_ADDRESS	.data.stage3f.va_001bb340	0x0	0x1	direct-access	ps2/progress28_structural_lift_recovered.o	section-backed address only; complete C object/array extent unproved
_DAT_00335938	0x00335938	SECTION_BACKED_ADDRESS	.data.stage3f.history.va_00335938	0x0	0x2	direct-access	ps2/progress28_structural_lift_recovered.o	section-backed address only; complete C object/array extent unproved
_DAT_0033593a	0x0033593a	SECTION_BACKED_ADDRESS	.data.stage3f.history.va_0033593a	0x0	0x2	direct-access	ps2/progress28_structural_lift_recovered.o	section-backed address only; complete C object/array extent unproved
_DAT_00335946	0x00335946	SECTION_BACKED_ADDRESS	.data.stage3f.history.va_00335946	0x0	0x2	direct-access	ps2/progress28_structural_lift_recovered.o	section-backed address only; complete C object/array extent unproved
_DAT_00335948	0x00335948	SECTION_BACKED_ADDRESS	.data.stage3f.history.va_00335948	0x0	0x2	direct-access	ps2/progress28_structural_lift_recovered.o	section-backed address only; complete C object/array extent unproved
_DAT_0033594a	0x0033594a	SECTION_BACKED_ADDRESS	.data.stage3f.history.va_0033594a	0x0	0x2	direct-access	ps2/progress28_structural_lift_recovered.o	section-backed address only; complete C object/array extent unproved
_DAT_0033594c	0x0033594c	SECTION_BACKED_ADDRESS	.data.stage3f.history.va_0033594c	0x0		historical-source-owner	ps2/progress28_structural_lift_recovered.o	section-backed address only; complete C object/array extent unproved
_DAT_00340f94	0x00340f94	SECTION_BACKED_ADDRESS	.data.stage3f.va_00340f94	0x0	0x2	direct-access	ps2/progress28_structural_lift_recovered.o	section-backed address only; complete C object/array extent unproved
_DAT_00340f96	0x00340f96	SECTION_BACKED_ADDRESS	.data.stage3f.va_00340f94	0x2	0x2	direct-access	ps2/progress28_structural_lift_recovered.o	section-backed address only; complete C object/array extent unproved
_DAT_0034139e	0x0034139e	SECTION_BACKED_ADDRESS	.data.stage3f.va_0034139c	0x2	0x2	direct-access	ps2/progress28_structural_lift_recovered.o	section-backed address only; complete C object/array extent unproved
_DAT_003413a0	0x003413a0	SECTION_BACKED_ADDRESS	.data.stage3f.va_0034139c	0x4	0x2	direct-access	ps2/progress28_structural_lift_recovered.o	section-backed address only; complete C object/array extent unproved
_DAT_003413b0	0x003413b0	SECTION_BACKED_ADDRESS	.data.stage3f.va_0034139c	0x14	0x2	direct-access	ps2/progress28_structural_lift_recovered.o	section-backed address only; complete C object/array extent unproved
_DAT_003413b2	0x003413b2	SECTION_BACKED_ADDRESS	.data.stage3f.history.va_003413b2	0x0		historical-source-owner	ps2/progress28_structural_lift_recovered.o	section-backed address only; complete C object/array extent unproved
_DAT_003413b4	0x003413b4	SECTION_BACKED_ADDRESS	.data.stage3f.va_003413b4	0x0	0x2	direct-access	ps2/progress28_structural_lift_recovered.o	section-backed address only; complete C object/array extent unproved
_DAT_003413b6	0x003413b6	SECTION_BACKED_ADDRESS	.data.stage3f.va_003413b4	0x2	0x2	direct-access	ps2/progress28_structural_lift_recovered.o	section-backed address only; complete C object/array extent unproved
_DAT_00341468	0x00341468	SECTION_BACKED_ADDRESS	.data.stage3f.va_00341460	0x8	0x2	direct-access	ps2/progress28_structural_lift_recovered.o	section-backed address only; complete C object/array extent unproved
_DAT_0034146a	0x0034146a	SECTION_BACKED_ADDRESS	.data.stage3f.va_00341460	0xa	0x2	direct-access	ps2/progress28_structural_lift_recovered.o	section-backed address only; complete C object/array extent unproved
_DAT_0034146c	0x0034146c	SECTION_BACKED_ADDRESS	.data.stage3f.va_00341460	0xc	0x2	direct-access	ps2/progress28_structural_lift_recovered.o	section-backed address only; complete C object/array extent unproved
_DAT_0034146e	0x0034146e	SECTION_BACKED_ADDRESS	.data.stage3f.va_00341460	0xe	0x2	direct-access	ps2/progress28_structural_lift_recovered.o	section-backed address only; complete C object/array extent unproved
_DAT_003414c6	0x003414c6	SECTION_BACKED_ADDRESS	.data.stage3f.va_003414b0	0x16	0x2	direct-access	ps2/progress28_structural_lift_recovered.o	section-backed address only; complete C object/array extent unproved
_DAT_003414c8	0x003414c8	SECTION_BACKED_ADDRESS	.data.stage3f.va_003414b0	0x18	0x2	direct-access	ps2/progress28_structural_lift_recovered.o	section-backed address only; complete C object/array extent unproved
_DAT_003414ca	0x003414ca	SECTION_BACKED_ADDRESS	.data.stage3f.va_003414b0	0x1a	0x2	direct-access	ps2/progress28_structural_lift_recovered.o	section-backed address only; complete C object/array extent unproved
_DAT_003415bc	0x003415bc	SECTION_BACKED_ADDRESS	.data.stage3f.va_003415ba	0x2	0x2	direct-access	ps2/progress28_structural_lift_recovered.o	section-backed address only; complete C object/array extent unproved
_DAT_003415be	0x003415be	SECTION_BACKED_ADDRESS	.data.stage3f.va_003415ba	0x4	0x2	direct-access	ps2/progress28_structural_lift_recovered.o	section-backed address only; complete C object/array extent unproved
_DAT_003415c0	0x003415c0	SECTION_BACKED_ADDRESS	.data.stage3f.va_003415ba	0x6	0x2	direct-access	ps2/progress28_structural_lift_recovered.o	section-backed address only; complete C object/array extent unproved
_DAT_00341612	0x00341612	SECTION_BACKED_ADDRESS	.data.stage3f.va_0034160c	0x6	0x2	direct-access	ps2/progress28_structural_lift_recovered.o	section-backed address only; complete C object/array extent unproved
_DAT_00341620	0x00341620	SECTION_BACKED_ADDRESS	.data.stage3f.va_0034161e	0x2	0x2	direct-access	ps2/progress28_structural_lift_recovered.o	section-backed address only; complete C object/array extent unproved
_DAT_00341622	0x00341622	SECTION_BACKED_ADDRESS	.data.stage3f.va_0034161e	0x4	0x2	direct-access	ps2/progress28_structural_lift_recovered.o	section-backed address only; complete C object/array extent unproved
_DAT_00341624	0x00341624	SECTION_BACKED_ADDRESS	.data.stage3f.va_0034161e	0x6	0x2	direct-access	ps2/progress28_structural_lift_recovered.o	section-backed address only; complete C object/array extent unproved
_DAT_00342a84	0x00342a84	SECTION_BACKED_ADDRESS	.data.stage3f.history.va_00342a38	0x4c	0x4	direct-access	ps2/progress28_structural_lift_recovered.o	section-backed address only; complete C object/array extent unproved
_DAT_00345388	0x00345388	SECTION_BACKED_ADDRESS	.data.stage3f.history.va_00345060	0x328	0x8	direct-access	ps2/progress28_structural_lift_recovered.o	section-backed address only; complete C object/array extent unproved
_DAT_003453a8	0x003453a8	SECTION_BACKED_ADDRESS	.data.stage3f.history.va_00345060	0x348	0x1	direct-access	ps2/progress28_structural_lift_recovered.o	section-backed address only; complete C object/array extent unproved
_DAT_003453b0	0x003453b0	SECTION_BACKED_ADDRESS	.data.stage3f.history.va_00345060	0x350	0x2	direct-access	ps2/progress28_structural_lift_recovered.o	section-backed address only; complete C object/array extent unproved
_DAT_003454d8	0x003454d8	SECTION_BACKED_ADDRESS	.data.stage3f.history.va_003454c0	0x18	0x1	direct-access	ps2/progress28_structural_lift_recovered.o	section-backed address only; complete C object/array extent unproved
_DAT_0035b74c	0x0035b74c	SECTION_BACKED_ADDRESS	.data.stage3ce.va_0034e2b0	0xd49c	0x4	direct-access	ps2/progress28_structural_lift_recovered.o	section-backed address only; complete C object/array extent unproved
_DAT_0035b752	0x0035b752	SECTION_BACKED_ADDRESS	.data.stage3ce.va_0034e2b0	0xd4a2	0x2	direct-access	ps2/progress28_structural_lift_recovered.o	section-backed address only; complete C object/array extent unproved
_DAT_0035b75a	0x0035b75a	SECTION_BACKED_ADDRESS	.data.stage3ce.va_0034e2b0	0xd4aa	0x2	direct-access	ps2/progress28_structural_lift_recovered.o	section-backed address only; complete C object/array extent unproved
_DAT_0035b760	0x0035b760	SECTION_BACKED_ADDRESS	.data.stage3ce.va_0034e2b0	0xd4b0	0x8	direct-access	ps2/progress28_structural_lift_recovered.o	section-backed address only; complete C object/array extent unproved
_DAT_0035b7b0	0x0035b7b0	SECTION_BACKED_ADDRESS	.data.stage3ce.va_0034e2b0	0xd500	0x4	direct-access	ps2/progress28_structural_lift_recovered.o	section-backed address only; complete C object/array extent unproved
_DAT_0035bfec	0x0035bfec	SECTION_BACKED_ADDRESS	.data.stage3ce.va_0034e2b0	0xdd3c	0x4	direct-access	ps2/progress28_structural_lift_recovered.o	section-backed address only; complete C object/array extent unproved
_DAT_0035c29c	0x0035c29c	SECTION_BACKED_ADDRESS	.data.stage3ce.va_0034e2b0	0xdfec	0x1	direct-access	ps2/progress28_structural_lift_recovered.o	section-backed address only; complete C object/array extent unproved
_DAT_0035d4d0	0x0035d4d0	SECTION_BACKED_ADDRESS	.data.stage3ce.va_0034e2b0	0xf220	0x4	direct-access	ps2/progress28_structural_lift_recovered.o	section-backed address only; complete C object/array extent unproved
_DAT_0041350d	0x0041350d	SECTION_BACKED_ADDRESS	.data.stage3f.va_00413504	0x9	0x1	direct-access	ps2/progress28_structural_lift_recovered.o	section-backed address only; complete C object/array extent unproved
_DAT_00413511	0x00413511	SECTION_BACKED_ADDRESS	.data.stage3f.va_00413504	0xd	0x1	direct-access	ps2/progress28_structural_lift_recovered.o	section-backed address only; complete C object/array extent unproved
_DAT_00413518	0x00413518	SECTION_BACKED_ADDRESS	.data.stage3f.va_00413504	0x14	0x1	direct-access	ps2/progress28_structural_lift_recovered.o	section-backed address only; complete C object/array extent unproved
_DAT_00413540	0x00413540	SECTION_BACKED_ADDRESS	.data.stage3f.va_00413504	0x3c	0x4	direct-access	ps2/progress28_structural_lift_recovered.o	section-backed address only; complete C object/array extent unproved
_DAT_00423554	0x00423554	SECTION_BACKED_ADDRESS	.data.stage3f.va_00423548	0xc	0x4	direct-access	ps2/progress28_structural_lift_recovered.o	section-backed address only; complete C object/array extent unproved
