symbol	target_address	status	resolution_kind	canonical_symbol	evidence	category	provider_kind	canonical_source	canonical_object	requesters	detail
CDVD_Init	0x0019be70	RESOLVED	semantic-text-alias	CDVD_Init_0019be70	exact-progress-name+unique-recovered-global-text	named-external	link-contract	src/ps2/cdvd_rpc_historical_recovered.c	ps2/cdvd_rpc_historical_recovered.o	app/main_bootstrap.o	progress=CDVD_Init
DAT_001385ec	0x001385ec	RESOLVED	absolute-address-anchor		address-suffix-inside-frozen-layout	target-address-data	program-data			ps2/progress28_structural_lift_recovered.o	absolute value only; no storage, section bytes, size, or alignment emitted
DAT_001385ed	0x001385ed	RESOLVED	absolute-address-anchor		address-suffix-inside-frozen-layout	target-address-data	program-data			ps2/progress28_structural_lift_recovered.o	absolute value only; no storage, section bytes, size, or alignment emitted
DAT_001b0a58	0x001b0a58	RESOLVED	absolute-address-anchor		address-suffix-inside-frozen-layout	target-address-data	program-data			ps2/progress28_structural_lift_recovered.o	absolute value only; no storage, section bytes, size, or alignment emitted
DAT_001b0ba0	0x001b0ba0	RESOLVED	absolute-address-anchor		address-suffix-inside-frozen-layout	target-address-data	program-data			ps2/progress28_structural_lift_recovered.o	absolute value only; no storage, section bytes, size, or alignment emitted
DAT_001b0ba8	0x001b0ba8	RESOLVED	absolute-address-anchor		address-suffix-inside-frozen-layout	target-address-data	program-data			ps2/progress28_structural_lift_recovered.o	absolute value only; no storage, section bytes, size, or alignment emitted
DAT_001b0eb8	0x001b0eb8	RESOLVED	absolute-address-anchor		address-suffix-inside-frozen-layout	target-address-data	program-data			ps2/progress28_structural_lift_recovered.o	absolute value only; no storage, section bytes, size, or alignment emitted
DAT_001b0eb9	0x001b0eb9	RESOLVED	absolute-address-anchor		address-suffix-inside-frozen-layout	target-address-data	program-data			ps2/progress28_structural_lift_recovered.o	absolute value only; no storage, section bytes, size, or alignment emitted
DAT_001b1370	0x001b1370	RESOLVED	absolute-address-anchor		address-suffix-inside-frozen-layout	target-address-data	program-data			ps2/progress28_structural_lift_recovered.o	absolute value only; no storage, section bytes, size, or alignment emitted
DAT_001b1468	0x001b1468	RESOLVED	absolute-address-anchor		address-suffix-inside-frozen-layout	target-address-data	program-data			ps2/progress28_structural_lift_recovered.o	absolute value only; no storage, section bytes, size, or alignment emitted
DAT_001b1470	0x001b1470	RESOLVED	absolute-address-anchor		address-suffix-inside-frozen-layout	target-address-data	program-data			ps2/progress28_structural_lift_recovered.o	absolute value only; no storage, section bytes, size, or alignment emitted
DAT_001b18d0	0x001b18d0	RESOLVED	absolute-address-anchor		address-suffix-inside-frozen-layout	target-address-data	program-data			ps2/progress28_structural_lift_recovered.o	absolute value only; no storage, section bytes, size, or alignment emitted
DAT_001b18d8	0x001b18d8	RESOLVED	absolute-address-anchor		address-suffix-inside-frozen-layout	target-address-data	program-data			ps2/progress28_structural_lift_recovered.o	absolute value only; no storage, section bytes, size, or alignment emitted
DAT_001b18e0	0x001b18e0	RESOLVED	absolute-address-anchor		address-suffix-inside-frozen-layout	target-address-data	program-data			ps2/progress28_structural_lift_recovered.o	absolute value only; no storage, section bytes, size, or alignment emitted
DAT_001b18e8	0x001b18e8	RESOLVED	absolute-address-anchor		address-suffix-inside-frozen-layout	target-address-data	program-data			ps2/progress28_structural_lift_recovered.o	absolute value only; no storage, section bytes, size, or alignment emitted
DAT_001b18f0	0x001b18f0	RESOLVED	absolute-address-anchor		address-suffix-inside-frozen-layout	target-address-data	program-data			ps2/progress28_structural_lift_recovered.o	absolute value only; no storage, section bytes, size, or alignment emitted
DAT_001b20d8	0x001b20d8	RESOLVED	absolute-address-anchor		address-suffix-inside-frozen-layout	target-address-data	program-data			ps2/progress28_structural_lift_recovered.o	absolute value only; no storage, section bytes, size, or alignment emitted
DAT_001b20e0	0x001b20e0	RESOLVED	absolute-address-anchor		address-suffix-inside-frozen-layout	target-address-data	program-data			ps2/progress28_structural_lift_recovered.o	absolute value only; no storage, section bytes, size, or alignment emitted
DAT_001b20e8	0x001b20e8	RESOLVED	absolute-address-anchor		address-suffix-inside-frozen-layout	target-address-data	program-data			ps2/progress28_structural_lift_recovered.o	absolute value only; no storage, section bytes, size, or alignment emitted
DAT_001b20f0	0x001b20f0	RESOLVED	absolute-address-anchor		address-suffix-inside-frozen-layout	target-address-data	program-data			ps2/progress28_structural_lift_recovered.o	absolute value only; no storage, section bytes, size, or alignment emitted
DAT_001b20f8	0x001b20f8	RESOLVED	absolute-address-anchor		address-suffix-inside-frozen-layout	target-address-data	program-data			ps2/progress28_structural_lift_recovered.o	absolute value only; no storage, section bytes, size, or alignment emitted
DAT_001b2118	0x001b2118	RESOLVED	absolute-address-anchor		address-suffix-inside-frozen-layout	target-address-data	program-data			ps2/progress28_structural_lift_recovered.o	absolute value only; no storage, section bytes, size, or alignment emitted
DAT_001b6ef8	0x001b6ef8	RESOLVED	absolute-address-anchor		address-suffix-inside-frozen-layout	target-address-data	program-data			ps2/progress28_structural_lift_recovered.o	absolute value only; no storage, section bytes, size, or alignment emitted
DAT_001b83f0	0x001b83f0	RESOLVED	absolute-address-anchor		address-suffix-inside-frozen-layout	target-address-data	program-data			ps2/progress28_structural_lift_recovered.o	absolute value only; no storage, section bytes, size, or alignment emitted
DAT_001b8440	0x001b8440	RESOLVED	absolute-address-anchor		address-suffix-inside-frozen-layout	target-address-data	program-data			ps2/progress28_structural_lift_recovered.o	absolute value only; no storage, section bytes, size, or alignment emitted
DAT_001b8508	0x001b8508	RESOLVED	absolute-address-anchor		address-suffix-inside-frozen-layout	target-address-data	program-data			ps2/progress28_structural_lift_recovered.o	absolute value only; no storage, section bytes, size, or alignment emitted
DAT_001b8510	0x001b8510	RESOLVED	absolute-address-anchor		address-suffix-inside-frozen-layout	target-address-data	program-data			ps2/progress28_structural_lift_recovered.o	absolute value only; no storage, section bytes, size, or alignment emitted
DAT_001b8530	0x001b8530	RESOLVED	absolute-address-anchor		address-suffix-inside-frozen-layout	target-address-data	program-data			ps2/progress28_structural_lift_recovered.o	absolute value only; no storage, section bytes, size, or alignment emitted
DAT_001b8538	0x001b8538	RESOLVED	absolute-address-anchor		address-suffix-inside-frozen-layout	target-address-data	program-data			ps2/progress28_structural_lift_recovered.o	absolute value only; no storage, section bytes, size, or alignment emitted
DAT_001b8558	0x001b8558	RESOLVED	absolute-address-anchor		address-suffix-inside-frozen-layout	target-address-data	program-data			ps2/progress28_structural_lift_recovered.o	absolute value only; no storage, section bytes, size, or alignment emitted
DAT_001b8580	0x001b8580	RESOLVED	absolute-address-anchor		address-suffix-inside-frozen-layout	target-address-data	program-data			ps2/progress28_structural_lift_recovered.o	absolute value only; no storage, section bytes, size, or alignment emitted
DAT_001b8588	0x001b8588	RESOLVED	absolute-address-anchor		address-suffix-inside-frozen-layout	target-address-data	program-data			ps2/progress28_structural_lift_recovered.o	absolute value only; no storage, section bytes, size, or alignment emitted
DAT_001b8590	0x001b8590	RESOLVED	absolute-address-anchor		address-suffix-inside-frozen-layout	target-address-data	program-data			ps2/progress28_structural_lift_recovered.o	absolute value only; no storage, section bytes, size, or alignment emitted
DAT_001babc8	0x001babc8	RESOLVED	absolute-address-anchor		address-suffix-inside-frozen-layout	target-address-data	program-data			ps2/progress28_structural_lift_recovered.o	absolute value only; no storage, section bytes, size, or alignment emitted
DAT_001baf00	0x001baf00	RESOLVED	absolute-address-anchor		address-suffix-inside-frozen-layout	target-address-data	program-data			ps2/progress28_structural_lift_recovered.o	absolute value only; no storage, section bytes, size, or alignment emitted
DAT_001baf08	0x001baf08	RESOLVED	absolute-address-anchor		address-suffix-inside-frozen-layout	target-address-data	program-data			ps2/progress28_structural_lift_recovered.o	absolute value only; no storage, section bytes, size, or alignment emitted
DAT_001baf20	0x001baf20	RESOLVED	absolute-address-anchor		address-suffix-inside-frozen-layout	target-address-data	program-data			ps2/progress28_structural_lift_recovered.o	absolute value only; no storage, section bytes, size, or alignment emitted
DAT_001bb2c0	0x001bb2c0	RESOLVED	absolute-address-anchor		address-suffix-inside-frozen-layout	target-address-data	program-data			ps2/progress28_structural_lift_recovered.o	absolute value only; no storage, section bytes, size, or alignment emitted
DAT_001bb2c4	0x001bb2c4	RESOLVED	absolute-address-anchor		address-suffix-inside-frozen-layout	target-address-data	program-data			ps2/progress28_structural_lift_recovered.o	absolute value only; no storage, section bytes, size, or alignment emitted
DAT_001bb2c8	0x001bb2c8	RESOLVED	absolute-address-anchor		address-suffix-inside-frozen-layout	target-address-data	program-data			ps2/progress28_structural_lift_recovered.o	absolute value only; no storage, section bytes, size, or alignment emitted
DAT_001bb2cc	0x001bb2cc	RESOLVED	absolute-address-anchor		address-suffix-inside-frozen-layout	target-address-data	program-data			ps2/progress28_structural_lift_recovered.o	absolute value only; no storage, section bytes, size, or alignment emitted
DAT_001bb340	0x001bb340	RESOLVED	absolute-address-anchor		address-suffix-inside-frozen-layout	target-address-data	program-data			ps2/progress28_structural_lift_recovered.o	absolute value only; no storage, section bytes, size, or alignment emitted
DAT_001bb341	0x001bb341	RESOLVED	absolute-address-anchor		address-suffix-inside-frozen-layout	target-address-data	program-data			ps2/progress28_structural_lift_recovered.o	absolute value only; no storage, section bytes, size, or alignment emitted
DAT_001bb748	0x001bb748	RESOLVED	absolute-address-anchor		address-suffix-inside-frozen-layout	target-address-data	program-data			ps2/progress28_structural_lift_recovered.o	absolute value only; no storage, section bytes, size, or alignment emitted
DAT_001bb87c	0x001bb87c	RESOLVED	absolute-address-anchor		address-suffix-inside-frozen-layout	target-address-data	program-data			ps2/progress28_structural_lift_recovered.o	absolute value only; no storage, section bytes, size, or alignment emitted
DAT_001bbd44	0x001bbd44	RESOLVED	absolute-address-anchor		address-suffix-inside-frozen-layout	target-address-data	program-data			ps2/progress28_structural_lift_recovered.o	absolute value only; no storage, section bytes, size, or alignment emitted
DAT_001bbd50	0x001bbd50	RESOLVED	absolute-address-anchor		address-suffix-inside-frozen-layout	target-address-data	program-data			ps2/progress28_structural_lift_recovered.o	absolute value only; no storage, section bytes, size, or alignment emitted
DAT_001bbd80	0x001bbd80	RESOLVED	absolute-address-anchor		address-suffix-inside-frozen-layout	target-address-data	program-data			ps2/progress28_structural_lift_recovered.o	absolute value only; no storage, section bytes, size, or alignment emitted
DAT_001bbd82	0x001bbd82	RESOLVED	absolute-address-anchor		address-suffix-inside-frozen-layout	target-address-data	program-data			ps2/progress28_structural_lift_recovered.o	absolute value only; no storage, section bytes, size, or alignment emitted
DAT_001bbd84	0x001bbd84	RESOLVED	absolute-address-anchor		address-suffix-inside-frozen-layout	target-address-data	program-data			ps2/progress28_structural_lift_recovered.o	absolute value only; no storage, section bytes, size, or alignment emitted
DAT_001bbd86	0x001bbd86	RESOLVED	absolute-address-anchor		address-suffix-inside-frozen-layout	target-address-data	program-data			ps2/progress28_structural_lift_recovered.o	absolute value only; no storage, section bytes, size, or alignment emitted
DAT_001d3480	0x001d3480	RESOLVED	absolute-address-anchor		address-suffix-inside-frozen-layout	target-address-data	program-data			ps2/progress28_structural_lift_recovered.o	absolute value only; no storage, section bytes, size, or alignment emitted
DAT_001d3482	0x001d3482	RESOLVED	absolute-address-anchor		address-suffix-inside-frozen-layout	target-address-data	program-data			ps2/progress28_structural_lift_recovered.o	absolute value only; no storage, section bytes, size, or alignment emitted
DAT_001d3484	0x001d3484	RESOLVED	absolute-address-anchor		address-suffix-inside-frozen-layout	target-address-data	program-data			ps2/progress28_structural_lift_recovered.o	absolute value only; no storage, section bytes, size, or alignment emitted
DAT_001d3486	0x001d3486	RESOLVED	absolute-address-anchor		address-suffix-inside-frozen-layout	target-address-data	program-data			ps2/progress28_structural_lift_recovered.o	absolute value only; no storage, section bytes, size, or alignment emitted
DAT_001eba80	0x001eba80	RESOLVED	absolute-address-anchor		address-suffix-inside-frozen-layout	target-address-data	program-data			ps2/progress28_structural_lift_recovered.o	absolute value only; no storage, section bytes, size, or alignment emitted
DAT_001ebae0	0x001ebae0	RESOLVED	absolute-address-anchor		address-suffix-inside-frozen-layout	target-address-data	program-data			ps2/progress28_structural_lift_recovered.o	absolute value only; no storage, section bytes, size, or alignment emitted
DAT_001ebae4	0x001ebae4	RESOLVED	absolute-address-anchor		address-suffix-inside-frozen-layout	target-address-data	program-data			ps2/progress28_structural_lift_recovered.o	absolute value only; no storage, section bytes, size, or alignment emitted
DAT_001ebaec	0x001ebaec	RESOLVED	absolute-address-anchor		address-suffix-inside-frozen-layout	target-address-data	program-data			ps2/progress28_structural_lift_recovered.o	absolute value only; no storage, section bytes, size, or alignment emitted
DAT_001ebd40	0x001ebd40	RESOLVED	absolute-address-anchor		address-suffix-inside-frozen-layout	target-address-data	program-data			ps2/progress28_structural_lift_recovered.o	absolute value only; no storage, section bytes, size, or alignment emitted
DAT_001ebd41	0x001ebd41	RESOLVED	absolute-address-anchor		address-suffix-inside-frozen-layout	target-address-data	program-data			ps2/progress28_structural_lift_recovered.o	absolute value only; no storage, section bytes, size, or alignment emitted
DAT_001ebd42	0x001ebd42	RESOLVED	absolute-address-anchor		address-suffix-inside-frozen-layout	target-address-data	program-data			ps2/progress28_structural_lift_recovered.o	absolute value only; no storage, section bytes, size, or alignment emitted
DAT_001ebd43	0x001ebd43	RESOLVED	absolute-address-anchor		address-suffix-inside-frozen-layout	target-address-data	program-data			ps2/progress28_structural_lift_recovered.o	absolute value only; no storage, section bytes, size, or alignment emitted
DAT_001ebd44	0x001ebd44	RESOLVED	absolute-address-anchor		address-suffix-inside-frozen-layout	target-address-data	program-data			ps2/progress28_structural_lift_recovered.o	absolute value only; no storage, section bytes, size, or alignment emitted
DAT_001ebd45	0x001ebd45	RESOLVED	absolute-address-anchor		address-suffix-inside-frozen-layout	target-address-data	program-data			ps2/progress28_structural_lift_recovered.o	absolute value only; no storage, section bytes, size, or alignment emitted
DAT_001ebd46	0x001ebd46	RESOLVED	absolute-address-anchor		address-suffix-inside-frozen-layout	target-address-data	program-data			ps2/progress28_structural_lift_recovered.o	absolute value only; no storage, section bytes, size, or alignment emitted
DAT_001ebd48	0x001ebd48	RESOLVED	absolute-address-anchor		address-suffix-inside-frozen-layout	target-address-data	program-data			ps2/progress28_structural_lift_recovered.o	absolute value only; no storage, section bytes, size, or alignment emitted
DAT_001ebd4c	0x001ebd4c	RESOLVED	absolute-address-anchor		address-suffix-inside-frozen-layout	target-address-data	program-data			ps2/progress28_structural_lift_recovered.o	absolute value only; no storage, section bytes, size, or alignment emitted
DAT_001ebd50	0x001ebd50	RESOLVED	absolute-address-anchor		address-suffix-inside-frozen-layout	target-address-data	program-data			ps2/progress28_structural_lift_recovered.o	absolute value only; no storage, section bytes, size, or alignment emitted
DAT_001ebd54	0x001ebd54	RESOLVED	absolute-address-anchor		address-suffix-inside-frozen-layout	target-address-data	program-data			ps2/progress28_structural_lift_recovered.o	absolute value only; no storage, section bytes, size, or alignment emitted
DAT_001ebd58	0x001ebd58	RESOLVED	absolute-address-anchor		address-suffix-inside-frozen-layout	target-address-data	program-data			ps2/progress28_structural_lift_recovered.o	absolute value only; no storage, section bytes, size, or alignment emitted
DAT_001ebd5c	0x001ebd5c	RESOLVED	absolute-address-anchor		address-suffix-inside-frozen-layout	target-address-data	program-data			ps2/progress28_structural_lift_recovered.o	absolute value only; no storage, section bytes, size, or alignment emitted
DAT_001ebe00	0x001ebe00	RESOLVED	absolute-address-anchor		address-suffix-inside-frozen-layout	target-address-data	program-data			ps2/progress28_structural_lift_recovered.o	absolute value only; no storage, section bytes, size, or alignment emitted
DAT_001ebe01	0x001ebe01	RESOLVED	absolute-address-anchor		address-suffix-inside-frozen-layout	target-address-data	program-data			ps2/progress28_structural_lift_recovered.o	absolute value only; no storage, section bytes, size, or alignment emitted
DAT_001ebe02	0x001ebe02	RESOLVED	absolute-address-anchor		address-suffix-inside-frozen-layout	target-address-data	program-data			ps2/progress28_structural_lift_recovered.o	absolute value only; no storage, section bytes, size, or alignment emitted
DAT_001ebe03	0x001ebe03	RESOLVED	absolute-address-anchor		address-suffix-inside-frozen-layout	target-address-data	program-data			ps2/progress28_structural_lift_recovered.o	absolute value only; no storage, section bytes, size, or alignment emitted
DAT_001ebe06	0x001ebe06	RESOLVED	absolute-address-anchor		address-suffix-inside-frozen-layout	target-address-data	program-data			ps2/progress28_structural_lift_recovered.o	absolute value only; no storage, section bytes, size, or alignment emitted
DAT_001ebe0c	0x001ebe0c	RESOLVED	absolute-address-anchor		address-suffix-inside-frozen-layout	target-address-data	program-data			ps2/progress28_structural_lift_recovered.o	absolute value only; no storage, section bytes, size, or alignment emitted
DAT_001ebe50	0x001ebe50	RESOLVED	absolute-address-anchor		address-suffix-inside-frozen-layout	target-address-data	program-data			ps2/progress28_structural_lift_recovered.o	absolute value only; no storage, section bytes, size, or alignment emitted
DAT_001ebe54	0x001ebe54	RESOLVED	absolute-address-anchor		address-suffix-inside-frozen-layout	target-address-data	program-data			ps2/progress28_structural_lift_recovered.o	absolute value only; no storage, section bytes, size, or alignment emitted
DAT_001ebe58	0x001ebe58	RESOLVED	absolute-address-anchor		address-suffix-inside-frozen-layout	target-address-data	program-data			ps2/progress28_structural_lift_recovered.o	absolute value only; no storage, section bytes, size, or alignment emitted
DAT_001ebe60	0x001ebe60	RESOLVED	absolute-address-anchor		address-suffix-inside-frozen-layout	target-address-data	program-data			ps2/progress28_structural_lift_recovered.o	absolute value only; no storage, section bytes, size, or alignment emitted
DAT_001ebe64	0x001ebe64	RESOLVED	absolute-address-anchor		address-suffix-inside-frozen-layout	target-address-data	program-data			ps2/progress28_structural_lift_recovered.o	absolute value only; no storage, section bytes, size, or alignment emitted
DAT_001ebe68	0x001ebe68	RESOLVED	absolute-address-anchor		address-suffix-inside-frozen-layout	target-address-data	program-data			ps2/progress28_structural_lift_recovered.o	absolute value only; no storage, section bytes, size, or alignment emitted
DAT_001ebe70	0x001ebe70	RESOLVED	absolute-address-anchor		address-suffix-inside-frozen-layout	target-address-data	program-data			ps2/progress28_structural_lift_recovered.o	absolute value only; no storage, section bytes, size, or alignment emitted
DAT_001ebe74	0x001ebe74	RESOLVED	absolute-address-anchor		address-suffix-inside-frozen-layout	target-address-data	program-data			ps2/progress28_structural_lift_recovered.o	absolute value only; no storage, section bytes, size, or alignment emitted
DAT_001ebe78	0x001ebe78	RESOLVED	absolute-address-anchor		address-suffix-inside-frozen-layout	target-address-data	program-data			ps2/progress28_structural_lift_recovered.o	absolute value only; no storage, section bytes, size, or alignment emitted
DAT_001ebe80	0x001ebe80	RESOLVED	absolute-address-anchor		address-suffix-inside-frozen-layout	target-address-data	program-data			ps2/progress28_structural_lift_recovered.o	absolute value only; no storage, section bytes, size, or alignment emitted
DAT_001ebe84	0x001ebe84	RESOLVED	absolute-address-anchor		address-suffix-inside-frozen-layout	target-address-data	program-data			ps2/progress28_structural_lift_recovered.o	absolute value only; no storage, section bytes, size, or alignment emitted
DAT_001ebe88	0x001ebe88	RESOLVED	absolute-address-anchor		address-suffix-inside-frozen-layout	target-address-data	program-data			ps2/progress28_structural_lift_recovered.o	absolute value only; no storage, section bytes, size, or alignment emitted
DAT_001ebe90	0x001ebe90	RESOLVED	absolute-address-anchor		address-suffix-inside-frozen-layout	target-address-data	program-data			ps2/progress28_structural_lift_recovered.o	absolute value only; no storage, section bytes, size, or alignment emitted
DAT_001ebe94	0x001ebe94	RESOLVED	absolute-address-anchor		address-suffix-inside-frozen-layout	target-address-data	program-data			ps2/progress28_structural_lift_recovered.o	absolute value only; no storage, section bytes, size, or alignment emitted
DAT_001ebe98	0x001ebe98	RESOLVED	absolute-address-anchor		address-suffix-inside-frozen-layout	target-address-data	program-data			ps2/progress28_structural_lift_recovered.o	absolute value only; no storage, section bytes, size, or alignment emitted
DAT_001ebea0	0x001ebea0	RESOLVED	absolute-address-anchor		address-suffix-inside-frozen-layout	target-address-data	program-data			ps2/progress28_structural_lift_recovered.o	absolute value only; no storage, section bytes, size, or alignment emitted
DAT_001ebea4	0x001ebea4	RESOLVED	absolute-address-anchor		address-suffix-inside-frozen-layout	target-address-data	program-data			ps2/progress28_structural_lift_recovered.o	absolute value only; no storage, section bytes, size, or alignment emitted
DAT_001ebea8	0x001ebea8	RESOLVED	absolute-address-anchor		address-suffix-inside-frozen-layout	target-address-data	program-data			ps2/progress28_structural_lift_recovered.o	absolute value only; no storage, section bytes, size, or alignment emitted
DAT_001ebeb0	0x001ebeb0	RESOLVED	absolute-address-anchor		address-suffix-inside-frozen-layout	target-address-data	program-data			ps2/progress28_structural_lift_recovered.o	absolute value only; no storage, section bytes, size, or alignment emitted
DAT_001ebeb4	0x001ebeb4	RESOLVED	absolute-address-anchor		address-suffix-inside-frozen-layout	target-address-data	program-data			ps2/progress28_structural_lift_recovered.o	absolute value only; no storage, section bytes, size, or alignment emitted
DAT_001ebeb8	0x001ebeb8	RESOLVED	absolute-address-anchor		address-suffix-inside-frozen-layout	target-address-data	program-data			ps2/progress28_structural_lift_recovered.o	absolute value only; no storage, section bytes, size, or alignment emitted
DAT_001ec1c4	0x001ec1c4	RESOLVED	absolute-address-anchor		address-suffix-inside-frozen-layout	target-address-data	program-data			ps2/progress28_structural_lift_recovered.o	absolute value only; no storage, section bytes, size, or alignment emitted
DAT_001f40d4	0x001f40d4	RESOLVED	absolute-address-anchor		address-suffix-inside-frozen-layout	target-address-data	program-data			ps2/progress28_structural_lift_recovered.o	absolute value only; no storage, section bytes, size, or alignment emitted
DAT_001f60c8	0x001f60c8	RESOLVED	absolute-address-anchor		address-suffix-inside-frozen-layout	target-address-data	program-data			ps2/progress28_structural_lift_recovered.o	absolute value only; no storage, section bytes, size, or alignment emitted
DAT_001fafa0	0x001fafa0	RESOLVED	absolute-address-anchor		address-suffix-inside-frozen-layout	target-address-data	program-data			ps2/progress28_structural_lift_recovered.o	absolute value only; no storage, section bytes, size, or alignment emitted
DAT_002ebc30	0x002ebc30	RESOLVED	absolute-address-anchor		address-suffix-inside-frozen-layout	target-address-data	program-data			ps2/progress28_structural_lift_recovered.o	absolute value only; no storage, section bytes, size, or alignment emitted
DAT_002ec1f4	0x002ec1f4	RESOLVED	absolute-address-anchor		address-suffix-inside-frozen-layout	target-address-data	program-data			ps2/progress28_structural_lift_recovered.o	absolute value only; no storage, section bytes, size, or alignment emitted
DAT_002ec200	0x002ec200	RESOLVED	absolute-address-anchor		address-suffix-inside-frozen-layout	target-address-data	program-data			ps2/progress28_structural_lift_recovered.o	absolute value only; no storage, section bytes, size, or alignment emitted
DAT_002ec53c	0x002ec53c	RESOLVED	absolute-address-anchor		address-suffix-inside-frozen-layout	target-address-data	program-data			ps2/progress28_structural_lift_recovered.o	absolute value only; no storage, section bytes, size, or alignment emitted
DAT_00335278	0x00335278	RESOLVED	absolute-address-anchor		address-suffix-inside-frozen-layout	target-address-data	program-data			ps2/progress28_structural_lift_recovered.o	absolute value only; no storage, section bytes, size, or alignment emitted
DAT_00335280	0x00335280	RESOLVED	absolute-address-anchor		address-suffix-inside-frozen-layout	target-address-data	program-data			ps2/progress28_structural_lift_recovered.o	absolute value only; no storage, section bytes, size, or alignment emitted
DAT_00335370	0x00335370	RESOLVED	absolute-address-anchor		address-suffix-inside-frozen-layout	target-address-data	program-data			ps2/progress28_structural_lift_recovered.o	absolute value only; no storage, section bytes, size, or alignment emitted
DAT_00335374	0x00335374	RESOLVED	absolute-address-anchor		address-suffix-inside-frozen-layout	target-address-data	program-data			ps2/progress28_structural_lift_recovered.o	absolute value only; no storage, section bytes, size, or alignment emitted
DAT_00335378	0x00335378	RESOLVED	absolute-address-anchor		address-suffix-inside-frozen-layout	target-address-data	program-data			ps2/progress28_structural_lift_recovered.o	absolute value only; no storage, section bytes, size, or alignment emitted
DAT_00335478	0x00335478	RESOLVED	absolute-address-anchor		address-suffix-inside-frozen-layout	target-address-data	program-data			ps2/progress28_structural_lift_recovered.o	absolute value only; no storage, section bytes, size, or alignment emitted
DAT_003354f8	0x003354f8	RESOLVED	absolute-address-anchor		address-suffix-inside-frozen-layout	target-address-data	program-data			ps2/progress28_structural_lift_recovered.o	absolute value only; no storage, section bytes, size, or alignment emitted
DAT_00335538	0x00335538	RESOLVED	absolute-address-anchor		address-suffix-inside-frozen-layout	target-address-data	program-data			ps2/progress28_structural_lift_recovered.o	absolute value only; no storage, section bytes, size, or alignment emitted
DAT_00335638	0x00335638	RESOLVED	absolute-address-anchor		address-suffix-inside-frozen-layout	target-address-data	program-data			ps2/progress28_structural_lift_recovered.o	absolute value only; no storage, section bytes, size, or alignment emitted
DAT_00335738	0x00335738	RESOLVED	absolute-address-anchor		address-suffix-inside-frozen-layout	target-address-data	program-data			ps2/progress28_structural_lift_recovered.o	absolute value only; no storage, section bytes, size, or alignment emitted
DAT_00335938	0x00335938	RESOLVED	absolute-address-anchor		address-suffix-inside-frozen-layout	target-address-data	program-data			ps2/progress28_structural_lift_recovered.o	absolute value only; no storage, section bytes, size, or alignment emitted
DAT_00335939	0x00335939	RESOLVED	absolute-address-anchor		address-suffix-inside-frozen-layout	target-address-data	program-data			ps2/progress28_structural_lift_recovered.o	absolute value only; no storage, section bytes, size, or alignment emitted
DAT_0033593a	0x0033593a	RESOLVED	absolute-address-anchor		address-suffix-inside-frozen-layout	target-address-data	program-data			ps2/progress28_structural_lift_recovered.o	absolute value only; no storage, section bytes, size, or alignment emitted
DAT_0033593b	0x0033593b	RESOLVED	absolute-address-anchor		address-suffix-inside-frozen-layout	target-address-data	program-data			ps2/progress28_structural_lift_recovered.o	absolute value only; no storage, section bytes, size, or alignment emitted
DAT_0033593c	0x0033593c	RESOLVED	absolute-address-anchor		address-suffix-inside-frozen-layout	target-address-data	program-data			ps2/progress28_structural_lift_recovered.o	absolute value only; no storage, section bytes, size, or alignment emitted
DAT_0033593e	0x0033593e	RESOLVED	absolute-address-anchor		address-suffix-inside-frozen-layout	target-address-data	program-data			ps2/progress28_structural_lift_recovered.o	absolute value only; no storage, section bytes, size, or alignment emitted
DAT_00335940	0x00335940	RESOLVED	absolute-address-anchor		address-suffix-inside-frozen-layout	target-address-data	program-data			ps2/progress28_structural_lift_recovered.o	absolute value only; no storage, section bytes, size, or alignment emitted
DAT_00335942	0x00335942	RESOLVED	absolute-address-anchor		address-suffix-inside-frozen-layout	target-address-data	program-data			ps2/progress28_structural_lift_recovered.o	absolute value only; no storage, section bytes, size, or alignment emitted
DAT_00335944	0x00335944	RESOLVED	absolute-address-anchor		address-suffix-inside-frozen-layout	target-address-data	program-data			ps2/progress28_structural_lift_recovered.o	absolute value only; no storage, section bytes, size, or alignment emitted
DAT_00335946	0x00335946	RESOLVED	absolute-address-anchor		address-suffix-inside-frozen-layout	target-address-data	program-data			ps2/progress28_structural_lift_recovered.o	absolute value only; no storage, section bytes, size, or alignment emitted
DAT_00335947	0x00335947	RESOLVED	absolute-address-anchor		address-suffix-inside-frozen-layout	target-address-data	program-data			ps2/progress28_structural_lift_recovered.o	absolute value only; no storage, section bytes, size, or alignment emitted
DAT_00335948	0x00335948	RESOLVED	absolute-address-anchor		address-suffix-inside-frozen-layout	target-address-data	program-data			ps2/progress28_structural_lift_recovered.o	absolute value only; no storage, section bytes, size, or alignment emitted
DAT_00335949	0x00335949	RESOLVED	absolute-address-anchor		address-suffix-inside-frozen-layout	target-address-data	program-data			ps2/progress28_structural_lift_recovered.o	absolute value only; no storage, section bytes, size, or alignment emitted
DAT_0033594a	0x0033594a	RESOLVED	absolute-address-anchor		address-suffix-inside-frozen-layout	target-address-data	program-data			ps2/progress28_structural_lift_recovered.o	absolute value only; no storage, section bytes, size, or alignment emitted
DAT_0033594b	0x0033594b	RESOLVED	absolute-address-anchor		address-suffix-inside-frozen-layout	target-address-data	program-data			ps2/progress28_structural_lift_recovered.o	absolute value only; no storage, section bytes, size, or alignment emitted
DAT_0033594c	0x0033594c	RESOLVED	absolute-address-anchor		address-suffix-inside-frozen-layout	target-address-data	program-data			ps2/progress28_structural_lift_recovered.o	absolute value only; no storage, section bytes, size, or alignment emitted
DAT_0033594d	0x0033594d	RESOLVED	absolute-address-anchor		address-suffix-inside-frozen-layout	target-address-data	program-data			ps2/progress28_structural_lift_recovered.o	absolute value only; no storage, section bytes, size, or alignment emitted
DAT_003359d0	0x003359d0	RESOLVED	absolute-address-anchor		address-suffix-inside-frozen-layout	target-address-data	program-data			ps2/progress28_structural_lift_recovered.o	absolute value only; no storage, section bytes, size, or alignment emitted
DAT_00335a00	0x00335a00	RESOLVED	absolute-address-anchor		address-suffix-inside-frozen-layout	target-address-data	program-data			ps2/progress28_structural_lift_recovered.o	absolute value only; no storage, section bytes, size, or alignment emitted
DAT_00335a50	0x00335a50	RESOLVED	absolute-address-anchor		address-suffix-inside-frozen-layout	target-address-data	program-data			ps2/progress28_structural_lift_recovered.o	absolute value only; no storage, section bytes, size, or alignment emitted
DAT_00335e50	0x00335e50	RESOLVED	absolute-address-anchor		address-suffix-inside-frozen-layout	target-address-data	program-data			ps2/progress28_structural_lift_recovered.o	absolute value only; no storage, section bytes, size, or alignment emitted
DAT_0033ce78	0x0033ce78	RESOLVED	absolute-address-anchor		address-suffix-inside-frozen-layout	target-address-data	program-data			ps2/progress28_structural_lift_recovered.o	absolute value only; no storage, section bytes, size, or alignment emitted
DAT_0033ee78	0x0033ee78	RESOLVED	absolute-address-anchor		address-suffix-inside-frozen-layout	target-address-data	program-data			ps2/progress28_structural_lift_recovered.o	absolute value only; no storage, section bytes, size, or alignment emitted
DAT_00340f90	0x00340f90	RESOLVED	absolute-address-anchor		address-suffix-inside-frozen-layout	target-address-data	program-data			ps2/progress28_structural_lift_recovered.o	absolute value only; no storage, section bytes, size, or alignment emitted
DAT_00340f92	0x00340f92	RESOLVED	absolute-address-anchor		address-suffix-inside-frozen-layout	target-address-data	program-data			ps2/progress28_structural_lift_recovered.o	absolute value only; no storage, section bytes, size, or alignment emitted
DAT_00341398	0x00341398	RESOLVED	absolute-address-anchor		address-suffix-inside-frozen-layout	target-address-data	program-data			ps2/progress28_structural_lift_recovered.o	absolute value only; no storage, section bytes, size, or alignment emitted
DAT_0034139a	0x0034139a	RESOLVED	absolute-address-anchor		address-suffix-inside-frozen-layout	target-address-data	program-data			ps2/progress28_structural_lift_recovered.o	absolute value only; no storage, section bytes, size, or alignment emitted
DAT_0034139c	0x0034139c	RESOLVED	absolute-address-anchor		address-suffix-inside-frozen-layout	target-address-data	program-data			ps2/progress28_structural_lift_recovered.o	absolute value only; no storage, section bytes, size, or alignment emitted
DAT_003413a2	0x003413a2	RESOLVED	absolute-address-anchor		address-suffix-inside-frozen-layout	target-address-data	program-data			ps2/progress28_structural_lift_recovered.o	absolute value only; no storage, section bytes, size, or alignment emitted
DAT_003413a4	0x003413a4	RESOLVED	absolute-address-anchor		address-suffix-inside-frozen-layout	target-address-data	program-data			ps2/progress28_structural_lift_recovered.o	absolute value only; no storage, section bytes, size, or alignment emitted
DAT_003413a6	0x003413a6	RESOLVED	absolute-address-anchor		address-suffix-inside-frozen-layout	target-address-data	program-data			ps2/progress28_structural_lift_recovered.o	absolute value only; no storage, section bytes, size, or alignment emitted
DAT_003413a8	0x003413a8	RESOLVED	absolute-address-anchor		address-suffix-inside-frozen-layout	target-address-data	program-data			ps2/progress28_structural_lift_recovered.o	absolute value only; no storage, section bytes, size, or alignment emitted
DAT_003413aa	0x003413aa	RESOLVED	absolute-address-anchor		address-suffix-inside-frozen-layout	target-address-data	program-data			ps2/progress28_structural_lift_recovered.o	absolute value only; no storage, section bytes, size, or alignment emitted
DAT_003413ac	0x003413ac	RESOLVED	absolute-address-anchor		address-suffix-inside-frozen-layout	target-address-data	program-data			ps2/progress28_structural_lift_recovered.o	absolute value only; no storage, section bytes, size, or alignment emitted
DAT_003413ae	0x003413ae	RESOLVED	absolute-address-anchor		address-suffix-inside-frozen-layout	target-address-data	program-data			ps2/progress28_structural_lift_recovered.o	absolute value only; no storage, section bytes, size, or alignment emitted
DAT_003413b8	0x003413b8	RESOLVED	absolute-address-anchor		address-suffix-inside-frozen-layout	target-address-data	program-data			ps2/progress28_structural_lift_recovered.o	absolute value only; no storage, section bytes, size, or alignment emitted
DAT_003413bc	0x003413bc	RESOLVED	absolute-address-anchor		address-suffix-inside-frozen-layout	target-address-data	program-data			ps2/progress28_structural_lift_recovered.o	absolute value only; no storage, section bytes, size, or alignment emitted
DAT_003413cc	0x003413cc	RESOLVED	absolute-address-anchor		address-suffix-inside-frozen-layout	target-address-data	program-data			ps2/progress28_structural_lift_recovered.o	absolute value only; no storage, section bytes, size, or alignment emitted
DAT_003413d0	0x003413d0	RESOLVED	absolute-address-anchor		address-suffix-inside-frozen-layout	target-address-data	program-data			ps2/progress28_structural_lift_recovered.o	absolute value only; no storage, section bytes, size, or alignment emitted
DAT_003413d4	0x003413d4	RESOLVED	absolute-address-anchor		address-suffix-inside-frozen-layout	target-address-data	program-data			ps2/progress28_structural_lift_recovered.o	absolute value only; no storage, section bytes, size, or alignment emitted
DAT_003413d8	0x003413d8	RESOLVED	absolute-address-anchor		address-suffix-inside-frozen-layout	target-address-data	program-data			ps2/progress28_structural_lift_recovered.o	absolute value only; no storage, section bytes, size, or alignment emitted
DAT_003413dc	0x003413dc	RESOLVED	absolute-address-anchor		address-suffix-inside-frozen-layout	target-address-data	program-data			ps2/progress28_structural_lift_recovered.o	absolute value only; no storage, section bytes, size, or alignment emitted
DAT_003413e0	0x003413e0	RESOLVED	absolute-address-anchor		address-suffix-inside-frozen-layout	target-address-data	program-data			ps2/progress28_structural_lift_recovered.o	absolute value only; no storage, section bytes, size, or alignment emitted
DAT_003413f0	0x003413f0	RESOLVED	absolute-address-anchor		address-suffix-inside-frozen-layout	target-address-data	program-data			ps2/progress28_structural_lift_recovered.o	absolute value only; no storage, section bytes, size, or alignment emitted
DAT_003413f4	0x003413f4	RESOLVED	absolute-address-anchor		address-suffix-inside-frozen-layout	target-address-data	program-data			ps2/progress28_structural_lift_recovered.o	absolute value only; no storage, section bytes, size, or alignment emitted
DAT_003413f8	0x003413f8	RESOLVED	absolute-address-anchor		address-suffix-inside-frozen-layout	target-address-data	program-data			ps2/progress28_structural_lift_recovered.o	absolute value only; no storage, section bytes, size, or alignment emitted
DAT_003413fc	0x003413fc	RESOLVED	absolute-address-anchor		address-suffix-inside-frozen-layout	target-address-data	program-data			ps2/progress28_structural_lift_recovered.o	absolute value only; no storage, section bytes, size, or alignment emitted
DAT_00341434	0x00341434	RESOLVED	absolute-address-anchor		address-suffix-inside-frozen-layout	target-address-data	program-data			ps2/progress28_structural_lift_recovered.o	absolute value only; no storage, section bytes, size, or alignment emitted
DAT_00341438	0x00341438	RESOLVED	absolute-address-anchor		address-suffix-inside-frozen-layout	target-address-data	program-data			ps2/progress28_structural_lift_recovered.o	absolute value only; no storage, section bytes, size, or alignment emitted
DAT_0034143c	0x0034143c	RESOLVED	absolute-address-anchor		address-suffix-inside-frozen-layout	target-address-data	program-data			ps2/progress28_structural_lift_recovered.o	absolute value only; no storage, section bytes, size, or alignment emitted
DAT_00341440	0x00341440	RESOLVED	absolute-address-anchor		address-suffix-inside-frozen-layout	target-address-data	program-data			ps2/progress28_structural_lift_recovered.o	absolute value only; no storage, section bytes, size, or alignment emitted
DAT_00341444	0x00341444	RESOLVED	absolute-address-anchor		address-suffix-inside-frozen-layout	target-address-data	program-data			ps2/progress28_structural_lift_recovered.o	absolute value only; no storage, section bytes, size, or alignment emitted
DAT_00341448	0x00341448	RESOLVED	absolute-address-anchor		address-suffix-inside-frozen-layout	target-address-data	program-data			ps2/progress28_structural_lift_recovered.o	absolute value only; no storage, section bytes, size, or alignment emitted
DAT_0034144c	0x0034144c	RESOLVED	absolute-address-anchor		address-suffix-inside-frozen-layout	target-address-data	program-data			ps2/progress28_structural_lift_recovered.o	absolute value only; no storage, section bytes, size, or alignment emitted
DAT_00341450	0x00341450	RESOLVED	absolute-address-anchor		address-suffix-inside-frozen-layout	target-address-data	program-data			ps2/progress28_structural_lift_recovered.o	absolute value only; no storage, section bytes, size, or alignment emitted
DAT_00341454	0x00341454	RESOLVED	absolute-address-anchor		address-suffix-inside-frozen-layout	target-address-data	program-data			ps2/progress28_structural_lift_recovered.o	absolute value only; no storage, section bytes, size, or alignment emitted
DAT_0034145c	0x0034145c	RESOLVED	absolute-address-anchor		address-suffix-inside-frozen-layout	target-address-data	program-data			ps2/progress28_structural_lift_recovered.o	absolute value only; no storage, section bytes, size, or alignment emitted
DAT_00341460	0x00341460	RESOLVED	absolute-address-anchor		address-suffix-inside-frozen-layout	target-address-data	program-data			ps2/progress28_structural_lift_recovered.o	absolute value only; no storage, section bytes, size, or alignment emitted
DAT_00341462	0x00341462	RESOLVED	absolute-address-anchor		address-suffix-inside-frozen-layout	target-address-data	program-data			ps2/progress28_structural_lift_recovered.o	absolute value only; no storage, section bytes, size, or alignment emitted
DAT_00341464	0x00341464	RESOLVED	absolute-address-anchor		address-suffix-inside-frozen-layout	target-address-data	program-data			ps2/progress28_structural_lift_recovered.o	absolute value only; no storage, section bytes, size, or alignment emitted
DAT_00341466	0x00341466	RESOLVED	absolute-address-anchor		address-suffix-inside-frozen-layout	target-address-data	program-data			ps2/progress28_structural_lift_recovered.o	absolute value only; no storage, section bytes, size, or alignment emitted
DAT_003414b0	0x003414b0	RESOLVED	absolute-address-anchor		address-suffix-inside-frozen-layout	target-address-data	program-data			ps2/progress28_structural_lift_recovered.o	absolute value only; no storage, section bytes, size, or alignment emitted
DAT_003414b4	0x003414b4	RESOLVED	absolute-address-anchor		address-suffix-inside-frozen-layout	target-address-data	program-data			ps2/progress28_structural_lift_recovered.o	absolute value only; no storage, section bytes, size, or alignment emitted
DAT_003414b8	0x003414b8	RESOLVED	absolute-address-anchor		address-suffix-inside-frozen-layout	target-address-data	program-data			ps2/progress28_structural_lift_recovered.o	absolute value only; no storage, section bytes, size, or alignment emitted
DAT_003414bc	0x003414bc	RESOLVED	absolute-address-anchor		address-suffix-inside-frozen-layout	target-address-data	program-data			ps2/progress28_structural_lift_recovered.o	absolute value only; no storage, section bytes, size, or alignment emitted
DAT_003414c0	0x003414c0	RESOLVED	absolute-address-anchor		address-suffix-inside-frozen-layout	target-address-data	program-data			ps2/progress28_structural_lift_recovered.o	absolute value only; no storage, section bytes, size, or alignment emitted
DAT_003414c2	0x003414c2	RESOLVED	absolute-address-anchor		address-suffix-inside-frozen-layout	target-address-data	program-data			ps2/progress28_structural_lift_recovered.o	absolute value only; no storage, section bytes, size, or alignment emitted
DAT_003414c4	0x003414c4	RESOLVED	absolute-address-anchor		address-suffix-inside-frozen-layout	target-address-data	program-data			ps2/progress28_structural_lift_recovered.o	absolute value only; no storage, section bytes, size, or alignment emitted
DAT_003414cc	0x003414cc	RESOLVED	absolute-address-anchor		address-suffix-inside-frozen-layout	target-address-data	program-data			ps2/progress28_structural_lift_recovered.o	absolute value only; no storage, section bytes, size, or alignment emitted
DAT_003414d0	0x003414d0	RESOLVED	absolute-address-anchor		address-suffix-inside-frozen-layout	target-address-data	program-data			ps2/progress28_structural_lift_recovered.o	absolute value only; no storage, section bytes, size, or alignment emitted
DAT_003414d4	0x003414d4	RESOLVED	absolute-address-anchor		address-suffix-inside-frozen-layout	target-address-data	program-data			ps2/progress28_structural_lift_recovered.o	absolute value only; no storage, section bytes, size, or alignment emitted
DAT_003414d8	0x003414d8	RESOLVED	absolute-address-anchor		address-suffix-inside-frozen-layout	target-address-data	program-data			ps2/progress28_structural_lift_recovered.o	absolute value only; no storage, section bytes, size, or alignment emitted
DAT_003414dc	0x003414dc	RESOLVED	absolute-address-anchor		address-suffix-inside-frozen-layout	target-address-data	program-data			ps2/progress28_structural_lift_recovered.o	absolute value only; no storage, section bytes, size, or alignment emitted
DAT_003414e0	0x003414e0	RESOLVED	absolute-address-anchor		address-suffix-inside-frozen-layout	target-address-data	program-data			ps2/progress28_structural_lift_recovered.o	absolute value only; no storage, section bytes, size, or alignment emitted
DAT_003414e4	0x003414e4	RESOLVED	absolute-address-anchor		address-suffix-inside-frozen-layout	target-address-data	program-data			ps2/progress28_structural_lift_recovered.o	absolute value only; no storage, section bytes, size, or alignment emitted
DAT_003414e8	0x003414e8	RESOLVED	absolute-address-anchor		address-suffix-inside-frozen-layout	target-address-data	program-data			ps2/progress28_structural_lift_recovered.o	absolute value only; no storage, section bytes, size, or alignment emitted
DAT_003414ec	0x003414ec	RESOLVED	absolute-address-anchor		address-suffix-inside-frozen-layout	target-address-data	program-data			ps2/progress28_structural_lift_recovered.o	absolute value only; no storage, section bytes, size, or alignment emitted
DAT_003414fc	0x003414fc	RESOLVED	absolute-address-anchor		address-suffix-inside-frozen-layout	target-address-data	program-data			ps2/progress28_structural_lift_recovered.o	absolute value only; no storage, section bytes, size, or alignment emitted
DAT_003415b0	0x003415b0	RESOLVED	absolute-address-anchor		address-suffix-inside-frozen-layout	target-address-data	program-data			ps2/progress28_structural_lift_recovered.o	absolute value only; no storage, section bytes, size, or alignment emitted
DAT_003415b2	0x003415b2	RESOLVED	absolute-address-anchor		address-suffix-inside-frozen-layout	target-address-data	program-data			ps2/progress28_structural_lift_recovered.o	absolute value only; no storage, section bytes, size, or alignment emitted
DAT_003415b4	0x003415b4	RESOLVED	absolute-address-anchor		address-suffix-inside-frozen-layout	target-address-data	program-data			ps2/progress28_structural_lift_recovered.o	absolute value only; no storage, section bytes, size, or alignment emitted
DAT_003415b6	0x003415b6	RESOLVED	absolute-address-anchor		address-suffix-inside-frozen-layout	target-address-data	program-data			ps2/progress28_structural_lift_recovered.o	absolute value only; no storage, section bytes, size, or alignment emitted
DAT_003415b8	0x003415b8	RESOLVED	absolute-address-anchor		address-suffix-inside-frozen-layout	target-address-data	program-data			ps2/progress28_structural_lift_recovered.o	absolute value only; no storage, section bytes, size, or alignment emitted
DAT_003415ba	0x003415ba	RESOLVED	absolute-address-anchor		address-suffix-inside-frozen-layout	target-address-data	program-data			ps2/progress28_structural_lift_recovered.o	absolute value only; no storage, section bytes, size, or alignment emitted
DAT_0034160c	0x0034160c	RESOLVED	absolute-address-anchor		address-suffix-inside-frozen-layout	target-address-data	program-data			ps2/progress28_structural_lift_recovered.o	absolute value only; no storage, section bytes, size, or alignment emitted
DAT_0034160e	0x0034160e	RESOLVED	absolute-address-anchor		address-suffix-inside-frozen-layout	target-address-data	program-data			ps2/progress28_structural_lift_recovered.o	absolute value only; no storage, section bytes, size, or alignment emitted
DAT_00341610	0x00341610	RESOLVED	absolute-address-anchor		address-suffix-inside-frozen-layout	target-address-data	program-data			ps2/progress28_structural_lift_recovered.o	absolute value only; no storage, section bytes, size, or alignment emitted
DAT_00341614	0x00341614	RESOLVED	absolute-address-anchor		address-suffix-inside-frozen-layout	target-address-data	program-data			ps2/progress28_structural_lift_recovered.o	absolute value only; no storage, section bytes, size, or alignment emitted
DAT_00341616	0x00341616	RESOLVED	absolute-address-anchor		address-suffix-inside-frozen-layout	target-address-data	program-data			ps2/progress28_structural_lift_recovered.o	absolute value only; no storage, section bytes, size, or alignment emitted
DAT_00341618	0x00341618	RESOLVED	absolute-address-anchor		address-suffix-inside-frozen-layout	target-address-data	program-data			ps2/progress28_structural_lift_recovered.o	absolute value only; no storage, section bytes, size, or alignment emitted
DAT_0034161a	0x0034161a	RESOLVED	absolute-address-anchor		address-suffix-inside-frozen-layout	target-address-data	program-data			ps2/progress28_structural_lift_recovered.o	absolute value only; no storage, section bytes, size, or alignment emitted
DAT_0034161c	0x0034161c	RESOLVED	absolute-address-anchor		address-suffix-inside-frozen-layout	target-address-data	program-data			ps2/progress28_structural_lift_recovered.o	absolute value only; no storage, section bytes, size, or alignment emitted
DAT_0034161e	0x0034161e	RESOLVED	absolute-address-anchor		address-suffix-inside-frozen-layout	target-address-data	program-data			ps2/progress28_structural_lift_recovered.o	absolute value only; no storage, section bytes, size, or alignment emitted
DAT_00341626	0x00341626	RESOLVED	absolute-address-anchor		address-suffix-inside-frozen-layout	target-address-data	program-data			ps2/progress28_structural_lift_recovered.o	absolute value only; no storage, section bytes, size, or alignment emitted
DAT_00341628	0x00341628	RESOLVED	absolute-address-anchor		address-suffix-inside-frozen-layout	target-address-data	program-data			ps2/progress28_structural_lift_recovered.o	absolute value only; no storage, section bytes, size, or alignment emitted
DAT_0034162a	0x0034162a	RESOLVED	absolute-address-anchor		address-suffix-inside-frozen-layout	target-address-data	program-data			ps2/progress28_structural_lift_recovered.o	absolute value only; no storage, section bytes, size, or alignment emitted
DAT_0034162c	0x0034162c	RESOLVED	absolute-address-anchor		address-suffix-inside-frozen-layout	target-address-data	program-data			ps2/progress28_structural_lift_recovered.o	absolute value only; no storage, section bytes, size, or alignment emitted
DAT_0034162e	0x0034162e	RESOLVED	absolute-address-anchor		address-suffix-inside-frozen-layout	target-address-data	program-data			ps2/progress28_structural_lift_recovered.o	absolute value only; no storage, section bytes, size, or alignment emitted
DAT_00341630	0x00341630	RESOLVED	absolute-address-anchor		address-suffix-inside-frozen-layout	target-address-data	program-data			ps2/progress28_structural_lift_recovered.o	absolute value only; no storage, section bytes, size, or alignment emitted
DAT_00342a38	0x00342a38	RESOLVED	absolute-address-anchor		address-suffix-inside-frozen-layout	target-address-data	program-data			ps2/progress28_structural_lift_recovered.o	absolute value only; no storage, section bytes, size, or alignment emitted
DAT_00342a7c	0x00342a7c	RESOLVED	absolute-address-anchor		address-suffix-inside-frozen-layout	target-address-data	program-data			ps2/progress28_structural_lift_recovered.o	absolute value only; no storage, section bytes, size, or alignment emitted
DAT_00342a80	0x00342a80	RESOLVED	absolute-address-anchor		address-suffix-inside-frozen-layout	target-address-data	program-data			ps2/progress28_structural_lift_recovered.o	absolute value only; no storage, section bytes, size, or alignment emitted
DAT_00342a88	0x00342a88	RESOLVED	absolute-address-anchor		address-suffix-inside-frozen-layout	target-address-data	program-data			ps2/progress28_structural_lift_recovered.o	absolute value only; no storage, section bytes, size, or alignment emitted
DAT_00342a8c	0x00342a8c	RESOLVED	absolute-address-anchor		address-suffix-inside-frozen-layout	target-address-data	program-data			ps2/progress28_structural_lift_recovered.o	absolute value only; no storage, section bytes, size, or alignment emitted
DAT_00342a90	0x00342a90	RESOLVED	absolute-address-anchor		address-suffix-inside-frozen-layout	target-address-data	program-data			ps2/progress28_structural_lift_recovered.o	absolute value only; no storage, section bytes, size, or alignment emitted
DAT_00342aac	0x00342aac	RESOLVED	absolute-address-anchor		address-suffix-inside-frozen-layout	target-address-data	program-data			ps2/progress28_structural_lift_recovered.o	absolute value only; no storage, section bytes, size, or alignment emitted
DAT_00342ab0	0x00342ab0	RESOLVED	absolute-address-anchor		address-suffix-inside-frozen-layout	target-address-data	program-data			ps2/progress28_structural_lift_recovered.o	absolute value only; no storage, section bytes, size, or alignment emitted
DAT_00342ab4	0x00342ab4	RESOLVED	absolute-address-anchor		address-suffix-inside-frozen-layout	target-address-data	program-data			ps2/progress28_structural_lift_recovered.o	absolute value only; no storage, section bytes, size, or alignment emitted
DAT_00342ab8	0x00342ab8	RESOLVED	absolute-address-anchor		address-suffix-inside-frozen-layout	target-address-data	program-data			ps2/progress28_structural_lift_recovered.o	absolute value only; no storage, section bytes, size, or alignment emitted
DAT_00342abc	0x00342abc	RESOLVED	absolute-address-anchor		address-suffix-inside-frozen-layout	target-address-data	program-data			ps2/progress28_structural_lift_recovered.o	absolute value only; no storage, section bytes, size, or alignment emitted
DAT_00342ad0	0x00342ad0	RESOLVED	absolute-address-anchor		address-suffix-inside-frozen-layout	target-address-data	program-data			ps2/progress28_structural_lift_recovered.o	absolute value only; no storage, section bytes, size, or alignment emitted
DAT_00342ad4	0x00342ad4	RESOLVED	absolute-address-anchor		address-suffix-inside-frozen-layout	target-address-data	program-data			ps2/progress28_structural_lift_recovered.o	absolute value only; no storage, section bytes, size, or alignment emitted
DAT_00342ad8	0x00342ad8	RESOLVED	absolute-address-anchor		address-suffix-inside-frozen-layout	target-address-data	program-data			ps2/progress28_structural_lift_recovered.o	absolute value only; no storage, section bytes, size, or alignment emitted
DAT_00342ae4	0x00342ae4	RESOLVED	absolute-address-anchor		address-suffix-inside-frozen-layout	target-address-data	program-data			ps2/progress28_structural_lift_recovered.o	absolute value only; no storage, section bytes, size, or alignment emitted
DAT_00342ae8	0x00342ae8	RESOLVED	absolute-address-anchor		address-suffix-inside-frozen-layout	target-address-data	program-data			ps2/progress28_structural_lift_recovered.o	absolute value only; no storage, section bytes, size, or alignment emitted
DAT_00342aec	0x00342aec	RESOLVED	absolute-address-anchor		address-suffix-inside-frozen-layout	target-address-data	program-data			ps2/progress28_structural_lift_recovered.o	absolute value only; no storage, section bytes, size, or alignment emitted
DAT_00342af0	0x00342af0	RESOLVED	absolute-address-anchor		address-suffix-inside-frozen-layout	target-address-data	program-data			ps2/progress28_structural_lift_recovered.o	absolute value only; no storage, section bytes, size, or alignment emitted
DAT_00342b70	0x00342b70	RESOLVED	absolute-address-anchor		address-suffix-inside-frozen-layout	target-address-data	program-data			ps2/progress28_structural_lift_recovered.o	absolute value only; no storage, section bytes, size, or alignment emitted
DAT_00342bf0	0x00342bf0	RESOLVED	absolute-address-anchor		address-suffix-inside-frozen-layout	target-address-data	program-data			ps2/progress28_structural_lift_recovered.o	absolute value only; no storage, section bytes, size, or alignment emitted
DAT_00342bf4	0x00342bf4	RESOLVED	absolute-address-anchor		address-suffix-inside-frozen-layout	target-address-data	program-data			ps2/progress28_structural_lift_recovered.o	absolute value only; no storage, section bytes, size, or alignment emitted
DAT_00342bf8	0x00342bf8	RESOLVED	absolute-address-anchor		address-suffix-inside-frozen-layout	target-address-data	program-data			ps2/progress28_structural_lift_recovered.o	absolute value only; no storage, section bytes, size, or alignment emitted
DAT_00342bfc	0x00342bfc	RESOLVED	absolute-address-anchor		address-suffix-inside-frozen-layout	target-address-data	program-data			ps2/progress28_structural_lift_recovered.o	absolute value only; no storage, section bytes, size, or alignment emitted
DAT_00342c00	0x00342c00	RESOLVED	absolute-address-anchor		address-suffix-inside-frozen-layout	target-address-data	program-data			ps2/progress28_structural_lift_recovered.o	absolute value only; no storage, section bytes, size, or alignment emitted
DAT_00342c04	0x00342c04	RESOLVED	absolute-address-anchor		address-suffix-inside-frozen-layout	target-address-data	program-data			ps2/progress28_structural_lift_recovered.o	absolute value only; no storage, section bytes, size, or alignment emitted
DAT_00342c08	0x00342c08	RESOLVED	absolute-address-anchor		address-suffix-inside-frozen-layout	target-address-data	program-data			ps2/progress28_structural_lift_recovered.o	absolute value only; no storage, section bytes, size, or alignment emitted
DAT_00342c0c	0x00342c0c	RESOLVED	absolute-address-anchor		address-suffix-inside-frozen-layout	target-address-data	program-data			ps2/progress28_structural_lift_recovered.o	absolute value only; no storage, section bytes, size, or alignment emitted
DAT_00342c10	0x00342c10	RESOLVED	absolute-address-anchor		address-suffix-inside-frozen-layout	target-address-data	program-data			ps2/progress28_structural_lift_recovered.o	absolute value only; no storage, section bytes, size, or alignment emitted
DAT_00342c14	0x00342c14	RESOLVED	absolute-address-anchor		address-suffix-inside-frozen-layout	target-address-data	program-data			ps2/progress28_structural_lift_recovered.o	absolute value only; no storage, section bytes, size, or alignment emitted
DAT_00342c24	0x00342c24	RESOLVED	absolute-address-anchor		address-suffix-inside-frozen-layout	target-address-data	program-data			ps2/progress28_structural_lift_recovered.o	absolute value only; no storage, section bytes, size, or alignment emitted
DAT_0034323c	0x0034323c	RESOLVED	absolute-address-anchor		address-suffix-inside-frozen-layout	target-address-data	program-data			ps2/progress28_structural_lift_recovered.o	absolute value only; no storage, section bytes, size, or alignment emitted
DAT_00343240	0x00343240	RESOLVED	absolute-address-anchor		address-suffix-inside-frozen-layout	target-address-data	program-data			ps2/progress28_structural_lift_recovered.o	absolute value only; no storage, section bytes, size, or alignment emitted
DAT_00343250	0x00343250	RESOLVED	absolute-address-anchor		address-suffix-inside-frozen-layout	target-address-data	program-data			ps2/progress28_structural_lift_recovered.o	absolute value only; no storage, section bytes, size, or alignment emitted
DAT_00344e08	0x00344e08	RESOLVED	absolute-address-anchor		address-suffix-inside-frozen-layout	target-address-data	program-data			ps2/progress28_structural_lift_recovered.o	absolute value only; no storage, section bytes, size, or alignment emitted
DAT_00344e0c	0x00344e0c	RESOLVED	absolute-address-anchor		address-suffix-inside-frozen-layout	target-address-data	program-data			ps2/progress28_structural_lift_recovered.o	absolute value only; no storage, section bytes, size, or alignment emitted
DAT_00345303	0x00345303	RESOLVED	absolute-address-anchor		address-suffix-inside-frozen-layout	target-address-data	program-data			ps2/progress28_structural_lift_recovered.o	absolute value only; no storage, section bytes, size, or alignment emitted
DAT_00345305	0x00345305	RESOLVED	absolute-address-anchor		address-suffix-inside-frozen-layout	target-address-data	program-data			ps2/progress28_structural_lift_recovered.o	absolute value only; no storage, section bytes, size, or alignment emitted
DAT_0034531c	0x0034531c	RESOLVED	absolute-address-anchor		address-suffix-inside-frozen-layout	target-address-data	program-data			ps2/progress28_structural_lift_recovered.o	absolute value only; no storage, section bytes, size, or alignment emitted
DAT_00345320	0x00345320	RESOLVED	absolute-address-anchor		address-suffix-inside-frozen-layout	target-address-data	program-data			ps2/progress28_structural_lift_recovered.o	absolute value only; no storage, section bytes, size, or alignment emitted
DAT_00345321	0x00345321	RESOLVED	absolute-address-anchor		address-suffix-inside-frozen-layout	target-address-data	program-data			ps2/progress28_structural_lift_recovered.o	absolute value only; no storage, section bytes, size, or alignment emitted
DAT_00345322	0x00345322	RESOLVED	absolute-address-anchor		address-suffix-inside-frozen-layout	target-address-data	program-data			ps2/progress28_structural_lift_recovered.o	absolute value only; no storage, section bytes, size, or alignment emitted
DAT_00345323	0x00345323	RESOLVED	absolute-address-anchor		address-suffix-inside-frozen-layout	target-address-data	program-data			ps2/progress28_structural_lift_recovered.o	absolute value only; no storage, section bytes, size, or alignment emitted
DAT_00345324	0x00345324	RESOLVED	absolute-address-anchor		address-suffix-inside-frozen-layout	target-address-data	program-data			ps2/progress28_structural_lift_recovered.o	absolute value only; no storage, section bytes, size, or alignment emitted
DAT_00345328	0x00345328	RESOLVED	absolute-address-anchor		address-suffix-inside-frozen-layout	target-address-data	program-data			ps2/progress28_structural_lift_recovered.o	absolute value only; no storage, section bytes, size, or alignment emitted
DAT_0034532c	0x0034532c	RESOLVED	absolute-address-anchor		address-suffix-inside-frozen-layout	target-address-data	program-data			ps2/progress28_structural_lift_recovered.o	absolute value only; no storage, section bytes, size, or alignment emitted
DAT_00345330	0x00345330	RESOLVED	absolute-address-anchor		address-suffix-inside-frozen-layout	target-address-data	program-data			ps2/progress28_structural_lift_recovered.o	absolute value only; no storage, section bytes, size, or alignment emitted
DAT_00345334	0x00345334	RESOLVED	absolute-address-anchor		address-suffix-inside-frozen-layout	target-address-data	program-data			ps2/progress28_structural_lift_recovered.o	absolute value only; no storage, section bytes, size, or alignment emitted
DAT_00345340	0x00345340	RESOLVED	absolute-address-anchor		address-suffix-inside-frozen-layout	target-address-data	program-data			ps2/progress28_structural_lift_recovered.o	absolute value only; no storage, section bytes, size, or alignment emitted
DAT_00345344	0x00345344	RESOLVED	absolute-address-anchor		address-suffix-inside-frozen-layout	target-address-data	program-data			ps2/progress28_structural_lift_recovered.o	absolute value only; no storage, section bytes, size, or alignment emitted
DAT_00345345	0x00345345	RESOLVED	absolute-address-anchor		address-suffix-inside-frozen-layout	target-address-data	program-data			ps2/progress28_structural_lift_recovered.o	absolute value only; no storage, section bytes, size, or alignment emitted
DAT_00345346	0x00345346	RESOLVED	absolute-address-anchor		address-suffix-inside-frozen-layout	target-address-data	program-data			ps2/progress28_structural_lift_recovered.o	absolute value only; no storage, section bytes, size, or alignment emitted
DAT_00345347	0x00345347	RESOLVED	absolute-address-anchor		address-suffix-inside-frozen-layout	target-address-data	program-data			ps2/progress28_structural_lift_recovered.o	absolute value only; no storage, section bytes, size, or alignment emitted
DAT_00345348	0x00345348	RESOLVED	absolute-address-anchor		address-suffix-inside-frozen-layout	target-address-data	program-data			ps2/progress28_structural_lift_recovered.o	absolute value only; no storage, section bytes, size, or alignment emitted
DAT_00345349	0x00345349	RESOLVED	absolute-address-anchor		address-suffix-inside-frozen-layout	target-address-data	program-data			ps2/progress28_structural_lift_recovered.o	absolute value only; no storage, section bytes, size, or alignment emitted
DAT_0034534c	0x0034534c	RESOLVED	absolute-address-anchor		address-suffix-inside-frozen-layout	target-address-data	program-data			ps2/progress28_structural_lift_recovered.o	absolute value only; no storage, section bytes, size, or alignment emitted
DAT_00345350	0x00345350	RESOLVED	absolute-address-anchor		address-suffix-inside-frozen-layout	target-address-data	program-data			ps2/progress28_structural_lift_recovered.o	absolute value only; no storage, section bytes, size, or alignment emitted
DAT_00345354	0x00345354	RESOLVED	absolute-address-anchor		address-suffix-inside-frozen-layout	target-address-data	program-data			ps2/progress28_structural_lift_recovered.o	absolute value only; no storage, section bytes, size, or alignment emitted
DAT_00345358	0x00345358	RESOLVED	absolute-address-anchor		address-suffix-inside-frozen-layout	target-address-data	program-data			ps2/progress28_structural_lift_recovered.o	absolute value only; no storage, section bytes, size, or alignment emitted
DAT_0034535c	0x0034535c	RESOLVED	absolute-address-anchor		address-suffix-inside-frozen-layout	target-address-data	program-data			ps2/progress28_structural_lift_recovered.o	absolute value only; no storage, section bytes, size, or alignment emitted
DAT_00345360	0x00345360	RESOLVED	absolute-address-anchor		address-suffix-inside-frozen-layout	target-address-data	program-data			ps2/progress28_structural_lift_recovered.o	absolute value only; no storage, section bytes, size, or alignment emitted
DAT_00345368	0x00345368	RESOLVED	absolute-address-anchor		address-suffix-inside-frozen-layout	target-address-data	program-data			ps2/progress28_structural_lift_recovered.o	absolute value only; no storage, section bytes, size, or alignment emitted
DAT_00345370	0x00345370	RESOLVED	absolute-address-anchor		address-suffix-inside-frozen-layout	target-address-data	program-data			ps2/progress28_structural_lift_recovered.o	absolute value only; no storage, section bytes, size, or alignment emitted
DAT_00345378	0x00345378	RESOLVED	absolute-address-anchor		address-suffix-inside-frozen-layout	target-address-data	program-data			ps2/progress28_structural_lift_recovered.o	absolute value only; no storage, section bytes, size, or alignment emitted
DAT_00345380	0x00345380	RESOLVED	absolute-address-anchor		address-suffix-inside-frozen-layout	target-address-data	program-data			ps2/progress28_structural_lift_recovered.o	absolute value only; no storage, section bytes, size, or alignment emitted
DAT_00345390	0x00345390	RESOLVED	absolute-address-anchor		address-suffix-inside-frozen-layout	target-address-data	program-data			ps2/progress28_structural_lift_recovered.o	absolute value only; no storage, section bytes, size, or alignment emitted
DAT_00345394	0x00345394	RESOLVED	absolute-address-anchor		address-suffix-inside-frozen-layout	target-address-data	program-data			ps2/progress28_structural_lift_recovered.o	absolute value only; no storage, section bytes, size, or alignment emitted
DAT_00345398	0x00345398	RESOLVED	absolute-address-anchor		address-suffix-inside-frozen-layout	target-address-data	program-data			ps2/progress28_structural_lift_recovered.o	absolute value only; no storage, section bytes, size, or alignment emitted
DAT_0034539c	0x0034539c	RESOLVED	absolute-address-anchor		address-suffix-inside-frozen-layout	target-address-data	program-data			ps2/progress28_structural_lift_recovered.o	absolute value only; no storage, section bytes, size, or alignment emitted
DAT_0034539d	0x0034539d	RESOLVED	absolute-address-anchor		address-suffix-inside-frozen-layout	target-address-data	program-data			ps2/progress28_structural_lift_recovered.o	absolute value only; no storage, section bytes, size, or alignment emitted
DAT_003453a0	0x003453a0	RESOLVED	absolute-address-anchor		address-suffix-inside-frozen-layout	target-address-data	program-data			ps2/progress28_structural_lift_recovered.o	absolute value only; no storage, section bytes, size, or alignment emitted
DAT_003453a4	0x003453a4	RESOLVED	absolute-address-anchor		address-suffix-inside-frozen-layout	target-address-data	program-data			ps2/progress28_structural_lift_recovered.o	absolute value only; no storage, section bytes, size, or alignment emitted
DAT_003453a8	0x003453a8	RESOLVED	absolute-address-anchor		address-suffix-inside-frozen-layout	target-address-data	program-data			ps2/progress28_structural_lift_recovered.o	absolute value only; no storage, section bytes, size, or alignment emitted
DAT_003453a9	0x003453a9	RESOLVED	absolute-address-anchor		address-suffix-inside-frozen-layout	target-address-data	program-data			ps2/progress28_structural_lift_recovered.o	absolute value only; no storage, section bytes, size, or alignment emitted
DAT_003453aa	0x003453aa	RESOLVED	absolute-address-anchor		address-suffix-inside-frozen-layout	target-address-data	program-data			ps2/progress28_structural_lift_recovered.o	absolute value only; no storage, section bytes, size, or alignment emitted
DAT_003453ac	0x003453ac	RESOLVED	absolute-address-anchor		address-suffix-inside-frozen-layout	target-address-data	program-data			ps2/progress28_structural_lift_recovered.o	absolute value only; no storage, section bytes, size, or alignment emitted
DAT_003453ae	0x003453ae	RESOLVED	absolute-address-anchor		address-suffix-inside-frozen-layout	target-address-data	program-data			ps2/progress28_structural_lift_recovered.o	absolute value only; no storage, section bytes, size, or alignment emitted
DAT_003453b0	0x003453b0	RESOLVED	absolute-address-anchor		address-suffix-inside-frozen-layout	target-address-data	program-data			ps2/progress28_structural_lift_recovered.o	absolute value only; no storage, section bytes, size, or alignment emitted
DAT_003453b2	0x003453b2	RESOLVED	absolute-address-anchor		address-suffix-inside-frozen-layout	target-address-data	program-data			ps2/progress28_structural_lift_recovered.o	absolute value only; no storage, section bytes, size, or alignment emitted
DAT_003453b4	0x003453b4	RESOLVED	absolute-address-anchor		address-suffix-inside-frozen-layout	target-address-data	program-data			ps2/progress28_structural_lift_recovered.o	absolute value only; no storage, section bytes, size, or alignment emitted
DAT_003453b6	0x003453b6	RESOLVED	absolute-address-anchor		address-suffix-inside-frozen-layout	target-address-data	program-data			ps2/progress28_structural_lift_recovered.o	absolute value only; no storage, section bytes, size, or alignment emitted
DAT_003453b8	0x003453b8	RESOLVED	absolute-address-anchor		address-suffix-inside-frozen-layout	target-address-data	program-data			ps2/progress28_structural_lift_recovered.o	absolute value only; no storage, section bytes, size, or alignment emitted
DAT_003453bc	0x003453bc	RESOLVED	absolute-address-anchor		address-suffix-inside-frozen-layout	target-address-data	program-data			ps2/progress28_structural_lift_recovered.o	absolute value only; no storage, section bytes, size, or alignment emitted
DAT_003453be	0x003453be	RESOLVED	absolute-address-anchor		address-suffix-inside-frozen-layout	target-address-data	program-data			ps2/progress28_structural_lift_recovered.o	absolute value only; no storage, section bytes, size, or alignment emitted
DAT_003453bf	0x003453bf	RESOLVED	absolute-address-anchor		address-suffix-inside-frozen-layout	target-address-data	program-data			ps2/progress28_structural_lift_recovered.o	absolute value only; no storage, section bytes, size, or alignment emitted
DAT_003453c0	0x003453c0	RESOLVED	absolute-address-anchor		address-suffix-inside-frozen-layout	target-address-data	program-data			ps2/progress28_structural_lift_recovered.o	absolute value only; no storage, section bytes, size, or alignment emitted
DAT_003453c8	0x003453c8	RESOLVED	absolute-address-anchor		address-suffix-inside-frozen-layout	target-address-data	program-data			ps2/progress28_structural_lift_recovered.o	absolute value only; no storage, section bytes, size, or alignment emitted
DAT_003453d0	0x003453d0	RESOLVED	absolute-address-anchor		address-suffix-inside-frozen-layout	target-address-data	program-data			ps2/progress28_structural_lift_recovered.o	absolute value only; no storage, section bytes, size, or alignment emitted
DAT_003453d8	0x003453d8	RESOLVED	absolute-address-anchor		address-suffix-inside-frozen-layout	target-address-data	program-data			ps2/progress28_structural_lift_recovered.o	absolute value only; no storage, section bytes, size, or alignment emitted
DAT_003453e0	0x003453e0	RESOLVED	absolute-address-anchor		address-suffix-inside-frozen-layout	target-address-data	program-data			ps2/progress28_structural_lift_recovered.o	absolute value only; no storage, section bytes, size, or alignment emitted
DAT_003453e8	0x003453e8	RESOLVED	absolute-address-anchor		address-suffix-inside-frozen-layout	target-address-data	program-data			ps2/progress28_structural_lift_recovered.o	absolute value only; no storage, section bytes, size, or alignment emitted
DAT_003453f0	0x003453f0	RESOLVED	absolute-address-anchor		address-suffix-inside-frozen-layout	target-address-data	program-data			ps2/progress28_structural_lift_recovered.o	absolute value only; no storage, section bytes, size, or alignment emitted
DAT_003453ff	0x003453ff	RESOLVED	absolute-address-anchor		address-suffix-inside-frozen-layout	target-address-data	program-data			ps2/progress28_structural_lift_recovered.o	absolute value only; no storage, section bytes, size, or alignment emitted
DAT_00345400	0x00345400	RESOLVED	absolute-address-anchor		address-suffix-inside-frozen-layout	target-address-data	program-data			ps2/progress28_structural_lift_recovered.o	absolute value only; no storage, section bytes, size, or alignment emitted
DAT_00345402	0x00345402	RESOLVED	absolute-address-anchor		address-suffix-inside-frozen-layout	target-address-data	program-data			ps2/progress28_structural_lift_recovered.o	absolute value only; no storage, section bytes, size, or alignment emitted
DAT_0034540f	0x0034540f	RESOLVED	absolute-address-anchor		address-suffix-inside-frozen-layout	target-address-data	program-data			ps2/progress28_structural_lift_recovered.o	absolute value only; no storage, section bytes, size, or alignment emitted
DAT_00345410	0x00345410	RESOLVED	absolute-address-anchor		address-suffix-inside-frozen-layout	target-address-data	program-data			ps2/progress28_structural_lift_recovered.o	absolute value only; no storage, section bytes, size, or alignment emitted
DAT_00345412	0x00345412	RESOLVED	absolute-address-anchor		address-suffix-inside-frozen-layout	target-address-data	program-data			ps2/progress28_structural_lift_recovered.o	absolute value only; no storage, section bytes, size, or alignment emitted
DAT_0034541f	0x0034541f	RESOLVED	absolute-address-anchor		address-suffix-inside-frozen-layout	target-address-data	program-data			ps2/progress28_structural_lift_recovered.o	absolute value only; no storage, section bytes, size, or alignment emitted
DAT_00345420	0x00345420	RESOLVED	absolute-address-anchor		address-suffix-inside-frozen-layout	target-address-data	program-data			ps2/progress28_structural_lift_recovered.o	absolute value only; no storage, section bytes, size, or alignment emitted
DAT_00345422	0x00345422	RESOLVED	absolute-address-anchor		address-suffix-inside-frozen-layout	target-address-data	program-data			ps2/progress28_structural_lift_recovered.o	absolute value only; no storage, section bytes, size, or alignment emitted
DAT_0034542f	0x0034542f	RESOLVED	absolute-address-anchor		address-suffix-inside-frozen-layout	target-address-data	program-data			ps2/progress28_structural_lift_recovered.o	absolute value only; no storage, section bytes, size, or alignment emitted
DAT_00345432	0x00345432	RESOLVED	absolute-address-anchor		address-suffix-inside-frozen-layout	target-address-data	program-data			ps2/progress28_structural_lift_recovered.o	absolute value only; no storage, section bytes, size, or alignment emitted
DAT_0034543f	0x0034543f	RESOLVED	absolute-address-anchor		address-suffix-inside-frozen-layout	target-address-data	program-data			ps2/progress28_structural_lift_recovered.o	absolute value only; no storage, section bytes, size, or alignment emitted
DAT_00345440	0x00345440	RESOLVED	absolute-address-anchor		address-suffix-inside-frozen-layout	target-address-data	program-data			ps2/progress28_structural_lift_recovered.o	absolute value only; no storage, section bytes, size, or alignment emitted
DAT_00345442	0x00345442	RESOLVED	absolute-address-anchor		address-suffix-inside-frozen-layout	target-address-data	program-data			ps2/progress28_structural_lift_recovered.o	absolute value only; no storage, section bytes, size, or alignment emitted
DAT_00345484	0x00345484	RESOLVED	absolute-address-anchor		address-suffix-inside-frozen-layout	target-address-data	program-data			ps2/progress28_structural_lift_recovered.o	absolute value only; no storage, section bytes, size, or alignment emitted
DAT_00345486	0x00345486	RESOLVED	absolute-address-anchor		address-suffix-inside-frozen-layout	target-address-data	program-data			ps2/progress28_structural_lift_recovered.o	absolute value only; no storage, section bytes, size, or alignment emitted
DAT_00345488	0x00345488	RESOLVED	absolute-address-anchor		address-suffix-inside-frozen-layout	target-address-data	program-data			ps2/progress28_structural_lift_recovered.o	absolute value only; no storage, section bytes, size, or alignment emitted
DAT_0034548a	0x0034548a	RESOLVED	absolute-address-anchor		address-suffix-inside-frozen-layout	target-address-data	program-data			ps2/progress28_structural_lift_recovered.o	absolute value only; no storage, section bytes, size, or alignment emitted
DAT_0034548c	0x0034548c	RESOLVED	absolute-address-anchor		address-suffix-inside-frozen-layout	target-address-data	program-data			ps2/progress28_structural_lift_recovered.o	absolute value only; no storage, section bytes, size, or alignment emitted
DAT_0034548e	0x0034548e	RESOLVED	absolute-address-anchor		address-suffix-inside-frozen-layout	target-address-data	program-data			ps2/progress28_structural_lift_recovered.o	absolute value only; no storage, section bytes, size, or alignment emitted
DAT_00345490	0x00345490	RESOLVED	absolute-address-anchor		address-suffix-inside-frozen-layout	target-address-data	program-data			ps2/progress28_structural_lift_recovered.o	absolute value only; no storage, section bytes, size, or alignment emitted
DAT_00345491	0x00345491	RESOLVED	absolute-address-anchor		address-suffix-inside-frozen-layout	target-address-data	program-data			ps2/progress28_structural_lift_recovered.o	absolute value only; no storage, section bytes, size, or alignment emitted
DAT_00345492	0x00345492	RESOLVED	absolute-address-anchor		address-suffix-inside-frozen-layout	target-address-data	program-data			ps2/progress28_structural_lift_recovered.o	absolute value only; no storage, section bytes, size, or alignment emitted
DAT_00345493	0x00345493	RESOLVED	absolute-address-anchor		address-suffix-inside-frozen-layout	target-address-data	program-data			ps2/progress28_structural_lift_recovered.o	absolute value only; no storage, section bytes, size, or alignment emitted
DAT_00345498	0x00345498	RESOLVED	absolute-address-anchor		address-suffix-inside-frozen-layout	target-address-data	program-data			ps2/progress28_structural_lift_recovered.o	absolute value only; no storage, section bytes, size, or alignment emitted
DAT_0034549c	0x0034549c	RESOLVED	absolute-address-anchor		address-suffix-inside-frozen-layout	target-address-data	program-data			ps2/progress28_structural_lift_recovered.o	absolute value only; no storage, section bytes, size, or alignment emitted
DAT_003454a0	0x003454a0	RESOLVED	absolute-address-anchor		address-suffix-inside-frozen-layout	target-address-data	program-data			ps2/progress28_structural_lift_recovered.o	absolute value only; no storage, section bytes, size, or alignment emitted
DAT_003454a4	0x003454a4	RESOLVED	absolute-address-anchor		address-suffix-inside-frozen-layout	target-address-data	program-data			ps2/progress28_structural_lift_recovered.o	absolute value only; no storage, section bytes, size, or alignment emitted
DAT_003454ac	0x003454ac	RESOLVED	absolute-address-anchor		address-suffix-inside-frozen-layout	target-address-data	program-data			ps2/progress28_structural_lift_recovered.o	absolute value only; no storage, section bytes, size, or alignment emitted
DAT_003454b0	0x003454b0	RESOLVED	absolute-address-anchor		address-suffix-inside-frozen-layout	target-address-data	program-data			ps2/progress28_structural_lift_recovered.o	absolute value only; no storage, section bytes, size, or alignment emitted
DAT_003454b4	0x003454b4	RESOLVED	absolute-address-anchor		address-suffix-inside-frozen-layout	target-address-data	program-data			ps2/progress28_structural_lift_recovered.o	absolute value only; no storage, section bytes, size, or alignment emitted
DAT_003454b8	0x003454b8	RESOLVED	absolute-address-anchor		address-suffix-inside-frozen-layout	target-address-data	program-data			ps2/progress28_structural_lift_recovered.o	absolute value only; no storage, section bytes, size, or alignment emitted
DAT_003454bc	0x003454bc	RESOLVED	absolute-address-anchor		address-suffix-inside-frozen-layout	target-address-data	program-data			ps2/progress28_structural_lift_recovered.o	absolute value only; no storage, section bytes, size, or alignment emitted
DAT_003454c0	0x003454c0	RESOLVED	absolute-address-anchor		address-suffix-inside-frozen-layout	target-address-data	program-data			ps2/progress28_structural_lift_recovered.o	absolute value only; no storage, section bytes, size, or alignment emitted
DAT_003454c1	0x003454c1	RESOLVED	absolute-address-anchor		address-suffix-inside-frozen-layout	target-address-data	program-data			ps2/progress28_structural_lift_recovered.o	absolute value only; no storage, section bytes, size, or alignment emitted
DAT_003454c2	0x003454c2	RESOLVED	absolute-address-anchor		address-suffix-inside-frozen-layout	target-address-data	program-data			ps2/progress28_structural_lift_recovered.o	absolute value only; no storage, section bytes, size, or alignment emitted
DAT_003454c8	0x003454c8	RESOLVED	absolute-address-anchor		address-suffix-inside-frozen-layout	target-address-data	program-data			ps2/progress28_structural_lift_recovered.o	absolute value only; no storage, section bytes, size, or alignment emitted
DAT_003454cc	0x003454cc	RESOLVED	absolute-address-anchor		address-suffix-inside-frozen-layout	target-address-data	program-data			ps2/progress28_structural_lift_recovered.o	absolute value only; no storage, section bytes, size, or alignment emitted
DAT_003454d0	0x003454d0	RESOLVED	absolute-address-anchor		address-suffix-inside-frozen-layout	target-address-data	program-data			ps2/progress28_structural_lift_recovered.o	absolute value only; no storage, section bytes, size, or alignment emitted
DAT_003454d8	0x003454d8	RESOLVED	absolute-address-anchor		address-suffix-inside-frozen-layout	target-address-data	program-data			ps2/progress28_structural_lift_recovered.o	absolute value only; no storage, section bytes, size, or alignment emitted
DAT_003454da	0x003454da	RESOLVED	absolute-address-anchor		address-suffix-inside-frozen-layout	target-address-data	program-data			ps2/progress28_structural_lift_recovered.o	absolute value only; no storage, section bytes, size, or alignment emitted
DAT_003454dc	0x003454dc	RESOLVED	absolute-address-anchor		address-suffix-inside-frozen-layout	target-address-data	program-data			ps2/progress28_structural_lift_recovered.o	absolute value only; no storage, section bytes, size, or alignment emitted
DAT_003454dd	0x003454dd	RESOLVED	absolute-address-anchor		address-suffix-inside-frozen-layout	target-address-data	program-data			ps2/progress28_structural_lift_recovered.o	absolute value only; no storage, section bytes, size, or alignment emitted
DAT_003454de	0x003454de	RESOLVED	absolute-address-anchor		address-suffix-inside-frozen-layout	target-address-data	program-data			ps2/progress28_structural_lift_recovered.o	absolute value only; no storage, section bytes, size, or alignment emitted
DAT_003454e0	0x003454e0	RESOLVED	absolute-address-anchor		address-suffix-inside-frozen-layout	target-address-data	program-data			ps2/progress28_structural_lift_recovered.o	absolute value only; no storage, section bytes, size, or alignment emitted
DAT_003454e1	0x003454e1	RESOLVED	absolute-address-anchor		address-suffix-inside-frozen-layout	target-address-data	program-data			ps2/progress28_structural_lift_recovered.o	absolute value only; no storage, section bytes, size, or alignment emitted
DAT_003454e2	0x003454e2	RESOLVED	absolute-address-anchor		address-suffix-inside-frozen-layout	target-address-data	program-data			ps2/progress28_structural_lift_recovered.o	absolute value only; no storage, section bytes, size, or alignment emitted
DAT_003454e8	0x003454e8	RESOLVED	absolute-address-anchor		address-suffix-inside-frozen-layout	target-address-data	program-data			ps2/progress28_structural_lift_recovered.o	absolute value only; no storage, section bytes, size, or alignment emitted
DAT_003454f0	0x003454f0	RESOLVED	absolute-address-anchor		address-suffix-inside-frozen-layout	target-address-data	program-data			ps2/progress28_structural_lift_recovered.o	absolute value only; no storage, section bytes, size, or alignment emitted
DAT_003454f8	0x003454f8	RESOLVED	absolute-address-anchor		address-suffix-inside-frozen-layout	target-address-data	program-data			ps2/progress28_structural_lift_recovered.o	absolute value only; no storage, section bytes, size, or alignment emitted
DAT_00345500	0x00345500	RESOLVED	absolute-address-anchor		address-suffix-inside-frozen-layout	target-address-data	program-data			ps2/progress28_structural_lift_recovered.o	absolute value only; no storage, section bytes, size, or alignment emitted
DAT_00345501	0x00345501	RESOLVED	absolute-address-anchor		address-suffix-inside-frozen-layout	target-address-data	program-data			ps2/progress28_structural_lift_recovered.o	absolute value only; no storage, section bytes, size, or alignment emitted
DAT_00345508	0x00345508	RESOLVED	absolute-address-anchor		address-suffix-inside-frozen-layout	target-address-data	program-data			ps2/progress28_structural_lift_recovered.o	absolute value only; no storage, section bytes, size, or alignment emitted
DAT_00345510	0x00345510	RESOLVED	absolute-address-anchor		address-suffix-inside-frozen-layout	target-address-data	program-data			ps2/progress28_structural_lift_recovered.o	absolute value only; no storage, section bytes, size, or alignment emitted
DAT_00345514	0x00345514	RESOLVED	absolute-address-anchor		address-suffix-inside-frozen-layout	target-address-data	program-data			ps2/progress28_structural_lift_recovered.o	absolute value only; no storage, section bytes, size, or alignment emitted
DAT_00345518	0x00345518	RESOLVED	absolute-address-anchor		address-suffix-inside-frozen-layout	target-address-data	program-data			ps2/progress28_structural_lift_recovered.o	absolute value only; no storage, section bytes, size, or alignment emitted
DAT_0034551c	0x0034551c	RESOLVED	absolute-address-anchor		address-suffix-inside-frozen-layout	target-address-data	program-data			ps2/progress28_structural_lift_recovered.o	absolute value only; no storage, section bytes, size, or alignment emitted
DAT_00345520	0x00345520	RESOLVED	absolute-address-anchor		address-suffix-inside-frozen-layout	target-address-data	program-data			ps2/progress28_structural_lift_recovered.o	absolute value only; no storage, section bytes, size, or alignment emitted
DAT_00345528	0x00345528	RESOLVED	absolute-address-anchor		address-suffix-inside-frozen-layout	target-address-data	program-data			ps2/progress28_structural_lift_recovered.o	absolute value only; no storage, section bytes, size, or alignment emitted
DAT_00345530	0x00345530	RESOLVED	absolute-address-anchor		address-suffix-inside-frozen-layout	target-address-data	program-data			ps2/progress28_structural_lift_recovered.o	absolute value only; no storage, section bytes, size, or alignment emitted
DAT_00345531	0x00345531	RESOLVED	absolute-address-anchor		address-suffix-inside-frozen-layout	target-address-data	program-data			ps2/progress28_structural_lift_recovered.o	absolute value only; no storage, section bytes, size, or alignment emitted
DAT_00345532	0x00345532	RESOLVED	absolute-address-anchor		address-suffix-inside-frozen-layout	target-address-data	program-data			ps2/progress28_structural_lift_recovered.o	absolute value only; no storage, section bytes, size, or alignment emitted
DAT_00345533	0x00345533	RESOLVED	absolute-address-anchor		address-suffix-inside-frozen-layout	target-address-data	program-data			ps2/progress28_structural_lift_recovered.o	absolute value only; no storage, section bytes, size, or alignment emitted
DAT_00345534	0x00345534	RESOLVED	absolute-address-anchor		address-suffix-inside-frozen-layout	target-address-data	program-data			ps2/progress28_structural_lift_recovered.o	absolute value only; no storage, section bytes, size, or alignment emitted
DAT_00345538	0x00345538	RESOLVED	absolute-address-anchor		address-suffix-inside-frozen-layout	target-address-data	program-data			ps2/progress28_structural_lift_recovered.o	absolute value only; no storage, section bytes, size, or alignment emitted
DAT_0034553c	0x0034553c	RESOLVED	absolute-address-anchor		address-suffix-inside-frozen-layout	target-address-data	program-data			ps2/progress28_structural_lift_recovered.o	absolute value only; no storage, section bytes, size, or alignment emitted
DAT_0034553d	0x0034553d	RESOLVED	absolute-address-anchor		address-suffix-inside-frozen-layout	target-address-data	program-data			ps2/progress28_structural_lift_recovered.o	absolute value only; no storage, section bytes, size, or alignment emitted
DAT_0034553e	0x0034553e	RESOLVED	absolute-address-anchor		address-suffix-inside-frozen-layout	target-address-data	program-data			ps2/progress28_structural_lift_recovered.o	absolute value only; no storage, section bytes, size, or alignment emitted
DAT_0034553f	0x0034553f	RESOLVED	absolute-address-anchor		address-suffix-inside-frozen-layout	target-address-data	program-data			ps2/progress28_structural_lift_recovered.o	absolute value only; no storage, section bytes, size, or alignment emitted
DAT_00345540	0x00345540	RESOLVED	absolute-address-anchor		address-suffix-inside-frozen-layout	target-address-data	program-data			ps2/progress28_structural_lift_recovered.o	absolute value only; no storage, section bytes, size, or alignment emitted
DAT_00345541	0x00345541	RESOLVED	absolute-address-anchor		address-suffix-inside-frozen-layout	target-address-data	program-data			ps2/progress28_structural_lift_recovered.o	absolute value only; no storage, section bytes, size, or alignment emitted
DAT_00345542	0x00345542	RESOLVED	absolute-address-anchor		address-suffix-inside-frozen-layout	target-address-data	program-data			ps2/progress28_structural_lift_recovered.o	absolute value only; no storage, section bytes, size, or alignment emitted
DAT_00345543	0x00345543	RESOLVED	absolute-address-anchor		address-suffix-inside-frozen-layout	target-address-data	program-data			ps2/progress28_structural_lift_recovered.o	absolute value only; no storage, section bytes, size, or alignment emitted
DAT_00345544	0x00345544	RESOLVED	absolute-address-anchor		address-suffix-inside-frozen-layout	target-address-data	program-data			ps2/progress28_structural_lift_recovered.o	absolute value only; no storage, section bytes, size, or alignment emitted
DAT_00345545	0x00345545	RESOLVED	absolute-address-anchor		address-suffix-inside-frozen-layout	target-address-data	program-data			ps2/progress28_structural_lift_recovered.o	absolute value only; no storage, section bytes, size, or alignment emitted
DAT_00345546	0x00345546	RESOLVED	absolute-address-anchor		address-suffix-inside-frozen-layout	target-address-data	program-data			ps2/progress28_structural_lift_recovered.o	absolute value only; no storage, section bytes, size, or alignment emitted
DAT_00345547	0x00345547	RESOLVED	absolute-address-anchor		address-suffix-inside-frozen-layout	target-address-data	program-data			ps2/progress28_structural_lift_recovered.o	absolute value only; no storage, section bytes, size, or alignment emitted
DAT_00345548	0x00345548	RESOLVED	absolute-address-anchor		address-suffix-inside-frozen-layout	target-address-data	program-data			ps2/progress28_structural_lift_recovered.o	absolute value only; no storage, section bytes, size, or alignment emitted
DAT_0034554d	0x0034554d	RESOLVED	absolute-address-anchor		address-suffix-inside-frozen-layout	target-address-data	program-data			ps2/progress28_structural_lift_recovered.o	absolute value only; no storage, section bytes, size, or alignment emitted
DAT_0034554e	0x0034554e	RESOLVED	absolute-address-anchor		address-suffix-inside-frozen-layout	target-address-data	program-data			ps2/progress28_structural_lift_recovered.o	absolute value only; no storage, section bytes, size, or alignment emitted
DAT_00345550	0x00345550	RESOLVED	absolute-address-anchor		address-suffix-inside-frozen-layout	target-address-data	program-data			ps2/progress28_structural_lift_recovered.o	absolute value only; no storage, section bytes, size, or alignment emitted
DAT_00345559	0x00345559	RESOLVED	absolute-address-anchor		address-suffix-inside-frozen-layout	target-address-data	program-data			ps2/progress28_structural_lift_recovered.o	absolute value only; no storage, section bytes, size, or alignment emitted
DAT_0034555a	0x0034555a	RESOLVED	absolute-address-anchor		address-suffix-inside-frozen-layout	target-address-data	program-data			ps2/progress28_structural_lift_recovered.o	absolute value only; no storage, section bytes, size, or alignment emitted
DAT_0034555b	0x0034555b	RESOLVED	absolute-address-anchor		address-suffix-inside-frozen-layout	target-address-data	program-data			ps2/progress28_structural_lift_recovered.o	absolute value only; no storage, section bytes, size, or alignment emitted
DAT_0034555c	0x0034555c	RESOLVED	absolute-address-anchor		address-suffix-inside-frozen-layout	target-address-data	program-data			ps2/progress28_structural_lift_recovered.o	absolute value only; no storage, section bytes, size, or alignment emitted
DAT_0034555d	0x0034555d	RESOLVED	absolute-address-anchor		address-suffix-inside-frozen-layout	target-address-data	program-data			ps2/progress28_structural_lift_recovered.o	absolute value only; no storage, section bytes, size, or alignment emitted
DAT_00345560	0x00345560	RESOLVED	absolute-address-anchor		address-suffix-inside-frozen-layout	target-address-data	program-data			ps2/progress28_structural_lift_recovered.o	absolute value only; no storage, section bytes, size, or alignment emitted
DAT_00345561	0x00345561	RESOLVED	absolute-address-anchor		address-suffix-inside-frozen-layout	target-address-data	program-data			ps2/progress28_structural_lift_recovered.o	absolute value only; no storage, section bytes, size, or alignment emitted
DAT_00345563	0x00345563	RESOLVED	absolute-address-anchor		address-suffix-inside-frozen-layout	target-address-data	program-data			ps2/progress28_structural_lift_recovered.o	absolute value only; no storage, section bytes, size, or alignment emitted
DAT_00345564	0x00345564	RESOLVED	absolute-address-anchor		address-suffix-inside-frozen-layout	target-address-data	program-data			ps2/progress28_structural_lift_recovered.o	absolute value only; no storage, section bytes, size, or alignment emitted
DAT_00345565	0x00345565	RESOLVED	absolute-address-anchor		address-suffix-inside-frozen-layout	target-address-data	program-data			ps2/progress28_structural_lift_recovered.o	absolute value only; no storage, section bytes, size, or alignment emitted
DAT_00345566	0x00345566	RESOLVED	absolute-address-anchor		address-suffix-inside-frozen-layout	target-address-data	program-data			ps2/progress28_structural_lift_recovered.o	absolute value only; no storage, section bytes, size, or alignment emitted
DAT_00345567	0x00345567	RESOLVED	absolute-address-anchor		address-suffix-inside-frozen-layout	target-address-data	program-data			ps2/progress28_structural_lift_recovered.o	absolute value only; no storage, section bytes, size, or alignment emitted
DAT_00345568	0x00345568	RESOLVED	absolute-address-anchor		address-suffix-inside-frozen-layout	target-address-data	program-data			ps2/progress28_structural_lift_recovered.o	absolute value only; no storage, section bytes, size, or alignment emitted
DAT_00345569	0x00345569	RESOLVED	absolute-address-anchor		address-suffix-inside-frozen-layout	target-address-data	program-data			ps2/progress28_structural_lift_recovered.o	absolute value only; no storage, section bytes, size, or alignment emitted
DAT_0034556b	0x0034556b	RESOLVED	absolute-address-anchor		address-suffix-inside-frozen-layout	target-address-data	program-data			ps2/progress28_structural_lift_recovered.o	absolute value only; no storage, section bytes, size, or alignment emitted
DAT_0034556c	0x0034556c	RESOLVED	absolute-address-anchor		address-suffix-inside-frozen-layout	target-address-data	program-data			ps2/progress28_structural_lift_recovered.o	absolute value only; no storage, section bytes, size, or alignment emitted
DAT_0034556e	0x0034556e	RESOLVED	absolute-address-anchor		address-suffix-inside-frozen-layout	target-address-data	program-data			ps2/progress28_structural_lift_recovered.o	absolute value only; no storage, section bytes, size, or alignment emitted
DAT_003455f8	0x003455f8	RESOLVED	absolute-address-anchor		address-suffix-inside-frozen-layout	target-address-data	program-data			ps2/progress28_structural_lift_recovered.o	absolute value only; no storage, section bytes, size, or alignment emitted
DAT_003455fc	0x003455fc	RESOLVED	absolute-address-anchor		address-suffix-inside-frozen-layout	target-address-data	program-data			ps2/progress28_structural_lift_recovered.o	absolute value only; no storage, section bytes, size, or alignment emitted
DAT_003455fd	0x003455fd	RESOLVED	absolute-address-anchor		address-suffix-inside-frozen-layout	target-address-data	program-data			ps2/progress28_structural_lift_recovered.o	absolute value only; no storage, section bytes, size, or alignment emitted
DAT_00345608	0x00345608	RESOLVED	absolute-address-anchor		address-suffix-inside-frozen-layout	target-address-data	program-data			ps2/progress28_structural_lift_recovered.o	absolute value only; no storage, section bytes, size, or alignment emitted
DAT_00345609	0x00345609	RESOLVED	absolute-address-anchor		address-suffix-inside-frozen-layout	target-address-data	program-data			ps2/progress28_structural_lift_recovered.o	absolute value only; no storage, section bytes, size, or alignment emitted
DAT_0034560a	0x0034560a	RESOLVED	absolute-address-anchor		address-suffix-inside-frozen-layout	target-address-data	program-data			ps2/progress28_structural_lift_recovered.o	absolute value only; no storage, section bytes, size, or alignment emitted
DAT_0034560b	0x0034560b	RESOLVED	absolute-address-anchor		address-suffix-inside-frozen-layout	target-address-data	program-data			ps2/progress28_structural_lift_recovered.o	absolute value only; no storage, section bytes, size, or alignment emitted
DAT_0034560c	0x0034560c	RESOLVED	absolute-address-anchor		address-suffix-inside-frozen-layout	target-address-data	program-data			ps2/progress28_structural_lift_recovered.o	absolute value only; no storage, section bytes, size, or alignment emitted
DAT_0034560d	0x0034560d	RESOLVED	absolute-address-anchor		address-suffix-inside-frozen-layout	target-address-data	program-data			ps2/progress28_structural_lift_recovered.o	absolute value only; no storage, section bytes, size, or alignment emitted
DAT_0034560e	0x0034560e	RESOLVED	absolute-address-anchor		address-suffix-inside-frozen-layout	target-address-data	program-data			ps2/progress28_structural_lift_recovered.o	absolute value only; no storage, section bytes, size, or alignment emitted
DAT_00345610	0x00345610	RESOLVED	absolute-address-anchor		address-suffix-inside-frozen-layout	target-address-data	program-data			ps2/progress28_structural_lift_recovered.o	absolute value only; no storage, section bytes, size, or alignment emitted
DAT_00345618	0x00345618	RESOLVED	absolute-address-anchor		address-suffix-inside-frozen-layout	target-address-data	program-data			ps2/progress28_structural_lift_recovered.o	absolute value only; no storage, section bytes, size, or alignment emitted
DAT_00345ae8	0x00345ae8	RESOLVED	absolute-address-anchor		address-suffix-inside-frozen-layout	target-address-data	program-data			ps2/progress28_structural_lift_recovered.o	absolute value only; no storage, section bytes, size, or alignment emitted
DAT_00345ae9	0x00345ae9	RESOLVED	absolute-address-anchor		address-suffix-inside-frozen-layout	target-address-data	program-data			ps2/progress28_structural_lift_recovered.o	absolute value only; no storage, section bytes, size, or alignment emitted
DAT_00345aea	0x00345aea	RESOLVED	absolute-address-anchor		address-suffix-inside-frozen-layout	target-address-data	program-data			ps2/progress28_structural_lift_recovered.o	absolute value only; no storage, section bytes, size, or alignment emitted
DAT_00345aec	0x00345aec	RESOLVED	absolute-address-anchor		address-suffix-inside-frozen-layout	target-address-data	program-data			ps2/progress28_structural_lift_recovered.o	absolute value only; no storage, section bytes, size, or alignment emitted
DAT_00345aee	0x00345aee	RESOLVED	absolute-address-anchor		address-suffix-inside-frozen-layout	target-address-data	program-data			ps2/progress28_structural_lift_recovered.o	absolute value only; no storage, section bytes, size, or alignment emitted
DAT_00345af0	0x00345af0	RESOLVED	absolute-address-anchor		address-suffix-inside-frozen-layout	target-address-data	program-data			ps2/progress28_structural_lift_recovered.o	absolute value only; no storage, section bytes, size, or alignment emitted
DAT_00345af2	0x00345af2	RESOLVED	absolute-address-anchor		address-suffix-inside-frozen-layout	target-address-data	program-data			ps2/progress28_structural_lift_recovered.o	absolute value only; no storage, section bytes, size, or alignment emitted
DAT_00345af4	0x00345af4	RESOLVED	absolute-address-anchor		address-suffix-inside-frozen-layout	target-address-data	program-data			ps2/progress28_structural_lift_recovered.o	absolute value only; no storage, section bytes, size, or alignment emitted
DAT_00345af6	0x00345af6	RESOLVED	absolute-address-anchor		address-suffix-inside-frozen-layout	target-address-data	program-data			ps2/progress28_structural_lift_recovered.o	absolute value only; no storage, section bytes, size, or alignment emitted
DAT_00345af8	0x00345af8	RESOLVED	absolute-address-anchor		address-suffix-inside-frozen-layout	target-address-data	program-data			ps2/progress28_structural_lift_recovered.o	absolute value only; no storage, section bytes, size, or alignment emitted
DAT_00345afc	0x00345afc	RESOLVED	absolute-address-anchor		address-suffix-inside-frozen-layout	target-address-data	program-data			ps2/progress28_structural_lift_recovered.o	absolute value only; no storage, section bytes, size, or alignment emitted
DAT_00345afd	0x00345afd	RESOLVED	absolute-address-anchor		address-suffix-inside-frozen-layout	target-address-data	program-data			ps2/progress28_structural_lift_recovered.o	absolute value only; no storage, section bytes, size, or alignment emitted
DAT_00345afe	0x00345afe	RESOLVED	absolute-address-anchor		address-suffix-inside-frozen-layout	target-address-data	program-data			ps2/progress28_structural_lift_recovered.o	absolute value only; no storage, section bytes, size, or alignment emitted
DAT_00345aff	0x00345aff	RESOLVED	absolute-address-anchor		address-suffix-inside-frozen-layout	target-address-data	program-data			ps2/progress28_structural_lift_recovered.o	absolute value only; no storage, section bytes, size, or alignment emitted
DAT_00345b0c	0x00345b0c	RESOLVED	absolute-address-anchor		address-suffix-inside-frozen-layout	target-address-data	program-data			ps2/progress28_structural_lift_recovered.o	absolute value only; no storage, section bytes, size, or alignment emitted
DAT_00345b10	0x00345b10	RESOLVED	absolute-address-anchor		address-suffix-inside-frozen-layout	target-address-data	program-data			ps2/progress28_structural_lift_recovered.o	absolute value only; no storage, section bytes, size, or alignment emitted
DAT_00345b12	0x00345b12	RESOLVED	absolute-address-anchor		address-suffix-inside-frozen-layout	target-address-data	program-data			ps2/progress28_structural_lift_recovered.o	absolute value only; no storage, section bytes, size, or alignment emitted
DAT_00345b14	0x00345b14	RESOLVED	absolute-address-anchor		address-suffix-inside-frozen-layout	target-address-data	program-data			ps2/progress28_structural_lift_recovered.o	absolute value only; no storage, section bytes, size, or alignment emitted
DAT_00345b18	0x00345b18	RESOLVED	absolute-address-anchor		address-suffix-inside-frozen-layout	target-address-data	program-data			ps2/progress28_structural_lift_recovered.o	absolute value only; no storage, section bytes, size, or alignment emitted
DAT_00345b1c	0x00345b1c	RESOLVED	absolute-address-anchor		address-suffix-inside-frozen-layout	target-address-data	program-data			ps2/progress28_structural_lift_recovered.o	absolute value only; no storage, section bytes, size, or alignment emitted
DAT_00345b20	0x00345b20	RESOLVED	absolute-address-anchor		address-suffix-inside-frozen-layout	target-address-data	program-data			ps2/progress28_structural_lift_recovered.o	absolute value only; no storage, section bytes, size, or alignment emitted
DAT_00345b28	0x00345b28	RESOLVED	absolute-address-anchor		address-suffix-inside-frozen-layout	target-address-data	program-data			ps2/progress28_structural_lift_recovered.o	absolute value only; no storage, section bytes, size, or alignment emitted
DAT_00345b30	0x00345b30	RESOLVED	absolute-address-anchor		address-suffix-inside-frozen-layout	target-address-data	program-data			ps2/progress28_structural_lift_recovered.o	absolute value only; no storage, section bytes, size, or alignment emitted
DAT_00345b34	0x00345b34	RESOLVED	absolute-address-anchor		address-suffix-inside-frozen-layout	target-address-data	program-data			ps2/progress28_structural_lift_recovered.o	absolute value only; no storage, section bytes, size, or alignment emitted
DAT_00345b38	0x00345b38	RESOLVED	absolute-address-anchor		address-suffix-inside-frozen-layout	target-address-data	program-data			ps2/progress28_structural_lift_recovered.o	absolute value only; no storage, section bytes, size, or alignment emitted
DAT_00345b3c	0x00345b3c	RESOLVED	absolute-address-anchor		address-suffix-inside-frozen-layout	target-address-data	program-data			ps2/progress28_structural_lift_recovered.o	absolute value only; no storage, section bytes, size, or alignment emitted
DAT_00345b44	0x00345b44	RESOLVED	absolute-address-anchor		address-suffix-inside-frozen-layout	target-address-data	program-data			ps2/progress28_structural_lift_recovered.o	absolute value only; no storage, section bytes, size, or alignment emitted
DAT_00345b50	0x00345b50	RESOLVED	absolute-address-anchor		address-suffix-inside-frozen-layout	target-address-data	program-data			ps2/progress28_structural_lift_recovered.o	absolute value only; no storage, section bytes, size, or alignment emitted
DAT_00345b54	0x00345b54	RESOLVED	absolute-address-anchor		address-suffix-inside-frozen-layout	target-address-data	program-data			ps2/progress28_structural_lift_recovered.o	absolute value only; no storage, section bytes, size, or alignment emitted
DAT_00345b58	0x00345b58	RESOLVED	absolute-address-anchor		address-suffix-inside-frozen-layout	target-address-data	program-data			ps2/progress28_structural_lift_recovered.o	absolute value only; no storage, section bytes, size, or alignment emitted
DAT_00345b5c	0x00345b5c	RESOLVED	absolute-address-anchor		address-suffix-inside-frozen-layout	target-address-data	program-data			ps2/progress28_structural_lift_recovered.o	absolute value only; no storage, section bytes, size, or alignment emitted
DAT_00345b6c	0x00345b6c	RESOLVED	absolute-address-anchor		address-suffix-inside-frozen-layout	target-address-data	program-data			ps2/progress28_structural_lift_recovered.o	absolute value only; no storage, section bytes, size, or alignment emitted
DAT_00345b74	0x00345b74	RESOLVED	absolute-address-anchor		address-suffix-inside-frozen-layout	target-address-data	program-data			ps2/progress28_structural_lift_recovered.o	absolute value only; no storage, section bytes, size, or alignment emitted
DAT_00345b98	0x00345b98	RESOLVED	absolute-address-anchor		address-suffix-inside-frozen-layout	target-address-data	program-data			ps2/progress28_structural_lift_recovered.o	absolute value only; no storage, section bytes, size, or alignment emitted
DAT_00345eec	0x00345eec	RESOLVED	absolute-address-anchor		address-suffix-inside-frozen-layout	target-address-data	program-data			ps2/progress28_structural_lift_recovered.o	absolute value only; no storage, section bytes, size, or alignment emitted
DAT_00347338	0x00347338	RESOLVED	absolute-address-anchor		address-suffix-inside-frozen-layout	target-address-data	program-data			ps2/progress28_structural_lift_recovered.o	absolute value only; no storage, section bytes, size, or alignment emitted
DAT_00347b38	0x00347b38	RESOLVED	absolute-address-anchor		address-suffix-inside-frozen-layout	target-address-data	program-data			ps2/progress28_structural_lift_recovered.o	absolute value only; no storage, section bytes, size, or alignment emitted
DAT_00347b3c	0x00347b3c	RESOLVED	absolute-address-anchor		address-suffix-inside-frozen-layout	target-address-data	program-data			ps2/progress28_structural_lift_recovered.o	absolute value only; no storage, section bytes, size, or alignment emitted
DAT_00347b50	0x00347b50	RESOLVED	absolute-address-anchor		address-suffix-inside-frozen-layout	target-address-data	program-data			ps2/progress28_structural_lift_recovered.o	absolute value only; no storage, section bytes, size, or alignment emitted
DAT_00347b54	0x00347b54	RESOLVED	absolute-address-anchor		address-suffix-inside-frozen-layout	target-address-data	program-data			ps2/progress28_structural_lift_recovered.o	absolute value only; no storage, section bytes, size, or alignment emitted
DAT_00347b58	0x00347b58	RESOLVED	absolute-address-anchor		address-suffix-inside-frozen-layout	target-address-data	program-data			ps2/progress28_structural_lift_recovered.o	absolute value only; no storage, section bytes, size, or alignment emitted
DAT_00348b48	0x00348b48	RESOLVED	absolute-address-anchor		address-suffix-inside-frozen-layout	target-address-data	program-data			ps2/progress28_structural_lift_recovered.o	absolute value only; no storage, section bytes, size, or alignment emitted
DAT_00348b58	0x00348b58	RESOLVED	absolute-address-anchor		address-suffix-inside-frozen-layout	target-address-data	program-data			ps2/progress28_structural_lift_recovered.o	absolute value only; no storage, section bytes, size, or alignment emitted
DAT_00348b74	0x00348b74	RESOLVED	absolute-address-anchor		address-suffix-inside-frozen-layout	target-address-data	program-data			ps2/progress28_structural_lift_recovered.o	absolute value only; no storage, section bytes, size, or alignment emitted
DAT_00348b78	0x00348b78	RESOLVED	absolute-address-anchor		address-suffix-inside-frozen-layout	target-address-data	program-data			ps2/progress28_structural_lift_recovered.o	absolute value only; no storage, section bytes, size, or alignment emitted
DAT_00348bb4	0x00348bb4	RESOLVED	absolute-address-anchor		address-suffix-inside-frozen-layout	target-address-data	program-data			ps2/progress28_structural_lift_recovered.o	absolute value only; no storage, section bytes, size, or alignment emitted
DAT_00348bcc	0x00348bcc	RESOLVED	absolute-address-anchor		address-suffix-inside-frozen-layout	target-address-data	program-data			ps2/progress28_structural_lift_recovered.o	absolute value only; no storage, section bytes, size, or alignment emitted
DAT_00349b38	0x00349b38	RESOLVED	absolute-address-anchor		address-suffix-inside-frozen-layout	target-address-data	program-data			ps2/progress28_structural_lift_recovered.o	absolute value only; no storage, section bytes, size, or alignment emitted
DAT_00349b3c	0x00349b3c	RESOLVED	absolute-address-anchor		address-suffix-inside-frozen-layout	target-address-data	program-data			ps2/progress28_structural_lift_recovered.o	absolute value only; no storage, section bytes, size, or alignment emitted
DAT_00349b50	0x00349b50	RESOLVED	absolute-address-anchor		address-suffix-inside-frozen-layout	target-address-data	program-data			ps2/progress28_structural_lift_recovered.o	absolute value only; no storage, section bytes, size, or alignment emitted
DAT_00349b54	0x00349b54	RESOLVED	absolute-address-anchor		address-suffix-inside-frozen-layout	target-address-data	program-data			ps2/progress28_structural_lift_recovered.o	absolute value only; no storage, section bytes, size, or alignment emitted
DAT_0034b338	0x0034b338	RESOLVED	absolute-address-anchor		address-suffix-inside-frozen-layout	target-address-data	program-data			ps2/progress28_structural_lift_recovered.o	absolute value only; no storage, section bytes, size, or alignment emitted
DAT_0034bb38	0x0034bb38	RESOLVED	absolute-address-anchor		address-suffix-inside-frozen-layout	target-address-data	program-data			ps2/progress28_structural_lift_recovered.o	absolute value only; no storage, section bytes, size, or alignment emitted
DAT_0034bb3c	0x0034bb3c	RESOLVED	absolute-address-anchor		address-suffix-inside-frozen-layout	target-address-data	program-data			ps2/progress28_structural_lift_recovered.o	absolute value only; no storage, section bytes, size, or alignment emitted
DAT_0034bb50	0x0034bb50	RESOLVED	absolute-address-anchor		address-suffix-inside-frozen-layout	target-address-data	program-data			ps2/progress28_structural_lift_recovered.o	absolute value only; no storage, section bytes, size, or alignment emitted
DAT_0034bb54	0x0034bb54	RESOLVED	absolute-address-anchor		address-suffix-inside-frozen-layout	target-address-data	program-data			ps2/progress28_structural_lift_recovered.o	absolute value only; no storage, section bytes, size, or alignment emitted
DAT_0034db38	0x0034db38	RESOLVED	absolute-address-anchor		address-suffix-inside-frozen-layout	target-address-data	program-data			ps2/progress28_structural_lift_recovered.o	absolute value only; no storage, section bytes, size, or alignment emitted
DAT_0034db3a	0x0034db3a	RESOLVED	absolute-address-anchor		address-suffix-inside-frozen-layout	target-address-data	program-data			ps2/progress28_structural_lift_recovered.o	absolute value only; no storage, section bytes, size, or alignment emitted
DAT_0034db3c	0x0034db3c	RESOLVED	absolute-address-anchor		address-suffix-inside-frozen-layout	target-address-data	program-data			ps2/progress28_structural_lift_recovered.o	absolute value only; no storage, section bytes, size, or alignment emitted
DAT_0034db40	0x0034db40	RESOLVED	absolute-address-anchor		address-suffix-inside-frozen-layout	target-address-data	program-data			ps2/progress28_structural_lift_recovered.o	absolute value only; no storage, section bytes, size, or alignment emitted
DAT_0034db48	0x0034db48	RESOLVED	absolute-address-anchor		address-suffix-inside-frozen-layout	target-address-data	program-data			ps2/progress28_structural_lift_recovered.o	absolute value only; no storage, section bytes, size, or alignment emitted
DAT_0034db49	0x0034db49	RESOLVED	absolute-address-anchor		address-suffix-inside-frozen-layout	target-address-data	program-data			ps2/progress28_structural_lift_recovered.o	absolute value only; no storage, section bytes, size, or alignment emitted
DAT_0034db4a	0x0034db4a	RESOLVED	absolute-address-anchor		address-suffix-inside-frozen-layout	target-address-data	program-data			ps2/progress28_structural_lift_recovered.o	absolute value only; no storage, section bytes, size, or alignment emitted
DAT_0034db4b	0x0034db4b	RESOLVED	absolute-address-anchor		address-suffix-inside-frozen-layout	target-address-data	program-data			ps2/progress28_structural_lift_recovered.o	absolute value only; no storage, section bytes, size, or alignment emitted
DAT_0034db50	0x0034db50	RESOLVED	absolute-address-anchor		address-suffix-inside-frozen-layout	target-address-data	program-data			ps2/progress28_structural_lift_recovered.o	absolute value only; no storage, section bytes, size, or alignment emitted
DAT_0034db52	0x0034db52	RESOLVED	absolute-address-anchor		address-suffix-inside-frozen-layout	target-address-data	program-data			ps2/progress28_structural_lift_recovered.o	absolute value only; no storage, section bytes, size, or alignment emitted
DAT_0034db54	0x0034db54	RESOLVED	absolute-address-anchor		address-suffix-inside-frozen-layout	target-address-data	program-data			ps2/progress28_structural_lift_recovered.o	absolute value only; no storage, section bytes, size, or alignment emitted
DAT_0034db56	0x0034db56	RESOLVED	absolute-address-anchor		address-suffix-inside-frozen-layout	target-address-data	program-data			ps2/progress28_structural_lift_recovered.o	absolute value only; no storage, section bytes, size, or alignment emitted
DAT_0034db58	0x0034db58	RESOLVED	absolute-address-anchor		address-suffix-inside-frozen-layout	target-address-data	program-data			ps2/progress28_structural_lift_recovered.o	absolute value only; no storage, section bytes, size, or alignment emitted
DAT_0034db5c	0x0034db5c	RESOLVED	absolute-address-anchor		address-suffix-inside-frozen-layout	target-address-data	program-data			ps2/progress28_structural_lift_recovered.o	absolute value only; no storage, section bytes, size, or alignment emitted
DAT_0034db60	0x0034db60	RESOLVED	absolute-address-anchor		address-suffix-inside-frozen-layout	target-address-data	program-data			ps2/progress28_structural_lift_recovered.o	absolute value only; no storage, section bytes, size, or alignment emitted
DAT_0034db64	0x0034db64	RESOLVED	absolute-address-anchor		address-suffix-inside-frozen-layout	target-address-data	program-data			ps2/progress28_structural_lift_recovered.o	absolute value only; no storage, section bytes, size, or alignment emitted
DAT_0034db68	0x0034db68	RESOLVED	absolute-address-anchor		address-suffix-inside-frozen-layout	target-address-data	program-data			ps2/progress28_structural_lift_recovered.o	absolute value only; no storage, section bytes, size, or alignment emitted
DAT_0034db6c	0x0034db6c	RESOLVED	absolute-address-anchor		address-suffix-inside-frozen-layout	target-address-data	program-data			ps2/progress28_structural_lift_recovered.o	absolute value only; no storage, section bytes, size, or alignment emitted
DAT_0034db70	0x0034db70	RESOLVED	absolute-address-anchor		address-suffix-inside-frozen-layout	target-address-data	program-data			ps2/progress28_structural_lift_recovered.o	absolute value only; no storage, section bytes, size, or alignment emitted
DAT_0034db74	0x0034db74	RESOLVED	absolute-address-anchor		address-suffix-inside-frozen-layout	target-address-data	program-data			ps2/progress28_structural_lift_recovered.o	absolute value only; no storage, section bytes, size, or alignment emitted
DAT_0034db78	0x0034db78	RESOLVED	absolute-address-anchor		address-suffix-inside-frozen-layout	target-address-data	program-data			ps2/progress28_structural_lift_recovered.o	absolute value only; no storage, section bytes, size, or alignment emitted
DAT_0034db7c	0x0034db7c	RESOLVED	absolute-address-anchor		address-suffix-inside-frozen-layout	target-address-data	program-data			ps2/progress28_structural_lift_recovered.o	absolute value only; no storage, section bytes, size, or alignment emitted
DAT_0034db80	0x0034db80	RESOLVED	absolute-address-anchor		address-suffix-inside-frozen-layout	target-address-data	program-data			ps2/progress28_structural_lift_recovered.o	absolute value only; no storage, section bytes, size, or alignment emitted
DAT_0034db84	0x0034db84	RESOLVED	absolute-address-anchor		address-suffix-inside-frozen-layout	target-address-data	program-data			ps2/progress28_structural_lift_recovered.o	absolute value only; no storage, section bytes, size, or alignment emitted
DAT_0034db88	0x0034db88	RESOLVED	absolute-address-anchor		address-suffix-inside-frozen-layout	target-address-data	program-data			ps2/progress28_structural_lift_recovered.o	absolute value only; no storage, section bytes, size, or alignment emitted
DAT_0034db8a	0x0034db8a	RESOLVED	absolute-address-anchor		address-suffix-inside-frozen-layout	target-address-data	program-data			ps2/progress28_structural_lift_recovered.o	absolute value only; no storage, section bytes, size, or alignment emitted
DAT_0034db8c	0x0034db8c	RESOLVED	absolute-address-anchor		address-suffix-inside-frozen-layout	target-address-data	program-data			ps2/progress28_structural_lift_recovered.o	absolute value only; no storage, section bytes, size, or alignment emitted
DAT_0034db90	0x0034db90	RESOLVED	absolute-address-anchor		address-suffix-inside-frozen-layout	target-address-data	program-data			ps2/progress28_structural_lift_recovered.o	absolute value only; no storage, section bytes, size, or alignment emitted
DAT_0034db94	0x0034db94	RESOLVED	absolute-address-anchor		address-suffix-inside-frozen-layout	target-address-data	program-data			ps2/progress28_structural_lift_recovered.o	absolute value only; no storage, section bytes, size, or alignment emitted
DAT_0034db98	0x0034db98	RESOLVED	absolute-address-anchor		address-suffix-inside-frozen-layout	target-address-data	program-data			ps2/progress28_structural_lift_recovered.o	absolute value only; no storage, section bytes, size, or alignment emitted
DAT_0034db9c	0x0034db9c	RESOLVED	absolute-address-anchor		address-suffix-inside-frozen-layout	target-address-data	program-data			ps2/progress28_structural_lift_recovered.o	absolute value only; no storage, section bytes, size, or alignment emitted
DAT_0034dba0	0x0034dba0	RESOLVED	absolute-address-anchor		address-suffix-inside-frozen-layout	target-address-data	program-data			ps2/progress28_structural_lift_recovered.o	absolute value only; no storage, section bytes, size, or alignment emitted
DAT_0034dba2	0x0034dba2	RESOLVED	absolute-address-anchor		address-suffix-inside-frozen-layout	target-address-data	program-data			ps2/progress28_structural_lift_recovered.o	absolute value only; no storage, section bytes, size, or alignment emitted
DAT_0034dba4	0x0034dba4	RESOLVED	absolute-address-anchor		address-suffix-inside-frozen-layout	target-address-data	program-data			ps2/progress28_structural_lift_recovered.o	absolute value only; no storage, section bytes, size, or alignment emitted
DAT_0034dba8	0x0034dba8	RESOLVED	absolute-address-anchor		address-suffix-inside-frozen-layout	target-address-data	program-data			ps2/progress28_structural_lift_recovered.o	absolute value only; no storage, section bytes, size, or alignment emitted
DAT_0034dbb0	0x0034dbb0	RESOLVED	absolute-address-anchor		address-suffix-inside-frozen-layout	target-address-data	program-data			ps2/progress28_structural_lift_recovered.o	absolute value only; no storage, section bytes, size, or alignment emitted
DAT_0034dbb8	0x0034dbb8	RESOLVED	absolute-address-anchor		address-suffix-inside-frozen-layout	target-address-data	program-data			ps2/progress28_structural_lift_recovered.o	absolute value only; no storage, section bytes, size, or alignment emitted
DAT_0034dbc0	0x0034dbc0	RESOLVED	absolute-address-anchor		address-suffix-inside-frozen-layout	target-address-data	program-data			ps2/progress28_structural_lift_recovered.o	absolute value only; no storage, section bytes, size, or alignment emitted
DAT_0034dbc8	0x0034dbc8	RESOLVED	absolute-address-anchor		address-suffix-inside-frozen-layout	target-address-data	program-data			ps2/progress28_structural_lift_recovered.o	absolute value only; no storage, section bytes, size, or alignment emitted
DAT_0034dbd0	0x0034dbd0	RESOLVED	absolute-address-anchor		address-suffix-inside-frozen-layout	target-address-data	program-data			ps2/progress28_structural_lift_recovered.o	absolute value only; no storage, section bytes, size, or alignment emitted
DAT_0034dbd8	0x0034dbd8	RESOLVED	absolute-address-anchor		address-suffix-inside-frozen-layout	target-address-data	program-data			ps2/progress28_structural_lift_recovered.o	absolute value only; no storage, section bytes, size, or alignment emitted
DAT_0034dbe0	0x0034dbe0	RESOLVED	absolute-address-anchor		address-suffix-inside-frozen-layout	target-address-data	program-data			ps2/progress28_structural_lift_recovered.o	absolute value only; no storage, section bytes, size, or alignment emitted
DAT_0034dbe8	0x0034dbe8	RESOLVED	absolute-address-anchor		address-suffix-inside-frozen-layout	target-address-data	program-data			ps2/progress28_structural_lift_recovered.o	absolute value only; no storage, section bytes, size, or alignment emitted
DAT_0034dbea	0x0034dbea	RESOLVED	absolute-address-anchor		address-suffix-inside-frozen-layout	target-address-data	program-data			ps2/progress28_structural_lift_recovered.o	absolute value only; no storage, section bytes, size, or alignment emitted
DAT_0034dc0a	0x0034dc0a	RESOLVED	absolute-address-anchor		address-suffix-inside-frozen-layout	target-address-data	program-data			ps2/progress28_structural_lift_recovered.o	absolute value only; no storage, section bytes, size, or alignment emitted
DAT_0034dc0c	0x0034dc0c	RESOLVED	absolute-address-anchor		address-suffix-inside-frozen-layout	target-address-data	program-data			ps2/progress28_structural_lift_recovered.o	absolute value only; no storage, section bytes, size, or alignment emitted
DAT_0034dc10	0x0034dc10	RESOLVED	absolute-address-anchor		address-suffix-inside-frozen-layout	target-address-data	program-data			ps2/progress28_structural_lift_recovered.o	absolute value only; no storage, section bytes, size, or alignment emitted
DAT_0034dc14	0x0034dc14	RESOLVED	absolute-address-anchor		address-suffix-inside-frozen-layout	target-address-data	program-data			ps2/progress28_structural_lift_recovered.o	absolute value only; no storage, section bytes, size, or alignment emitted
DAT_0034dc16	0x0034dc16	RESOLVED	absolute-address-anchor		address-suffix-inside-frozen-layout	target-address-data	program-data			ps2/progress28_structural_lift_recovered.o	absolute value only; no storage, section bytes, size, or alignment emitted
DAT_0034dc17	0x0034dc17	RESOLVED	absolute-address-anchor		address-suffix-inside-frozen-layout	target-address-data	program-data			ps2/progress28_structural_lift_recovered.o	absolute value only; no storage, section bytes, size, or alignment emitted
DAT_0034dc18	0x0034dc18	RESOLVED	absolute-address-anchor		address-suffix-inside-frozen-layout	target-address-data	program-data			ps2/progress28_structural_lift_recovered.o	absolute value only; no storage, section bytes, size, or alignment emitted
DAT_0034dc1c	0x0034dc1c	RESOLVED	absolute-address-anchor		address-suffix-inside-frozen-layout	target-address-data	program-data			ps2/progress28_structural_lift_recovered.o	absolute value only; no storage, section bytes, size, or alignment emitted
DAT_0034dc20	0x0034dc20	RESOLVED	absolute-address-anchor		address-suffix-inside-frozen-layout	target-address-data	program-data			ps2/progress28_structural_lift_recovered.o	absolute value only; no storage, section bytes, size, or alignment emitted
DAT_0034dc24	0x0034dc24	RESOLVED	absolute-address-anchor		address-suffix-inside-frozen-layout	target-address-data	program-data			ps2/progress28_structural_lift_recovered.o	absolute value only; no storage, section bytes, size, or alignment emitted
DAT_0034dc28	0x0034dc28	RESOLVED	absolute-address-anchor		address-suffix-inside-frozen-layout	target-address-data	program-data			ps2/progress28_structural_lift_recovered.o	absolute value only; no storage, section bytes, size, or alignment emitted
DAT_0034dc2c	0x0034dc2c	RESOLVED	absolute-address-anchor		address-suffix-inside-frozen-layout	target-address-data	program-data			ps2/progress28_structural_lift_recovered.o	absolute value only; no storage, section bytes, size, or alignment emitted
DAT_0034dc30	0x0034dc30	RESOLVED	absolute-address-anchor		address-suffix-inside-frozen-layout	target-address-data	program-data			ps2/progress28_structural_lift_recovered.o	absolute value only; no storage, section bytes, size, or alignment emitted
DAT_0034dc34	0x0034dc34	RESOLVED	absolute-address-anchor		address-suffix-inside-frozen-layout	target-address-data	program-data			ps2/progress28_structural_lift_recovered.o	absolute value only; no storage, section bytes, size, or alignment emitted
DAT_0034dc38	0x0034dc38	RESOLVED	absolute-address-anchor		address-suffix-inside-frozen-layout	target-address-data	program-data			ps2/progress28_structural_lift_recovered.o	absolute value only; no storage, section bytes, size, or alignment emitted
DAT_0034e280	0x0034e280	RESOLVED	absolute-address-anchor		address-suffix-inside-frozen-layout	target-address-data	program-data			ps2/progress28_structural_lift_recovered.o	absolute value only; no storage, section bytes, size, or alignment emitted
DAT_0034e284	0x0034e284	RESOLVED	absolute-address-anchor		address-suffix-inside-frozen-layout	target-address-data	program-data			ps2/progress28_structural_lift_recovered.o	absolute value only; no storage, section bytes, size, or alignment emitted
DAT_0034e288	0x0034e288	RESOLVED	absolute-address-anchor		address-suffix-inside-frozen-layout	target-address-data	program-data			ps2/progress28_structural_lift_recovered.o	absolute value only; no storage, section bytes, size, or alignment emitted
DAT_0034e28c	0x0034e28c	RESOLVED	absolute-address-anchor		address-suffix-inside-frozen-layout	target-address-data	program-data			ps2/progress28_structural_lift_recovered.o	absolute value only; no storage, section bytes, size, or alignment emitted
DAT_0034e290	0x0034e290	RESOLVED	absolute-address-anchor		address-suffix-inside-frozen-layout	target-address-data	program-data			ps2/progress28_structural_lift_recovered.o	absolute value only; no storage, section bytes, size, or alignment emitted
DAT_0034e294	0x0034e294	RESOLVED	absolute-address-anchor		address-suffix-inside-frozen-layout	target-address-data	program-data			ps2/progress28_structural_lift_recovered.o	absolute value only; no storage, section bytes, size, or alignment emitted
DAT_0034e298	0x0034e298	RESOLVED	absolute-address-anchor		address-suffix-inside-frozen-layout	target-address-data	program-data			ps2/progress28_structural_lift_recovered.o	absolute value only; no storage, section bytes, size, or alignment emitted
DAT_0034e29c	0x0034e29c	RESOLVED	absolute-address-anchor		address-suffix-inside-frozen-layout	target-address-data	program-data			ps2/progress28_structural_lift_recovered.o	absolute value only; no storage, section bytes, size, or alignment emitted
DAT_0034e2a8	0x0034e2a8	RESOLVED	absolute-address-anchor		address-suffix-inside-frozen-layout	target-address-data	program-data			ps2/progress28_structural_lift_recovered.o	absolute value only; no storage, section bytes, size, or alignment emitted
DAT_0034e2b0	0x0034e2b0	RESOLVED	absolute-address-anchor		address-suffix-inside-frozen-layout	target-address-data	program-data			ps2/progress28_structural_lift_recovered.o	absolute value only; no storage, section bytes, size, or alignment emitted
DAT_0034e2b4	0x0034e2b4	RESOLVED	absolute-address-anchor		address-suffix-inside-frozen-layout	target-address-data	program-data			ps2/progress28_structural_lift_recovered.o	absolute value only; no storage, section bytes, size, or alignment emitted
DAT_0034e2b8	0x0034e2b8	RESOLVED	absolute-address-anchor		address-suffix-inside-frozen-layout	target-address-data	program-data			ps2/progress28_structural_lift_recovered.o	absolute value only; no storage, section bytes, size, or alignment emitted
DAT_0034e2bc	0x0034e2bc	RESOLVED	absolute-address-anchor		address-suffix-inside-frozen-layout	target-address-data	program-data			ps2/progress28_structural_lift_recovered.o	absolute value only; no storage, section bytes, size, or alignment emitted
DAT_0034e2c0	0x0034e2c0	RESOLVED	absolute-address-anchor		address-suffix-inside-frozen-layout	target-address-data	program-data			ps2/progress28_structural_lift_recovered.o	absolute value only; no storage, section bytes, size, or alignment emitted
DAT_0034e2c4	0x0034e2c4	RESOLVED	absolute-address-anchor		address-suffix-inside-frozen-layout	target-address-data	program-data			ps2/progress28_structural_lift_recovered.o	absolute value only; no storage, section bytes, size, or alignment emitted
DAT_0034e2c8	0x0034e2c8	RESOLVED	absolute-address-anchor		address-suffix-inside-frozen-layout	target-address-data	program-data			ps2/progress28_structural_lift_recovered.o	absolute value only; no storage, section bytes, size, or alignment emitted
DAT_0034e2cc	0x0034e2cc	RESOLVED	absolute-address-anchor		address-suffix-inside-frozen-layout	target-address-data	program-data			ps2/progress28_structural_lift_recovered.o	absolute value only; no storage, section bytes, size, or alignment emitted
DAT_0034e2cd	0x0034e2cd	RESOLVED	absolute-address-anchor		address-suffix-inside-frozen-layout	target-address-data	program-data			ps2/progress28_structural_lift_recovered.o	absolute value only; no storage, section bytes, size, or alignment emitted
DAT_0034e2d4	0x0034e2d4	RESOLVED	absolute-address-anchor		address-suffix-inside-frozen-layout	target-address-data	program-data			ps2/progress28_structural_lift_recovered.o	absolute value only; no storage, section bytes, size, or alignment emitted
DAT_003592fc	0x003592fc	RESOLVED	absolute-address-anchor		address-suffix-inside-frozen-layout	target-address-data	program-data			ps2/progress28_structural_lift_recovered.o	absolute value only; no storage, section bytes, size, or alignment emitted
DAT_00359304	0x00359304	RESOLVED	absolute-address-anchor		address-suffix-inside-frozen-layout	target-address-data	program-data			ps2/progress28_structural_lift_recovered.o	absolute value only; no storage, section bytes, size, or alignment emitted
DAT_00359308	0x00359308	RESOLVED	absolute-address-anchor		address-suffix-inside-frozen-layout	target-address-data	program-data			ps2/progress28_structural_lift_recovered.o	absolute value only; no storage, section bytes, size, or alignment emitted
DAT_00359314	0x00359314	RESOLVED	absolute-address-anchor		address-suffix-inside-frozen-layout	target-address-data	program-data			ps2/progress28_structural_lift_recovered.o	absolute value only; no storage, section bytes, size, or alignment emitted
DAT_00359318	0x00359318	RESOLVED	absolute-address-anchor		address-suffix-inside-frozen-layout	target-address-data	program-data			ps2/progress28_structural_lift_recovered.o	absolute value only; no storage, section bytes, size, or alignment emitted
DAT_0035931c	0x0035931c	RESOLVED	absolute-address-anchor		address-suffix-inside-frozen-layout	target-address-data	program-data			ps2/progress28_structural_lift_recovered.o	absolute value only; no storage, section bytes, size, or alignment emitted
DAT_00359324	0x00359324	RESOLVED	absolute-address-anchor		address-suffix-inside-frozen-layout	target-address-data	program-data			ps2/progress28_structural_lift_recovered.o	absolute value only; no storage, section bytes, size, or alignment emitted
DAT_00359328	0x00359328	RESOLVED	absolute-address-anchor		address-suffix-inside-frozen-layout	target-address-data	program-data			ps2/progress28_structural_lift_recovered.o	absolute value only; no storage, section bytes, size, or alignment emitted
DAT_0035b738	0x0035b738	RESOLVED	absolute-address-anchor		address-suffix-inside-frozen-layout	target-address-data	program-data			ps2/progress28_structural_lift_recovered.o	absolute value only; no storage, section bytes, size, or alignment emitted
DAT_0035b739	0x0035b739	RESOLVED	absolute-address-anchor		address-suffix-inside-frozen-layout	target-address-data	program-data			ps2/progress28_structural_lift_recovered.o	absolute value only; no storage, section bytes, size, or alignment emitted
DAT_0035b73a	0x0035b73a	RESOLVED	absolute-address-anchor		address-suffix-inside-frozen-layout	target-address-data	program-data			ps2/progress28_structural_lift_recovered.o	absolute value only; no storage, section bytes, size, or alignment emitted
DAT_0035b73b	0x0035b73b	RESOLVED	absolute-address-anchor		address-suffix-inside-frozen-layout	target-address-data	program-data			ps2/progress28_structural_lift_recovered.o	absolute value only; no storage, section bytes, size, or alignment emitted
DAT_0035b73c	0x0035b73c	RESOLVED	absolute-address-anchor		address-suffix-inside-frozen-layout	target-address-data	program-data			ps2/progress28_structural_lift_recovered.o	absolute value only; no storage, section bytes, size, or alignment emitted
DAT_0035b73d	0x0035b73d	RESOLVED	absolute-address-anchor		address-suffix-inside-frozen-layout	target-address-data	program-data			ps2/progress28_structural_lift_recovered.o	absolute value only; no storage, section bytes, size, or alignment emitted
DAT_0035b73e	0x0035b73e	RESOLVED	absolute-address-anchor		address-suffix-inside-frozen-layout	target-address-data	program-data			ps2/progress28_structural_lift_recovered.o	absolute value only; no storage, section bytes, size, or alignment emitted
DAT_0035b73f	0x0035b73f	RESOLVED	absolute-address-anchor		address-suffix-inside-frozen-layout	target-address-data	program-data			ps2/progress28_structural_lift_recovered.o	absolute value only; no storage, section bytes, size, or alignment emitted
DAT_0035b740	0x0035b740	RESOLVED	absolute-address-anchor		address-suffix-inside-frozen-layout	target-address-data	program-data			ps2/progress28_structural_lift_recovered.o	absolute value only; no storage, section bytes, size, or alignment emitted
DAT_0035b741	0x0035b741	RESOLVED	absolute-address-anchor		address-suffix-inside-frozen-layout	target-address-data	program-data			ps2/progress28_structural_lift_recovered.o	absolute value only; no storage, section bytes, size, or alignment emitted
DAT_0035b742	0x0035b742	RESOLVED	absolute-address-anchor		address-suffix-inside-frozen-layout	target-address-data	program-data			ps2/progress28_structural_lift_recovered.o	absolute value only; no storage, section bytes, size, or alignment emitted
DAT_0035b743	0x0035b743	RESOLVED	absolute-address-anchor		address-suffix-inside-frozen-layout	target-address-data	program-data			ps2/progress28_structural_lift_recovered.o	absolute value only; no storage, section bytes, size, or alignment emitted
DAT_0035b744	0x0035b744	RESOLVED	absolute-address-anchor		address-suffix-inside-frozen-layout	target-address-data	program-data			ps2/progress28_structural_lift_recovered.o	absolute value only; no storage, section bytes, size, or alignment emitted
DAT_0035b745	0x0035b745	RESOLVED	absolute-address-anchor		address-suffix-inside-frozen-layout	target-address-data	program-data			ps2/progress28_structural_lift_recovered.o	absolute value only; no storage, section bytes, size, or alignment emitted
DAT_0035b746	0x0035b746	RESOLVED	absolute-address-anchor		address-suffix-inside-frozen-layout	target-address-data	program-data			ps2/progress28_structural_lift_recovered.o	absolute value only; no storage, section bytes, size, or alignment emitted
DAT_0035b747	0x0035b747	RESOLVED	absolute-address-anchor		address-suffix-inside-frozen-layout	target-address-data	program-data			ps2/progress28_structural_lift_recovered.o	absolute value only; no storage, section bytes, size, or alignment emitted
DAT_0035b748	0x0035b748	RESOLVED	absolute-address-anchor		address-suffix-inside-frozen-layout	target-address-data	program-data			ps2/progress28_structural_lift_recovered.o	absolute value only; no storage, section bytes, size, or alignment emitted
DAT_0035b74c	0x0035b74c	RESOLVED	absolute-address-anchor		address-suffix-inside-frozen-layout	target-address-data	program-data			ps2/progress28_structural_lift_recovered.o	absolute value only; no storage, section bytes, size, or alignment emitted
DAT_0035b750	0x0035b750	RESOLVED	absolute-address-anchor		address-suffix-inside-frozen-layout	target-address-data	program-data			ps2/progress28_structural_lift_recovered.o	absolute value only; no storage, section bytes, size, or alignment emitted
DAT_0035b752	0x0035b752	RESOLVED	absolute-address-anchor		address-suffix-inside-frozen-layout	target-address-data	program-data			ps2/progress28_structural_lift_recovered.o	absolute value only; no storage, section bytes, size, or alignment emitted
DAT_0035b75a	0x0035b75a	RESOLVED	absolute-address-anchor		address-suffix-inside-frozen-layout	target-address-data	program-data			ps2/progress28_structural_lift_recovered.o	absolute value only; no storage, section bytes, size, or alignment emitted
DAT_0035b760	0x0035b760	RESOLVED	absolute-address-anchor		address-suffix-inside-frozen-layout	target-address-data	program-data			ps2/progress28_structural_lift_recovered.o	absolute value only; no storage, section bytes, size, or alignment emitted
DAT_0035b768	0x0035b768	RESOLVED	absolute-address-anchor		address-suffix-inside-frozen-layout	target-address-data	program-data			ps2/progress28_structural_lift_recovered.o	absolute value only; no storage, section bytes, size, or alignment emitted
DAT_0035b780	0x0035b780	RESOLVED	absolute-address-anchor		address-suffix-inside-frozen-layout	target-address-data	program-data			ps2/progress28_structural_lift_recovered.o	absolute value only; no storage, section bytes, size, or alignment emitted
DAT_0035b788	0x0035b788	RESOLVED	absolute-address-anchor		address-suffix-inside-frozen-layout	target-address-data	program-data			ps2/progress28_structural_lift_recovered.o	absolute value only; no storage, section bytes, size, or alignment emitted
DAT_0035b789	0x0035b789	RESOLVED	absolute-address-anchor		address-suffix-inside-frozen-layout	target-address-data	program-data			ps2/progress28_structural_lift_recovered.o	absolute value only; no storage, section bytes, size, or alignment emitted
DAT_0035b78a	0x0035b78a	RESOLVED	absolute-address-anchor		address-suffix-inside-frozen-layout	target-address-data	program-data			ps2/progress28_structural_lift_recovered.o	absolute value only; no storage, section bytes, size, or alignment emitted
DAT_0035b78c	0x0035b78c	RESOLVED	absolute-address-anchor		address-suffix-inside-frozen-layout	target-address-data	program-data			ps2/progress28_structural_lift_recovered.o	absolute value only; no storage, section bytes, size, or alignment emitted
DAT_0035b78d	0x0035b78d	RESOLVED	absolute-address-anchor		address-suffix-inside-frozen-layout	target-address-data	program-data			ps2/progress28_structural_lift_recovered.o	absolute value only; no storage, section bytes, size, or alignment emitted
DAT_0035b78e	0x0035b78e	RESOLVED	absolute-address-anchor		address-suffix-inside-frozen-layout	target-address-data	program-data			ps2/progress28_structural_lift_recovered.o	absolute value only; no storage, section bytes, size, or alignment emitted
DAT_0035b790	0x0035b790	RESOLVED	absolute-address-anchor		address-suffix-inside-frozen-layout	target-address-data	program-data			ps2/progress28_structural_lift_recovered.o	absolute value only; no storage, section bytes, size, or alignment emitted
DAT_0035b792	0x0035b792	RESOLVED	absolute-address-anchor		address-suffix-inside-frozen-layout	target-address-data	program-data			ps2/progress28_structural_lift_recovered.o	absolute value only; no storage, section bytes, size, or alignment emitted
DAT_0035b794	0x0035b794	RESOLVED	absolute-address-anchor		address-suffix-inside-frozen-layout	target-address-data	program-data			ps2/progress28_structural_lift_recovered.o	absolute value only; no storage, section bytes, size, or alignment emitted
DAT_0035b796	0x0035b796	RESOLVED	absolute-address-anchor		address-suffix-inside-frozen-layout	target-address-data	program-data			ps2/progress28_structural_lift_recovered.o	absolute value only; no storage, section bytes, size, or alignment emitted
DAT_0035b798	0x0035b798	RESOLVED	absolute-address-anchor		address-suffix-inside-frozen-layout	target-address-data	program-data			ps2/progress28_structural_lift_recovered.o	absolute value only; no storage, section bytes, size, or alignment emitted
DAT_0035b79a	0x0035b79a	RESOLVED	absolute-address-anchor		address-suffix-inside-frozen-layout	target-address-data	program-data			ps2/progress28_structural_lift_recovered.o	absolute value only; no storage, section bytes, size, or alignment emitted
DAT_0035b79c	0x0035b79c	RESOLVED	absolute-address-anchor		address-suffix-inside-frozen-layout	target-address-data	program-data			ps2/progress28_structural_lift_recovered.o	absolute value only; no storage, section bytes, size, or alignment emitted
DAT_0035b79e	0x0035b79e	RESOLVED	absolute-address-anchor		address-suffix-inside-frozen-layout	target-address-data	program-data			ps2/progress28_structural_lift_recovered.o	absolute value only; no storage, section bytes, size, or alignment emitted
DAT_0035b7a0	0x0035b7a0	RESOLVED	absolute-address-anchor		address-suffix-inside-frozen-layout	target-address-data	program-data			ps2/progress28_structural_lift_recovered.o	absolute value only; no storage, section bytes, size, or alignment emitted
DAT_0035b7a2	0x0035b7a2	RESOLVED	absolute-address-anchor		address-suffix-inside-frozen-layout	target-address-data	program-data			ps2/progress28_structural_lift_recovered.o	absolute value only; no storage, section bytes, size, or alignment emitted
DAT_0035b7a4	0x0035b7a4	RESOLVED	absolute-address-anchor		address-suffix-inside-frozen-layout	target-address-data	program-data			ps2/progress28_structural_lift_recovered.o	absolute value only; no storage, section bytes, size, or alignment emitted
DAT_0035b7a6	0x0035b7a6	RESOLVED	absolute-address-anchor		address-suffix-inside-frozen-layout	target-address-data	program-data			ps2/progress28_structural_lift_recovered.o	absolute value only; no storage, section bytes, size, or alignment emitted
DAT_0035b7a8	0x0035b7a8	RESOLVED	absolute-address-anchor		address-suffix-inside-frozen-layout	target-address-data	program-data			ps2/progress28_structural_lift_recovered.o	absolute value only; no storage, section bytes, size, or alignment emitted
DAT_0035b7aa	0x0035b7aa	RESOLVED	absolute-address-anchor		address-suffix-inside-frozen-layout	target-address-data	program-data			ps2/progress28_structural_lift_recovered.o	absolute value only; no storage, section bytes, size, or alignment emitted
DAT_0035b7ac	0x0035b7ac	RESOLVED	absolute-address-anchor		address-suffix-inside-frozen-layout	target-address-data	program-data			ps2/progress28_structural_lift_recovered.o	absolute value only; no storage, section bytes, size, or alignment emitted
DAT_0035b7ae	0x0035b7ae	RESOLVED	absolute-address-anchor		address-suffix-inside-frozen-layout	target-address-data	program-data			ps2/progress28_structural_lift_recovered.o	absolute value only; no storage, section bytes, size, or alignment emitted
DAT_0035b7b0	0x0035b7b0	RESOLVED	absolute-address-anchor		address-suffix-inside-frozen-layout	target-address-data	program-data			ps2/progress28_structural_lift_recovered.o	absolute value only; no storage, section bytes, size, or alignment emitted
DAT_0035b7b2	0x0035b7b2	RESOLVED	absolute-address-anchor		address-suffix-inside-frozen-layout	target-address-data	program-data			ps2/progress28_structural_lift_recovered.o	absolute value only; no storage, section bytes, size, or alignment emitted
DAT_0035b7b4	0x0035b7b4	RESOLVED	absolute-address-anchor		address-suffix-inside-frozen-layout	target-address-data	program-data			ps2/progress28_structural_lift_recovered.o	absolute value only; no storage, section bytes, size, or alignment emitted
DAT_0035b7b6	0x0035b7b6	RESOLVED	absolute-address-anchor		address-suffix-inside-frozen-layout	target-address-data	program-data			ps2/progress28_structural_lift_recovered.o	absolute value only; no storage, section bytes, size, or alignment emitted
DAT_0035b7b8	0x0035b7b8	RESOLVED	absolute-address-anchor		address-suffix-inside-frozen-layout	target-address-data	program-data			ps2/progress28_structural_lift_recovered.o	absolute value only; no storage, section bytes, size, or alignment emitted
DAT_0035b7ba	0x0035b7ba	RESOLVED	absolute-address-anchor		address-suffix-inside-frozen-layout	target-address-data	program-data			ps2/progress28_structural_lift_recovered.o	absolute value only; no storage, section bytes, size, or alignment emitted
DAT_0035b7bc	0x0035b7bc	RESOLVED	absolute-address-anchor		address-suffix-inside-frozen-layout	target-address-data	program-data			ps2/progress28_structural_lift_recovered.o	absolute value only; no storage, section bytes, size, or alignment emitted
DAT_0035b7be	0x0035b7be	RESOLVED	absolute-address-anchor		address-suffix-inside-frozen-layout	target-address-data	program-data			ps2/progress28_structural_lift_recovered.o	absolute value only; no storage, section bytes, size, or alignment emitted
DAT_0035b7c0	0x0035b7c0	RESOLVED	absolute-address-anchor		address-suffix-inside-frozen-layout	target-address-data	program-data			ps2/progress28_structural_lift_recovered.o	absolute value only; no storage, section bytes, size, or alignment emitted
DAT_0035b7c2	0x0035b7c2	RESOLVED	absolute-address-anchor		address-suffix-inside-frozen-layout	target-address-data	program-data			ps2/progress28_structural_lift_recovered.o	absolute value only; no storage, section bytes, size, or alignment emitted
DAT_0035b7c4	0x0035b7c4	RESOLVED	absolute-address-anchor		address-suffix-inside-frozen-layout	target-address-data	program-data			ps2/progress28_structural_lift_recovered.o	absolute value only; no storage, section bytes, size, or alignment emitted
DAT_0035b7c6	0x0035b7c6	RESOLVED	absolute-address-anchor		address-suffix-inside-frozen-layout	target-address-data	program-data			ps2/progress28_structural_lift_recovered.o	absolute value only; no storage, section bytes, size, or alignment emitted
DAT_0035b7c8	0x0035b7c8	RESOLVED	absolute-address-anchor		address-suffix-inside-frozen-layout	target-address-data	program-data			ps2/progress28_structural_lift_recovered.o	absolute value only; no storage, section bytes, size, or alignment emitted
DAT_0035b9c8	0x0035b9c8	RESOLVED	absolute-address-anchor		address-suffix-inside-frozen-layout	target-address-data	program-data			ps2/progress28_structural_lift_recovered.o	absolute value only; no storage, section bytes, size, or alignment emitted
DAT_0035b9c9	0x0035b9c9	RESOLVED	absolute-address-anchor		address-suffix-inside-frozen-layout	target-address-data	program-data			ps2/progress28_structural_lift_recovered.o	absolute value only; no storage, section bytes, size, or alignment emitted
DAT_0035b9ca	0x0035b9ca	RESOLVED	absolute-address-anchor		address-suffix-inside-frozen-layout	target-address-data	program-data			ps2/progress28_structural_lift_recovered.o	absolute value only; no storage, section bytes, size, or alignment emitted
DAT_0035b9cc	0x0035b9cc	RESOLVED	absolute-address-anchor		address-suffix-inside-frozen-layout	target-address-data	program-data			ps2/progress28_structural_lift_recovered.o	absolute value only; no storage, section bytes, size, or alignment emitted
DAT_0035b9ce	0x0035b9ce	RESOLVED	absolute-address-anchor		address-suffix-inside-frozen-layout	target-address-data	program-data			ps2/progress28_structural_lift_recovered.o	absolute value only; no storage, section bytes, size, or alignment emitted
DAT_0035b9d0	0x0035b9d0	RESOLVED	absolute-address-anchor		address-suffix-inside-frozen-layout	target-address-data	program-data			ps2/progress28_structural_lift_recovered.o	absolute value only; no storage, section bytes, size, or alignment emitted
DAT_0035b9d1	0x0035b9d1	RESOLVED	absolute-address-anchor		address-suffix-inside-frozen-layout	target-address-data	program-data			ps2/progress28_structural_lift_recovered.o	absolute value only; no storage, section bytes, size, or alignment emitted
DAT_0035b9d2	0x0035b9d2	RESOLVED	absolute-address-anchor		address-suffix-inside-frozen-layout	target-address-data	program-data			ps2/progress28_structural_lift_recovered.o	absolute value only; no storage, section bytes, size, or alignment emitted
DAT_0035b9d3	0x0035b9d3	RESOLVED	absolute-address-anchor		address-suffix-inside-frozen-layout	target-address-data	program-data			ps2/progress28_structural_lift_recovered.o	absolute value only; no storage, section bytes, size, or alignment emitted
DAT_0035b9d4	0x0035b9d4	RESOLVED	absolute-address-anchor		address-suffix-inside-frozen-layout	target-address-data	program-data			ps2/progress28_structural_lift_recovered.o	absolute value only; no storage, section bytes, size, or alignment emitted
DAT_0035b9d6	0x0035b9d6	RESOLVED	absolute-address-anchor		address-suffix-inside-frozen-layout	target-address-data	program-data			ps2/progress28_structural_lift_recovered.o	absolute value only; no storage, section bytes, size, or alignment emitted
DAT_0035b9e0	0x0035b9e0	RESOLVED	absolute-address-anchor		address-suffix-inside-frozen-layout	target-address-data	program-data			ps2/progress28_structural_lift_recovered.o	absolute value only; no storage, section bytes, size, or alignment emitted
DAT_0035b9e2	0x0035b9e2	RESOLVED	absolute-address-anchor		address-suffix-inside-frozen-layout	target-address-data	program-data			ps2/progress28_structural_lift_recovered.o	absolute value only; no storage, section bytes, size, or alignment emitted
DAT_0035b9ec	0x0035b9ec	RESOLVED	absolute-address-anchor		address-suffix-inside-frozen-layout	target-address-data	program-data			ps2/progress28_structural_lift_recovered.o	absolute value only; no storage, section bytes, size, or alignment emitted
DAT_0035b9ee	0x0035b9ee	RESOLVED	absolute-address-anchor		address-suffix-inside-frozen-layout	target-address-data	program-data			ps2/progress28_structural_lift_recovered.o	absolute value only; no storage, section bytes, size, or alignment emitted
DAT_0035b9f8	0x0035b9f8	RESOLVED	absolute-address-anchor		address-suffix-inside-frozen-layout	target-address-data	program-data			ps2/progress28_structural_lift_recovered.o	absolute value only; no storage, section bytes, size, or alignment emitted
DAT_0035bfca	0x0035bfca	RESOLVED	absolute-address-anchor		address-suffix-inside-frozen-layout	target-address-data	program-data			ps2/progress28_structural_lift_recovered.o	absolute value only; no storage, section bytes, size, or alignment emitted
DAT_0035bfcc	0x0035bfcc	RESOLVED	absolute-address-anchor		address-suffix-inside-frozen-layout	target-address-data	program-data			ps2/progress28_structural_lift_recovered.o	absolute value only; no storage, section bytes, size, or alignment emitted
DAT_0035bfce	0x0035bfce	RESOLVED	absolute-address-anchor		address-suffix-inside-frozen-layout	target-address-data	program-data			ps2/progress28_structural_lift_recovered.o	absolute value only; no storage, section bytes, size, or alignment emitted
DAT_0035bfcf	0x0035bfcf	RESOLVED	absolute-address-anchor		address-suffix-inside-frozen-layout	target-address-data	program-data			ps2/progress28_structural_lift_recovered.o	absolute value only; no storage, section bytes, size, or alignment emitted
DAT_0035bfd0	0x0035bfd0	RESOLVED	absolute-address-anchor		address-suffix-inside-frozen-layout	target-address-data	program-data			ps2/progress28_structural_lift_recovered.o	absolute value only; no storage, section bytes, size, or alignment emitted
DAT_0035bfd2	0x0035bfd2	RESOLVED	absolute-address-anchor		address-suffix-inside-frozen-layout	target-address-data	program-data			ps2/progress28_structural_lift_recovered.o	absolute value only; no storage, section bytes, size, or alignment emitted
DAT_0035bfd4	0x0035bfd4	RESOLVED	absolute-address-anchor		address-suffix-inside-frozen-layout	target-address-data	program-data			ps2/progress28_structural_lift_recovered.o	absolute value only; no storage, section bytes, size, or alignment emitted
DAT_0035bfd6	0x0035bfd6	RESOLVED	absolute-address-anchor		address-suffix-inside-frozen-layout	target-address-data	program-data			ps2/progress28_structural_lift_recovered.o	absolute value only; no storage, section bytes, size, or alignment emitted
DAT_0035bfd8	0x0035bfd8	RESOLVED	absolute-address-anchor		address-suffix-inside-frozen-layout	target-address-data	program-data			ps2/progress28_structural_lift_recovered.o	absolute value only; no storage, section bytes, size, or alignment emitted
DAT_0035bfda	0x0035bfda	RESOLVED	absolute-address-anchor		address-suffix-inside-frozen-layout	target-address-data	program-data			ps2/progress28_structural_lift_recovered.o	absolute value only; no storage, section bytes, size, or alignment emitted
DAT_0035bfdb	0x0035bfdb	RESOLVED	absolute-address-anchor		address-suffix-inside-frozen-layout	target-address-data	program-data			ps2/progress28_structural_lift_recovered.o	absolute value only; no storage, section bytes, size, or alignment emitted
DAT_0035bfdc	0x0035bfdc	RESOLVED	absolute-address-anchor		address-suffix-inside-frozen-layout	target-address-data	program-data			ps2/progress28_structural_lift_recovered.o	absolute value only; no storage, section bytes, size, or alignment emitted
DAT_0035bfde	0x0035bfde	RESOLVED	absolute-address-anchor		address-suffix-inside-frozen-layout	target-address-data	program-data			ps2/progress28_structural_lift_recovered.o	absolute value only; no storage, section bytes, size, or alignment emitted
DAT_0035bfe0	0x0035bfe0	RESOLVED	absolute-address-anchor		address-suffix-inside-frozen-layout	target-address-data	program-data			ps2/progress28_structural_lift_recovered.o	absolute value only; no storage, section bytes, size, or alignment emitted
DAT_0035bfe2	0x0035bfe2	RESOLVED	absolute-address-anchor		address-suffix-inside-frozen-layout	target-address-data	program-data			ps2/progress28_structural_lift_recovered.o	absolute value only; no storage, section bytes, size, or alignment emitted
DAT_0035bfe4	0x0035bfe4	RESOLVED	absolute-address-anchor		address-suffix-inside-frozen-layout	target-address-data	program-data			ps2/progress28_structural_lift_recovered.o	absolute value only; no storage, section bytes, size, or alignment emitted
DAT_0035bfe6	0x0035bfe6	RESOLVED	absolute-address-anchor		address-suffix-inside-frozen-layout	target-address-data	program-data			ps2/progress28_structural_lift_recovered.o	absolute value only; no storage, section bytes, size, or alignment emitted
DAT_0035bfe8	0x0035bfe8	RESOLVED	absolute-address-anchor		address-suffix-inside-frozen-layout	target-address-data	program-data			ps2/progress28_structural_lift_recovered.o	absolute value only; no storage, section bytes, size, or alignment emitted
DAT_0035bfea	0x0035bfea	RESOLVED	absolute-address-anchor		address-suffix-inside-frozen-layout	target-address-data	program-data			ps2/progress28_structural_lift_recovered.o	absolute value only; no storage, section bytes, size, or alignment emitted
DAT_0035bfeb	0x0035bfeb	RESOLVED	absolute-address-anchor		address-suffix-inside-frozen-layout	target-address-data	program-data			ps2/progress28_structural_lift_recovered.o	absolute value only; no storage, section bytes, size, or alignment emitted
DAT_0035bfec	0x0035bfec	RESOLVED	absolute-address-anchor		address-suffix-inside-frozen-layout	target-address-data	program-data			ps2/progress28_structural_lift_recovered.o	absolute value only; no storage, section bytes, size, or alignment emitted
DAT_0035bfed	0x0035bfed	RESOLVED	absolute-address-anchor		address-suffix-inside-frozen-layout	target-address-data	program-data			ps2/progress28_structural_lift_recovered.o	absolute value only; no storage, section bytes, size, or alignment emitted
DAT_0035bfee	0x0035bfee	RESOLVED	absolute-address-anchor		address-suffix-inside-frozen-layout	target-address-data	program-data			ps2/progress28_structural_lift_recovered.o	absolute value only; no storage, section bytes, size, or alignment emitted
DAT_0035bfef	0x0035bfef	RESOLVED	absolute-address-anchor		address-suffix-inside-frozen-layout	target-address-data	program-data			ps2/progress28_structural_lift_recovered.o	absolute value only; no storage, section bytes, size, or alignment emitted
DAT_0035bff0	0x0035bff0	RESOLVED	absolute-address-anchor		address-suffix-inside-frozen-layout	target-address-data	program-data			ps2/progress28_structural_lift_recovered.o	absolute value only; no storage, section bytes, size, or alignment emitted
DAT_0035bff2	0x0035bff2	RESOLVED	absolute-address-anchor		address-suffix-inside-frozen-layout	target-address-data	program-data			ps2/progress28_structural_lift_recovered.o	absolute value only; no storage, section bytes, size, or alignment emitted
DAT_0035bff4	0x0035bff4	RESOLVED	absolute-address-anchor		address-suffix-inside-frozen-layout	target-address-data	program-data			ps2/progress28_structural_lift_recovered.o	absolute value only; no storage, section bytes, size, or alignment emitted
DAT_0035bff8	0x0035bff8	RESOLVED	absolute-address-anchor		address-suffix-inside-frozen-layout	target-address-data	program-data			ps2/progress28_structural_lift_recovered.o	absolute value only; no storage, section bytes, size, or alignment emitted
DAT_0035bff9	0x0035bff9	RESOLVED	absolute-address-anchor		address-suffix-inside-frozen-layout	target-address-data	program-data			ps2/progress28_structural_lift_recovered.o	absolute value only; no storage, section bytes, size, or alignment emitted
DAT_0035bffa	0x0035bffa	RESOLVED	absolute-address-anchor		address-suffix-inside-frozen-layout	target-address-data	program-data			ps2/progress28_structural_lift_recovered.o	absolute value only; no storage, section bytes, size, or alignment emitted
DAT_0035bffb	0x0035bffb	RESOLVED	absolute-address-anchor		address-suffix-inside-frozen-layout	target-address-data	program-data			ps2/progress28_structural_lift_recovered.o	absolute value only; no storage, section bytes, size, or alignment emitted
DAT_0035bffc	0x0035bffc	RESOLVED	absolute-address-anchor		address-suffix-inside-frozen-layout	target-address-data	program-data			ps2/progress28_structural_lift_recovered.o	absolute value only; no storage, section bytes, size, or alignment emitted
DAT_0035bffe	0x0035bffe	RESOLVED	absolute-address-anchor		address-suffix-inside-frozen-layout	target-address-data	program-data			ps2/progress28_structural_lift_recovered.o	absolute value only; no storage, section bytes, size, or alignment emitted
DAT_0035c000	0x0035c000	RESOLVED	absolute-address-anchor		address-suffix-inside-frozen-layout	target-address-data	program-data			ps2/progress28_structural_lift_recovered.o	absolute value only; no storage, section bytes, size, or alignment emitted
DAT_0035c001	0x0035c001	RESOLVED	absolute-address-anchor		address-suffix-inside-frozen-layout	target-address-data	program-data			ps2/progress28_structural_lift_recovered.o	absolute value only; no storage, section bytes, size, or alignment emitted
DAT_0035c002	0x0035c002	RESOLVED	absolute-address-anchor		address-suffix-inside-frozen-layout	target-address-data	program-data			ps2/progress28_structural_lift_recovered.o	absolute value only; no storage, section bytes, size, or alignment emitted
DAT_0035c003	0x0035c003	RESOLVED	absolute-address-anchor		address-suffix-inside-frozen-layout	target-address-data	program-data			ps2/progress28_structural_lift_recovered.o	absolute value only; no storage, section bytes, size, or alignment emitted
DAT_0035c222	0x0035c222	RESOLVED	absolute-address-anchor		address-suffix-inside-frozen-layout	target-address-data	program-data			ps2/progress28_structural_lift_recovered.o	absolute value only; no storage, section bytes, size, or alignment emitted
DAT_0035c223	0x0035c223	RESOLVED	absolute-address-anchor		address-suffix-inside-frozen-layout	target-address-data	program-data			ps2/progress28_structural_lift_recovered.o	absolute value only; no storage, section bytes, size, or alignment emitted
DAT_0035c224	0x0035c224	RESOLVED	absolute-address-anchor		address-suffix-inside-frozen-layout	target-address-data	program-data			ps2/progress28_structural_lift_recovered.o	absolute value only; no storage, section bytes, size, or alignment emitted
DAT_0035c226	0x0035c226	RESOLVED	absolute-address-anchor		address-suffix-inside-frozen-layout	target-address-data	program-data			ps2/progress28_structural_lift_recovered.o	absolute value only; no storage, section bytes, size, or alignment emitted
DAT_0035c227	0x0035c227	RESOLVED	absolute-address-anchor		address-suffix-inside-frozen-layout	target-address-data	program-data			ps2/progress28_structural_lift_recovered.o	absolute value only; no storage, section bytes, size, or alignment emitted
DAT_0035c228	0x0035c228	RESOLVED	absolute-address-anchor		address-suffix-inside-frozen-layout	target-address-data	program-data			ps2/progress28_structural_lift_recovered.o	absolute value only; no storage, section bytes, size, or alignment emitted
DAT_0035c229	0x0035c229	RESOLVED	absolute-address-anchor		address-suffix-inside-frozen-layout	target-address-data	program-data			ps2/progress28_structural_lift_recovered.o	absolute value only; no storage, section bytes, size, or alignment emitted
DAT_0035c22a	0x0035c22a	RESOLVED	absolute-address-anchor		address-suffix-inside-frozen-layout	target-address-data	program-data			ps2/progress28_structural_lift_recovered.o	absolute value only; no storage, section bytes, size, or alignment emitted
DAT_0035c22b	0x0035c22b	RESOLVED	absolute-address-anchor		address-suffix-inside-frozen-layout	target-address-data	program-data			ps2/progress28_structural_lift_recovered.o	absolute value only; no storage, section bytes, size, or alignment emitted
DAT_0035c22c	0x0035c22c	RESOLVED	absolute-address-anchor		address-suffix-inside-frozen-layout	target-address-data	program-data			ps2/progress28_structural_lift_recovered.o	absolute value only; no storage, section bytes, size, or alignment emitted
DAT_0035c22d	0x0035c22d	RESOLVED	absolute-address-anchor		address-suffix-inside-frozen-layout	target-address-data	program-data			ps2/progress28_structural_lift_recovered.o	absolute value only; no storage, section bytes, size, or alignment emitted
DAT_0035c22e	0x0035c22e	RESOLVED	absolute-address-anchor		address-suffix-inside-frozen-layout	target-address-data	program-data			ps2/progress28_structural_lift_recovered.o	absolute value only; no storage, section bytes, size, or alignment emitted
DAT_0035c22f	0x0035c22f	RESOLVED	absolute-address-anchor		address-suffix-inside-frozen-layout	target-address-data	program-data			ps2/progress28_structural_lift_recovered.o	absolute value only; no storage, section bytes, size, or alignment emitted
DAT_0035c230	0x0035c230	RESOLVED	absolute-address-anchor		address-suffix-inside-frozen-layout	target-address-data	program-data			ps2/progress28_structural_lift_recovered.o	absolute value only; no storage, section bytes, size, or alignment emitted
DAT_0035c231	0x0035c231	RESOLVED	absolute-address-anchor		address-suffix-inside-frozen-layout	target-address-data	program-data			ps2/progress28_structural_lift_recovered.o	absolute value only; no storage, section bytes, size, or alignment emitted
DAT_0035c232	0x0035c232	RESOLVED	absolute-address-anchor		address-suffix-inside-frozen-layout	target-address-data	program-data			ps2/progress28_structural_lift_recovered.o	absolute value only; no storage, section bytes, size, or alignment emitted
DAT_0035c236	0x0035c236	RESOLVED	absolute-address-anchor		address-suffix-inside-frozen-layout	target-address-data	program-data			ps2/progress28_structural_lift_recovered.o	absolute value only; no storage, section bytes, size, or alignment emitted
DAT_0035c237	0x0035c237	RESOLVED	absolute-address-anchor		address-suffix-inside-frozen-layout	target-address-data	program-data			ps2/progress28_structural_lift_recovered.o	absolute value only; no storage, section bytes, size, or alignment emitted
DAT_0035c238	0x0035c238	RESOLVED	absolute-address-anchor		address-suffix-inside-frozen-layout	target-address-data	program-data			ps2/progress28_structural_lift_recovered.o	absolute value only; no storage, section bytes, size, or alignment emitted
DAT_0035c239	0x0035c239	RESOLVED	absolute-address-anchor		address-suffix-inside-frozen-layout	target-address-data	program-data			ps2/progress28_structural_lift_recovered.o	absolute value only; no storage, section bytes, size, or alignment emitted
DAT_0035c23a	0x0035c23a	RESOLVED	absolute-address-anchor		address-suffix-inside-frozen-layout	target-address-data	program-data			ps2/progress28_structural_lift_recovered.o	absolute value only; no storage, section bytes, size, or alignment emitted
DAT_0035c23b	0x0035c23b	RESOLVED	absolute-address-anchor		address-suffix-inside-frozen-layout	target-address-data	program-data			ps2/progress28_structural_lift_recovered.o	absolute value only; no storage, section bytes, size, or alignment emitted
DAT_0035c23c	0x0035c23c	RESOLVED	absolute-address-anchor		address-suffix-inside-frozen-layout	target-address-data	program-data			ps2/progress28_structural_lift_recovered.o	absolute value only; no storage, section bytes, size, or alignment emitted
DAT_0035c23d	0x0035c23d	RESOLVED	absolute-address-anchor		address-suffix-inside-frozen-layout	target-address-data	program-data			ps2/progress28_structural_lift_recovered.o	absolute value only; no storage, section bytes, size, or alignment emitted
DAT_0035c23e	0x0035c23e	RESOLVED	absolute-address-anchor		address-suffix-inside-frozen-layout	target-address-data	program-data			ps2/progress28_structural_lift_recovered.o	absolute value only; no storage, section bytes, size, or alignment emitted
DAT_0035c23f	0x0035c23f	RESOLVED	absolute-address-anchor		address-suffix-inside-frozen-layout	target-address-data	program-data			ps2/progress28_structural_lift_recovered.o	absolute value only; no storage, section bytes, size, or alignment emitted
DAT_0035c240	0x0035c240	RESOLVED	absolute-address-anchor		address-suffix-inside-frozen-layout	target-address-data	program-data			ps2/progress28_structural_lift_recovered.o	absolute value only; no storage, section bytes, size, or alignment emitted
DAT_0035c241	0x0035c241	RESOLVED	absolute-address-anchor		address-suffix-inside-frozen-layout	target-address-data	program-data			ps2/progress28_structural_lift_recovered.o	absolute value only; no storage, section bytes, size, or alignment emitted
DAT_0035c242	0x0035c242	RESOLVED	absolute-address-anchor		address-suffix-inside-frozen-layout	target-address-data	program-data			ps2/progress28_structural_lift_recovered.o	absolute value only; no storage, section bytes, size, or alignment emitted
DAT_0035c243	0x0035c243	RESOLVED	absolute-address-anchor		address-suffix-inside-frozen-layout	target-address-data	program-data			ps2/progress28_structural_lift_recovered.o	absolute value only; no storage, section bytes, size, or alignment emitted
DAT_0035c244	0x0035c244	RESOLVED	absolute-address-anchor		address-suffix-inside-frozen-layout	target-address-data	program-data			ps2/progress28_structural_lift_recovered.o	absolute value only; no storage, section bytes, size, or alignment emitted
DAT_0035c245	0x0035c245	RESOLVED	absolute-address-anchor		address-suffix-inside-frozen-layout	target-address-data	program-data			ps2/progress28_structural_lift_recovered.o	absolute value only; no storage, section bytes, size, or alignment emitted
DAT_0035c246	0x0035c246	RESOLVED	absolute-address-anchor		address-suffix-inside-frozen-layout	target-address-data	program-data			ps2/progress28_structural_lift_recovered.o	absolute value only; no storage, section bytes, size, or alignment emitted
DAT_0035c247	0x0035c247	RESOLVED	absolute-address-anchor		address-suffix-inside-frozen-layout	target-address-data	program-data			ps2/progress28_structural_lift_recovered.o	absolute value only; no storage, section bytes, size, or alignment emitted
DAT_0035c248	0x0035c248	RESOLVED	absolute-address-anchor		address-suffix-inside-frozen-layout	target-address-data	program-data			ps2/progress28_structural_lift_recovered.o	absolute value only; no storage, section bytes, size, or alignment emitted
DAT_0035c249	0x0035c249	RESOLVED	absolute-address-anchor		address-suffix-inside-frozen-layout	target-address-data	program-data			ps2/progress28_structural_lift_recovered.o	absolute value only; no storage, section bytes, size, or alignment emitted
DAT_0035c24a	0x0035c24a	RESOLVED	absolute-address-anchor		address-suffix-inside-frozen-layout	target-address-data	program-data			ps2/progress28_structural_lift_recovered.o	absolute value only; no storage, section bytes, size, or alignment emitted
DAT_0035c24b	0x0035c24b	RESOLVED	absolute-address-anchor		address-suffix-inside-frozen-layout	target-address-data	program-data			ps2/progress28_structural_lift_recovered.o	absolute value only; no storage, section bytes, size, or alignment emitted
DAT_0035c24c	0x0035c24c	RESOLVED	absolute-address-anchor		address-suffix-inside-frozen-layout	target-address-data	program-data			ps2/progress28_structural_lift_recovered.o	absolute value only; no storage, section bytes, size, or alignment emitted
DAT_0035c24d	0x0035c24d	RESOLVED	absolute-address-anchor		address-suffix-inside-frozen-layout	target-address-data	program-data			ps2/progress28_structural_lift_recovered.o	absolute value only; no storage, section bytes, size, or alignment emitted
DAT_0035c24e	0x0035c24e	RESOLVED	absolute-address-anchor		address-suffix-inside-frozen-layout	target-address-data	program-data			ps2/progress28_structural_lift_recovered.o	absolute value only; no storage, section bytes, size, or alignment emitted
DAT_0035c24f	0x0035c24f	RESOLVED	absolute-address-anchor		address-suffix-inside-frozen-layout	target-address-data	program-data			ps2/progress28_structural_lift_recovered.o	absolute value only; no storage, section bytes, size, or alignment emitted
DAT_0035c250	0x0035c250	RESOLVED	absolute-address-anchor		address-suffix-inside-frozen-layout	target-address-data	program-data			ps2/progress28_structural_lift_recovered.o	absolute value only; no storage, section bytes, size, or alignment emitted
DAT_0035c251	0x0035c251	RESOLVED	absolute-address-anchor		address-suffix-inside-frozen-layout	target-address-data	program-data			ps2/progress28_structural_lift_recovered.o	absolute value only; no storage, section bytes, size, or alignment emitted
DAT_0035c252	0x0035c252	RESOLVED	absolute-address-anchor		address-suffix-inside-frozen-layout	target-address-data	program-data			ps2/progress28_structural_lift_recovered.o	absolute value only; no storage, section bytes, size, or alignment emitted
DAT_0035c253	0x0035c253	RESOLVED	absolute-address-anchor		address-suffix-inside-frozen-layout	target-address-data	program-data			ps2/progress28_structural_lift_recovered.o	absolute value only; no storage, section bytes, size, or alignment emitted
DAT_0035c254	0x0035c254	RESOLVED	absolute-address-anchor		address-suffix-inside-frozen-layout	target-address-data	program-data			ps2/progress28_structural_lift_recovered.o	absolute value only; no storage, section bytes, size, or alignment emitted
DAT_0035c255	0x0035c255	RESOLVED	absolute-address-anchor		address-suffix-inside-frozen-layout	target-address-data	program-data			ps2/progress28_structural_lift_recovered.o	absolute value only; no storage, section bytes, size, or alignment emitted
DAT_0035c256	0x0035c256	RESOLVED	absolute-address-anchor		address-suffix-inside-frozen-layout	target-address-data	program-data			ps2/progress28_structural_lift_recovered.o	absolute value only; no storage, section bytes, size, or alignment emitted
DAT_0035c257	0x0035c257	RESOLVED	absolute-address-anchor		address-suffix-inside-frozen-layout	target-address-data	program-data			ps2/progress28_structural_lift_recovered.o	absolute value only; no storage, section bytes, size, or alignment emitted
DAT_0035c258	0x0035c258	RESOLVED	absolute-address-anchor		address-suffix-inside-frozen-layout	target-address-data	program-data			ps2/progress28_structural_lift_recovered.o	absolute value only; no storage, section bytes, size, or alignment emitted
DAT_0035c25a	0x0035c25a	RESOLVED	absolute-address-anchor		address-suffix-inside-frozen-layout	target-address-data	program-data			ps2/progress28_structural_lift_recovered.o	absolute value only; no storage, section bytes, size, or alignment emitted
DAT_0035c25b	0x0035c25b	RESOLVED	absolute-address-anchor		address-suffix-inside-frozen-layout	target-address-data	program-data			ps2/progress28_structural_lift_recovered.o	absolute value only; no storage, section bytes, size, or alignment emitted
DAT_0035c25c	0x0035c25c	RESOLVED	absolute-address-anchor		address-suffix-inside-frozen-layout	target-address-data	program-data			ps2/progress28_structural_lift_recovered.o	absolute value only; no storage, section bytes, size, or alignment emitted
DAT_0035c25d	0x0035c25d	RESOLVED	absolute-address-anchor		address-suffix-inside-frozen-layout	target-address-data	program-data			ps2/progress28_structural_lift_recovered.o	absolute value only; no storage, section bytes, size, or alignment emitted
DAT_0035c25e	0x0035c25e	RESOLVED	absolute-address-anchor		address-suffix-inside-frozen-layout	target-address-data	program-data			ps2/progress28_structural_lift_recovered.o	absolute value only; no storage, section bytes, size, or alignment emitted
DAT_0035c260	0x0035c260	RESOLVED	absolute-address-anchor		address-suffix-inside-frozen-layout	target-address-data	program-data			ps2/progress28_structural_lift_recovered.o	absolute value only; no storage, section bytes, size, or alignment emitted
DAT_0035c262	0x0035c262	RESOLVED	absolute-address-anchor		address-suffix-inside-frozen-layout	target-address-data	program-data			ps2/progress28_structural_lift_recovered.o	absolute value only; no storage, section bytes, size, or alignment emitted
DAT_0035c263	0x0035c263	RESOLVED	absolute-address-anchor		address-suffix-inside-frozen-layout	target-address-data	program-data			ps2/progress28_structural_lift_recovered.o	absolute value only; no storage, section bytes, size, or alignment emitted
DAT_0035c268	0x0035c268	RESOLVED	absolute-address-anchor		address-suffix-inside-frozen-layout	target-address-data	program-data			ps2/progress28_structural_lift_recovered.o	absolute value only; no storage, section bytes, size, or alignment emitted
DAT_0035c269	0x0035c269	RESOLVED	absolute-address-anchor		address-suffix-inside-frozen-layout	target-address-data	program-data			ps2/progress28_structural_lift_recovered.o	absolute value only; no storage, section bytes, size, or alignment emitted
DAT_0035c26a	0x0035c26a	RESOLVED	absolute-address-anchor		address-suffix-inside-frozen-layout	target-address-data	program-data			ps2/progress28_structural_lift_recovered.o	absolute value only; no storage, section bytes, size, or alignment emitted
DAT_0035c26b	0x0035c26b	RESOLVED	absolute-address-anchor		address-suffix-inside-frozen-layout	target-address-data	program-data			ps2/progress28_structural_lift_recovered.o	absolute value only; no storage, section bytes, size, or alignment emitted
DAT_0035c26c	0x0035c26c	RESOLVED	absolute-address-anchor		address-suffix-inside-frozen-layout	target-address-data	program-data			ps2/progress28_structural_lift_recovered.o	absolute value only; no storage, section bytes, size, or alignment emitted
DAT_0035c26d	0x0035c26d	RESOLVED	absolute-address-anchor		address-suffix-inside-frozen-layout	target-address-data	program-data			ps2/progress28_structural_lift_recovered.o	absolute value only; no storage, section bytes, size, or alignment emitted
DAT_0035c26e	0x0035c26e	RESOLVED	absolute-address-anchor		address-suffix-inside-frozen-layout	target-address-data	program-data			ps2/progress28_structural_lift_recovered.o	absolute value only; no storage, section bytes, size, or alignment emitted
DAT_0035c26f	0x0035c26f	RESOLVED	absolute-address-anchor		address-suffix-inside-frozen-layout	target-address-data	program-data			ps2/progress28_structural_lift_recovered.o	absolute value only; no storage, section bytes, size, or alignment emitted
DAT_0035c270	0x0035c270	RESOLVED	absolute-address-anchor		address-suffix-inside-frozen-layout	target-address-data	program-data			ps2/progress28_structural_lift_recovered.o	absolute value only; no storage, section bytes, size, or alignment emitted
DAT_0035c274	0x0035c274	RESOLVED	absolute-address-anchor		address-suffix-inside-frozen-layout	target-address-data	program-data			ps2/progress28_structural_lift_recovered.o	absolute value only; no storage, section bytes, size, or alignment emitted
DAT_0035c278	0x0035c278	RESOLVED	absolute-address-anchor		address-suffix-inside-frozen-layout	target-address-data	program-data			ps2/progress28_structural_lift_recovered.o	absolute value only; no storage, section bytes, size, or alignment emitted
DAT_0035c27c	0x0035c27c	RESOLVED	absolute-address-anchor		address-suffix-inside-frozen-layout	target-address-data	program-data			ps2/progress28_structural_lift_recovered.o	absolute value only; no storage, section bytes, size, or alignment emitted
DAT_0035c280	0x0035c280	RESOLVED	absolute-address-anchor		address-suffix-inside-frozen-layout	target-address-data	program-data			ps2/progress28_structural_lift_recovered.o	absolute value only; no storage, section bytes, size, or alignment emitted
DAT_0035c284	0x0035c284	RESOLVED	absolute-address-anchor		address-suffix-inside-frozen-layout	target-address-data	program-data			ps2/progress28_structural_lift_recovered.o	absolute value only; no storage, section bytes, size, or alignment emitted
DAT_0035c288	0x0035c288	RESOLVED	absolute-address-anchor		address-suffix-inside-frozen-layout	target-address-data	program-data			ps2/progress28_structural_lift_recovered.o	absolute value only; no storage, section bytes, size, or alignment emitted
DAT_0035c290	0x0035c290	RESOLVED	absolute-address-anchor		address-suffix-inside-frozen-layout	target-address-data	program-data			ps2/progress28_structural_lift_recovered.o	absolute value only; no storage, section bytes, size, or alignment emitted
DAT_0035c294	0x0035c294	RESOLVED	absolute-address-anchor		address-suffix-inside-frozen-layout	target-address-data	program-data			ps2/progress28_structural_lift_recovered.o	absolute value only; no storage, section bytes, size, or alignment emitted
DAT_0035c298	0x0035c298	RESOLVED	absolute-address-anchor		address-suffix-inside-frozen-layout	target-address-data	program-data			ps2/progress28_structural_lift_recovered.o	absolute value only; no storage, section bytes, size, or alignment emitted
DAT_0035c29c	0x0035c29c	RESOLVED	absolute-address-anchor		address-suffix-inside-frozen-layout	target-address-data	program-data			ps2/progress28_structural_lift_recovered.o	absolute value only; no storage, section bytes, size, or alignment emitted
DAT_0035c29d	0x0035c29d	RESOLVED	absolute-address-anchor		address-suffix-inside-frozen-layout	target-address-data	program-data			ps2/progress28_structural_lift_recovered.o	absolute value only; no storage, section bytes, size, or alignment emitted
DAT_0035c29e	0x0035c29e	RESOLVED	absolute-address-anchor		address-suffix-inside-frozen-layout	target-address-data	program-data			ps2/progress28_structural_lift_recovered.o	absolute value only; no storage, section bytes, size, or alignment emitted
DAT_0035c29f	0x0035c29f	RESOLVED	absolute-address-anchor		address-suffix-inside-frozen-layout	target-address-data	program-data			ps2/progress28_structural_lift_recovered.o	absolute value only; no storage, section bytes, size, or alignment emitted
DAT_0035c2a0	0x0035c2a0	RESOLVED	absolute-address-anchor		address-suffix-inside-frozen-layout	target-address-data	program-data			ps2/progress28_structural_lift_recovered.o	absolute value only; no storage, section bytes, size, or alignment emitted
DAT_0035c2a4	0x0035c2a4	RESOLVED	absolute-address-anchor		address-suffix-inside-frozen-layout	target-address-data	program-data			ps2/progress28_structural_lift_recovered.o	absolute value only; no storage, section bytes, size, or alignment emitted
DAT_0035c2a8	0x0035c2a8	RESOLVED	absolute-address-anchor		address-suffix-inside-frozen-layout	target-address-data	program-data			ps2/progress28_structural_lift_recovered.o	absolute value only; no storage, section bytes, size, or alignment emitted
DAT_0035c2ac	0x0035c2ac	RESOLVED	absolute-address-anchor		address-suffix-inside-frozen-layout	target-address-data	program-data			ps2/progress28_structural_lift_recovered.o	absolute value only; no storage, section bytes, size, or alignment emitted
DAT_0035c6ac	0x0035c6ac	RESOLVED	absolute-address-anchor		address-suffix-inside-frozen-layout	target-address-data	program-data			ps2/progress28_structural_lift_recovered.o	absolute value only; no storage, section bytes, size, or alignment emitted
DAT_0035caac	0x0035caac	RESOLVED	absolute-address-anchor		address-suffix-inside-frozen-layout	target-address-data	program-data			ps2/progress28_structural_lift_recovered.o	absolute value only; no storage, section bytes, size, or alignment emitted
DAT_0035ceac	0x0035ceac	RESOLVED	absolute-address-anchor		address-suffix-inside-frozen-layout	target-address-data	program-data			ps2/progress28_structural_lift_recovered.o	absolute value only; no storage, section bytes, size, or alignment emitted
DAT_0035ceb0	0x0035ceb0	RESOLVED	absolute-address-anchor		address-suffix-inside-frozen-layout	target-address-data	program-data			ps2/progress28_structural_lift_recovered.o	absolute value only; no storage, section bytes, size, or alignment emitted
DAT_0035d0b0	0x0035d0b0	RESOLVED	absolute-address-anchor		address-suffix-inside-frozen-layout	target-address-data	program-data			ps2/progress28_structural_lift_recovered.o	absolute value only; no storage, section bytes, size, or alignment emitted
DAT_0035d0b4	0x0035d0b4	RESOLVED	absolute-address-anchor		address-suffix-inside-frozen-layout	target-address-data	program-data			ps2/progress28_structural_lift_recovered.o	absolute value only; no storage, section bytes, size, or alignment emitted
DAT_0035d0b8	0x0035d0b8	RESOLVED	absolute-address-anchor		address-suffix-inside-frozen-layout	target-address-data	program-data			ps2/progress28_structural_lift_recovered.o	absolute value only; no storage, section bytes, size, or alignment emitted
DAT_0035d0bc	0x0035d0bc	RESOLVED	absolute-address-anchor		address-suffix-inside-frozen-layout	target-address-data	program-data			ps2/progress28_structural_lift_recovered.o	absolute value only; no storage, section bytes, size, or alignment emitted
DAT_0035d0c0	0x0035d0c0	RESOLVED	absolute-address-anchor		address-suffix-inside-frozen-layout	target-address-data	program-data			ps2/progress28_structural_lift_recovered.o	absolute value only; no storage, section bytes, size, or alignment emitted
DAT_0035d0c4	0x0035d0c4	RESOLVED	absolute-address-anchor		address-suffix-inside-frozen-layout	target-address-data	program-data			ps2/progress28_structural_lift_recovered.o	absolute value only; no storage, section bytes, size, or alignment emitted
DAT_0035d0c8	0x0035d0c8	RESOLVED	absolute-address-anchor		address-suffix-inside-frozen-layout	target-address-data	program-data			ps2/progress28_structural_lift_recovered.o	absolute value only; no storage, section bytes, size, or alignment emitted
DAT_0035d0cc	0x0035d0cc	RESOLVED	absolute-address-anchor		address-suffix-inside-frozen-layout	target-address-data	program-data			ps2/progress28_structural_lift_recovered.o	absolute value only; no storage, section bytes, size, or alignment emitted
DAT_0035d0d0	0x0035d0d0	RESOLVED	absolute-address-anchor		address-suffix-inside-frozen-layout	target-address-data	program-data			ps2/progress28_structural_lift_recovered.o	absolute value only; no storage, section bytes, size, or alignment emitted
DAT_0035d0d4	0x0035d0d4	RESOLVED	absolute-address-anchor		address-suffix-inside-frozen-layout	target-address-data	program-data			ps2/progress28_structural_lift_recovered.o	absolute value only; no storage, section bytes, size, or alignment emitted
DAT_0035d0d8	0x0035d0d8	RESOLVED	absolute-address-anchor		address-suffix-inside-frozen-layout	target-address-data	program-data			ps2/progress28_structural_lift_recovered.o	absolute value only; no storage, section bytes, size, or alignment emitted
DAT_0035d0dc	0x0035d0dc	RESOLVED	absolute-address-anchor		address-suffix-inside-frozen-layout	target-address-data	program-data			ps2/progress28_structural_lift_recovered.o	absolute value only; no storage, section bytes, size, or alignment emitted
DAT_0035d0e0	0x0035d0e0	RESOLVED	absolute-address-anchor		address-suffix-inside-frozen-layout	target-address-data	program-data			ps2/progress28_structural_lift_recovered.o	absolute value only; no storage, section bytes, size, or alignment emitted
DAT_0035d0e4	0x0035d0e4	RESOLVED	absolute-address-anchor		address-suffix-inside-frozen-layout	target-address-data	program-data			ps2/progress28_structural_lift_recovered.o	absolute value only; no storage, section bytes, size, or alignment emitted
DAT_0035d0e8	0x0035d0e8	RESOLVED	absolute-address-anchor		address-suffix-inside-frozen-layout	target-address-data	program-data			ps2/progress28_structural_lift_recovered.o	absolute value only; no storage, section bytes, size, or alignment emitted
DAT_0035d0ec	0x0035d0ec	RESOLVED	absolute-address-anchor		address-suffix-inside-frozen-layout	target-address-data	program-data			ps2/progress28_structural_lift_recovered.o	absolute value only; no storage, section bytes, size, or alignment emitted
DAT_0035d100	0x0035d100	RESOLVED	absolute-address-anchor		address-suffix-inside-frozen-layout	target-address-data	program-data			ps2/progress28_structural_lift_recovered.o	absolute value only; no storage, section bytes, size, or alignment emitted
DAT_0035d104	0x0035d104	RESOLVED	absolute-address-anchor		address-suffix-inside-frozen-layout	target-address-data	program-data			ps2/progress28_structural_lift_recovered.o	absolute value only; no storage, section bytes, size, or alignment emitted
DAT_0035d118	0x0035d118	RESOLVED	absolute-address-anchor		address-suffix-inside-frozen-layout	target-address-data	program-data			ps2/progress28_structural_lift_recovered.o	absolute value only; no storage, section bytes, size, or alignment emitted
DAT_0035d194	0x0035d194	RESOLVED	absolute-address-anchor		address-suffix-inside-frozen-layout	target-address-data	program-data			ps2/progress28_structural_lift_recovered.o	absolute value only; no storage, section bytes, size, or alignment emitted
DAT_0035d1a8	0x0035d1a8	RESOLVED	absolute-address-anchor		address-suffix-inside-frozen-layout	target-address-data	program-data			ps2/progress28_structural_lift_recovered.o	absolute value only; no storage, section bytes, size, or alignment emitted
DAT_0035d224	0x0035d224	RESOLVED	absolute-address-anchor		address-suffix-inside-frozen-layout	target-address-data	program-data			ps2/progress28_structural_lift_recovered.o	absolute value only; no storage, section bytes, size, or alignment emitted
DAT_0035d238	0x0035d238	RESOLVED	absolute-address-anchor		address-suffix-inside-frozen-layout	target-address-data	program-data			ps2/progress28_structural_lift_recovered.o	absolute value only; no storage, section bytes, size, or alignment emitted
DAT_0035d23c	0x0035d23c	RESOLVED	absolute-address-anchor		address-suffix-inside-frozen-layout	target-address-data	program-data			ps2/progress28_structural_lift_recovered.o	absolute value only; no storage, section bytes, size, or alignment emitted
DAT_0035d250	0x0035d250	RESOLVED	absolute-address-anchor		address-suffix-inside-frozen-layout	target-address-data	program-data			ps2/progress28_structural_lift_recovered.o	absolute value only; no storage, section bytes, size, or alignment emitted
DAT_0035d2cc	0x0035d2cc	RESOLVED	absolute-address-anchor		address-suffix-inside-frozen-layout	target-address-data	program-data			ps2/progress28_structural_lift_recovered.o	absolute value only; no storage, section bytes, size, or alignment emitted
DAT_0035d2e0	0x0035d2e0	RESOLVED	absolute-address-anchor		address-suffix-inside-frozen-layout	target-address-data	program-data			ps2/progress28_structural_lift_recovered.o	absolute value only; no storage, section bytes, size, or alignment emitted
DAT_0035d360	0x0035d360	RESOLVED	absolute-address-anchor		address-suffix-inside-frozen-layout	target-address-data	program-data			ps2/progress28_structural_lift_recovered.o	absolute value only; no storage, section bytes, size, or alignment emitted
DAT_0035d361	0x0035d361	RESOLVED	absolute-address-anchor		address-suffix-inside-frozen-layout	target-address-data	program-data			ps2/progress28_structural_lift_recovered.o	absolute value only; no storage, section bytes, size, or alignment emitted
DAT_0035d362	0x0035d362	RESOLVED	absolute-address-anchor		address-suffix-inside-frozen-layout	target-address-data	program-data			ps2/progress28_structural_lift_recovered.o	absolute value only; no storage, section bytes, size, or alignment emitted
DAT_0035d363	0x0035d363	RESOLVED	absolute-address-anchor		address-suffix-inside-frozen-layout	target-address-data	program-data			ps2/progress28_structural_lift_recovered.o	absolute value only; no storage, section bytes, size, or alignment emitted
DAT_0035d364	0x0035d364	RESOLVED	absolute-address-anchor		address-suffix-inside-frozen-layout	target-address-data	program-data			ps2/progress28_structural_lift_recovered.o	absolute value only; no storage, section bytes, size, or alignment emitted
DAT_0035d366	0x0035d366	RESOLVED	absolute-address-anchor		address-suffix-inside-frozen-layout	target-address-data	program-data			ps2/progress28_structural_lift_recovered.o	absolute value only; no storage, section bytes, size, or alignment emitted
DAT_0035d368	0x0035d368	RESOLVED	absolute-address-anchor		address-suffix-inside-frozen-layout	target-address-data	program-data			ps2/progress28_structural_lift_recovered.o	absolute value only; no storage, section bytes, size, or alignment emitted
DAT_0035d36a	0x0035d36a	RESOLVED	absolute-address-anchor		address-suffix-inside-frozen-layout	target-address-data	program-data			ps2/progress28_structural_lift_recovered.o	absolute value only; no storage, section bytes, size, or alignment emitted
DAT_0035d36c	0x0035d36c	RESOLVED	absolute-address-anchor		address-suffix-inside-frozen-layout	target-address-data	program-data			ps2/progress28_structural_lift_recovered.o	absolute value only; no storage, section bytes, size, or alignment emitted
DAT_0035d36e	0x0035d36e	RESOLVED	absolute-address-anchor		address-suffix-inside-frozen-layout	target-address-data	program-data			ps2/progress28_structural_lift_recovered.o	absolute value only; no storage, section bytes, size, or alignment emitted
DAT_0035d370	0x0035d370	RESOLVED	absolute-address-anchor		address-suffix-inside-frozen-layout	target-address-data	program-data			ps2/progress28_structural_lift_recovered.o	absolute value only; no storage, section bytes, size, or alignment emitted
DAT_0035d372	0x0035d372	RESOLVED	absolute-address-anchor		address-suffix-inside-frozen-layout	target-address-data	program-data			ps2/progress28_structural_lift_recovered.o	absolute value only; no storage, section bytes, size, or alignment emitted
DAT_0035d373	0x0035d373	RESOLVED	absolute-address-anchor		address-suffix-inside-frozen-layout	target-address-data	program-data			ps2/progress28_structural_lift_recovered.o	absolute value only; no storage, section bytes, size, or alignment emitted
DAT_0035d374	0x0035d374	RESOLVED	absolute-address-anchor		address-suffix-inside-frozen-layout	target-address-data	program-data			ps2/progress28_structural_lift_recovered.o	absolute value only; no storage, section bytes, size, or alignment emitted
DAT_0035d375	0x0035d375	RESOLVED	absolute-address-anchor		address-suffix-inside-frozen-layout	target-address-data	program-data			ps2/progress28_structural_lift_recovered.o	absolute value only; no storage, section bytes, size, or alignment emitted
DAT_0035d410	0x0035d410	RESOLVED	absolute-address-anchor		address-suffix-inside-frozen-layout	target-address-data	program-data			ps2/progress28_structural_lift_recovered.o	absolute value only; no storage, section bytes, size, or alignment emitted
DAT_0035d430	0x0035d430	RESOLVED	absolute-address-anchor		address-suffix-inside-frozen-layout	target-address-data	program-data			ps2/progress28_structural_lift_recovered.o	absolute value only; no storage, section bytes, size, or alignment emitted
DAT_0035d450	0x0035d450	RESOLVED	absolute-address-anchor		address-suffix-inside-frozen-layout	target-address-data	program-data			ps2/progress28_structural_lift_recovered.o	absolute value only; no storage, section bytes, size, or alignment emitted
DAT_0035d454	0x0035d454	RESOLVED	absolute-address-anchor		address-suffix-inside-frozen-layout	target-address-data	program-data			ps2/progress28_structural_lift_recovered.o	absolute value only; no storage, section bytes, size, or alignment emitted
DAT_0035d458	0x0035d458	RESOLVED	absolute-address-anchor		address-suffix-inside-frozen-layout	target-address-data	program-data			ps2/progress28_structural_lift_recovered.o	absolute value only; no storage, section bytes, size, or alignment emitted
DAT_0035d45c	0x0035d45c	RESOLVED	absolute-address-anchor		address-suffix-inside-frozen-layout	target-address-data	program-data			ps2/progress28_structural_lift_recovered.o	absolute value only; no storage, section bytes, size, or alignment emitted
DAT_0035d460	0x0035d460	RESOLVED	absolute-address-anchor		address-suffix-inside-frozen-layout	target-address-data	program-data			ps2/progress28_structural_lift_recovered.o	absolute value only; no storage, section bytes, size, or alignment emitted
DAT_0035d468	0x0035d468	RESOLVED	absolute-address-anchor		address-suffix-inside-frozen-layout	target-address-data	program-data			ps2/progress28_structural_lift_recovered.o	absolute value only; no storage, section bytes, size, or alignment emitted
DAT_0035d46c	0x0035d46c	RESOLVED	absolute-address-anchor		address-suffix-inside-frozen-layout	target-address-data	program-data			ps2/progress28_structural_lift_recovered.o	absolute value only; no storage, section bytes, size, or alignment emitted
DAT_0035d470	0x0035d470	RESOLVED	absolute-address-anchor		address-suffix-inside-frozen-layout	target-address-data	program-data			ps2/progress28_structural_lift_recovered.o	absolute value only; no storage, section bytes, size, or alignment emitted
DAT_0035d474	0x0035d474	RESOLVED	absolute-address-anchor		address-suffix-inside-frozen-layout	target-address-data	program-data			ps2/progress28_structural_lift_recovered.o	absolute value only; no storage, section bytes, size, or alignment emitted
DAT_0035d478	0x0035d478	RESOLVED	absolute-address-anchor		address-suffix-inside-frozen-layout	target-address-data	program-data			ps2/progress28_structural_lift_recovered.o	absolute value only; no storage, section bytes, size, or alignment emitted
DAT_0035d47c	0x0035d47c	RESOLVED	absolute-address-anchor		address-suffix-inside-frozen-layout	target-address-data	program-data			ps2/progress28_structural_lift_recovered.o	absolute value only; no storage, section bytes, size, or alignment emitted
DAT_0035d480	0x0035d480	RESOLVED	absolute-address-anchor		address-suffix-inside-frozen-layout	target-address-data	program-data			ps2/progress28_structural_lift_recovered.o	absolute value only; no storage, section bytes, size, or alignment emitted
DAT_0035d484	0x0035d484	RESOLVED	absolute-address-anchor		address-suffix-inside-frozen-layout	target-address-data	program-data			ps2/progress28_structural_lift_recovered.o	absolute value only; no storage, section bytes, size, or alignment emitted
DAT_0035d488	0x0035d488	RESOLVED	absolute-address-anchor		address-suffix-inside-frozen-layout	target-address-data	program-data			ps2/progress28_structural_lift_recovered.o	absolute value only; no storage, section bytes, size, or alignment emitted
DAT_0035d48c	0x0035d48c	RESOLVED	absolute-address-anchor		address-suffix-inside-frozen-layout	target-address-data	program-data			ps2/progress28_structural_lift_recovered.o	absolute value only; no storage, section bytes, size, or alignment emitted
DAT_0035d490	0x0035d490	RESOLVED	absolute-address-anchor		address-suffix-inside-frozen-layout	target-address-data	program-data			ps2/progress28_structural_lift_recovered.o	absolute value only; no storage, section bytes, size, or alignment emitted
DAT_0035d494	0x0035d494	RESOLVED	absolute-address-anchor		address-suffix-inside-frozen-layout	target-address-data	program-data			ps2/progress28_structural_lift_recovered.o	absolute value only; no storage, section bytes, size, or alignment emitted
DAT_0035d498	0x0035d498	RESOLVED	absolute-address-anchor		address-suffix-inside-frozen-layout	target-address-data	program-data			ps2/progress28_structural_lift_recovered.o	absolute value only; no storage, section bytes, size, or alignment emitted
DAT_0035d49c	0x0035d49c	RESOLVED	absolute-address-anchor		address-suffix-inside-frozen-layout	target-address-data	program-data			ps2/progress28_structural_lift_recovered.o	absolute value only; no storage, section bytes, size, or alignment emitted
DAT_0035d4a0	0x0035d4a0	RESOLVED	absolute-address-anchor		address-suffix-inside-frozen-layout	target-address-data	program-data			ps2/progress28_structural_lift_recovered.o	absolute value only; no storage, section bytes, size, or alignment emitted
DAT_0035d4a4	0x0035d4a4	RESOLVED	absolute-address-anchor		address-suffix-inside-frozen-layout	target-address-data	program-data			ps2/progress28_structural_lift_recovered.o	absolute value only; no storage, section bytes, size, or alignment emitted
DAT_0035d4a8	0x0035d4a8	RESOLVED	absolute-address-anchor		address-suffix-inside-frozen-layout	target-address-data	program-data			ps2/progress28_structural_lift_recovered.o	absolute value only; no storage, section bytes, size, or alignment emitted
DAT_0035d4ac	0x0035d4ac	RESOLVED	absolute-address-anchor		address-suffix-inside-frozen-layout	target-address-data	program-data			ps2/progress28_structural_lift_recovered.o	absolute value only; no storage, section bytes, size, or alignment emitted
DAT_0035d4b0	0x0035d4b0	RESOLVED	absolute-address-anchor		address-suffix-inside-frozen-layout	target-address-data	program-data			ps2/progress28_structural_lift_recovered.o	absolute value only; no storage, section bytes, size, or alignment emitted
DAT_0035d4b4	0x0035d4b4	RESOLVED	absolute-address-anchor		address-suffix-inside-frozen-layout	target-address-data	program-data			ps2/progress28_structural_lift_recovered.o	absolute value only; no storage, section bytes, size, or alignment emitted
DAT_0035d4b8	0x0035d4b8	RESOLVED	absolute-address-anchor		address-suffix-inside-frozen-layout	target-address-data	program-data			ps2/progress28_structural_lift_recovered.o	absolute value only; no storage, section bytes, size, or alignment emitted
DAT_0035d4bc	0x0035d4bc	RESOLVED	absolute-address-anchor		address-suffix-inside-frozen-layout	target-address-data	program-data			ps2/progress28_structural_lift_recovered.o	absolute value only; no storage, section bytes, size, or alignment emitted
DAT_0035d4c0	0x0035d4c0	RESOLVED	absolute-address-anchor		address-suffix-inside-frozen-layout	target-address-data	program-data			ps2/progress28_structural_lift_recovered.o	absolute value only; no storage, section bytes, size, or alignment emitted
DAT_0035d4c4	0x0035d4c4	RESOLVED	absolute-address-anchor		address-suffix-inside-frozen-layout	target-address-data	program-data			ps2/progress28_structural_lift_recovered.o	absolute value only; no storage, section bytes, size, or alignment emitted
DAT_0035d4c8	0x0035d4c8	RESOLVED	absolute-address-anchor		address-suffix-inside-frozen-layout	target-address-data	program-data			ps2/progress28_structural_lift_recovered.o	absolute value only; no storage, section bytes, size, or alignment emitted
DAT_0035d4cc	0x0035d4cc	RESOLVED	absolute-address-anchor		address-suffix-inside-frozen-layout	target-address-data	program-data			ps2/progress28_structural_lift_recovered.o	absolute value only; no storage, section bytes, size, or alignment emitted
DAT_0035d4cd	0x0035d4cd	RESOLVED	absolute-address-anchor		address-suffix-inside-frozen-layout	target-address-data	program-data			ps2/progress28_structural_lift_recovered.o	absolute value only; no storage, section bytes, size, or alignment emitted
DAT_0035d4d0	0x0035d4d0	RESOLVED	absolute-address-anchor		address-suffix-inside-frozen-layout	target-address-data	program-data			ps2/progress28_structural_lift_recovered.o	absolute value only; no storage, section bytes, size, or alignment emitted
DAT_0035d4d4	0x0035d4d4	RESOLVED	absolute-address-anchor		address-suffix-inside-frozen-layout	target-address-data	program-data			ps2/progress28_structural_lift_recovered.o	absolute value only; no storage, section bytes, size, or alignment emitted
DAT_0035d4d8	0x0035d4d8	RESOLVED	absolute-address-anchor		address-suffix-inside-frozen-layout	target-address-data	program-data			ps2/progress28_structural_lift_recovered.o	absolute value only; no storage, section bytes, size, or alignment emitted
DAT_0035d4dc	0x0035d4dc	RESOLVED	absolute-address-anchor		address-suffix-inside-frozen-layout	target-address-data	program-data			ps2/progress28_structural_lift_recovered.o	absolute value only; no storage, section bytes, size, or alignment emitted
DAT_0035d4e0	0x0035d4e0	RESOLVED	absolute-address-anchor		address-suffix-inside-frozen-layout	target-address-data	program-data			ps2/progress28_structural_lift_recovered.o	absolute value only; no storage, section bytes, size, or alignment emitted
DAT_0035d4e4	0x0035d4e4	RESOLVED	absolute-address-anchor		address-suffix-inside-frozen-layout	target-address-data	program-data			ps2/progress28_structural_lift_recovered.o	absolute value only; no storage, section bytes, size, or alignment emitted
DAT_0035d4e8	0x0035d4e8	RESOLVED	absolute-address-anchor		address-suffix-inside-frozen-layout	target-address-data	program-data			ps2/progress28_structural_lift_recovered.o	absolute value only; no storage, section bytes, size, or alignment emitted
DAT_0035d4ec	0x0035d4ec	RESOLVED	absolute-address-anchor		address-suffix-inside-frozen-layout	target-address-data	program-data			ps2/progress28_structural_lift_recovered.o	absolute value only; no storage, section bytes, size, or alignment emitted
DAT_0035d4f0	0x0035d4f0	RESOLVED	absolute-address-anchor		address-suffix-inside-frozen-layout	target-address-data	program-data			ps2/progress28_structural_lift_recovered.o	absolute value only; no storage, section bytes, size, or alignment emitted
DAT_0035dab0	0x0035dab0	RESOLVED	absolute-address-anchor		address-suffix-inside-frozen-layout	target-address-data	program-data			ps2/progress28_structural_lift_recovered.o	absolute value only; no storage, section bytes, size, or alignment emitted
DAT_0035dd38	0x0035dd38	RESOLVED	absolute-address-anchor		address-suffix-inside-frozen-layout	target-address-data	program-data			ps2/progress28_structural_lift_recovered.o	absolute value only; no storage, section bytes, size, or alignment emitted
DAT_0035df3c	0x0035df3c	RESOLVED	absolute-address-anchor		address-suffix-inside-frozen-layout	target-address-data	program-data			ps2/progress28_structural_lift_recovered.o	absolute value only; no storage, section bytes, size, or alignment emitted
DAT_0035df40	0x0035df40	RESOLVED	absolute-address-anchor		address-suffix-inside-frozen-layout	target-address-data	program-data			ps2/progress28_structural_lift_recovered.o	absolute value only; no storage, section bytes, size, or alignment emitted
DAT_0035df48	0x0035df48	RESOLVED	absolute-address-anchor		address-suffix-inside-frozen-layout	target-address-data	program-data			ps2/progress28_structural_lift_recovered.o	absolute value only; no storage, section bytes, size, or alignment emitted
DAT_0035df4a	0x0035df4a	RESOLVED	absolute-address-anchor		address-suffix-inside-frozen-layout	target-address-data	program-data			ps2/progress28_structural_lift_recovered.o	absolute value only; no storage, section bytes, size, or alignment emitted
DAT_0035df4c	0x0035df4c	RESOLVED	absolute-address-anchor		address-suffix-inside-frozen-layout	target-address-data	program-data			ps2/progress28_structural_lift_recovered.o	absolute value only; no storage, section bytes, size, or alignment emitted
DAT_0035df4e	0x0035df4e	RESOLVED	absolute-address-anchor		address-suffix-inside-frozen-layout	target-address-data	program-data			ps2/progress28_structural_lift_recovered.o	absolute value only; no storage, section bytes, size, or alignment emitted
DAT_0035df50	0x0035df50	RESOLVED	absolute-address-anchor		address-suffix-inside-frozen-layout	target-address-data	program-data			ps2/progress28_structural_lift_recovered.o	absolute value only; no storage, section bytes, size, or alignment emitted
DAT_0035df52	0x0035df52	RESOLVED	absolute-address-anchor		address-suffix-inside-frozen-layout	target-address-data	program-data			ps2/progress28_structural_lift_recovered.o	absolute value only; no storage, section bytes, size, or alignment emitted
DAT_0035df54	0x0035df54	RESOLVED	absolute-address-anchor		address-suffix-inside-frozen-layout	target-address-data	program-data			ps2/progress28_structural_lift_recovered.o	absolute value only; no storage, section bytes, size, or alignment emitted
DAT_0035df56	0x0035df56	RESOLVED	absolute-address-anchor		address-suffix-inside-frozen-layout	target-address-data	program-data			ps2/progress28_structural_lift_recovered.o	absolute value only; no storage, section bytes, size, or alignment emitted
DAT_0035df58	0x0035df58	RESOLVED	absolute-address-anchor		address-suffix-inside-frozen-layout	target-address-data	program-data			ps2/progress28_structural_lift_recovered.o	absolute value only; no storage, section bytes, size, or alignment emitted
DAT_0035df5a	0x0035df5a	RESOLVED	absolute-address-anchor		address-suffix-inside-frozen-layout	target-address-data	program-data			ps2/progress28_structural_lift_recovered.o	absolute value only; no storage, section bytes, size, or alignment emitted
DAT_0035ee48	0x0035ee48	RESOLVED	absolute-address-anchor		address-suffix-inside-frozen-layout	target-address-data	program-data			ps2/progress28_structural_lift_recovered.o	absolute value only; no storage, section bytes, size, or alignment emitted
DAT_0035ee4a	0x0035ee4a	RESOLVED	absolute-address-anchor		address-suffix-inside-frozen-layout	target-address-data	program-data			ps2/progress28_structural_lift_recovered.o	absolute value only; no storage, section bytes, size, or alignment emitted
DAT_0035ee4c	0x0035ee4c	RESOLVED	absolute-address-anchor		address-suffix-inside-frozen-layout	target-address-data	program-data			ps2/progress28_structural_lift_recovered.o	absolute value only; no storage, section bytes, size, or alignment emitted
DAT_0035ee4e	0x0035ee4e	RESOLVED	absolute-address-anchor		address-suffix-inside-frozen-layout	target-address-data	program-data			ps2/progress28_structural_lift_recovered.o	absolute value only; no storage, section bytes, size, or alignment emitted
DAT_0035ee50	0x0035ee50	RESOLVED	absolute-address-anchor		address-suffix-inside-frozen-layout	target-address-data	program-data			ps2/progress28_structural_lift_recovered.o	absolute value only; no storage, section bytes, size, or alignment emitted
DAT_0035ee52	0x0035ee52	RESOLVED	absolute-address-anchor		address-suffix-inside-frozen-layout	target-address-data	program-data			ps2/progress28_structural_lift_recovered.o	absolute value only; no storage, section bytes, size, or alignment emitted
DAT_0035f988	0x0035f988	RESOLVED	absolute-address-anchor		address-suffix-inside-frozen-layout	target-address-data	program-data			ps2/progress28_structural_lift_recovered.o	absolute value only; no storage, section bytes, size, or alignment emitted
DAT_0035f989	0x0035f989	RESOLVED	absolute-address-anchor		address-suffix-inside-frozen-layout	target-address-data	program-data			ps2/progress28_structural_lift_recovered.o	absolute value only; no storage, section bytes, size, or alignment emitted
DAT_0035f98c	0x0035f98c	RESOLVED	absolute-address-anchor		address-suffix-inside-frozen-layout	target-address-data	program-data			ps2/progress28_structural_lift_recovered.o	absolute value only; no storage, section bytes, size, or alignment emitted
DAT_0035f990	0x0035f990	RESOLVED	absolute-address-anchor		address-suffix-inside-frozen-layout	target-address-data	program-data			ps2/progress28_structural_lift_recovered.o	absolute value only; no storage, section bytes, size, or alignment emitted
DAT_0035f994	0x0035f994	RESOLVED	absolute-address-anchor		address-suffix-inside-frozen-layout	target-address-data	program-data			ps2/progress28_structural_lift_recovered.o	absolute value only; no storage, section bytes, size, or alignment emitted
DAT_0035f998	0x0035f998	RESOLVED	absolute-address-anchor		address-suffix-inside-frozen-layout	target-address-data	program-data			ps2/progress28_structural_lift_recovered.o	absolute value only; no storage, section bytes, size, or alignment emitted
DAT_0035f99c	0x0035f99c	RESOLVED	absolute-address-anchor		address-suffix-inside-frozen-layout	target-address-data	program-data			ps2/progress28_structural_lift_recovered.o	absolute value only; no storage, section bytes, size, or alignment emitted
DAT_0035fda0	0x0035fda0	RESOLVED	absolute-address-anchor		address-suffix-inside-frozen-layout	target-address-data	program-data			ps2/progress28_structural_lift_recovered.o	absolute value only; no storage, section bytes, size, or alignment emitted
DAT_0035fda8	0x0035fda8	RESOLVED	absolute-address-anchor		address-suffix-inside-frozen-layout	target-address-data	program-data			ps2/progress28_structural_lift_recovered.o	absolute value only; no storage, section bytes, size, or alignment emitted
DAT_0035fdac	0x0035fdac	RESOLVED	absolute-address-anchor		address-suffix-inside-frozen-layout	target-address-data	program-data			ps2/progress28_structural_lift_recovered.o	absolute value only; no storage, section bytes, size, or alignment emitted
DAT_0035fdad	0x0035fdad	RESOLVED	absolute-address-anchor		address-suffix-inside-frozen-layout	target-address-data	program-data			ps2/progress28_structural_lift_recovered.o	absolute value only; no storage, section bytes, size, or alignment emitted
DAT_0035fdae	0x0035fdae	RESOLVED	absolute-address-anchor		address-suffix-inside-frozen-layout	target-address-data	program-data			ps2/progress28_structural_lift_recovered.o	absolute value only; no storage, section bytes, size, or alignment emitted
DAT_0035fdaf	0x0035fdaf	RESOLVED	absolute-address-anchor		address-suffix-inside-frozen-layout	target-address-data	program-data			ps2/progress28_structural_lift_recovered.o	absolute value only; no storage, section bytes, size, or alignment emitted
DAT_0035fdb0	0x0035fdb0	RESOLVED	absolute-address-anchor		address-suffix-inside-frozen-layout	target-address-data	program-data			ps2/progress28_structural_lift_recovered.o	absolute value only; no storage, section bytes, size, or alignment emitted
DAT_0035fdc4	0x0035fdc4	RESOLVED	absolute-address-anchor		address-suffix-inside-frozen-layout	target-address-data	program-data			ps2/progress28_structural_lift_recovered.o	absolute value only; no storage, section bytes, size, or alignment emitted
DAT_00360708	0x00360708	RESOLVED	absolute-address-anchor		address-suffix-inside-frozen-layout	target-address-data	program-data			ps2/progress28_structural_lift_recovered.o	absolute value only; no storage, section bytes, size, or alignment emitted
DAT_003ab71c	0x003ab71c	RESOLVED	absolute-address-anchor		address-suffix-inside-frozen-layout	target-address-data	program-data			ps2/progress28_structural_lift_recovered.o	absolute value only; no storage, section bytes, size, or alignment emitted
DAT_003ab720	0x003ab720	RESOLVED	absolute-address-anchor		address-suffix-inside-frozen-layout	target-address-data	program-data			ps2/progress28_structural_lift_recovered.o	absolute value only; no storage, section bytes, size, or alignment emitted
DAT_003ab728	0x003ab728	RESOLVED	absolute-address-anchor		address-suffix-inside-frozen-layout	target-address-data	program-data			ps2/progress28_structural_lift_recovered.o	absolute value only; no storage, section bytes, size, or alignment emitted
DAT_003ab72c	0x003ab72c	RESOLVED	absolute-address-anchor		address-suffix-inside-frozen-layout	target-address-data	program-data			ps2/progress28_structural_lift_recovered.o	absolute value only; no storage, section bytes, size, or alignment emitted
DAT_003ab730	0x003ab730	RESOLVED	absolute-address-anchor		address-suffix-inside-frozen-layout	target-address-data	program-data			ps2/progress28_structural_lift_recovered.o	absolute value only; no storage, section bytes, size, or alignment emitted
DAT_003ab734	0x003ab734	RESOLVED	absolute-address-anchor		address-suffix-inside-frozen-layout	target-address-data	program-data			ps2/progress28_structural_lift_recovered.o	absolute value only; no storage, section bytes, size, or alignment emitted
DAT_003ab738	0x003ab738	RESOLVED	absolute-address-anchor		address-suffix-inside-frozen-layout	target-address-data	program-data			ps2/progress28_structural_lift_recovered.o	absolute value only; no storage, section bytes, size, or alignment emitted
DAT_003ab73c	0x003ab73c	RESOLVED	absolute-address-anchor		address-suffix-inside-frozen-layout	target-address-data	program-data			ps2/progress28_structural_lift_recovered.o	absolute value only; no storage, section bytes, size, or alignment emitted
DAT_003ab740	0x003ab740	RESOLVED	absolute-address-anchor		address-suffix-inside-frozen-layout	target-address-data	program-data			ps2/progress28_structural_lift_recovered.o	absolute value only; no storage, section bytes, size, or alignment emitted
DAT_003ab744	0x003ab744	RESOLVED	absolute-address-anchor		address-suffix-inside-frozen-layout	target-address-data	program-data			ps2/progress28_structural_lift_recovered.o	absolute value only; no storage, section bytes, size, or alignment emitted
DAT_003ab748	0x003ab748	RESOLVED	absolute-address-anchor		address-suffix-inside-frozen-layout	target-address-data	program-data			ps2/progress28_structural_lift_recovered.o	absolute value only; no storage, section bytes, size, or alignment emitted
DAT_003d2e48	0x003d2e48	RESOLVED	absolute-address-anchor		address-suffix-inside-frozen-layout	target-address-data	program-data			ps2/progress28_structural_lift_recovered.o	absolute value only; no storage, section bytes, size, or alignment emitted
DAT_003e2e48	0x003e2e48	RESOLVED	absolute-address-anchor		address-suffix-inside-frozen-layout	target-address-data	program-data			ps2/progress28_structural_lift_recovered.o	absolute value only; no storage, section bytes, size, or alignment emitted
DAT_003f2e48	0x003f2e48	RESOLVED	absolute-address-anchor		address-suffix-inside-frozen-layout	target-address-data	program-data			ps2/progress28_structural_lift_recovered.o	absolute value only; no storage, section bytes, size, or alignment emitted
DAT_003f2e4c	0x003f2e4c	RESOLVED	absolute-address-anchor		address-suffix-inside-frozen-layout	target-address-data	program-data			ps2/progress28_structural_lift_recovered.o	absolute value only; no storage, section bytes, size, or alignment emitted
DAT_003f2e50	0x003f2e50	RESOLVED	absolute-address-anchor		address-suffix-inside-frozen-layout	target-address-data	program-data			ps2/progress28_structural_lift_recovered.o	absolute value only; no storage, section bytes, size, or alignment emitted
DAT_003f2e54	0x003f2e54	RESOLVED	absolute-address-anchor		address-suffix-inside-frozen-layout	target-address-data	program-data			ps2/progress28_structural_lift_recovered.o	absolute value only; no storage, section bytes, size, or alignment emitted
DAT_003f2e58	0x003f2e58	RESOLVED	absolute-address-anchor		address-suffix-inside-frozen-layout	target-address-data	program-data			ps2/progress28_structural_lift_recovered.o	absolute value only; no storage, section bytes, size, or alignment emitted
DAT_003f2e5c	0x003f2e5c	RESOLVED	absolute-address-anchor		address-suffix-inside-frozen-layout	target-address-data	program-data			ps2/progress28_structural_lift_recovered.o	absolute value only; no storage, section bytes, size, or alignment emitted
DAT_003f2e60	0x003f2e60	RESOLVED	absolute-address-anchor		address-suffix-inside-frozen-layout	target-address-data	program-data			ps2/progress28_structural_lift_recovered.o	absolute value only; no storage, section bytes, size, or alignment emitted
DAT_003f2e64	0x003f2e64	RESOLVED	absolute-address-anchor		address-suffix-inside-frozen-layout	target-address-data	program-data			ps2/progress28_structural_lift_recovered.o	absolute value only; no storage, section bytes, size, or alignment emitted
DAT_003f2e68	0x003f2e68	RESOLVED	absolute-address-anchor		address-suffix-inside-frozen-layout	target-address-data	program-data			ps2/progress28_structural_lift_recovered.o	absolute value only; no storage, section bytes, size, or alignment emitted
DAT_003f2e70	0x003f2e70	RESOLVED	absolute-address-anchor		address-suffix-inside-frozen-layout	target-address-data	program-data			ps2/progress28_structural_lift_recovered.o	absolute value only; no storage, section bytes, size, or alignment emitted
DAT_003f2eb0	0x003f2eb0	RESOLVED	absolute-address-anchor		address-suffix-inside-frozen-layout	target-address-data	program-data			ps2/progress28_structural_lift_recovered.o	absolute value only; no storage, section bytes, size, or alignment emitted
DAT_003f2eb8	0x003f2eb8	RESOLVED	absolute-address-anchor		address-suffix-inside-frozen-layout	target-address-data	program-data			ps2/progress28_structural_lift_recovered.o	absolute value only; no storage, section bytes, size, or alignment emitted
DAT_003f2f78	0x003f2f78	RESOLVED	absolute-address-anchor		address-suffix-inside-frozen-layout	target-address-data	program-data			ps2/progress28_structural_lift_recovered.o	absolute value only; no storage, section bytes, size, or alignment emitted
DAT_003f2f80	0x003f2f80	RESOLVED	absolute-address-anchor		address-suffix-inside-frozen-layout	target-address-data	program-data			ps2/progress28_structural_lift_recovered.o	absolute value only; no storage, section bytes, size, or alignment emitted
DAT_003f3fc0	0x003f3fc0	RESOLVED	absolute-address-anchor		address-suffix-inside-frozen-layout	target-address-data	program-data			ps2/progress28_structural_lift_recovered.o	absolute value only; no storage, section bytes, size, or alignment emitted
DAT_003f40a8	0x003f40a8	RESOLVED	absolute-address-anchor		address-suffix-inside-frozen-layout	target-address-data	program-data			ps2/progress28_structural_lift_recovered.o	absolute value only; no storage, section bytes, size, or alignment emitted
DAT_003f44a8	0x003f44a8	RESOLVED	absolute-address-anchor		address-suffix-inside-frozen-layout	target-address-data	program-data			ps2/progress28_structural_lift_recovered.o	absolute value only; no storage, section bytes, size, or alignment emitted
DAT_003f4be8	0x003f4be8	RESOLVED	absolute-address-anchor		address-suffix-inside-frozen-layout	target-address-data	program-data			ps2/progress28_structural_lift_recovered.o	absolute value only; no storage, section bytes, size, or alignment emitted
DAT_003f4bf0	0x003f4bf0	RESOLVED	absolute-address-anchor		address-suffix-inside-frozen-layout	target-address-data	program-data			ps2/progress28_structural_lift_recovered.o	absolute value only; no storage, section bytes, size, or alignment emitted
DAT_003f4bf4	0x003f4bf4	RESOLVED	absolute-address-anchor		address-suffix-inside-frozen-layout	target-address-data	program-data			ps2/progress28_structural_lift_recovered.o	absolute value only; no storage, section bytes, size, or alignment emitted
DAT_003f4c00	0x003f4c00	RESOLVED	absolute-address-anchor		address-suffix-inside-frozen-layout	target-address-data	program-data			ps2/progress28_structural_lift_recovered.o	absolute value only; no storage, section bytes, size, or alignment emitted
DAT_003fa6c0	0x003fa6c0	RESOLVED	absolute-address-anchor		address-suffix-inside-frozen-layout	target-address-data	program-data			ps2/progress28_structural_lift_recovered.o	absolute value only; no storage, section bytes, size, or alignment emitted
DAT_003fa6c1	0x003fa6c1	RESOLVED	absolute-address-anchor		address-suffix-inside-frozen-layout	target-address-data	program-data			ps2/progress28_structural_lift_recovered.o	absolute value only; no storage, section bytes, size, or alignment emitted
DAT_003fa6c2	0x003fa6c2	RESOLVED	absolute-address-anchor		address-suffix-inside-frozen-layout	target-address-data	program-data			ps2/progress28_structural_lift_recovered.o	absolute value only; no storage, section bytes, size, or alignment emitted
DAT_003fa6c4	0x003fa6c4	RESOLVED	absolute-address-anchor		address-suffix-inside-frozen-layout	target-address-data	program-data			ps2/progress28_structural_lift_recovered.o	absolute value only; no storage, section bytes, size, or alignment emitted
DAT_003fa6c5	0x003fa6c5	RESOLVED	absolute-address-anchor		address-suffix-inside-frozen-layout	target-address-data	program-data			ps2/progress28_structural_lift_recovered.o	absolute value only; no storage, section bytes, size, or alignment emitted
DAT_003fa6c6	0x003fa6c6	RESOLVED	absolute-address-anchor		address-suffix-inside-frozen-layout	target-address-data	program-data			ps2/progress28_structural_lift_recovered.o	absolute value only; no storage, section bytes, size, or alignment emitted
DAT_003fa6c8	0x003fa6c8	RESOLVED	absolute-address-anchor		address-suffix-inside-frozen-layout	target-address-data	program-data			ps2/progress28_structural_lift_recovered.o	absolute value only; no storage, section bytes, size, or alignment emitted
DAT_003fa6ca	0x003fa6ca	RESOLVED	absolute-address-anchor		address-suffix-inside-frozen-layout	target-address-data	program-data			ps2/progress28_structural_lift_recovered.o	absolute value only; no storage, section bytes, size, or alignment emitted
DAT_003fa6cc	0x003fa6cc	RESOLVED	absolute-address-anchor		address-suffix-inside-frozen-layout	target-address-data	program-data			ps2/progress28_structural_lift_recovered.o	absolute value only; no storage, section bytes, size, or alignment emitted
DAT_003fa6d4	0x003fa6d4	RESOLVED	absolute-address-anchor		address-suffix-inside-frozen-layout	target-address-data	program-data			ps2/progress28_structural_lift_recovered.o	absolute value only; no storage, section bytes, size, or alignment emitted
DAT_003fa6d6	0x003fa6d6	RESOLVED	absolute-address-anchor		address-suffix-inside-frozen-layout	target-address-data	program-data			ps2/progress28_structural_lift_recovered.o	absolute value only; no storage, section bytes, size, or alignment emitted
DAT_003fa6d8	0x003fa6d8	RESOLVED	absolute-address-anchor		address-suffix-inside-frozen-layout	target-address-data	program-data			ps2/progress28_structural_lift_recovered.o	absolute value only; no storage, section bytes, size, or alignment emitted
DAT_003fa6dc	0x003fa6dc	RESOLVED	absolute-address-anchor		address-suffix-inside-frozen-layout	target-address-data	program-data			ps2/progress28_structural_lift_recovered.o	absolute value only; no storage, section bytes, size, or alignment emitted
DAT_003fa6de	0x003fa6de	RESOLVED	absolute-address-anchor		address-suffix-inside-frozen-layout	target-address-data	program-data			ps2/progress28_structural_lift_recovered.o	absolute value only; no storage, section bytes, size, or alignment emitted
DAT_003fa6e0	0x003fa6e0	RESOLVED	absolute-address-anchor		address-suffix-inside-frozen-layout	target-address-data	program-data			ps2/progress28_structural_lift_recovered.o	absolute value only; no storage, section bytes, size, or alignment emitted
DAT_003fa726	0x003fa726	RESOLVED	absolute-address-anchor		address-suffix-inside-frozen-layout	target-address-data	program-data			ps2/progress28_structural_lift_recovered.o	absolute value only; no storage, section bytes, size, or alignment emitted
DAT_003fa728	0x003fa728	RESOLVED	absolute-address-anchor		address-suffix-inside-frozen-layout	target-address-data	program-data			ps2/progress28_structural_lift_recovered.o	absolute value only; no storage, section bytes, size, or alignment emitted
DAT_003fa928	0x003fa928	RESOLVED	absolute-address-anchor		address-suffix-inside-frozen-layout	target-address-data	program-data			ps2/progress28_structural_lift_recovered.o	absolute value only; no storage, section bytes, size, or alignment emitted
DAT_003fa92a	0x003fa92a	RESOLVED	absolute-address-anchor		address-suffix-inside-frozen-layout	target-address-data	program-data			ps2/progress28_structural_lift_recovered.o	absolute value only; no storage, section bytes, size, or alignment emitted
DAT_003fa92c	0x003fa92c	RESOLVED	absolute-address-anchor		address-suffix-inside-frozen-layout	target-address-data	program-data			ps2/progress28_structural_lift_recovered.o	absolute value only; no storage, section bytes, size, or alignment emitted
DAT_003fa92e	0x003fa92e	RESOLVED	absolute-address-anchor		address-suffix-inside-frozen-layout	target-address-data	program-data			ps2/progress28_structural_lift_recovered.o	absolute value only; no storage, section bytes, size, or alignment emitted
DAT_003fa930	0x003fa930	RESOLVED	absolute-address-anchor		address-suffix-inside-frozen-layout	target-address-data	program-data			ps2/progress28_structural_lift_recovered.o	absolute value only; no storage, section bytes, size, or alignment emitted
DAT_003fa931	0x003fa931	RESOLVED	absolute-address-anchor		address-suffix-inside-frozen-layout	target-address-data	program-data			ps2/progress28_structural_lift_recovered.o	absolute value only; no storage, section bytes, size, or alignment emitted
DAT_003fa932	0x003fa932	RESOLVED	absolute-address-anchor		address-suffix-inside-frozen-layout	target-address-data	program-data			ps2/progress28_structural_lift_recovered.o	absolute value only; no storage, section bytes, size, or alignment emitted
DAT_003fa933	0x003fa933	RESOLVED	absolute-address-anchor		address-suffix-inside-frozen-layout	target-address-data	program-data			ps2/progress28_structural_lift_recovered.o	absolute value only; no storage, section bytes, size, or alignment emitted
DAT_003fa934	0x003fa934	RESOLVED	absolute-address-anchor		address-suffix-inside-frozen-layout	target-address-data	program-data			ps2/progress28_structural_lift_recovered.o	absolute value only; no storage, section bytes, size, or alignment emitted
DAT_003fb038	0x003fb038	RESOLVED	absolute-address-anchor		address-suffix-inside-frozen-layout	target-address-data	program-data			ps2/progress28_structural_lift_recovered.o	absolute value only; no storage, section bytes, size, or alignment emitted
DAT_003fb03a	0x003fb03a	RESOLVED	absolute-address-anchor		address-suffix-inside-frozen-layout	target-address-data	program-data			ps2/progress28_structural_lift_recovered.o	absolute value only; no storage, section bytes, size, or alignment emitted
DAT_003fb03c	0x003fb03c	RESOLVED	absolute-address-anchor		address-suffix-inside-frozen-layout	target-address-data	program-data			ps2/progress28_structural_lift_recovered.o	absolute value only; no storage, section bytes, size, or alignment emitted
DAT_003fb03e	0x003fb03e	RESOLVED	absolute-address-anchor		address-suffix-inside-frozen-layout	target-address-data	program-data			ps2/progress28_structural_lift_recovered.o	absolute value only; no storage, section bytes, size, or alignment emitted
DAT_003fb040	0x003fb040	RESOLVED	absolute-address-anchor		address-suffix-inside-frozen-layout	target-address-data	program-data			ps2/progress28_structural_lift_recovered.o	absolute value only; no storage, section bytes, size, or alignment emitted
DAT_003fb042	0x003fb042	RESOLVED	absolute-address-anchor		address-suffix-inside-frozen-layout	target-address-data	program-data			ps2/progress28_structural_lift_recovered.o	absolute value only; no storage, section bytes, size, or alignment emitted
DAT_003fb044	0x003fb044	RESOLVED	absolute-address-anchor		address-suffix-inside-frozen-layout	target-address-data	program-data			ps2/progress28_structural_lift_recovered.o	absolute value only; no storage, section bytes, size, or alignment emitted
DAT_003fb046	0x003fb046	RESOLVED	absolute-address-anchor		address-suffix-inside-frozen-layout	target-address-data	program-data			ps2/progress28_structural_lift_recovered.o	absolute value only; no storage, section bytes, size, or alignment emitted
DAT_003fb048	0x003fb048	RESOLVED	absolute-address-anchor		address-suffix-inside-frozen-layout	target-address-data	program-data			ps2/progress28_structural_lift_recovered.o	absolute value only; no storage, section bytes, size, or alignment emitted
DAT_003fb049	0x003fb049	RESOLVED	absolute-address-anchor		address-suffix-inside-frozen-layout	target-address-data	program-data			ps2/progress28_structural_lift_recovered.o	absolute value only; no storage, section bytes, size, or alignment emitted
DAT_003fb04a	0x003fb04a	RESOLVED	absolute-address-anchor		address-suffix-inside-frozen-layout	target-address-data	program-data			ps2/progress28_structural_lift_recovered.o	absolute value only; no storage, section bytes, size, or alignment emitted
DAT_003fb04c	0x003fb04c	RESOLVED	absolute-address-anchor		address-suffix-inside-frozen-layout	target-address-data	program-data			ps2/progress28_structural_lift_recovered.o	absolute value only; no storage, section bytes, size, or alignment emitted
DAT_003fb04e	0x003fb04e	RESOLVED	absolute-address-anchor		address-suffix-inside-frozen-layout	target-address-data	program-data			ps2/progress28_structural_lift_recovered.o	absolute value only; no storage, section bytes, size, or alignment emitted
DAT_003fb050	0x003fb050	RESOLVED	absolute-address-anchor		address-suffix-inside-frozen-layout	target-address-data	program-data			ps2/progress28_structural_lift_recovered.o	absolute value only; no storage, section bytes, size, or alignment emitted
DAT_003fb052	0x003fb052	RESOLVED	absolute-address-anchor		address-suffix-inside-frozen-layout	target-address-data	program-data			ps2/progress28_structural_lift_recovered.o	absolute value only; no storage, section bytes, size, or alignment emitted
DAT_003fb054	0x003fb054	RESOLVED	absolute-address-anchor		address-suffix-inside-frozen-layout	target-address-data	program-data			ps2/progress28_structural_lift_recovered.o	absolute value only; no storage, section bytes, size, or alignment emitted
DAT_003fb056	0x003fb056	RESOLVED	absolute-address-anchor		address-suffix-inside-frozen-layout	target-address-data	program-data			ps2/progress28_structural_lift_recovered.o	absolute value only; no storage, section bytes, size, or alignment emitted
DAT_003fb058	0x003fb058	RESOLVED	absolute-address-anchor		address-suffix-inside-frozen-layout	target-address-data	program-data			ps2/progress28_structural_lift_recovered.o	absolute value only; no storage, section bytes, size, or alignment emitted
DAT_003fb059	0x003fb059	RESOLVED	absolute-address-anchor		address-suffix-inside-frozen-layout	target-address-data	program-data			ps2/progress28_structural_lift_recovered.o	absolute value only; no storage, section bytes, size, or alignment emitted
DAT_003fb05a	0x003fb05a	RESOLVED	absolute-address-anchor		address-suffix-inside-frozen-layout	target-address-data	program-data			ps2/progress28_structural_lift_recovered.o	absolute value only; no storage, section bytes, size, or alignment emitted
DAT_003fb05b	0x003fb05b	RESOLVED	absolute-address-anchor		address-suffix-inside-frozen-layout	target-address-data	program-data			ps2/progress28_structural_lift_recovered.o	absolute value only; no storage, section bytes, size, or alignment emitted
DAT_003fb05c	0x003fb05c	RESOLVED	absolute-address-anchor		address-suffix-inside-frozen-layout	target-address-data	program-data			ps2/progress28_structural_lift_recovered.o	absolute value only; no storage, section bytes, size, or alignment emitted
DAT_003fb05d	0x003fb05d	RESOLVED	absolute-address-anchor		address-suffix-inside-frozen-layout	target-address-data	program-data			ps2/progress28_structural_lift_recovered.o	absolute value only; no storage, section bytes, size, or alignment emitted
DAT_003fb05e	0x003fb05e	RESOLVED	absolute-address-anchor		address-suffix-inside-frozen-layout	target-address-data	program-data			ps2/progress28_structural_lift_recovered.o	absolute value only; no storage, section bytes, size, or alignment emitted
DAT_003fb060	0x003fb060	RESOLVED	absolute-address-anchor		address-suffix-inside-frozen-layout	target-address-data	program-data			ps2/progress28_structural_lift_recovered.o	absolute value only; no storage, section bytes, size, or alignment emitted
DAT_003fb064	0x003fb064	RESOLVED	absolute-address-anchor		address-suffix-inside-frozen-layout	target-address-data	program-data			ps2/progress28_structural_lift_recovered.o	absolute value only; no storage, section bytes, size, or alignment emitted
DAT_003fb069	0x003fb069	RESOLVED	absolute-address-anchor		address-suffix-inside-frozen-layout	target-address-data	program-data			ps2/progress28_structural_lift_recovered.o	absolute value only; no storage, section bytes, size, or alignment emitted
DAT_003fb06c	0x003fb06c	RESOLVED	absolute-address-anchor		address-suffix-inside-frozen-layout	target-address-data	program-data			ps2/progress28_structural_lift_recovered.o	absolute value only; no storage, section bytes, size, or alignment emitted
DAT_003fb06e	0x003fb06e	RESOLVED	absolute-address-anchor		address-suffix-inside-frozen-layout	target-address-data	program-data			ps2/progress28_structural_lift_recovered.o	absolute value only; no storage, section bytes, size, or alignment emitted
DAT_003fb071	0x003fb071	RESOLVED	absolute-address-anchor		address-suffix-inside-frozen-layout	target-address-data	program-data			ps2/progress28_structural_lift_recovered.o	absolute value only; no storage, section bytes, size, or alignment emitted
DAT_003fb292	0x003fb292	RESOLVED	absolute-address-anchor		address-suffix-inside-frozen-layout	target-address-data	program-data			ps2/progress28_structural_lift_recovered.o	absolute value only; no storage, section bytes, size, or alignment emitted
DAT_003fb293	0x003fb293	RESOLVED	absolute-address-anchor		address-suffix-inside-frozen-layout	target-address-data	program-data			ps2/progress28_structural_lift_recovered.o	absolute value only; no storage, section bytes, size, or alignment emitted
DAT_003fb294	0x003fb294	RESOLVED	absolute-address-anchor		address-suffix-inside-frozen-layout	target-address-data	program-data			ps2/progress28_structural_lift_recovered.o	absolute value only; no storage, section bytes, size, or alignment emitted
DAT_003fb296	0x003fb296	RESOLVED	absolute-address-anchor		address-suffix-inside-frozen-layout	target-address-data	program-data			ps2/progress28_structural_lift_recovered.o	absolute value only; no storage, section bytes, size, or alignment emitted
DAT_003fb29b	0x003fb29b	RESOLVED	absolute-address-anchor		address-suffix-inside-frozen-layout	target-address-data	program-data			ps2/progress28_structural_lift_recovered.o	absolute value only; no storage, section bytes, size, or alignment emitted
DAT_003fb29c	0x003fb29c	RESOLVED	absolute-address-anchor		address-suffix-inside-frozen-layout	target-address-data	program-data			ps2/progress28_structural_lift_recovered.o	absolute value only; no storage, section bytes, size, or alignment emitted
DAT_003fb29d	0x003fb29d	RESOLVED	absolute-address-anchor		address-suffix-inside-frozen-layout	target-address-data	program-data			ps2/progress28_structural_lift_recovered.o	absolute value only; no storage, section bytes, size, or alignment emitted
DAT_003fb29e	0x003fb29e	RESOLVED	absolute-address-anchor		address-suffix-inside-frozen-layout	target-address-data	program-data			ps2/progress28_structural_lift_recovered.o	absolute value only; no storage, section bytes, size, or alignment emitted
DAT_003fb29f	0x003fb29f	RESOLVED	absolute-address-anchor		address-suffix-inside-frozen-layout	target-address-data	program-data			ps2/progress28_structural_lift_recovered.o	absolute value only; no storage, section bytes, size, or alignment emitted
DAT_003fb2a0	0x003fb2a0	RESOLVED	absolute-address-anchor		address-suffix-inside-frozen-layout	target-address-data	program-data			ps2/progress28_structural_lift_recovered.o	absolute value only; no storage, section bytes, size, or alignment emitted
DAT_003fb2a1	0x003fb2a1	RESOLVED	absolute-address-anchor		address-suffix-inside-frozen-layout	target-address-data	program-data			ps2/progress28_structural_lift_recovered.o	absolute value only; no storage, section bytes, size, or alignment emitted
DAT_003fb2cc	0x003fb2cc	RESOLVED	absolute-address-anchor		address-suffix-inside-frozen-layout	target-address-data	program-data			ps2/progress28_structural_lift_recovered.o	absolute value only; no storage, section bytes, size, or alignment emitted
DAT_003fb2d2	0x003fb2d2	RESOLVED	absolute-address-anchor		address-suffix-inside-frozen-layout	target-address-data	program-data			ps2/progress28_structural_lift_recovered.o	absolute value only; no storage, section bytes, size, or alignment emitted
DAT_003fb2d8	0x003fb2d8	RESOLVED	absolute-address-anchor		address-suffix-inside-frozen-layout	target-address-data	program-data			ps2/progress28_structural_lift_recovered.o	absolute value only; no storage, section bytes, size, or alignment emitted
DAT_003fb2de	0x003fb2de	RESOLVED	absolute-address-anchor		address-suffix-inside-frozen-layout	target-address-data	program-data			ps2/progress28_structural_lift_recovered.o	absolute value only; no storage, section bytes, size, or alignment emitted
DAT_003fb2e4	0x003fb2e4	RESOLVED	absolute-address-anchor		address-suffix-inside-frozen-layout	target-address-data	program-data			ps2/progress28_structural_lift_recovered.o	absolute value only; no storage, section bytes, size, or alignment emitted
DAT_003fb2eb	0x003fb2eb	RESOLVED	absolute-address-anchor		address-suffix-inside-frozen-layout	target-address-data	program-data			ps2/progress28_structural_lift_recovered.o	absolute value only; no storage, section bytes, size, or alignment emitted
DAT_003fb2ec	0x003fb2ec	RESOLVED	absolute-address-anchor		address-suffix-inside-frozen-layout	target-address-data	program-data			ps2/progress28_structural_lift_recovered.o	absolute value only; no storage, section bytes, size, or alignment emitted
DAT_003fb2ee	0x003fb2ee	RESOLVED	absolute-address-anchor		address-suffix-inside-frozen-layout	target-address-data	program-data			ps2/progress28_structural_lift_recovered.o	absolute value only; no storage, section bytes, size, or alignment emitted
DAT_003fb2ef	0x003fb2ef	RESOLVED	absolute-address-anchor		address-suffix-inside-frozen-layout	target-address-data	program-data			ps2/progress28_structural_lift_recovered.o	absolute value only; no storage, section bytes, size, or alignment emitted
DAT_003fb2f8	0x003fb2f8	RESOLVED	absolute-address-anchor		address-suffix-inside-frozen-layout	target-address-data	program-data			ps2/progress28_structural_lift_recovered.o	absolute value only; no storage, section bytes, size, or alignment emitted
DAT_003fb2f9	0x003fb2f9	RESOLVED	absolute-address-anchor		address-suffix-inside-frozen-layout	target-address-data	program-data			ps2/progress28_structural_lift_recovered.o	absolute value only; no storage, section bytes, size, or alignment emitted
DAT_003fb2fa	0x003fb2fa	RESOLVED	absolute-address-anchor		address-suffix-inside-frozen-layout	target-address-data	program-data			ps2/progress28_structural_lift_recovered.o	absolute value only; no storage, section bytes, size, or alignment emitted
DAT_003fb2fb	0x003fb2fb	RESOLVED	absolute-address-anchor		address-suffix-inside-frozen-layout	target-address-data	program-data			ps2/progress28_structural_lift_recovered.o	absolute value only; no storage, section bytes, size, or alignment emitted
DAT_003fb2fc	0x003fb2fc	RESOLVED	absolute-address-anchor		address-suffix-inside-frozen-layout	target-address-data	program-data			ps2/progress28_structural_lift_recovered.o	absolute value only; no storage, section bytes, size, or alignment emitted
DAT_003fb2fe	0x003fb2fe	RESOLVED	absolute-address-anchor		address-suffix-inside-frozen-layout	target-address-data	program-data			ps2/progress28_structural_lift_recovered.o	absolute value only; no storage, section bytes, size, or alignment emitted
DAT_003fb300	0x003fb300	RESOLVED	absolute-address-anchor		address-suffix-inside-frozen-layout	target-address-data	program-data			ps2/progress28_structural_lift_recovered.o	absolute value only; no storage, section bytes, size, or alignment emitted
DAT_003fb302	0x003fb302	RESOLVED	absolute-address-anchor		address-suffix-inside-frozen-layout	target-address-data	program-data			ps2/progress28_structural_lift_recovered.o	absolute value only; no storage, section bytes, size, or alignment emitted
DAT_003fb304	0x003fb304	RESOLVED	absolute-address-anchor		address-suffix-inside-frozen-layout	target-address-data	program-data			ps2/progress28_structural_lift_recovered.o	absolute value only; no storage, section bytes, size, or alignment emitted
DAT_003fb306	0x003fb306	RESOLVED	absolute-address-anchor		address-suffix-inside-frozen-layout	target-address-data	program-data			ps2/progress28_structural_lift_recovered.o	absolute value only; no storage, section bytes, size, or alignment emitted
DAT_003fb308	0x003fb308	RESOLVED	absolute-address-anchor		address-suffix-inside-frozen-layout	target-address-data	program-data			ps2/progress28_structural_lift_recovered.o	absolute value only; no storage, section bytes, size, or alignment emitted
DAT_003fb30a	0x003fb30a	RESOLVED	absolute-address-anchor		address-suffix-inside-frozen-layout	target-address-data	program-data			ps2/progress28_structural_lift_recovered.o	absolute value only; no storage, section bytes, size, or alignment emitted
DAT_003fb30b	0x003fb30b	RESOLVED	absolute-address-anchor		address-suffix-inside-frozen-layout	target-address-data	program-data			ps2/progress28_structural_lift_recovered.o	absolute value only; no storage, section bytes, size, or alignment emitted
DAT_003fb30c	0x003fb30c	RESOLVED	absolute-address-anchor		address-suffix-inside-frozen-layout	target-address-data	program-data			ps2/progress28_structural_lift_recovered.o	absolute value only; no storage, section bytes, size, or alignment emitted
DAT_003fb30d	0x003fb30d	RESOLVED	absolute-address-anchor		address-suffix-inside-frozen-layout	target-address-data	program-data			ps2/progress28_structural_lift_recovered.o	absolute value only; no storage, section bytes, size, or alignment emitted
DAT_003fb3b8	0x003fb3b8	RESOLVED	absolute-address-anchor		address-suffix-inside-frozen-layout	target-address-data	program-data			ps2/progress28_structural_lift_recovered.o	absolute value only; no storage, section bytes, size, or alignment emitted
DAT_003fb3c0	0x003fb3c0	RESOLVED	absolute-address-anchor		address-suffix-inside-frozen-layout	target-address-data	program-data			ps2/progress28_structural_lift_recovered.o	absolute value only; no storage, section bytes, size, or alignment emitted
DAT_003fb3c8	0x003fb3c8	RESOLVED	absolute-address-anchor		address-suffix-inside-frozen-layout	target-address-data	program-data			ps2/progress28_structural_lift_recovered.o	absolute value only; no storage, section bytes, size, or alignment emitted
DAT_003fb3cc	0x003fb3cc	RESOLVED	absolute-address-anchor		address-suffix-inside-frozen-layout	target-address-data	program-data			ps2/progress28_structural_lift_recovered.o	absolute value only; no storage, section bytes, size, or alignment emitted
DAT_003fb3ce	0x003fb3ce	RESOLVED	absolute-address-anchor		address-suffix-inside-frozen-layout	target-address-data	program-data			ps2/progress28_structural_lift_recovered.o	absolute value only; no storage, section bytes, size, or alignment emitted
DAT_003fb3d2	0x003fb3d2	RESOLVED	absolute-address-anchor		address-suffix-inside-frozen-layout	target-address-data	program-data			ps2/progress28_structural_lift_recovered.o	absolute value only; no storage, section bytes, size, or alignment emitted
DAT_003fb3d4	0x003fb3d4	RESOLVED	absolute-address-anchor		address-suffix-inside-frozen-layout	target-address-data	program-data			ps2/progress28_structural_lift_recovered.o	absolute value only; no storage, section bytes, size, or alignment emitted
DAT_003fb3d5	0x003fb3d5	RESOLVED	absolute-address-anchor		address-suffix-inside-frozen-layout	target-address-data	program-data			ps2/progress28_structural_lift_recovered.o	absolute value only; no storage, section bytes, size, or alignment emitted
DAT_003fb3d6	0x003fb3d6	RESOLVED	absolute-address-anchor		address-suffix-inside-frozen-layout	target-address-data	program-data			ps2/progress28_structural_lift_recovered.o	absolute value only; no storage, section bytes, size, or alignment emitted
DAT_003fb3d7	0x003fb3d7	RESOLVED	absolute-address-anchor		address-suffix-inside-frozen-layout	target-address-data	program-data			ps2/progress28_structural_lift_recovered.o	absolute value only; no storage, section bytes, size, or alignment emitted
DAT_003fb3d9	0x003fb3d9	RESOLVED	absolute-address-anchor		address-suffix-inside-frozen-layout	target-address-data	program-data			ps2/progress28_structural_lift_recovered.o	absolute value only; no storage, section bytes, size, or alignment emitted
DAT_003fb3e4	0x003fb3e4	RESOLVED	absolute-address-anchor		address-suffix-inside-frozen-layout	target-address-data	program-data			ps2/progress28_structural_lift_recovered.o	absolute value only; no storage, section bytes, size, or alignment emitted
DAT_003fb3e6	0x003fb3e6	RESOLVED	absolute-address-anchor		address-suffix-inside-frozen-layout	target-address-data	program-data			ps2/progress28_structural_lift_recovered.o	absolute value only; no storage, section bytes, size, or alignment emitted
DAT_003fb3e8	0x003fb3e8	RESOLVED	absolute-address-anchor		address-suffix-inside-frozen-layout	target-address-data	program-data			ps2/progress28_structural_lift_recovered.o	absolute value only; no storage, section bytes, size, or alignment emitted
DAT_003fb3f8	0x003fb3f8	RESOLVED	absolute-address-anchor		address-suffix-inside-frozen-layout	target-address-data	program-data			ps2/progress28_structural_lift_recovered.o	absolute value only; no storage, section bytes, size, or alignment emitted
DAT_003fb400	0x003fb400	RESOLVED	absolute-address-anchor		address-suffix-inside-frozen-layout	target-address-data	program-data			ps2/progress28_structural_lift_recovered.o	absolute value only; no storage, section bytes, size, or alignment emitted
DAT_003fb408	0x003fb408	RESOLVED	absolute-address-anchor		address-suffix-inside-frozen-layout	target-address-data	program-data			ps2/progress28_structural_lift_recovered.o	absolute value only; no storage, section bytes, size, or alignment emitted
DAT_003fb410	0x003fb410	RESOLVED	absolute-address-anchor		address-suffix-inside-frozen-layout	target-address-data	program-data			ps2/progress28_structural_lift_recovered.o	absolute value only; no storage, section bytes, size, or alignment emitted
DAT_003fb418	0x003fb418	RESOLVED	absolute-address-anchor		address-suffix-inside-frozen-layout	target-address-data	program-data			ps2/progress28_structural_lift_recovered.o	absolute value only; no storage, section bytes, size, or alignment emitted
DAT_003fb420	0x003fb420	RESOLVED	absolute-address-anchor		address-suffix-inside-frozen-layout	target-address-data	program-data			ps2/progress28_structural_lift_recovered.o	absolute value only; no storage, section bytes, size, or alignment emitted
DAT_003fb428	0x003fb428	RESOLVED	absolute-address-anchor		address-suffix-inside-frozen-layout	target-address-data	program-data			ps2/progress28_structural_lift_recovered.o	absolute value only; no storage, section bytes, size, or alignment emitted
DAT_003fb508	0x003fb508	RESOLVED	absolute-address-anchor		address-suffix-inside-frozen-layout	target-address-data	program-data			ps2/progress28_structural_lift_recovered.o	absolute value only; no storage, section bytes, size, or alignment emitted
DAT_003fb50a	0x003fb50a	RESOLVED	absolute-address-anchor		address-suffix-inside-frozen-layout	target-address-data	program-data			ps2/progress28_structural_lift_recovered.o	absolute value only; no storage, section bytes, size, or alignment emitted
DAT_003fb50c	0x003fb50c	RESOLVED	absolute-address-anchor		address-suffix-inside-frozen-layout	target-address-data	program-data			ps2/progress28_structural_lift_recovered.o	absolute value only; no storage, section bytes, size, or alignment emitted
DAT_003fb50e	0x003fb50e	RESOLVED	absolute-address-anchor		address-suffix-inside-frozen-layout	target-address-data	program-data			ps2/progress28_structural_lift_recovered.o	absolute value only; no storage, section bytes, size, or alignment emitted
DAT_003fb510	0x003fb510	RESOLVED	absolute-address-anchor		address-suffix-inside-frozen-layout	target-address-data	program-data			ps2/progress28_structural_lift_recovered.o	absolute value only; no storage, section bytes, size, or alignment emitted
DAT_003fb514	0x003fb514	RESOLVED	absolute-address-anchor		address-suffix-inside-frozen-layout	target-address-data	program-data			ps2/progress28_structural_lift_recovered.o	absolute value only; no storage, section bytes, size, or alignment emitted
DAT_003fb518	0x003fb518	RESOLVED	absolute-address-anchor		address-suffix-inside-frozen-layout	target-address-data	program-data			ps2/progress28_structural_lift_recovered.o	absolute value only; no storage, section bytes, size, or alignment emitted
DAT_003fb51c	0x003fb51c	RESOLVED	absolute-address-anchor		address-suffix-inside-frozen-layout	target-address-data	program-data			ps2/progress28_structural_lift_recovered.o	absolute value only; no storage, section bytes, size, or alignment emitted
DAT_003fb520	0x003fb520	RESOLVED	absolute-address-anchor		address-suffix-inside-frozen-layout	target-address-data	program-data			ps2/progress28_structural_lift_recovered.o	absolute value only; no storage, section bytes, size, or alignment emitted
DAT_003fb524	0x003fb524	RESOLVED	absolute-address-anchor		address-suffix-inside-frozen-layout	target-address-data	program-data			ps2/progress28_structural_lift_recovered.o	absolute value only; no storage, section bytes, size, or alignment emitted
DAT_003fb528	0x003fb528	RESOLVED	absolute-address-anchor		address-suffix-inside-frozen-layout	target-address-data	program-data			ps2/progress28_structural_lift_recovered.o	absolute value only; no storage, section bytes, size, or alignment emitted
DAT_003fb52c	0x003fb52c	RESOLVED	absolute-address-anchor		address-suffix-inside-frozen-layout	target-address-data	program-data			ps2/progress28_structural_lift_recovered.o	absolute value only; no storage, section bytes, size, or alignment emitted
DAT_003fb538	0x003fb538	RESOLVED	absolute-address-anchor		address-suffix-inside-frozen-layout	target-address-data	program-data			ps2/progress28_structural_lift_recovered.o	absolute value only; no storage, section bytes, size, or alignment emitted
DAT_003fb53c	0x003fb53c	RESOLVED	absolute-address-anchor		address-suffix-inside-frozen-layout	target-address-data	program-data			ps2/progress28_structural_lift_recovered.o	absolute value only; no storage, section bytes, size, or alignment emitted
DAT_003fb540	0x003fb540	RESOLVED	absolute-address-anchor		address-suffix-inside-frozen-layout	target-address-data	program-data			ps2/progress28_structural_lift_recovered.o	absolute value only; no storage, section bytes, size, or alignment emitted
DAT_003fb542	0x003fb542	RESOLVED	absolute-address-anchor		address-suffix-inside-frozen-layout	target-address-data	program-data			ps2/progress28_structural_lift_recovered.o	absolute value only; no storage, section bytes, size, or alignment emitted
DAT_003fb544	0x003fb544	RESOLVED	absolute-address-anchor		address-suffix-inside-frozen-layout	target-address-data	program-data			ps2/progress28_structural_lift_recovered.o	absolute value only; no storage, section bytes, size, or alignment emitted
DAT_003fb548	0x003fb548	RESOLVED	absolute-address-anchor		address-suffix-inside-frozen-layout	target-address-data	program-data			ps2/progress28_structural_lift_recovered.o	absolute value only; no storage, section bytes, size, or alignment emitted
DAT_003fd54c	0x003fd54c	RESOLVED	absolute-address-anchor		address-suffix-inside-frozen-layout	target-address-data	program-data			ps2/progress28_structural_lift_recovered.o	absolute value only; no storage, section bytes, size, or alignment emitted
DAT_003fd550	0x003fd550	RESOLVED	absolute-address-anchor		address-suffix-inside-frozen-layout	target-address-data	program-data			ps2/progress28_structural_lift_recovered.o	absolute value only; no storage, section bytes, size, or alignment emitted
DAT_003fd554	0x003fd554	RESOLVED	absolute-address-anchor		address-suffix-inside-frozen-layout	target-address-data	program-data			ps2/progress28_structural_lift_recovered.o	absolute value only; no storage, section bytes, size, or alignment emitted
DAT_003fd556	0x003fd556	RESOLVED	absolute-address-anchor		address-suffix-inside-frozen-layout	target-address-data	program-data			ps2/progress28_structural_lift_recovered.o	absolute value only; no storage, section bytes, size, or alignment emitted
DAT_003fd558	0x003fd558	RESOLVED	absolute-address-anchor		address-suffix-inside-frozen-layout	target-address-data	program-data			ps2/progress28_structural_lift_recovered.o	absolute value only; no storage, section bytes, size, or alignment emitted
DAT_003fd560	0x003fd560	RESOLVED	absolute-address-anchor		address-suffix-inside-frozen-layout	target-address-data	program-data			ps2/progress28_structural_lift_recovered.o	absolute value only; no storage, section bytes, size, or alignment emitted
DAT_003fd568	0x003fd568	RESOLVED	absolute-address-anchor		address-suffix-inside-frozen-layout	target-address-data	program-data			ps2/progress28_structural_lift_recovered.o	absolute value only; no storage, section bytes, size, or alignment emitted
DAT_003fd570	0x003fd570	RESOLVED	absolute-address-anchor		address-suffix-inside-frozen-layout	target-address-data	program-data			ps2/progress28_structural_lift_recovered.o	absolute value only; no storage, section bytes, size, or alignment emitted
DAT_003fd578	0x003fd578	RESOLVED	absolute-address-anchor		address-suffix-inside-frozen-layout	target-address-data	program-data			ps2/progress28_structural_lift_recovered.o	absolute value only; no storage, section bytes, size, or alignment emitted
DAT_003fd580	0x003fd580	RESOLVED	absolute-address-anchor		address-suffix-inside-frozen-layout	target-address-data	program-data			ps2/progress28_structural_lift_recovered.o	absolute value only; no storage, section bytes, size, or alignment emitted
DAT_003fd588	0x003fd588	RESOLVED	absolute-address-anchor		address-suffix-inside-frozen-layout	target-address-data	program-data			ps2/progress28_structural_lift_recovered.o	absolute value only; no storage, section bytes, size, or alignment emitted
DAT_003fd590	0x003fd590	RESOLVED	absolute-address-anchor		address-suffix-inside-frozen-layout	target-address-data	program-data			ps2/progress28_structural_lift_recovered.o	absolute value only; no storage, section bytes, size, or alignment emitted
DAT_003fd598	0x003fd598	RESOLVED	absolute-address-anchor		address-suffix-inside-frozen-layout	target-address-data	program-data			ps2/progress28_structural_lift_recovered.o	absolute value only; no storage, section bytes, size, or alignment emitted
DAT_003fd5a0	0x003fd5a0	RESOLVED	absolute-address-anchor		address-suffix-inside-frozen-layout	target-address-data	program-data			ps2/progress28_structural_lift_recovered.o	absolute value only; no storage, section bytes, size, or alignment emitted
DAT_003fd5a2	0x003fd5a2	RESOLVED	absolute-address-anchor		address-suffix-inside-frozen-layout	target-address-data	program-data			ps2/progress28_structural_lift_recovered.o	absolute value only; no storage, section bytes, size, or alignment emitted
DAT_003fd5c2	0x003fd5c2	RESOLVED	absolute-address-anchor		address-suffix-inside-frozen-layout	target-address-data	program-data			ps2/progress28_structural_lift_recovered.o	absolute value only; no storage, section bytes, size, or alignment emitted
DAT_003fd5c6	0x003fd5c6	RESOLVED	absolute-address-anchor		address-suffix-inside-frozen-layout	target-address-data	program-data			ps2/progress28_structural_lift_recovered.o	absolute value only; no storage, section bytes, size, or alignment emitted
DAT_003fd5c8	0x003fd5c8	RESOLVED	absolute-address-anchor		address-suffix-inside-frozen-layout	target-address-data	program-data			ps2/progress28_structural_lift_recovered.o	absolute value only; no storage, section bytes, size, or alignment emitted
DAT_003fd5c9	0x003fd5c9	RESOLVED	absolute-address-anchor		address-suffix-inside-frozen-layout	target-address-data	program-data			ps2/progress28_structural_lift_recovered.o	absolute value only; no storage, section bytes, size, or alignment emitted
DAT_003fd5cc	0x003fd5cc	RESOLVED	absolute-address-anchor		address-suffix-inside-frozen-layout	target-address-data	program-data			ps2/progress28_structural_lift_recovered.o	absolute value only; no storage, section bytes, size, or alignment emitted
DAT_003fd5d0	0x003fd5d0	RESOLVED	absolute-address-anchor		address-suffix-inside-frozen-layout	target-address-data	program-data			ps2/progress28_structural_lift_recovered.o	absolute value only; no storage, section bytes, size, or alignment emitted
DAT_003fd5d8	0x003fd5d8	RESOLVED	absolute-address-anchor		address-suffix-inside-frozen-layout	target-address-data	program-data			ps2/progress28_structural_lift_recovered.o	absolute value only; no storage, section bytes, size, or alignment emitted
DAT_00407fd5	0x00407fd5	RESOLVED	absolute-address-anchor		address-suffix-inside-frozen-layout	target-address-data	program-data			ps2/progress28_structural_lift_recovered.o	absolute value only; no storage, section bytes, size, or alignment emitted
DAT_00407fd6	0x00407fd6	RESOLVED	absolute-address-anchor		address-suffix-inside-frozen-layout	target-address-data	program-data			ps2/progress28_structural_lift_recovered.o	absolute value only; no storage, section bytes, size, or alignment emitted
DAT_00407fd7	0x00407fd7	RESOLVED	absolute-address-anchor		address-suffix-inside-frozen-layout	target-address-data	program-data			ps2/progress28_structural_lift_recovered.o	absolute value only; no storage, section bytes, size, or alignment emitted
DAT_00407fd8	0x00407fd8	RESOLVED	absolute-address-anchor		address-suffix-inside-frozen-layout	target-address-data	program-data			ps2/progress28_structural_lift_recovered.o	absolute value only; no storage, section bytes, size, or alignment emitted
DAT_00407fd9	0x00407fd9	RESOLVED	absolute-address-anchor		address-suffix-inside-frozen-layout	target-address-data	program-data			ps2/progress28_structural_lift_recovered.o	absolute value only; no storage, section bytes, size, or alignment emitted
DAT_00407fdc	0x00407fdc	RESOLVED	absolute-address-anchor		address-suffix-inside-frozen-layout	target-address-data	program-data			ps2/progress28_structural_lift_recovered.o	absolute value only; no storage, section bytes, size, or alignment emitted
DAT_00407fdd	0x00407fdd	RESOLVED	absolute-address-anchor		address-suffix-inside-frozen-layout	target-address-data	program-data			ps2/progress28_structural_lift_recovered.o	absolute value only; no storage, section bytes, size, or alignment emitted
DAT_00407fde	0x00407fde	RESOLVED	absolute-address-anchor		address-suffix-inside-frozen-layout	target-address-data	program-data			ps2/progress28_structural_lift_recovered.o	absolute value only; no storage, section bytes, size, or alignment emitted
DAT_00407fdf	0x00407fdf	RESOLVED	absolute-address-anchor		address-suffix-inside-frozen-layout	target-address-data	program-data			ps2/progress28_structural_lift_recovered.o	absolute value only; no storage, section bytes, size, or alignment emitted
DAT_0040bb78	0x0040bb78	RESOLVED	absolute-address-anchor		address-suffix-inside-frozen-layout	target-address-data	program-data			ps2/progress28_structural_lift_recovered.o	absolute value only; no storage, section bytes, size, or alignment emitted
DAT_0040ffd5	0x0040ffd5	RESOLVED	absolute-address-anchor		address-suffix-inside-frozen-layout	target-address-data	program-data			ps2/progress28_structural_lift_recovered.o	absolute value only; no storage, section bytes, size, or alignment emitted
DAT_0040ffd6	0x0040ffd6	RESOLVED	absolute-address-anchor		address-suffix-inside-frozen-layout	target-address-data	program-data			ps2/progress28_structural_lift_recovered.o	absolute value only; no storage, section bytes, size, or alignment emitted
DAT_0040ffd7	0x0040ffd7	RESOLVED	absolute-address-anchor		address-suffix-inside-frozen-layout	target-address-data	program-data			ps2/progress28_structural_lift_recovered.o	absolute value only; no storage, section bytes, size, or alignment emitted
DAT_0040ffd8	0x0040ffd8	RESOLVED	absolute-address-anchor		address-suffix-inside-frozen-layout	target-address-data	program-data			ps2/progress28_structural_lift_recovered.o	absolute value only; no storage, section bytes, size, or alignment emitted
DAT_0040ffd9	0x0040ffd9	RESOLVED	absolute-address-anchor		address-suffix-inside-frozen-layout	target-address-data	program-data			ps2/progress28_structural_lift_recovered.o	absolute value only; no storage, section bytes, size, or alignment emitted
DAT_0040ffdc	0x0040ffdc	RESOLVED	absolute-address-anchor		address-suffix-inside-frozen-layout	target-address-data	program-data			ps2/progress28_structural_lift_recovered.o	absolute value only; no storage, section bytes, size, or alignment emitted
DAT_0040ffdd	0x0040ffdd	RESOLVED	absolute-address-anchor		address-suffix-inside-frozen-layout	target-address-data	program-data			ps2/progress28_structural_lift_recovered.o	absolute value only; no storage, section bytes, size, or alignment emitted
DAT_0040ffde	0x0040ffde	RESOLVED	absolute-address-anchor		address-suffix-inside-frozen-layout	target-address-data	program-data			ps2/progress28_structural_lift_recovered.o	absolute value only; no storage, section bytes, size, or alignment emitted
DAT_0040ffdf	0x0040ffdf	RESOLVED	absolute-address-anchor		address-suffix-inside-frozen-layout	target-address-data	program-data			ps2/progress28_structural_lift_recovered.o	absolute value only; no storage, section bytes, size, or alignment emitted
DAT_004134ec	0x004134ec	RESOLVED	absolute-address-anchor		address-suffix-inside-frozen-layout	target-address-data	program-data			ps2/progress28_structural_lift_recovered.o	absolute value only; no storage, section bytes, size, or alignment emitted
DAT_004134f4	0x004134f4	RESOLVED	absolute-address-anchor		address-suffix-inside-frozen-layout	target-address-data	program-data			ps2/progress28_structural_lift_recovered.o	absolute value only; no storage, section bytes, size, or alignment emitted
DAT_004134f8	0x004134f8	RESOLVED	absolute-address-anchor		address-suffix-inside-frozen-layout	target-address-data	program-data			ps2/progress28_structural_lift_recovered.o	absolute value only; no storage, section bytes, size, or alignment emitted
DAT_00413500	0x00413500	RESOLVED	absolute-address-anchor		address-suffix-inside-frozen-layout	target-address-data	program-data			ps2/progress28_structural_lift_recovered.o	absolute value only; no storage, section bytes, size, or alignment emitted
DAT_00413504	0x00413504	RESOLVED	absolute-address-anchor		address-suffix-inside-frozen-layout	target-address-data	program-data			ps2/progress28_structural_lift_recovered.o	absolute value only; no storage, section bytes, size, or alignment emitted
DAT_00413508	0x00413508	RESOLVED	absolute-address-anchor		address-suffix-inside-frozen-layout	target-address-data	program-data			ps2/progress28_structural_lift_recovered.o	absolute value only; no storage, section bytes, size, or alignment emitted
DAT_00413509	0x00413509	RESOLVED	absolute-address-anchor		address-suffix-inside-frozen-layout	target-address-data	program-data			ps2/progress28_structural_lift_recovered.o	absolute value only; no storage, section bytes, size, or alignment emitted
DAT_0041350a	0x0041350a	RESOLVED	absolute-address-anchor		address-suffix-inside-frozen-layout	target-address-data	program-data			ps2/progress28_structural_lift_recovered.o	absolute value only; no storage, section bytes, size, or alignment emitted
DAT_0041350b	0x0041350b	RESOLVED	absolute-address-anchor		address-suffix-inside-frozen-layout	target-address-data	program-data			ps2/progress28_structural_lift_recovered.o	absolute value only; no storage, section bytes, size, or alignment emitted
DAT_0041350c	0x0041350c	RESOLVED	absolute-address-anchor		address-suffix-inside-frozen-layout	target-address-data	program-data			ps2/progress28_structural_lift_recovered.o	absolute value only; no storage, section bytes, size, or alignment emitted
DAT_0041350d	0x0041350d	RESOLVED	absolute-address-anchor		address-suffix-inside-frozen-layout	target-address-data	program-data			ps2/progress28_structural_lift_recovered.o	absolute value only; no storage, section bytes, size, or alignment emitted
DAT_0041350e	0x0041350e	RESOLVED	absolute-address-anchor		address-suffix-inside-frozen-layout	target-address-data	program-data			ps2/progress28_structural_lift_recovered.o	absolute value only; no storage, section bytes, size, or alignment emitted
DAT_0041350f	0x0041350f	RESOLVED	absolute-address-anchor		address-suffix-inside-frozen-layout	target-address-data	program-data			ps2/progress28_structural_lift_recovered.o	absolute value only; no storage, section bytes, size, or alignment emitted
DAT_00413510	0x00413510	RESOLVED	absolute-address-anchor		address-suffix-inside-frozen-layout	target-address-data	program-data			ps2/progress28_structural_lift_recovered.o	absolute value only; no storage, section bytes, size, or alignment emitted
DAT_00413511	0x00413511	RESOLVED	absolute-address-anchor		address-suffix-inside-frozen-layout	target-address-data	program-data			ps2/progress28_structural_lift_recovered.o	absolute value only; no storage, section bytes, size, or alignment emitted
DAT_00413512	0x00413512	RESOLVED	absolute-address-anchor		address-suffix-inside-frozen-layout	target-address-data	program-data			ps2/progress28_structural_lift_recovered.o	absolute value only; no storage, section bytes, size, or alignment emitted
DAT_00413513	0x00413513	RESOLVED	absolute-address-anchor		address-suffix-inside-frozen-layout	target-address-data	program-data			ps2/progress28_structural_lift_recovered.o	absolute value only; no storage, section bytes, size, or alignment emitted
DAT_00413514	0x00413514	RESOLVED	absolute-address-anchor		address-suffix-inside-frozen-layout	target-address-data	program-data			ps2/progress28_structural_lift_recovered.o	absolute value only; no storage, section bytes, size, or alignment emitted
DAT_00413515	0x00413515	RESOLVED	absolute-address-anchor		address-suffix-inside-frozen-layout	target-address-data	program-data			ps2/progress28_structural_lift_recovered.o	absolute value only; no storage, section bytes, size, or alignment emitted
DAT_00413516	0x00413516	RESOLVED	absolute-address-anchor		address-suffix-inside-frozen-layout	target-address-data	program-data			ps2/progress28_structural_lift_recovered.o	absolute value only; no storage, section bytes, size, or alignment emitted
DAT_00413517	0x00413517	RESOLVED	absolute-address-anchor		address-suffix-inside-frozen-layout	target-address-data	program-data			ps2/progress28_structural_lift_recovered.o	absolute value only; no storage, section bytes, size, or alignment emitted
DAT_00413518	0x00413518	RESOLVED	absolute-address-anchor		address-suffix-inside-frozen-layout	target-address-data	program-data			ps2/progress28_structural_lift_recovered.o	absolute value only; no storage, section bytes, size, or alignment emitted
DAT_00413519	0x00413519	RESOLVED	absolute-address-anchor		address-suffix-inside-frozen-layout	target-address-data	program-data			ps2/progress28_structural_lift_recovered.o	absolute value only; no storage, section bytes, size, or alignment emitted
DAT_0041351a	0x0041351a	RESOLVED	absolute-address-anchor		address-suffix-inside-frozen-layout	target-address-data	program-data			ps2/progress28_structural_lift_recovered.o	absolute value only; no storage, section bytes, size, or alignment emitted
DAT_0041351b	0x0041351b	RESOLVED	absolute-address-anchor		address-suffix-inside-frozen-layout	target-address-data	program-data			ps2/progress28_structural_lift_recovered.o	absolute value only; no storage, section bytes, size, or alignment emitted
DAT_0041351c	0x0041351c	RESOLVED	absolute-address-anchor		address-suffix-inside-frozen-layout	target-address-data	program-data			ps2/progress28_structural_lift_recovered.o	absolute value only; no storage, section bytes, size, or alignment emitted
DAT_0041351d	0x0041351d	RESOLVED	absolute-address-anchor		address-suffix-inside-frozen-layout	target-address-data	program-data			ps2/progress28_structural_lift_recovered.o	absolute value only; no storage, section bytes, size, or alignment emitted
DAT_0041351e	0x0041351e	RESOLVED	absolute-address-anchor		address-suffix-inside-frozen-layout	target-address-data	program-data			ps2/progress28_structural_lift_recovered.o	absolute value only; no storage, section bytes, size, or alignment emitted
DAT_0041351f	0x0041351f	RESOLVED	absolute-address-anchor		address-suffix-inside-frozen-layout	target-address-data	program-data			ps2/progress28_structural_lift_recovered.o	absolute value only; no storage, section bytes, size, or alignment emitted
DAT_00413520	0x00413520	RESOLVED	absolute-address-anchor		address-suffix-inside-frozen-layout	target-address-data	program-data			ps2/progress28_structural_lift_recovered.o	absolute value only; no storage, section bytes, size, or alignment emitted
DAT_00413521	0x00413521	RESOLVED	absolute-address-anchor		address-suffix-inside-frozen-layout	target-address-data	program-data			ps2/progress28_structural_lift_recovered.o	absolute value only; no storage, section bytes, size, or alignment emitted
DAT_00413522	0x00413522	RESOLVED	absolute-address-anchor		address-suffix-inside-frozen-layout	target-address-data	program-data			ps2/progress28_structural_lift_recovered.o	absolute value only; no storage, section bytes, size, or alignment emitted
DAT_00413523	0x00413523	RESOLVED	absolute-address-anchor		address-suffix-inside-frozen-layout	target-address-data	program-data			ps2/progress28_structural_lift_recovered.o	absolute value only; no storage, section bytes, size, or alignment emitted
DAT_00413524	0x00413524	RESOLVED	absolute-address-anchor		address-suffix-inside-frozen-layout	target-address-data	program-data			ps2/progress28_structural_lift_recovered.o	absolute value only; no storage, section bytes, size, or alignment emitted
DAT_00413525	0x00413525	RESOLVED	absolute-address-anchor		address-suffix-inside-frozen-layout	target-address-data	program-data			ps2/progress28_structural_lift_recovered.o	absolute value only; no storage, section bytes, size, or alignment emitted
DAT_00413526	0x00413526	RESOLVED	absolute-address-anchor		address-suffix-inside-frozen-layout	target-address-data	program-data			ps2/progress28_structural_lift_recovered.o	absolute value only; no storage, section bytes, size, or alignment emitted
DAT_00413527	0x00413527	RESOLVED	absolute-address-anchor		address-suffix-inside-frozen-layout	target-address-data	program-data			ps2/progress28_structural_lift_recovered.o	absolute value only; no storage, section bytes, size, or alignment emitted
DAT_00413528	0x00413528	RESOLVED	absolute-address-anchor		address-suffix-inside-frozen-layout	target-address-data	program-data			ps2/progress28_structural_lift_recovered.o	absolute value only; no storage, section bytes, size, or alignment emitted
DAT_00413529	0x00413529	RESOLVED	absolute-address-anchor		address-suffix-inside-frozen-layout	target-address-data	program-data			ps2/progress28_structural_lift_recovered.o	absolute value only; no storage, section bytes, size, or alignment emitted
DAT_0041352a	0x0041352a	RESOLVED	absolute-address-anchor		address-suffix-inside-frozen-layout	target-address-data	program-data			ps2/progress28_structural_lift_recovered.o	absolute value only; no storage, section bytes, size, or alignment emitted
DAT_0041352b	0x0041352b	RESOLVED	absolute-address-anchor		address-suffix-inside-frozen-layout	target-address-data	program-data			ps2/progress28_structural_lift_recovered.o	absolute value only; no storage, section bytes, size, or alignment emitted
DAT_0041352c	0x0041352c	RESOLVED	absolute-address-anchor		address-suffix-inside-frozen-layout	target-address-data	program-data			ps2/progress28_structural_lift_recovered.o	absolute value only; no storage, section bytes, size, or alignment emitted
DAT_0041352d	0x0041352d	RESOLVED	absolute-address-anchor		address-suffix-inside-frozen-layout	target-address-data	program-data			ps2/progress28_structural_lift_recovered.o	absolute value only; no storage, section bytes, size, or alignment emitted
DAT_0041352e	0x0041352e	RESOLVED	absolute-address-anchor		address-suffix-inside-frozen-layout	target-address-data	program-data			ps2/progress28_structural_lift_recovered.o	absolute value only; no storage, section bytes, size, or alignment emitted
DAT_0041352f	0x0041352f	RESOLVED	absolute-address-anchor		address-suffix-inside-frozen-layout	target-address-data	program-data			ps2/progress28_structural_lift_recovered.o	absolute value only; no storage, section bytes, size, or alignment emitted
DAT_00413530	0x00413530	RESOLVED	absolute-address-anchor		address-suffix-inside-frozen-layout	target-address-data	program-data			ps2/progress28_structural_lift_recovered.o	absolute value only; no storage, section bytes, size, or alignment emitted
DAT_00413531	0x00413531	RESOLVED	absolute-address-anchor		address-suffix-inside-frozen-layout	target-address-data	program-data			ps2/progress28_structural_lift_recovered.o	absolute value only; no storage, section bytes, size, or alignment emitted
DAT_00413532	0x00413532	RESOLVED	absolute-address-anchor		address-suffix-inside-frozen-layout	target-address-data	program-data			ps2/progress28_structural_lift_recovered.o	absolute value only; no storage, section bytes, size, or alignment emitted
DAT_00413533	0x00413533	RESOLVED	absolute-address-anchor		address-suffix-inside-frozen-layout	target-address-data	program-data			ps2/progress28_structural_lift_recovered.o	absolute value only; no storage, section bytes, size, or alignment emitted
DAT_00413534	0x00413534	RESOLVED	absolute-address-anchor		address-suffix-inside-frozen-layout	target-address-data	program-data			ps2/progress28_structural_lift_recovered.o	absolute value only; no storage, section bytes, size, or alignment emitted
DAT_00413535	0x00413535	RESOLVED	absolute-address-anchor		address-suffix-inside-frozen-layout	target-address-data	program-data			ps2/progress28_structural_lift_recovered.o	absolute value only; no storage, section bytes, size, or alignment emitted
DAT_00413536	0x00413536	RESOLVED	absolute-address-anchor		address-suffix-inside-frozen-layout	target-address-data	program-data			ps2/progress28_structural_lift_recovered.o	absolute value only; no storage, section bytes, size, or alignment emitted
DAT_00413537	0x00413537	RESOLVED	absolute-address-anchor		address-suffix-inside-frozen-layout	target-address-data	program-data			ps2/progress28_structural_lift_recovered.o	absolute value only; no storage, section bytes, size, or alignment emitted
DAT_00413538	0x00413538	RESOLVED	absolute-address-anchor		address-suffix-inside-frozen-layout	target-address-data	program-data			ps2/progress28_structural_lift_recovered.o	absolute value only; no storage, section bytes, size, or alignment emitted
DAT_0041353c	0x0041353c	RESOLVED	absolute-address-anchor		address-suffix-inside-frozen-layout	target-address-data	program-data			ps2/progress28_structural_lift_recovered.o	absolute value only; no storage, section bytes, size, or alignment emitted
DAT_00413540	0x00413540	RESOLVED	absolute-address-anchor		address-suffix-inside-frozen-layout	target-address-data	program-data			ps2/progress28_structural_lift_recovered.o	absolute value only; no storage, section bytes, size, or alignment emitted
DAT_00413544	0x00413544	RESOLVED	absolute-address-anchor		address-suffix-inside-frozen-layout	target-address-data	program-data			ps2/progress28_structural_lift_recovered.o	absolute value only; no storage, section bytes, size, or alignment emitted
DAT_00423548	0x00423548	RESOLVED	absolute-address-anchor		address-suffix-inside-frozen-layout	target-address-data	program-data			ps2/progress28_structural_lift_recovered.o	absolute value only; no storage, section bytes, size, or alignment emitted
DAT_00423549	0x00423549	RESOLVED	absolute-address-anchor		address-suffix-inside-frozen-layout	target-address-data	program-data			ps2/progress28_structural_lift_recovered.o	absolute value only; no storage, section bytes, size, or alignment emitted
DAT_0042354a	0x0042354a	RESOLVED	absolute-address-anchor		address-suffix-inside-frozen-layout	target-address-data	program-data			ps2/progress28_structural_lift_recovered.o	absolute value only; no storage, section bytes, size, or alignment emitted
DAT_0042354b	0x0042354b	RESOLVED	absolute-address-anchor		address-suffix-inside-frozen-layout	target-address-data	program-data			ps2/progress28_structural_lift_recovered.o	absolute value only; no storage, section bytes, size, or alignment emitted
DAT_0042354c	0x0042354c	RESOLVED	absolute-address-anchor		address-suffix-inside-frozen-layout	target-address-data	program-data			ps2/progress28_structural_lift_recovered.o	absolute value only; no storage, section bytes, size, or alignment emitted
DAT_0042354d	0x0042354d	RESOLVED	absolute-address-anchor		address-suffix-inside-frozen-layout	target-address-data	program-data			ps2/progress28_structural_lift_recovered.o	absolute value only; no storage, section bytes, size, or alignment emitted
DAT_0042354e	0x0042354e	RESOLVED	absolute-address-anchor		address-suffix-inside-frozen-layout	target-address-data	program-data			ps2/progress28_structural_lift_recovered.o	absolute value only; no storage, section bytes, size, or alignment emitted
DAT_0042354f	0x0042354f	RESOLVED	absolute-address-anchor		address-suffix-inside-frozen-layout	target-address-data	program-data			ps2/progress28_structural_lift_recovered.o	absolute value only; no storage, section bytes, size, or alignment emitted
DAT_00423550	0x00423550	RESOLVED	absolute-address-anchor		address-suffix-inside-frozen-layout	target-address-data	program-data			ps2/progress28_structural_lift_recovered.o	absolute value only; no storage, section bytes, size, or alignment emitted
DAT_00423551	0x00423551	RESOLVED	absolute-address-anchor		address-suffix-inside-frozen-layout	target-address-data	program-data			ps2/progress28_structural_lift_recovered.o	absolute value only; no storage, section bytes, size, or alignment emitted
DAT_00423552	0x00423552	RESOLVED	absolute-address-anchor		address-suffix-inside-frozen-layout	target-address-data	program-data			ps2/progress28_structural_lift_recovered.o	absolute value only; no storage, section bytes, size, or alignment emitted
DAT_00423553	0x00423553	RESOLVED	absolute-address-anchor		address-suffix-inside-frozen-layout	target-address-data	program-data			ps2/progress28_structural_lift_recovered.o	absolute value only; no storage, section bytes, size, or alignment emitted
DAT_00423554	0x00423554	RESOLVED	absolute-address-anchor		address-suffix-inside-frozen-layout	target-address-data	program-data			ps2/progress28_structural_lift_recovered.o	absolute value only; no storage, section bytes, size, or alignment emitted
DAT_00423555	0x00423555	RESOLVED	absolute-address-anchor		address-suffix-inside-frozen-layout	target-address-data	program-data			ps2/progress28_structural_lift_recovered.o	absolute value only; no storage, section bytes, size, or alignment emitted
DAT_00423556	0x00423556	RESOLVED	absolute-address-anchor		address-suffix-inside-frozen-layout	target-address-data	program-data			ps2/progress28_structural_lift_recovered.o	absolute value only; no storage, section bytes, size, or alignment emitted
DAT_00423557	0x00423557	RESOLVED	absolute-address-anchor		address-suffix-inside-frozen-layout	target-address-data	program-data			ps2/progress28_structural_lift_recovered.o	absolute value only; no storage, section bytes, size, or alignment emitted
DAT_00423558	0x00423558	RESOLVED	absolute-address-anchor		address-suffix-inside-frozen-layout	target-address-data	program-data			ps2/progress28_structural_lift_recovered.o	absolute value only; no storage, section bytes, size, or alignment emitted
DAT_0042355a	0x0042355a	RESOLVED	absolute-address-anchor		address-suffix-inside-frozen-layout	target-address-data	program-data			ps2/progress28_structural_lift_recovered.o	absolute value only; no storage, section bytes, size, or alignment emitted
DAT_0042355b	0x0042355b	RESOLVED	absolute-address-anchor		address-suffix-inside-frozen-layout	target-address-data	program-data			ps2/progress28_structural_lift_recovered.o	absolute value only; no storage, section bytes, size, or alignment emitted
DAT_0042355c	0x0042355c	RESOLVED	absolute-address-anchor		address-suffix-inside-frozen-layout	target-address-data	program-data			ps2/progress28_structural_lift_recovered.o	absolute value only; no storage, section bytes, size, or alignment emitted
DAT_00423858	0x00423858	RESOLVED	absolute-address-anchor		address-suffix-inside-frozen-layout	target-address-data	program-data			ps2/progress28_structural_lift_recovered.o	absolute value only; no storage, section bytes, size, or alignment emitted
DAT_00423859	0x00423859	RESOLVED	absolute-address-anchor		address-suffix-inside-frozen-layout	target-address-data	program-data			ps2/progress28_structural_lift_recovered.o	absolute value only; no storage, section bytes, size, or alignment emitted
DAT_0042385a	0x0042385a	RESOLVED	absolute-address-anchor		address-suffix-inside-frozen-layout	target-address-data	program-data			ps2/progress28_structural_lift_recovered.o	absolute value only; no storage, section bytes, size, or alignment emitted
DAT_0042385b	0x0042385b	RESOLVED	absolute-address-anchor		address-suffix-inside-frozen-layout	target-address-data	program-data			ps2/progress28_structural_lift_recovered.o	absolute value only; no storage, section bytes, size, or alignment emitted
DAT_0042385c	0x0042385c	RESOLVED	absolute-address-anchor		address-suffix-inside-frozen-layout	target-address-data	program-data			ps2/progress28_structural_lift_recovered.o	absolute value only; no storage, section bytes, size, or alignment emitted
DAT_0042385d	0x0042385d	RESOLVED	absolute-address-anchor		address-suffix-inside-frozen-layout	target-address-data	program-data			ps2/progress28_structural_lift_recovered.o	absolute value only; no storage, section bytes, size, or alignment emitted
DAT_0042385e	0x0042385e	RESOLVED	absolute-address-anchor		address-suffix-inside-frozen-layout	target-address-data	program-data			ps2/progress28_structural_lift_recovered.o	absolute value only; no storage, section bytes, size, or alignment emitted
DAT_0042385f	0x0042385f	RESOLVED	absolute-address-anchor		address-suffix-inside-frozen-layout	target-address-data	program-data			ps2/progress28_structural_lift_recovered.o	absolute value only; no storage, section bytes, size, or alignment emitted
DAT_00423860	0x00423860	RESOLVED	absolute-address-anchor		address-suffix-inside-frozen-layout	target-address-data	program-data			ps2/progress28_structural_lift_recovered.o	absolute value only; no storage, section bytes, size, or alignment emitted
DAT_00423861	0x00423861	RESOLVED	absolute-address-anchor		address-suffix-inside-frozen-layout	target-address-data	program-data			ps2/progress28_structural_lift_recovered.o	absolute value only; no storage, section bytes, size, or alignment emitted
DAT_00423862	0x00423862	RESOLVED	absolute-address-anchor		address-suffix-inside-frozen-layout	target-address-data	program-data			ps2/progress28_structural_lift_recovered.o	absolute value only; no storage, section bytes, size, or alignment emitted
DAT_00423863	0x00423863	RESOLVED	absolute-address-anchor		address-suffix-inside-frozen-layout	target-address-data	program-data			ps2/progress28_structural_lift_recovered.o	absolute value only; no storage, section bytes, size, or alignment emitted
DAT_00423864	0x00423864	RESOLVED	absolute-address-anchor		address-suffix-inside-frozen-layout	target-address-data	program-data			ps2/progress28_structural_lift_recovered.o	absolute value only; no storage, section bytes, size, or alignment emitted
DAT_00423865	0x00423865	RESOLVED	absolute-address-anchor		address-suffix-inside-frozen-layout	target-address-data	program-data			ps2/progress28_structural_lift_recovered.o	absolute value only; no storage, section bytes, size, or alignment emitted
DAT_00423866	0x00423866	RESOLVED	absolute-address-anchor		address-suffix-inside-frozen-layout	target-address-data	program-data			ps2/progress28_structural_lift_recovered.o	absolute value only; no storage, section bytes, size, or alignment emitted
DAT_00423867	0x00423867	RESOLVED	absolute-address-anchor		address-suffix-inside-frozen-layout	target-address-data	program-data			ps2/progress28_structural_lift_recovered.o	absolute value only; no storage, section bytes, size, or alignment emitted
DAT_00423868	0x00423868	RESOLVED	absolute-address-anchor		address-suffix-inside-frozen-layout	target-address-data	program-data			ps2/progress28_structural_lift_recovered.o	absolute value only; no storage, section bytes, size, or alignment emitted
DAT_0042386c	0x0042386c	RESOLVED	absolute-address-anchor		address-suffix-inside-frozen-layout	target-address-data	program-data			ps2/progress28_structural_lift_recovered.o	absolute value only; no storage, section bytes, size, or alignment emitted
DAT_004243d8	0x004243d8	RESOLVED	absolute-address-anchor		address-suffix-inside-frozen-layout	target-address-data	program-data			ps2/progress28_structural_lift_recovered.o	absolute value only; no storage, section bytes, size, or alignment emitted
DAT_00424850	0x00424850	RESOLVED	absolute-address-anchor		address-suffix-inside-frozen-layout	target-address-data	program-data			ps2/progress28_structural_lift_recovered.o;unzip/explode_recovered.o;unzip/unreduce_recovered.o	absolute value only; no storage, section bytes, size, or alignment emitted
DAT_00424854	0x00424854	RESOLVED	absolute-address-anchor		address-suffix-inside-frozen-layout	target-address-data	program-data			ps2/progress28_structural_lift_recovered.o;unzip/explode_recovered.o;unzip/unreduce_recovered.o	absolute value only; no storage, section bytes, size, or alignment emitted
DAT_00425970	0x00425970	RESOLVED	absolute-address-anchor		address-suffix-inside-frozen-layout	target-address-data	program-data			ps2/progress28_structural_lift_recovered.o	absolute value only; no storage, section bytes, size, or alignment emitted
DAT_00426820	0x00426820	RESOLVED	absolute-address-anchor		address-suffix-inside-frozen-layout	target-address-data	program-data			ps2/progress28_structural_lift_recovered.o	absolute value only; no storage, section bytes, size, or alignment emitted
EI		BLOCKED	blocked-link-contract		no-unique-matching-progress-contract	named-external	link-contract			ps2/progress28_structural_lift_recovered.o	no unique recovered global text contract is proved
FUN_0012e750		BLOCKED	blocked-source-address-alias		provider-frontier	target-function-alias	source-address-alias			ps2/progress28_structural_lift_recovered.o	address-outside-progress-manifest;no audited target row
FUN_0012f744		BLOCKED	blocked-source-address-alias		provider-frontier	target-function-alias	source-address-alias			ps2/progress28_structural_lift_recovered.o	address-outside-progress-manifest;no audited target row
FUN_00142a78		BLOCKED	blocked-source-address-alias		provider-frontier	target-function-alias	source-address-alias			ps2/progress28_structural_lift_recovered.o	reviewed-source-boundary-blocker;the exported lookup-table helper models only an interior block of the full graphics initializer;evidence=analysis/matching/hunt1041-v49-validated-20.tsv#S9xGraphicsInit
FUN_0016fc90		BLOCKED	blocked-source-address-alias		provider-frontier	target-function-alias	source-address-alias			ps2/progress28_structural_lift_recovered.o	address-outside-progress-manifest;no audited target row
FUN_0016fe00		BLOCKED	blocked-source-address-alias		provider-frontier	target-function-alias	source-address-alias			ps2/progress28_structural_lift_recovered.o	address-outside-progress-manifest;no audited target row
FUN_001a5cc0		BLOCKED	blocked-source-address-alias		provider-frontier	target-function-alias	source-address-alias			ps2/progress28_structural_lift_recovered.o	reviewed-historical-archive-blocker;the matched entry belongs to a historical libgcc archive member not exported by the source aggregate;evidence=analysis/matching/hunt1000plus-v45-validated-runtime.tsv#unwind-dw2-fde.o
FUN_001a5dd0		BLOCKED	blocked-source-address-alias		provider-frontier	target-function-alias	source-address-alias			ps2/progress28_structural_lift_recovered.o	reviewed-historical-archive-blocker;the matched entry belongs to a historical libgcc archive member not exported by the source aggregate;evidence=analysis/matching/hunt1000plus-v34-validated-16.tsv#unwind-dw2-fde.o
FUN_001a6348		BLOCKED	blocked-source-address-alias		provider-frontier	target-function-alias	source-address-alias			ps2/progress28_structural_lift_recovered.o	address-outside-progress-manifest;no audited target row
FUN_001a6410		BLOCKED	blocked-source-address-alias		provider-frontier	target-function-alias	source-address-alias			ps2/progress28_structural_lift_recovered.o	address-outside-progress-manifest;no audited target row
FUN_001a91b0		BLOCKED	blocked-source-address-alias		provider-frontier	target-function-alias	source-address-alias			ps2/progress28_structural_lift_recovered.o	reviewed-historical-archive-blocker;the matched helper belongs to the historical libsupc++ personality archive member;evidence=analysis/matching/hunt1000plus-v45-validated-runtime.tsv#eh_personality.o
FUN_001a9268		BLOCKED	blocked-source-address-alias		provider-frontier	target-function-alias	source-address-alias			ps2/progress28_structural_lift_recovered.o	reviewed-historical-archive-blocker;the matched helper belongs to the historical libsupc++ personality archive member;evidence=analysis/matching/cpp-eh-runtime-small-listing-report.md#read_uleb128_eh_personality
FUN_001a92a8		BLOCKED	blocked-source-address-alias		provider-frontier	target-function-alias	source-address-alias			ps2/progress28_structural_lift_recovered.o	reviewed-historical-archive-blocker;the matched helper belongs to the historical libsupc++ personality archive member;evidence=analysis/matching/cpp-eh-runtime-small-listing-report.md#read_sleb128_eh_personality
FUN_001a9308		BLOCKED	blocked-source-address-alias		provider-frontier	target-function-alias	source-address-alias			ps2/progress28_structural_lift_recovered.o	reviewed-historical-archive-blocker;the matched helper belongs to the historical libsupc++ personality archive member;evidence=analysis/matching/hunt1000plus-v45-validated-runtime.tsv#eh_personality.o
FUN_001a9d08		BLOCKED	blocked-source-address-alias		provider-frontier	target-function-alias	source-address-alias			ps2/progress28_structural_lift_recovered.o	reviewed-historical-archive-blocker;the matched unexpected wrapper has no equivalent exported source-aggregate entry yet;evidence=analysis/matching/cpp-eh-runtime-small-listing-report.md#cpp_unexpected_helper
FlushCache_0019ceb0	0x0019ceb0	RESOLVED	semantic-text-alias	FlushCache	reviewed-semantic-contract	ps2-runtime	historical-archive	src/ps2/libkernel_leaf_recovered.c	ps2/libkernel_leaf_recovered.o	ps2/gs_fifo_recovered.o;ps2/libmc_recovered.o	the address-qualified call contract is the recovered target FlushCache entry;evidence=analysis/progress_targets.csv#Leaf syscall wrapper
IPPU_FrameSync		BLOCKED	blocked-program-data-storage		provider-frontier	named-program-data	program-data			ps2/path_helpers_recovered.o	named program data still needs storage, bytes, size, and section ownership
LAB_0012f8a8	0x0012f8a8	RESOLVED	absolute-address-anchor		address-suffix-inside-frozen-layout	target-address-data	program-data			ps2/progress28_structural_lift_recovered.o	absolute value only; no storage, section bytes, size, or alignment emitted
LAB_0012fb78	0x0012fb78	RESOLVED	absolute-address-anchor		address-suffix-inside-frozen-layout	target-address-data	program-data			ps2/progress28_structural_lift_recovered.o	absolute value only; no storage, section bytes, size, or alignment emitted
LAB_00170138	0x00170138	RESOLVED	absolute-address-anchor		address-suffix-inside-frozen-layout	target-address-data	program-data			ps2/progress28_structural_lift_recovered.o	absolute value only; no storage, section bytes, size, or alignment emitted
LAB_00170194	0x00170194	RESOLVED	absolute-address-anchor		address-suffix-inside-frozen-layout	target-address-data	program-data			ps2/progress28_structural_lift_recovered.o	absolute value only; no storage, section bytes, size, or alignment emitted
LAB_0018428c	0x0018428c	RESOLVED	absolute-address-anchor		address-suffix-inside-frozen-layout	target-address-data	program-data			ps2/progress28_structural_lift_recovered.o	absolute value only; no storage, section bytes, size, or alignment emitted
LAB_001845a8	0x001845a8	RESOLVED	absolute-address-anchor		address-suffix-inside-frozen-layout	target-address-data	program-data			ps2/progress28_structural_lift_recovered.o	absolute value only; no storage, section bytes, size, or alignment emitted
LAB_00184a40	0x00184a40	RESOLVED	absolute-address-anchor		address-suffix-inside-frozen-layout	target-address-data	program-data			ps2/progress28_structural_lift_recovered.o	absolute value only; no storage, section bytes, size, or alignment emitted
LAB_00184d5c	0x00184d5c	RESOLVED	absolute-address-anchor		address-suffix-inside-frozen-layout	target-address-data	program-data			ps2/progress28_structural_lift_recovered.o	absolute value only; no storage, section bytes, size, or alignment emitted
LAB_001851f4	0x001851f4	RESOLVED	absolute-address-anchor		address-suffix-inside-frozen-layout	target-address-data	program-data			ps2/progress28_structural_lift_recovered.o	absolute value only; no storage, section bytes, size, or alignment emitted
LAB_00185510	0x00185510	RESOLVED	absolute-address-anchor		address-suffix-inside-frozen-layout	target-address-data	program-data			ps2/progress28_structural_lift_recovered.o	absolute value only; no storage, section bytes, size, or alignment emitted
LAB_00185d8c	0x00185d8c	RESOLVED	absolute-address-anchor		address-suffix-inside-frozen-layout	target-address-data	program-data			ps2/progress28_structural_lift_recovered.o	absolute value only; no storage, section bytes, size, or alignment emitted
LAB_001860a8	0x001860a8	RESOLVED	absolute-address-anchor		address-suffix-inside-frozen-layout	target-address-data	program-data			ps2/progress28_structural_lift_recovered.o	absolute value only; no storage, section bytes, size, or alignment emitted
LAB_00186540	0x00186540	RESOLVED	absolute-address-anchor		address-suffix-inside-frozen-layout	target-address-data	program-data			ps2/progress28_structural_lift_recovered.o	absolute value only; no storage, section bytes, size, or alignment emitted
LAB_0018685c	0x0018685c	RESOLVED	absolute-address-anchor		address-suffix-inside-frozen-layout	target-address-data	program-data			ps2/progress28_structural_lift_recovered.o	absolute value only; no storage, section bytes, size, or alignment emitted
Memory_ROMFramesPerSecond		BLOCKED	blocked-program-data-storage		provider-frontier	named-program-data	program-data			ps2/path_helpers_recovered.o	named program data still needs storage, bytes, size, and section ownership
PTR_DAT_001bb31c		BLOCKED	blocked-link-contract		no-unique-matching-progress-contract	named-external	link-contract			ps2/progress28_structural_lift_recovered.o	no unique recovered global text contract is proved
PTR_DAT_003f4918		BLOCKED	blocked-link-contract		no-unique-matching-progress-contract	named-external	link-contract			ps2/progress28_structural_lift_recovered.o	no unique recovered global text contract is proved
PTR_DAT_003f4958		BLOCKED	blocked-link-contract		no-unique-matching-progress-contract	named-external	link-contract			ps2/progress28_structural_lift_recovered.o	no unique recovered global text contract is proved
PTR_DAT_003f4bf8		BLOCKED	blocked-link-contract		no-unique-matching-progress-contract	named-external	link-contract			ps2/progress28_structural_lift_recovered.o	no unique recovered global text contract is proved
PTR_FUN_003367f8		BLOCKED	blocked-link-contract		no-unique-matching-progress-contract	named-external	link-contract			ps2/progress28_structural_lift_recovered.o	no unique recovered global text contract is proved
PTR_FUN_00341658		BLOCKED	blocked-link-contract		no-unique-matching-progress-contract	named-external	link-contract			ps2/progress28_structural_lift_recovered.o	no unique recovered global text contract is proved
PTR_FUN_0034165c		BLOCKED	blocked-link-contract		no-unique-matching-progress-contract	named-external	link-contract			ps2/progress28_structural_lift_recovered.o	no unique recovered global text contract is proved
PTR_FUN_003fa628		BLOCKED	blocked-link-contract		no-unique-matching-progress-contract	named-external	link-contract			ps2/progress28_structural_lift_recovered.o	no unique recovered global text contract is proved
PTR_FUN_003fa62c		BLOCKED	blocked-link-contract		no-unique-matching-progress-contract	named-external	link-contract			ps2/progress28_structural_lift_recovered.o	no unique recovered global text contract is proved
PTR_FUN_004134f0		BLOCKED	blocked-link-contract		no-unique-matching-progress-contract	named-external	link-contract			ps2/progress28_structural_lift_recovered.o	no unique recovered global text contract is proved
PTR_FUN_00426d80		BLOCKED	blocked-link-contract		no-unique-matching-progress-contract	named-external	link-contract			ps2/progress28_structural_lift_recovered.o	no unique recovered global text contract is proved
PTR_LAB_0033594e		BLOCKED	blocked-link-contract		no-unique-matching-progress-contract	named-external	link-contract			ps2/progress28_structural_lift_recovered.o	no unique recovered global text contract is proved
PTR_LAB_00343b30		BLOCKED	blocked-link-contract		no-unique-matching-progress-contract	named-external	link-contract			ps2/progress28_structural_lift_recovered.o	no unique recovered global text contract is proved
PTR_LAB_00343b44		BLOCKED	blocked-link-contract		no-unique-matching-progress-contract	named-external	link-contract			ps2/progress28_structural_lift_recovered.o	no unique recovered global text contract is proved
PTR_LAB_00411010		BLOCKED	blocked-link-contract		no-unique-matching-progress-contract	named-external	link-contract			ps2/progress28_structural_lift_recovered.o	no unique recovered global text contract is proved
PTR_s_________________00344d30		BLOCKED	blocked-link-contract		no-unique-matching-progress-contract	named-external	link-contract			ps2/progress28_structural_lift_recovered.o	no unique recovered global text contract is proved
REG_GS_CSR		BLOCKED	blocked-link-contract		no-unique-matching-progress-contract	named-external	link-contract			ps2/progress28_structural_lift_recovered.o	no unique recovered global text contract is proved
S9xSync_AudioActive		BLOCKED	blocked-link-contract		no-unique-matching-progress-contract	named-external	link-contract			ps2/path_helpers_recovered.o	no unique recovered global text contract is proved
S9xSync_AudioArg0		BLOCKED	blocked-link-contract		no-unique-matching-progress-contract	named-external	link-contract			ps2/path_helpers_recovered.o	no unique recovered global text contract is proved
S9xSync_AudioArg1		BLOCKED	blocked-link-contract		no-unique-matching-progress-contract	named-external	link-contract			ps2/path_helpers_recovered.o	no unique recovered global text contract is proved
S9xSync_AudioStep		BLOCKED	blocked-link-contract		no-unique-matching-progress-contract	named-external	link-contract			ps2/path_helpers_recovered.o	no unique recovered global text contract is proved
S9xSync_AutoFrameLatch		BLOCKED	blocked-link-contract		no-unique-matching-progress-contract	named-external	link-contract			ps2/path_helpers_recovered.o	no unique recovered global text contract is proved
S9xSync_PeriodCounter		BLOCKED	blocked-link-contract		no-unique-matching-progress-contract	named-external	link-contract			ps2/path_helpers_recovered.o	no unique recovered global text contract is proved
S9xSync_PeriodPrevious		BLOCKED	blocked-link-contract		no-unique-matching-progress-contract	named-external	link-contract			ps2/path_helpers_recovered.o	no unique recovered global text contract is proved
S9xSync_PeriodValue		BLOCKED	blocked-link-contract		no-unique-matching-progress-contract	named-external	link-contract			ps2/path_helpers_recovered.o	no unique recovered global text contract is proved
S9xSync_SetVolume		BLOCKED	blocked-link-contract		no-unique-matching-progress-contract	named-external	link-contract			ps2/path_helpers_recovered.o	no unique recovered global text contract is proved
SQRT		BLOCKED	blocked-link-contract		no-unique-matching-progress-contract	named-external	link-contract			ps2/progress28_structural_lift_recovered.o	no unique recovered global text contract is proved
SUB_00002214		BLOCKED	blocked-link-contract		no-unique-matching-progress-contract	named-external	link-contract			ps2/progress28_structural_lift_recovered.o	no unique recovered global text contract is proved
Settings_SkipFrames		BLOCKED	blocked-program-data-storage		provider-frontier	named-program-data	program-data			ps2/path_helpers_recovered.o	named program data still needs storage, bytes, size, and section ownership
SifAddCmdHandler	0x0019f544	RESOLVED	semantic-text-alias	SifAddCmdHandler_0019f544	exact-progress-name+unique-recovered-global-text	ps2-runtime	historical-archive	src/ps2/sifcmd_recovered.c	ps2/sifcmd_recovered.o	ps2/sifrpc_recovered.o	progress=SifAddCmdHandler
SifAllocIopHeap	0x0019d63c	RESOLVED	semantic-text-alias	SifAllocIopHeap_0019d63c	exact-progress-name+unique-recovered-global-text	ps2-runtime	historical-archive	src/ps2/loadfile_iop_recovered.c	ps2/loadfile_iop_recovered.o	ps2/load_module_buffer.o	progress=SifAllocIopHeap
SifBindRpc	0x0019c688	RESOLVED	semantic-text-alias	SifBindRpc_0019c688	exact-progress-name+unique-recovered-global-text	ps2-runtime	historical-archive	src/ps2/sifrpc_recovered.c	ps2/sifrpc_recovered.o	ps2/cdvd_rpc_historical_recovered.o	progress=SifBindRpc
SifCallRpc	0x0019c7b0	RESOLVED	semantic-text-alias	SifCallRpc_0019c7b0	exact-progress-name+unique-recovered-global-text	ps2-runtime	historical-archive	src/ps2/sifrpc_recovered.c	ps2/sifrpc_recovered.o	ps2/cdvd_rpc_historical_recovered.o;ps2/fileio_recovered.o;ps2/loadfile_iop_recovered.o	progress=SifCallRpc
SifExitCmd	0x0019f510	RESOLVED	semantic-text-alias	SifExitCmd_0019f510	exact-progress-name+unique-recovered-global-text	ps2-runtime	historical-archive	src/ps2/sifcmd_recovered.c	ps2/sifcmd_recovered.o	ps2/sifrpc_recovered.o	progress=SifExitCmd
SifFreeIopHeap	0x0019d6b8	RESOLVED	semantic-text-alias	SifFreeIopHeap_0019d6b8	exact-progress-name+unique-recovered-global-text	ps2-runtime	historical-archive	src/ps2/loadfile_iop_recovered.c	ps2/loadfile_iop_recovered.o	ps2/load_module_buffer.o	progress=SifFreeIopHeap
SifGetSreg	0x0019f57c	RESOLVED	semantic-text-alias	SifGetSreg_0019f57c	exact-progress-name+unique-recovered-global-text	ps2-runtime	historical-archive	src/ps2/sifcmd_recovered.c	ps2/sifcmd_recovered.o	ps2/sifrpc_recovered.o	progress=SifGetSreg
SifInitCmd	0x0019f304	RESOLVED	semantic-text-alias	SifInitCmd_0019f304	exact-progress-name+unique-recovered-global-text	ps2-runtime	historical-archive	src/ps2/sifcmd_recovered.c	ps2/sifcmd_recovered.o	ps2/sifrpc_recovered.o	progress=SifInitCmd
SifInitIopHeap_recovered	0x0019f9e8	RESOLVED	semantic-text-alias	SifInitIopHeap_0019f9e8	strip-recovered+unique-recovered-global-text	ps2-runtime	historical-archive	src/ps2/libkernel_client_init_recovered.c	ps2/libkernel_client_init_recovered.o	ps2/loadfile_iop_recovered.o	progress=SifInitIopHeap
SifInitRpc	0x0019cc0c	RESOLVED	semantic-text-alias	SifInitRpc_0019cc0c	exact-progress-name+unique-recovered-global-text	ps2-runtime	historical-archive	src/ps2/sifrpc_recovered.c	ps2/sifrpc_recovered.o	app/main_bootstrap.o	progress=SifInitRpc
SifIopReset	0x0019d740	RESOLVED	semantic-text-alias	SifIopReset_0019d740	exact-progress-name+unique-recovered-global-text	ps2-runtime	historical-archive	src/ps2/loadfile_iop_recovered.c	ps2/loadfile_iop_recovered.o	app/main_bootstrap.o	progress=SifIopReset
SifLoadFileInit_recovered	0x0019fd20	RESOLVED	semantic-text-alias	SifLoadFileInit_0019fd20	strip-recovered+unique-recovered-global-text	ps2-runtime	historical-archive	src/ps2/libkernel_client_init_recovered.c	ps2/libkernel_client_init_recovered.o	ps2/loadfile_iop_recovered.o	progress=SifLoadFileInit
SifLoadModule	0x0019d600	RESOLVED	semantic-text-alias	SifLoadModule_0019d600	exact-progress-name+unique-recovered-global-text	ps2-runtime	historical-archive	src/ps2/loadfile_iop_recovered.c	ps2/loadfile_iop_recovered.o	app/main_bootstrap.o	progress=SifLoadModule
SifLoadModuleBuffer	0x0019d620	RESOLVED	semantic-text-alias	SifLoadModuleBuffer_0019d620	exact-progress-name+unique-recovered-global-text	ps2-runtime	historical-archive	src/ps2/loadfile_iop_recovered.c	ps2/loadfile_iop_recovered.o	ps2/load_module_buffer.o	progress=SifLoadModuleBuffer
SifSendCmd	0x0019f264	RESOLVED	semantic-text-alias	SifSendCmd_0019f264	exact-progress-name+unique-recovered-global-text	ps2-runtime	historical-archive	src/ps2/sifcmd_recovered.c	ps2/sifcmd_recovered.o	ps2/sifrpc_recovered.o	progress=SifSendCmd
SifWriteBackDCache_0019cf10	0x0019cf10	RESOLVED	semantic-text-alias	SifWriteBackDCache	reviewed-semantic-contract	ps2-runtime	historical-archive	src/ps2/libkernel_leaf_recovered.c	ps2/libkernel_leaf_recovered.o	ps2/libmc_recovered.o	the address-qualified call contract is the recovered target cache writeback entry;evidence=analysis/progress_targets.csv#64-byte cache-line writeback
UNK_00108000	0x00108000	RESOLVED	absolute-address-anchor		address-suffix-inside-frozen-layout	target-address-data	program-data			ps2/progress28_structural_lift_recovered.o	absolute value only; no storage, section bytes, size, or alignment emitted
UNK_001a6320	0x001a6320	RESOLVED	absolute-address-anchor		address-suffix-inside-frozen-layout	target-address-data	program-data			ps2/progress28_structural_lift_recovered.o	absolute value only; no storage, section bytes, size, or alignment emitted
UNK_001b85c8	0x001b85c8	RESOLVED	absolute-address-anchor		address-suffix-inside-frozen-layout	target-address-data	program-data			ps2/progress28_structural_lift_recovered.o	absolute value only; no storage, section bytes, size, or alignment emitted
UNK_001ba7e0	0x001ba7e0	RESOLVED	absolute-address-anchor		address-suffix-inside-frozen-layout	target-address-data	program-data			ps2/progress28_structural_lift_recovered.o	absolute value only; no storage, section bytes, size, or alignment emitted
UNK_00208000	0x00208000	RESOLVED	absolute-address-anchor		address-suffix-inside-frozen-layout	target-address-data	program-data			ps2/progress28_structural_lift_recovered.o	absolute value only; no storage, section bytes, size, or alignment emitted
UNK_003f2ed8	0x003f2ed8	RESOLVED	absolute-address-anchor		address-suffix-inside-frozen-layout	target-address-data	program-data			ps2/progress28_structural_lift_recovered.o	absolute value only; no storage, section bytes, size, or alignment emitted
UNK_003f2ef8	0x003f2ef8	RESOLVED	absolute-address-anchor		address-suffix-inside-frozen-layout	target-address-data	program-data			ps2/progress28_structural_lift_recovered.o	absolute value only; no storage, section bytes, size, or alignment emitted
UNK_003f2f18	0x003f2f18	RESOLVED	absolute-address-anchor		address-suffix-inside-frozen-layout	target-address-data	program-data			ps2/progress28_structural_lift_recovered.o	absolute value only; no storage, section bytes, size, or alignment emitted
UNK_003f2f38	0x003f2f38	RESOLVED	absolute-address-anchor		address-suffix-inside-frozen-layout	target-address-data	program-data			ps2/progress28_structural_lift_recovered.o	absolute value only; no storage, section bytes, size, or alignment emitted
UNK_003f2f58	0x003f2f58	RESOLVED	absolute-address-anchor		address-suffix-inside-frozen-layout	target-address-data	program-data			ps2/progress28_structural_lift_recovered.o	absolute value only; no storage, section bytes, size, or alignment emitted
UNK_00400001	0x00400001	RESOLVED	absolute-address-anchor		address-suffix-inside-frozen-layout	target-address-data	program-data			ps2/progress28_structural_lift_recovered.o	absolute value only; no storage, section bytes, size, or alignment emitted
UNK_00407fb0	0x00407fb0	RESOLVED	absolute-address-anchor		address-suffix-inside-frozen-layout	target-address-data	program-data			ps2/progress28_structural_lift_recovered.o	absolute value only; no storage, section bytes, size, or alignment emitted
UNK_00407fb2	0x00407fb2	RESOLVED	absolute-address-anchor		address-suffix-inside-frozen-layout	target-address-data	program-data			ps2/progress28_structural_lift_recovered.o	absolute value only; no storage, section bytes, size, or alignment emitted
UNK_00407fc0	0x00407fc0	RESOLVED	absolute-address-anchor		address-suffix-inside-frozen-layout	target-address-data	program-data			ps2/progress28_structural_lift_recovered.o	absolute value only; no storage, section bytes, size, or alignment emitted
UNK_0040ffb0	0x0040ffb0	RESOLVED	absolute-address-anchor		address-suffix-inside-frozen-layout	target-address-data	program-data			ps2/progress28_structural_lift_recovered.o	absolute value only; no storage, section bytes, size, or alignment emitted
UNK_0040ffb2	0x0040ffb2	RESOLVED	absolute-address-anchor		address-suffix-inside-frozen-layout	target-address-data	program-data			ps2/progress28_structural_lift_recovered.o	absolute value only; no storage, section bytes, size, or alignment emitted
UNK_0040ffc0	0x0040ffc0	RESOLVED	absolute-address-anchor		address-suffix-inside-frozen-layout	target-address-data	program-data			ps2/progress28_structural_lift_recovered.o	absolute value only; no storage, section bytes, size, or alignment emitted
UNK_00420000	0x00420000	RESOLVED	absolute-address-anchor		address-suffix-inside-frozen-layout	target-address-data	program-data			ps2/progress28_structural_lift_recovered.o	absolute value only; no storage, section bytes, size, or alignment emitted
_DAT_001baf10	0x001baf10	RESOLVED	absolute-address-anchor		address-suffix-inside-frozen-layout	target-address-data	program-data			ps2/progress28_structural_lift_recovered.o	absolute value only; no storage, section bytes, size, or alignment emitted
_DAT_001bb340	0x001bb340	RESOLVED	absolute-address-anchor		address-suffix-inside-frozen-layout	target-address-data	program-data			ps2/progress28_structural_lift_recovered.o	absolute value only; no storage, section bytes, size, or alignment emitted
_DAT_00335938	0x00335938	RESOLVED	absolute-address-anchor		address-suffix-inside-frozen-layout	target-address-data	program-data			ps2/progress28_structural_lift_recovered.o	absolute value only; no storage, section bytes, size, or alignment emitted
_DAT_0033593a	0x0033593a	RESOLVED	absolute-address-anchor		address-suffix-inside-frozen-layout	target-address-data	program-data			ps2/progress28_structural_lift_recovered.o	absolute value only; no storage, section bytes, size, or alignment emitted
_DAT_00335946	0x00335946	RESOLVED	absolute-address-anchor		address-suffix-inside-frozen-layout	target-address-data	program-data			ps2/progress28_structural_lift_recovered.o	absolute value only; no storage, section bytes, size, or alignment emitted
_DAT_00335948	0x00335948	RESOLVED	absolute-address-anchor		address-suffix-inside-frozen-layout	target-address-data	program-data			ps2/progress28_structural_lift_recovered.o	absolute value only; no storage, section bytes, size, or alignment emitted
_DAT_0033594a	0x0033594a	RESOLVED	absolute-address-anchor		address-suffix-inside-frozen-layout	target-address-data	program-data			ps2/progress28_structural_lift_recovered.o	absolute value only; no storage, section bytes, size, or alignment emitted
_DAT_0033594c	0x0033594c	RESOLVED	absolute-address-anchor		address-suffix-inside-frozen-layout	target-address-data	program-data			ps2/progress28_structural_lift_recovered.o	absolute value only; no storage, section bytes, size, or alignment emitted
_DAT_00340f94	0x00340f94	RESOLVED	absolute-address-anchor		address-suffix-inside-frozen-layout	target-address-data	program-data			ps2/progress28_structural_lift_recovered.o	absolute value only; no storage, section bytes, size, or alignment emitted
_DAT_00340f96	0x00340f96	RESOLVED	absolute-address-anchor		address-suffix-inside-frozen-layout	target-address-data	program-data			ps2/progress28_structural_lift_recovered.o	absolute value only; no storage, section bytes, size, or alignment emitted
_DAT_0034139e	0x0034139e	RESOLVED	absolute-address-anchor		address-suffix-inside-frozen-layout	target-address-data	program-data			ps2/progress28_structural_lift_recovered.o	absolute value only; no storage, section bytes, size, or alignment emitted
_DAT_003413a0	0x003413a0	RESOLVED	absolute-address-anchor		address-suffix-inside-frozen-layout	target-address-data	program-data			ps2/progress28_structural_lift_recovered.o	absolute value only; no storage, section bytes, size, or alignment emitted
_DAT_003413b0	0x003413b0	RESOLVED	absolute-address-anchor		address-suffix-inside-frozen-layout	target-address-data	program-data			ps2/progress28_structural_lift_recovered.o	absolute value only; no storage, section bytes, size, or alignment emitted
_DAT_003413b2	0x003413b2	RESOLVED	absolute-address-anchor		address-suffix-inside-frozen-layout	target-address-data	program-data			ps2/progress28_structural_lift_recovered.o	absolute value only; no storage, section bytes, size, or alignment emitted
_DAT_003413b4	0x003413b4	RESOLVED	absolute-address-anchor		address-suffix-inside-frozen-layout	target-address-data	program-data			ps2/progress28_structural_lift_recovered.o	absolute value only; no storage, section bytes, size, or alignment emitted
_DAT_003413b6	0x003413b6	RESOLVED	absolute-address-anchor		address-suffix-inside-frozen-layout	target-address-data	program-data			ps2/progress28_structural_lift_recovered.o	absolute value only; no storage, section bytes, size, or alignment emitted
_DAT_00341468	0x00341468	RESOLVED	absolute-address-anchor		address-suffix-inside-frozen-layout	target-address-data	program-data			ps2/progress28_structural_lift_recovered.o	absolute value only; no storage, section bytes, size, or alignment emitted
_DAT_0034146a	0x0034146a	RESOLVED	absolute-address-anchor		address-suffix-inside-frozen-layout	target-address-data	program-data			ps2/progress28_structural_lift_recovered.o	absolute value only; no storage, section bytes, size, or alignment emitted
_DAT_0034146c	0x0034146c	RESOLVED	absolute-address-anchor		address-suffix-inside-frozen-layout	target-address-data	program-data			ps2/progress28_structural_lift_recovered.o	absolute value only; no storage, section bytes, size, or alignment emitted
_DAT_0034146e	0x0034146e	RESOLVED	absolute-address-anchor		address-suffix-inside-frozen-layout	target-address-data	program-data			ps2/progress28_structural_lift_recovered.o	absolute value only; no storage, section bytes, size, or alignment emitted
_DAT_003414c6	0x003414c6	RESOLVED	absolute-address-anchor		address-suffix-inside-frozen-layout	target-address-data	program-data			ps2/progress28_structural_lift_recovered.o	absolute value only; no storage, section bytes, size, or alignment emitted
_DAT_003414c8	0x003414c8	RESOLVED	absolute-address-anchor		address-suffix-inside-frozen-layout	target-address-data	program-data			ps2/progress28_structural_lift_recovered.o	absolute value only; no storage, section bytes, size, or alignment emitted
_DAT_003414ca	0x003414ca	RESOLVED	absolute-address-anchor		address-suffix-inside-frozen-layout	target-address-data	program-data			ps2/progress28_structural_lift_recovered.o	absolute value only; no storage, section bytes, size, or alignment emitted
_DAT_003415bc	0x003415bc	RESOLVED	absolute-address-anchor		address-suffix-inside-frozen-layout	target-address-data	program-data			ps2/progress28_structural_lift_recovered.o	absolute value only; no storage, section bytes, size, or alignment emitted
_DAT_003415be	0x003415be	RESOLVED	absolute-address-anchor		address-suffix-inside-frozen-layout	target-address-data	program-data			ps2/progress28_structural_lift_recovered.o	absolute value only; no storage, section bytes, size, or alignment emitted
_DAT_003415c0	0x003415c0	RESOLVED	absolute-address-anchor		address-suffix-inside-frozen-layout	target-address-data	program-data			ps2/progress28_structural_lift_recovered.o	absolute value only; no storage, section bytes, size, or alignment emitted
_DAT_00341612	0x00341612	RESOLVED	absolute-address-anchor		address-suffix-inside-frozen-layout	target-address-data	program-data			ps2/progress28_structural_lift_recovered.o	absolute value only; no storage, section bytes, size, or alignment emitted
_DAT_00341620	0x00341620	RESOLVED	absolute-address-anchor		address-suffix-inside-frozen-layout	target-address-data	program-data			ps2/progress28_structural_lift_recovered.o	absolute value only; no storage, section bytes, size, or alignment emitted
_DAT_00341622	0x00341622	RESOLVED	absolute-address-anchor		address-suffix-inside-frozen-layout	target-address-data	program-data			ps2/progress28_structural_lift_recovered.o	absolute value only; no storage, section bytes, size, or alignment emitted
_DAT_00341624	0x00341624	RESOLVED	absolute-address-anchor		address-suffix-inside-frozen-layout	target-address-data	program-data			ps2/progress28_structural_lift_recovered.o	absolute value only; no storage, section bytes, size, or alignment emitted
_DAT_00342a84	0x00342a84	RESOLVED	absolute-address-anchor		address-suffix-inside-frozen-layout	target-address-data	program-data			ps2/progress28_structural_lift_recovered.o	absolute value only; no storage, section bytes, size, or alignment emitted
_DAT_00345388	0x00345388	RESOLVED	absolute-address-anchor		address-suffix-inside-frozen-layout	target-address-data	program-data			ps2/progress28_structural_lift_recovered.o	absolute value only; no storage, section bytes, size, or alignment emitted
_DAT_003453a8	0x003453a8	RESOLVED	absolute-address-anchor		address-suffix-inside-frozen-layout	target-address-data	program-data			ps2/progress28_structural_lift_recovered.o	absolute value only; no storage, section bytes, size, or alignment emitted
_DAT_003453b0	0x003453b0	RESOLVED	absolute-address-anchor		address-suffix-inside-frozen-layout	target-address-data	program-data			ps2/progress28_structural_lift_recovered.o	absolute value only; no storage, section bytes, size, or alignment emitted
_DAT_003454d8	0x003454d8	RESOLVED	absolute-address-anchor		address-suffix-inside-frozen-layout	target-address-data	program-data			ps2/progress28_structural_lift_recovered.o	absolute value only; no storage, section bytes, size, or alignment emitted
_DAT_0035b74c	0x0035b74c	RESOLVED	absolute-address-anchor		address-suffix-inside-frozen-layout	target-address-data	program-data			ps2/progress28_structural_lift_recovered.o	absolute value only; no storage, section bytes, size, or alignment emitted
_DAT_0035b752	0x0035b752	RESOLVED	absolute-address-anchor		address-suffix-inside-frozen-layout	target-address-data	program-data			ps2/progress28_structural_lift_recovered.o	absolute value only; no storage, section bytes, size, or alignment emitted
_DAT_0035b75a	0x0035b75a	RESOLVED	absolute-address-anchor		address-suffix-inside-frozen-layout	target-address-data	program-data			ps2/progress28_structural_lift_recovered.o	absolute value only; no storage, section bytes, size, or alignment emitted
_DAT_0035b760	0x0035b760	RESOLVED	absolute-address-anchor		address-suffix-inside-frozen-layout	target-address-data	program-data			ps2/progress28_structural_lift_recovered.o	absolute value only; no storage, section bytes, size, or alignment emitted
_DAT_0035b7b0	0x0035b7b0	RESOLVED	absolute-address-anchor		address-suffix-inside-frozen-layout	target-address-data	program-data			ps2/progress28_structural_lift_recovered.o	absolute value only; no storage, section bytes, size, or alignment emitted
_DAT_0035bfec	0x0035bfec	RESOLVED	absolute-address-anchor		address-suffix-inside-frozen-layout	target-address-data	program-data			ps2/progress28_structural_lift_recovered.o	absolute value only; no storage, section bytes, size, or alignment emitted
_DAT_0035c29c	0x0035c29c	RESOLVED	absolute-address-anchor		address-suffix-inside-frozen-layout	target-address-data	program-data			ps2/progress28_structural_lift_recovered.o	absolute value only; no storage, section bytes, size, or alignment emitted
_DAT_0035d4d0	0x0035d4d0	RESOLVED	absolute-address-anchor		address-suffix-inside-frozen-layout	target-address-data	program-data			ps2/progress28_structural_lift_recovered.o	absolute value only; no storage, section bytes, size, or alignment emitted
_DAT_0041350d	0x0041350d	RESOLVED	absolute-address-anchor		address-suffix-inside-frozen-layout	target-address-data	program-data			ps2/progress28_structural_lift_recovered.o	absolute value only; no storage, section bytes, size, or alignment emitted
_DAT_00413511	0x00413511	RESOLVED	absolute-address-anchor		address-suffix-inside-frozen-layout	target-address-data	program-data			ps2/progress28_structural_lift_recovered.o	absolute value only; no storage, section bytes, size, or alignment emitted
_DAT_00413518	0x00413518	RESOLVED	absolute-address-anchor		address-suffix-inside-frozen-layout	target-address-data	program-data			ps2/progress28_structural_lift_recovered.o	absolute value only; no storage, section bytes, size, or alignment emitted
_DAT_00413540	0x00413540	RESOLVED	absolute-address-anchor		address-suffix-inside-frozen-layout	target-address-data	program-data			ps2/progress28_structural_lift_recovered.o	absolute value only; no storage, section bytes, size, or alignment emitted
_DAT_00423554	0x00423554	RESOLVED	absolute-address-anchor		address-suffix-inside-frozen-layout	target-address-data	program-data			ps2/progress28_structural_lift_recovered.o	absolute value only; no storage, section bytes, size, or alignment emitted
__ashlti3		BLOCKED	blocked-historical-archive		no-unique-matching-progress-contract	compiler-runtime	historical-archive			ps2/progress28_structural_lift_recovered.o	historical archive revision and member identity are not yet proved
__fixunssfdi		BLOCKED	blocked-historical-archive		no-unique-matching-progress-contract	compiler-runtime	historical-archive			ps2/libgcc_runtime_recovered.o;ps2/progress28_structural_lift_recovered.o	historical archive revision and member identity are not yet proved
__floatdisf	0x001a1b98	RESOLVED	semantic-text-alias	snes___floatdisf	exact-progress-name+unique-recovered-global-text	compiler-runtime	historical-archive	src/ps2/libgcc_runtime_recovered.c	ps2/libgcc_runtime_recovered.o	ps2/libgcc_runtime_recovered.o;ps2/progress28_structural_lift_recovered.o	progress=__floatdisf
__lshrti3		BLOCKED	blocked-historical-archive		no-unique-matching-progress-contract	compiler-runtime	historical-archive			ps2/progress28_structural_lift_recovered.o	historical archive revision and member identity are not yet proved
__muldi3	0x001a1b20	RESOLVED	semantic-text-alias	snes___muldi3	exact-progress-name+unique-recovered-global-text	compiler-runtime	historical-archive	src/ps2/libgcc_runtime_recovered.c	ps2/libgcc_runtime_recovered.o	ps2/address_leaf_recovered.o;ps2/libc_misc_recovered.o;ps2/progress13_cpp_personality_recovered.o;ps2/progress28_structural_lift_recovered.o;ps2/small_dispatch_recovered.o;snes9x/progress13_runtime_more_recovered.o;zlib/trees_recovered.o	progress=__muldi3
__udivdi3	0x001a25b0	RESOLVED	semantic-text-alias	snes___udivdi3	exact-progress-name+unique-recovered-global-text	compiler-runtime	historical-archive	src/ps2/libgcc_runtime_recovered.c	ps2/libgcc_runtime_recovered.o	ps2/progress28_structural_lift_recovered.o;ps2/ps2lib_formatter_recovered.o;snes9x/progress13_runtime_more_recovered.o	progress=__udivdi3
__umoddi3	0x001a2c78	RESOLVED	semantic-text-alias	snes___umoddi3	exact-progress-name+unique-recovered-global-text	compiler-runtime	historical-archive	src/ps2/libgcc_runtime_recovered.c	ps2/libgcc_runtime_recovered.o	ps2/progress28_structural_lift_recovered.o;ps2/ps2lib_formatter_recovered.o;zlib/zutil_adler_recovered.o	progress=__umoddi3
_auStack_10e4		BLOCKED	blocked-link-contract		no-unique-matching-progress-contract	named-external	link-contract			ps2/progress28_structural_lift_recovered.o	no unique recovered global text contract is proved
abort		BLOCKED	blocked-historical-archive		no-unique-matching-progress-contract	c-runtime	historical-archive			ps2/gcc_fde_runtime_recovered.o;ps2/gcc_unwind_pe_recovered.o	historical archive revision and member identity are not yet proved
bRam0042c800		BLOCKED	blocked-link-contract		no-unique-matching-progress-contract	named-external	link-contract			ps2/progress28_structural_lift_recovered.o	no unique recovered global text contract is proved
bRam0042c801		BLOCKED	blocked-link-contract		no-unique-matching-progress-contract	named-external	link-contract			ps2/progress28_structural_lift_recovered.o	no unique recovered global text contract is proved
bRam0042e888		BLOCKED	blocked-link-contract		no-unique-matching-progress-contract	named-external	link-contract			ps2/progress28_structural_lift_recovered.o	no unique recovered global text contract is proved
cRam00426e2a		BLOCKED	blocked-link-contract		no-unique-matching-progress-contract	named-external	link-contract			ps2/progress28_structural_lift_recovered.o	no unique recovered global text contract is proved
cRam00447700		BLOCKED	blocked-link-contract		no-unique-matching-progress-contract	named-external	link-contract			ps2/progress28_structural_lift_recovered.o	no unique recovered global text contract is proved
cRam1fc7ff52		BLOCKED	blocked-link-contract		no-unique-matching-progress-contract	named-external	link-contract			ps2/progress28_structural_lift_recovered.o	no unique recovered global text contract is proved
calloc	0x0019e648	RESOLVED	semantic-text-alias	calloc_0019e648	exact-progress-name+unique-recovered-global-text	c-runtime	historical-archive	src/ps2/libkernel_heap_recovered.c	ps2/libkernel_heap_recovered.o	zlib/zutil_adler_recovered.o	progress=calloc
cosf	0x0019fddc	RESOLVED	semantic-text-alias	cosf_0019fddc	exact-progress-name+unique-recovered-global-text	named-external	link-contract	src/ps2/newlib_mathfp_recovered.c	ps2/newlib_mathfp_recovered.o	snes9x/progress13_core_helpers_recovered.o	progress=cosf
crc_table_001c8a80		BLOCKED	blocked-link-contract		no-unique-matching-progress-contract	named-external	link-contract			zlib/crc32_recovered.o	no unique recovered global text contract is proved
deflateEnd_00191308	0x00191308	RESOLVED	semantic-text-alias	deflateEnd_recovered	strip-address+unique-recovered-global-text	zlib-peer	source-or-archive	src/zlib/deflate_state_recovered.c	zlib/deflate_state_recovered.o	zlib/deflate_state_recovered.o;zlib/zlib_buffer_api_recovered.o	progress=deflateEnd
deflateInit2__001908ec	0x001908ec	RESOLVED	semantic-text-alias	deflateInit2__recovered	strip-address+unique-recovered-global-text	zlib-peer	source-or-archive	src/zlib/deflate_state_recovered.c	zlib/deflate_state_recovered.o	zlib/zlib_buffer_api_recovered.o	progress=deflateInit2_
deflateReset_00190d10	0x00190d10	RESOLVED	semantic-text-alias	deflateReset_recovered	strip-address+unique-recovered-global-text	zlib-peer	source-or-archive	src/zlib/deflate_state_recovered.c	zlib/deflate_state_recovered.o	zlib/deflate_state_recovered.o	progress=deflateReset
embedded_amigamod_irx		BLOCKED	blocked-private-asset		provider-frontier	embedded-binary	private-asset			app/main_bootstrap.o	private asset bytes and extraction provenance are intentionally absent
embedded_amigamod_irx_size		BLOCKED	blocked-private-asset		provider-frontier	embedded-binary	private-asset			app/main_bootstrap.o	private asset bytes and extraction provenance are intentionally absent
embedded_cdvd_irx		BLOCKED	blocked-private-asset		provider-frontier	embedded-binary	private-asset			app/main_bootstrap.o	private asset bytes and extraction provenance are intentionally absent
embedded_cdvd_irx_size		BLOCKED	blocked-private-asset		provider-frontier	embedded-binary	private-asset			app/main_bootstrap.o	private asset bytes and extraction provenance are intentionally absent
embedded_credits_bytes		BLOCKED	blocked-private-asset		provider-frontier	embedded-binary	private-asset			app/main_flow_recovered.o	private asset bytes and extraction provenance are intentionally absent
embedded_credits_xor		BLOCKED	blocked-private-asset		provider-frontier	embedded-binary	private-asset			app/main_flow_recovered.o	private asset bytes and extraction provenance are intentionally absent
embedded_disclaimer_bytes		BLOCKED	blocked-private-asset		provider-frontier	embedded-binary	private-asset			app/main_flow_recovered.o	private asset bytes and extraction provenance are intentionally absent
embedded_disclaimer_xor		BLOCKED	blocked-private-asset		provider-frontier	embedded-binary	private-asset			app/main_flow_recovered.o	private asset bytes and extraction provenance are intentionally absent
embedded_sjpcm_irx		BLOCKED	blocked-private-asset		provider-frontier	embedded-binary	private-asset			app/main_bootstrap.o	private asset bytes and extraction provenance are intentionally absent
embedded_sjpcm_irx_size		BLOCKED	blocked-private-asset		provider-frontier	embedded-binary	private-asset			app/main_bootstrap.o	private asset bytes and extraction provenance are intentionally absent
errno		BLOCKED	blocked-link-contract		no-unique-matching-progress-contract	named-external	link-contract			ps2/newlib_mathfp_recovered.o	no unique recovered global text contract is proved
fRam0042c804		BLOCKED	blocked-link-contract		no-unique-matching-progress-contract	named-external	link-contract			ps2/progress28_structural_lift_recovered.o	no unique recovered global text contract is proved
fRam0042c808		BLOCKED	blocked-link-contract		no-unique-matching-progress-contract	named-external	link-contract			ps2/progress28_structural_lift_recovered.o	no unique recovered global text contract is proved
fRam0042c80c		BLOCKED	blocked-link-contract		no-unique-matching-progress-contract	named-external	link-contract			ps2/progress28_structural_lift_recovered.o	no unique recovered global text contract is proved
fRam0042c810		BLOCKED	blocked-link-contract		no-unique-matching-progress-contract	named-external	link-contract			ps2/progress28_structural_lift_recovered.o	no unique recovered global text contract is proved
fRam0042c814		BLOCKED	blocked-link-contract		no-unique-matching-progress-contract	named-external	link-contract			ps2/progress28_structural_lift_recovered.o	no unique recovered global text contract is proved
fRam0042c818		BLOCKED	blocked-link-contract		no-unique-matching-progress-contract	named-external	link-contract			ps2/progress28_structural_lift_recovered.o	no unique recovered global text contract is proved
fRam0042c81c		BLOCKED	blocked-link-contract		no-unique-matching-progress-contract	named-external	link-contract			ps2/progress28_structural_lift_recovered.o	no unique recovered global text contract is proved
fioClose_like	0x0019d090	RESOLVED	semantic-text-alias	fioClose_0019d090	strip-like+unique-recovered-global-text	ps2-runtime	historical-archive	src/ps2/fileio_recovered.c	ps2/fileio_recovered.o	snes9x/sram_recovered.o;zlib/gzio_recovered.o	progress=fioClose
fioInit_recovered	0x0019f600	RESOLVED	semantic-text-alias	fioInit_0019f600	strip-recovered+unique-recovered-global-text	ps2-runtime	historical-archive	src/ps2/libkernel_client_init_recovered.c	ps2/libkernel_client_init_recovered.o	ps2/fileio_recovered.o	progress=fioInit
fioOpen_like	0x0019cfc0	RESOLVED	semantic-text-alias	fioOpen_0019cfc0	strip-like+unique-recovered-global-text	ps2-runtime	historical-archive	src/ps2/fileio_recovered.c	ps2/fileio_recovered.o	snes9x/sram_recovered.o;zlib/gzio_recovered.o	progress=fioOpen
fioPutc_like_0019d534	0x0019d534	RESOLVED	semantic-text-alias	fioPutc_0019d534	strip-address+strip-like+unique-recovered-global-text	ps2-runtime	historical-archive	src/ps2/fileio_recovered.c	ps2/fileio_recovered.o	zlib/gzio_recovered.o	progress=fioPutc
fioRead_like	0x0019d120	RESOLVED	semantic-text-alias	fioRead_0019d120	strip-like+unique-recovered-global-text	ps2-runtime	historical-archive	src/ps2/fileio_recovered.c	ps2/fileio_recovered.o	snes9x/sram_recovered.o;zlib/gzio_recovered.o	progress=fioRead
fioSeek_like_0019d360	0x0019d360	RESOLVED	semantic-text-alias	fioLseek_0019d360	reviewed-semantic-contract	ps2-runtime	historical-archive	src/ps2/fileio_recovered.c	ps2/fileio_recovered.o	zlib/gzio_recovered.o	the source-model seek spelling maps to the target's old fioLseek RPC entry;evidence=analysis/progress_targets.csv#Old fileIO RPC fno 4
fioWrite_like	0x0019d244	RESOLVED	semantic-text-alias	fioWrite_0019d244	strip-like+unique-recovered-global-text	ps2-runtime	historical-archive	src/ps2/fileio_recovered.c	ps2/fileio_recovered.o	snes9x/sram_recovered.o;zlib/gzio_recovered.o	progress=fioWrite
fixed_td_00425870		BLOCKED	blocked-link-contract		no-unique-matching-progress-contract	named-external	link-contract			zlib/inftrees_recovered.o	no unique recovered global text contract is proved
fixed_tl_00424870		BLOCKED	blocked-link-contract		no-unique-matching-progress-contract	named-external	link-contract			zlib/inftrees_recovered.o	no unique recovered global text contract is proved
free	0x0019e784	RESOLVED	semantic-text-alias	free_0019e784	exact-progress-name+unique-recovered-global-text	c-runtime	historical-archive	src/ps2/libkernel_heap_recovered.c	ps2/libkernel_heap_recovered.o	ps2/gcc_fde_runtime_recovered.o;ps2/libsupcxx_rtti_recovered.o;snes9x/apu_alloc_recovered.o;snes9x/memory_cleanup_recovered.o;unzip/explode_recovered.o;unzip/unzip_api_recovered.o;zlib/gzio_recovered.o;zlib/zutil_adler_recovered.o	progress=free
g_Settings_blob		BLOCKED	blocked-program-data-storage		provider-frontier	named-program-data	program-data			app/main_flow_recovered.o	named program data still needs storage, bytes, size, and section ownership
g_apu_state_00345498	0x00345498	RESOLVED	absolute-address-anchor		address-suffix-inside-frozen-layout	named-program-data	program-data			snes9x/apu_alloc_recovered.o	absolute value only; no storage, section bytes, size, or alignment emitted
g_bg_bitshift		BLOCKED	blocked-program-data-storage		provider-frontier	named-program-data	program-data			snes9x/tile_converter_recovered.o	named program data still needs storage, bytes, size, and section ownership
g_bg_blob		BLOCKED	blocked-program-data-storage		provider-frontier	named-program-data	program-data			snes9x/draw_large_pixel_recovered.o;snes9x/tile_16bit_recovered.o;snes9x/tile_color_math_recovered.o;snes9x/tile_draw_clipped_recovered.o;snes9x/tile_draw_recovered.o;snes9x/tile_large16_recovered.o;snes9x/tile_scaled_remaining_recovered.o;snes9x/tile_x2_recovered.o	named program data still needs storage, bytes, size, and section ownership
g_direct_colour_maps		BLOCKED	blocked-program-data-storage		provider-frontier	named-program-data	program-data			snes9x/draw_large_pixel_recovered.o;snes9x/tile_16bit_recovered.o;snes9x/tile_color_math_recovered.o;snes9x/tile_draw_clipped_recovered.o;snes9x/tile_draw_recovered.o;snes9x/tile_large16_recovered.o;snes9x/tile_scaled_remaining_recovered.o;snes9x/tile_x2_recovered.o	named program data still needs storage, bytes, size, and section ownership
g_direct_colour_maps_need_rebuild		BLOCKED	blocked-program-data-storage		provider-frontier	named-program-data	program-data			snes9x/draw_large_pixel_recovered.o;snes9x/tile_16bit_recovered.o;snes9x/tile_color_math_recovered.o;snes9x/tile_draw_clipped_recovered.o;snes9x/tile_draw_recovered.o;snes9x/tile_large16_recovered.o;snes9x/tile_scaled_remaining_recovered.o;snes9x/tile_x2_recovered.o	named program data still needs storage, bytes, size, and section ownership
g_even_high		BLOCKED	blocked-program-data-storage		provider-frontier	named-program-data	program-data			snes9x/tile_converter_recovered.o;snes9x/tile_lookup_tables_recovered.o	named program data still needs storage, bytes, size, and section ownership
g_even_low		BLOCKED	blocked-program-data-storage		provider-frontier	named-program-data	program-data			snes9x/tile_converter_recovered.o;snes9x/tile_lookup_tables_recovered.o	named program data still needs storage, bytes, size, and section ownership
g_fillram_0034e2c4	0x0034e2c4	RESOLVED	absolute-address-anchor		address-suffix-inside-frozen-layout	named-program-data	program-data			ps2/progress22_more_small_helpers_recovered.o	absolute value only; no storage, section bytes, size, or alignment emitted
g_frontend_driver_001bb2c0	0x001bb2c0	RESOLVED	absolute-address-anchor		address-suffix-inside-frozen-layout	named-program-data	program-data			ps2/progress11_frontend_recovered.o;ps2/progress22_more_small_helpers_recovered.o	absolute value only; no storage, section bytes, size, or alignment emitted
g_frontend_font_001bb748	0x001bb748	RESOLVED	absolute-address-anchor		address-suffix-inside-frozen-layout	named-program-data	program-data			ps2/progress22_more_small_helpers_recovered.o	absolute value only; no storage, section bytes, size, or alignment emitted
g_gfx_blob		BLOCKED	blocked-program-data-storage		provider-frontier	named-program-data	program-data			snes9x/draw_large_pixel_recovered.o;snes9x/tile_16bit_recovered.o;snes9x/tile_color_math_recovered.o;snes9x/tile_draw_clipped_recovered.o;snes9x/tile_draw_recovered.o;snes9x/tile_large16_recovered.o;snes9x/tile_pixel_helpers_recovered.o;snes9x/tile_scaled_remaining_recovered.o;snes9x/tile_x2_recovered.o	named program data still needs storage, bytes, size, and section ownership
g_head_mask		BLOCKED	blocked-program-data-storage		provider-frontier	named-program-data	program-data			snes9x/tile_16bit_recovered.o;snes9x/tile_color_math_recovered.o;snes9x/tile_draw_clipped_recovered.o;snes9x/tile_scaled_remaining_recovered.o	named program data still needs storage, bytes, size, and section ownership
g_loaded_rom_path		BLOCKED	blocked-program-data-storage		provider-frontier	named-program-data	program-data			ps2/path_helpers_recovered.o	named program data still needs storage, bytes, size, and section ownership
g_memory_card_available		BLOCKED	blocked-program-data-storage		provider-frontier	named-program-data	program-data			app/main_flow_recovered.o	named program data still needs storage, bytes, size, and section ownership
g_memory_vram		BLOCKED	blocked-program-data-storage		provider-frontier	named-program-data	program-data			snes9x/tile_converter_recovered.o	named program data still needs storage, bytes, size, and section ownership
g_odd_high		BLOCKED	blocked-program-data-storage		provider-frontier	named-program-data	program-data			snes9x/tile_converter_recovered.o;snes9x/tile_lookup_tables_recovered.o	named program data still needs storage, bytes, size, and section ownership
g_odd_low		BLOCKED	blocked-program-data-storage		provider-frontier	named-program-data	program-data			snes9x/tile_converter_recovered.o;snes9x/tile_lookup_tables_recovered.o	named program data still needs storage, bytes, size, and section ownership
g_p12_memory		BLOCKED	blocked-program-data-storage		provider-frontier	named-program-data	program-data			app/main_flow_recovered.o;ps2/libmtap_recovered.o;ps2/progress12_io_state_recovered.o	named program data still needs storage, bytes, size, and section ownership
g_p12_sdd1_dat_extension		BLOCKED	blocked-program-data-storage		provider-frontier	named-program-data	program-data			ps2/progress12_io_state_recovered.o	named program data still needs storage, bytes, size, and section ownership
g_p21_state_extension_prefix_001b1348	0x001b1348	RESOLVED	absolute-address-anchor		address-suffix-inside-frozen-layout	named-program-data	program-data			ps2/progress21_small_helpers_recovered.o	absolute value only; no storage, section bytes, size, or alignment emitted
g_p21_toc_anchor_00427010	0x00427010	RESOLVED	absolute-address-anchor		address-suffix-inside-frozen-layout	named-program-data	program-data			ps2/progress21_small_helpers_recovered.o	absolute value only; no storage, section bytes, size, or alignment emitted
g_screen_colors		BLOCKED	blocked-program-data-storage		provider-frontier	named-program-data	program-data			snes9x/draw_large_pixel_recovered.o;snes9x/tile_16bit_recovered.o;snes9x/tile_color_math_recovered.o;snes9x/tile_draw_clipped_recovered.o;snes9x/tile_draw_recovered.o;snes9x/tile_large16_recovered.o;snes9x/tile_scaled_remaining_recovered.o;snes9x/tile_x2_recovered.o	named program data still needs storage, bytes, size, and section ownership
g_selected_rom_path		BLOCKED	blocked-program-data-storage		provider-frontier	named-program-data	program-data			app/main_flow_recovered.o	named program data still needs storage, bytes, size, and section ownership
g_settings_54		BLOCKED	blocked-program-data-storage		provider-frontier	named-program-data	program-data			snes9x/sram_recovered.o	named program data still needs storage, bytes, size, and section ownership
g_settings_64		BLOCKED	blocked-program-data-storage		provider-frontier	named-program-data	program-data			snes9x/sram_recovered.o	named program data still needs storage, bytes, size, and section ownership
g_settings_66		BLOCKED	blocked-program-data-storage		provider-frontier	named-program-data	program-data			snes9x/sram_recovered.o	named program data still needs storage, bytes, size, and section ownership
g_shrink_workspace_recovered		BLOCKED	blocked-program-data-storage		provider-frontier	named-program-data	program-data			unzip/explode_recovered.o;unzip/unreduce_recovered.o;unzip/unshrink_recovered.o	named program data still needs storage, bytes, size, and section ownership
g_special_load_flag		BLOCKED	blocked-program-data-storage		provider-frontier	named-program-data	program-data			snes9x/sram_recovered.o	named program data still needs storage, bytes, size, and section ownership
g_special_save_enable		BLOCKED	blocked-program-data-storage		provider-frontier	named-program-data	program-data			snes9x/sram_recovered.o	named program data still needs storage, bytes, size, and section ownership
g_sram		BLOCKED	blocked-program-data-storage		provider-frontier	named-program-data	program-data			snes9x/sram_recovered.o	named program data still needs storage, bytes, size, and section ownership
g_sram_initial_value		BLOCKED	blocked-program-data-storage		provider-frontier	named-program-data	program-data			snes9x/sram_recovered.o	named program data still needs storage, bytes, size, and section ownership
g_sram_size		BLOCKED	blocked-program-data-storage		provider-frontier	named-program-data	program-data			snes9x/sram_recovered.o	named program data still needs storage, bytes, size, and section ownership
g_state_003454e0	0x003454e0	RESOLVED	absolute-address-anchor		address-suffix-inside-frozen-layout	named-program-data	program-data			ps2/progress22_more_small_helpers_recovered.o	absolute value only; no storage, section bytes, size, or alignment emitted
g_tail_mask		BLOCKED	blocked-program-data-storage		provider-frontier	named-program-data	program-data			snes9x/tile_16bit_recovered.o;snes9x/tile_color_math_recovered.o;snes9x/tile_draw_clipped_recovered.o;snes9x/tile_scaled_remaining_recovered.o	named program data still needs storage, bytes, size, and section ownership
g_tile_cache_state		BLOCKED	blocked-program-data-storage		provider-frontier	named-program-data	program-data			snes9x/memory_init_recovered.o	named program data still needs storage, bytes, size, and section ownership
gzopen	0x00193564	RESOLVED	semantic-text-alias	gzopen_00193564	exact-progress-name+unique-recovered-global-text	zlib-peer	source-or-archive	src/zlib/gzio_recovered.c	zlib/gzio_recovered.o	ps2/small_dispatch_recovered.o	progress=gzopen
iRam00426e2c		BLOCKED	blocked-link-contract		no-unique-matching-progress-contract	named-external	link-contract			ps2/progress28_structural_lift_recovered.o	no unique recovered global text contract is proved
iRam00426e34		BLOCKED	blocked-link-contract		no-unique-matching-progress-contract	named-external	link-contract			ps2/progress28_structural_lift_recovered.o	no unique recovered global text contract is proved
iRam00426e38		BLOCKED	blocked-link-contract		no-unique-matching-progress-contract	named-external	link-contract			ps2/progress28_structural_lift_recovered.o	no unique recovered global text contract is proved
iRam00426e40		BLOCKED	blocked-link-contract		no-unique-matching-progress-contract	named-external	link-contract			ps2/progress28_structural_lift_recovered.o	no unique recovered global text contract is proved
iRam00426e80		BLOCKED	blocked-link-contract		no-unique-matching-progress-contract	named-external	link-contract			ps2/progress28_structural_lift_recovered.o	no unique recovered global text contract is proved
iRam00427000		BLOCKED	blocked-link-contract		no-unique-matching-progress-contract	named-external	link-contract			ps2/progress28_structural_lift_recovered.o	no unique recovered global text contract is proved
iRam00427004		BLOCKED	blocked-link-contract		no-unique-matching-progress-contract	named-external	link-contract			ps2/progress28_structural_lift_recovered.o	no unique recovered global text contract is proved
iRam00427008		BLOCKED	blocked-link-contract		no-unique-matching-progress-contract	named-external	link-contract			ps2/progress28_structural_lift_recovered.o	no unique recovered global text contract is proved
iRam00427010		BLOCKED	blocked-link-contract		no-unique-matching-progress-contract	named-external	link-contract			ps2/progress28_structural_lift_recovered.o	no unique recovered global text contract is proved
iRam0042c764		BLOCKED	blocked-link-contract		no-unique-matching-progress-contract	named-external	link-contract			ps2/progress28_structural_lift_recovered.o	no unique recovered global text contract is proved
iRam0042c7a4		BLOCKED	blocked-link-contract		no-unique-matching-progress-contract	named-external	link-contract			ps2/progress28_structural_lift_recovered.o	no unique recovered global text contract is proved
iRam0042c7e4		BLOCKED	blocked-link-contract		no-unique-matching-progress-contract	named-external	link-contract			ps2/progress28_structural_lift_recovered.o	no unique recovered global text contract is proved
iRam0042e87c		BLOCKED	blocked-link-contract		no-unique-matching-progress-contract	named-external	link-contract			ps2/progress28_structural_lift_recovered.o	no unique recovered global text contract is proved
iRam0042e880		BLOCKED	blocked-link-contract		no-unique-matching-progress-contract	named-external	link-contract			ps2/progress28_structural_lift_recovered.o	no unique recovered global text contract is proved
iRam0042e884		BLOCKED	blocked-link-contract		no-unique-matching-progress-contract	named-external	link-contract			ps2/progress28_structural_lift_recovered.o	no unique recovered global text contract is proved
iRam0043ecc0		BLOCKED	blocked-link-contract		no-unique-matching-progress-contract	named-external	link-contract			ps2/progress28_structural_lift_recovered.o	no unique recovered global text contract is proved
iRam0043ecc4		BLOCKED	blocked-link-contract		no-unique-matching-progress-contract	named-external	link-contract			ps2/progress28_structural_lift_recovered.o	no unique recovered global text contract is proved
iRam0043ecc8		BLOCKED	blocked-link-contract		no-unique-matching-progress-contract	named-external	link-contract			ps2/progress28_structural_lift_recovered.o	no unique recovered global text contract is proved
iRam0043eccc		BLOCKED	blocked-link-contract		no-unique-matching-progress-contract	named-external	link-contract			ps2/progress28_structural_lift_recovered.o	no unique recovered global text contract is proved
iSifSendCmd	0x0019f2a0	RESOLVED	semantic-text-alias	iSifSendCmd_0019f2a0	exact-progress-name+unique-recovered-global-text	named-external	link-contract	src/ps2/sifcmd_recovered.c	ps2/sifcmd_recovered.o	ps2/sifrpc_recovered.o	progress=iSifSendCmd
inflateEnd_00192784	0x00192784	RESOLVED	semantic-text-alias	inflateEnd_recovered	strip-address+unique-recovered-global-text	zlib-peer	source-or-archive	src/zlib/inflate_state_recovered.c	zlib/inflate_state_recovered.o	unzip/unzip_api_recovered.o;zlib/zlib_buffer_api_recovered.o	progress=inflateEnd
inflateInit__00192948	0x00192948	RESOLVED	semantic-text-alias	inflateInit__recovered	strip-address+unique-recovered-global-text	zlib-peer	source-or-archive	src/zlib/inflate_state_recovered.c	zlib/inflate_state_recovered.o	zlib/zlib_buffer_api_recovered.o	progress=inflateInit_
inflate_0019296c	0x0019296c	RESOLVED	semantic-text-alias	inflate_recovered	strip-address+unique-recovered-global-text	zlib-peer	source-or-archive	src/zlib/inflate_state_recovered.c	zlib/inflate_state_recovered.o	zlib/zlib_buffer_api_recovered.o	progress=inflate
isdigit	0x0019ee80	RESOLVED	semantic-text-alias	isdigit_0019ee80	exact-progress-name+unique-recovered-global-text	named-external	link-contract	src/ps2/libc_text_recovered.c	ps2/libc_text_recovered.o	ps2/progress21_small_helpers_recovered.o	progress=isdigit
isinf		BLOCKED	blocked-link-contract		no-unique-matching-progress-contract	named-external	link-contract			ps2/libgcc_runtime_recovered.o	no unique recovered global text contract is proved
isnan		BLOCKED	blocked-link-contract		no-unique-matching-progress-contract	named-external	link-contract			ps2/libgcc_runtime_recovered.o	no unique recovered global text contract is proved
lrintf		BLOCKED	blocked-link-contract		no-unique-matching-progress-contract	named-external	link-contract			ps2/progress11_frontend_recovered.o;snes9x/progress13_core_helpers_recovered.o	no unique recovered global text contract is proved
malloc	0x0019e4b4	RESOLVED	semantic-text-alias	malloc_0019e4b4	exact-progress-name+unique-recovered-global-text	c-runtime	historical-archive	src/ps2/libkernel_heap_recovered.c	ps2/libkernel_heap_recovered.o	ps2/gcc_fde_runtime_recovered.o;ps2/libsupcxx_rtti_recovered.o;snes9x/apu_alloc_recovered.o;snes9x/memory_init_recovered.o;unzip/explode_recovered.o;unzip/unzip_api_recovered.o;zlib/gzio_recovered.o	progress=malloc
mcInit	0x001a08ec	RESOLVED	semantic-text-alias	mcInit_001a08ec	exact-progress-name+unique-recovered-global-text	ps2-runtime	historical-archive	src/ps2/libmc_recovered.c	ps2/libmc_recovered.o	app/main_bootstrap.o	progress=mcInit
memcmp	0x0019c458	RESOLVED	semantic-text-alias	sn_memcmp_0019c458	exact-progress-name+unique-recovered-global-text	c-runtime	historical-archive	src/ps2/libkernel_strings_recovered.c	ps2/libkernel_strings_recovered.o	ps2/progress21_small_helpers_recovered.o;ps2/progress27_large_state_cpu_batch_recovered.o	progress=memcmp
memcpy	0x0019c364	RESOLVED	semantic-text-alias	sn_memcpy_0019c364	exact-progress-name+unique-recovered-global-text	c-runtime	historical-archive	src/ps2/libkernel_strings_recovered.c	ps2/libkernel_strings_recovered.o	ps2/cdvd_rpc_historical_recovered.o;ps2/fileio_recovered.o;ps2/gcc_fde_runtime_recovered.o;ps2/gcc_unwind_pe_recovered.o;ps2/gs_fifo_recovered.o;ps2/gsfont_recovered.o;ps2/gspipe_recovered.o;ps2/libgcc_runtime_recovered.o;ps2/libmc_recovered.o;ps2/libpad_recovered.o;ps2/loadfile_iop_recovered.o;ps2/newlib_mathfp_recovered.o;ps2/progress12_io_state_recovered.o;ps2/progress13_cpp_eh_recovered.o;ps2/progress15_pad_init_recovered.o;ps2/progress23_audio_helpers_recovered.o;ps2/progress27_large_state_cpu_batch_recovered.o;ps2/sifcmd_recovered.o;snes9x/progress11_core_recovered.o;snes9x/progress13_frontend_more_recovered.o;snes9x/progress13_runtime_more_recovered.o;unzip/explode_recovered.o;unzip/unreduce_recovered.o;zlib/deflate_state_recovered.o;zlib/gzio_recovered.o	progress=memcpy
memmove	0x0019c4a0	RESOLVED	semantic-text-alias	sn_memmove_0019c4a0	exact-progress-name+unique-recovered-global-text	c-runtime	historical-archive	src/ps2/libkernel_strings_recovered.c	ps2/libkernel_strings_recovered.o	ps2/progress26_dsp_runtime_batch_recovered.o;unzip/explode_recovered.o;zlib/deflate_engine_recovered.o;zlib/deflate_state_recovered.o;zlib/infblock_engine_recovered.o;zlib/infblock_frontend_recovered.o;zlib/infutil_recovered.o	progress=memmove
memmove_like	0x0019c4a0	RESOLVED	semantic-text-alias	sn_memmove_0019c4a0	strip-like+unique-recovered-global-text	named-external	link-contract	src/ps2/libkernel_strings_recovered.c	ps2/libkernel_strings_recovered.o	snes9x/sram_recovered.o	progress=memmove
memset	0x0019c39c	RESOLVED	semantic-text-alias	sn_memset_0019c39c	exact-progress-name+unique-recovered-global-text	c-runtime	historical-archive	src/ps2/libkernel_strings_recovered.c	ps2/libkernel_strings_recovered.o	app/main_flow_recovered.o;ps2/gcc_fde_runtime_recovered.o;ps2/libpad_recovered.o;ps2/libsupcxx_rtti_recovered.o;ps2/loadfile_iop_recovered.o;ps2/progress13_cpp_eh_recovered.o;ps2/progress22_more_small_helpers_recovered.o;ps2/progress24_core_helpers_recovered.o;ps2/progress25_small_core_helpers_recovered.o;ps2/progress26_dsp_runtime_batch_recovered.o;ps2/progress27_large_state_cpu_batch_recovered.o;ps2/sifcmd_recovered.o;ps2/small_dispatch_recovered.o;snes9x/memory_init_recovered.o;snes9x/progress11_core_recovered.o;snes9x/progress13_core_helpers_recovered.o;snes9x/progress13_frontend_more_recovered.o;snes9x/progress13_runtime_more_recovered.o;snes9x/sram_recovered.o;unzip/explode_recovered.o;unzip/unreduce_recovered.o;zlib/deflate_engine_recovered.o;zlib/deflate_state_recovered.o;zlib/gzio_recovered.o;zlib/infblock_frontend_recovered.o;zlib/inflate_state_recovered.o;zlib/zlib_buffer_api_recovered.o	progress=memset
operator_new_u32		BLOCKED	blocked-link-contract		no-unique-matching-progress-contract	named-external	link-contract			app/main_bootstrap.o	no unique recovered global text contract is proved
printf	0x0019e388	RESOLVED	semantic-text-alias	printf_recovered	exact-progress-name+unique-recovered-global-text	c-runtime	historical-archive	src/ps2/stdio_wrappers_recovered.c	ps2/stdio_wrappers_recovered.o	ps2/gspipe_recovered.o	progress=printf
ps2_add_intc_handler_recovered		BLOCKED	blocked-link-contract		no-unique-matching-progress-contract	named-external	link-contract			ps2/gsdriver_recovered.o	no unique recovered global text contract is proved
ps2_bios_syscall_2_recovered		BLOCKED	blocked-link-contract		no-unique-matching-progress-contract	named-external	link-contract			ps2/gsdriver_recovered.o	no unique recovered global text contract is proved
ps2_disable_intc_recovered		BLOCKED	blocked-link-contract		no-unique-matching-progress-contract	named-external	link-contract			ps2/gsdriver_recovered.o	no unique recovered global text contract is proved
ps2_enable_intc_recovered		BLOCKED	blocked-link-contract		no-unique-matching-progress-contract	named-external	link-contract			ps2/gsdriver_recovered.o	no unique recovered global text contract is proved
ps2_gs_put_imr_recovered		BLOCKED	blocked-link-contract		no-unique-matching-progress-contract	named-external	link-contract			ps2/gsdriver_recovered.o	no unique recovered global text contract is proved
ps2_remove_intc_handler_recovered		BLOCKED	blocked-link-contract		no-unique-matching-progress-contract	named-external	link-contract			ps2/gsdriver_recovered.o	no unique recovered global text contract is proved
puRam00426fc4		BLOCKED	blocked-link-contract		no-unique-matching-progress-contract	named-external	link-contract			ps2/progress28_structural_lift_recovered.o	no unique recovered global text contract is proved
puRam00447754		BLOCKED	blocked-link-contract		no-unique-matching-progress-contract	named-external	link-contract			ps2/progress28_structural_lift_recovered.o	no unique recovered global text contract is proved
puRam00447758		BLOCKED	blocked-link-contract		no-unique-matching-progress-contract	named-external	link-contract			ps2/progress28_structural_lift_recovered.o	no unique recovered global text contract is proved
puts	0x0019e414	RESOLVED	semantic-text-alias	puts_like_recovered	reviewed-semantic-contract	c-runtime	historical-archive	src/ps2/stdio_wrappers_recovered.c	ps2/stdio_wrappers_recovered.o	app/main_bootstrap.o;app/main_flow_recovered.o	the target's puts call contract intentionally writes without appending a newline;evidence=analysis/progress_targets.csv#not standard puts
s_THIS_SCRIPT_WAS_STOLEN_001b6ed0		BLOCKED	blocked-link-contract		no-unique-matching-progress-contract	named-external	link-contract			ps2/progress28_structural_lift_recovered.o	no unique recovered global text contract is proved
sinf	0x001a0024	RESOLVED	semantic-text-alias	sinf_001a0024	exact-progress-name+unique-recovered-global-text	named-external	link-contract	src/ps2/newlib_mathfp_recovered.c	ps2/newlib_mathfp_recovered.o	snes9x/progress13_core_helpers_recovered.o	progress=sinf
snes_data_001b0000		BLOCKED	blocked-link-contract		no-unique-matching-progress-contract	named-external	link-contract			ps2/address_leaf_recovered.o	no unique recovered global text contract is proved
snes_p12_compare_sdd1_entries		BLOCKED	blocked-link-contract		no-unique-matching-progress-contract	named-external	link-contract			ps2/progress12_io_state_recovered.o	no unique recovered global text contract is proved
snes_p12_fio_close		BLOCKED	blocked-link-contract		no-unique-matching-progress-contract	named-external	link-contract			ps2/progress12_io_state_recovered.o	no unique recovered global text contract is proved
snes_p12_fio_open		BLOCKED	blocked-link-contract		no-unique-matching-progress-contract	named-external	link-contract			ps2/progress12_io_state_recovered.o	no unique recovered global text contract is proved
snes_p12_fio_read		BLOCKED	blocked-link-contract		no-unique-matching-progress-contract	named-external	link-contract			ps2/progress12_io_state_recovered.o	no unique recovered global text contract is proved
snes_p12_fio_write		BLOCKED	blocked-link-contract		no-unique-matching-progress-contract	named-external	link-contract			ps2/progress12_io_state_recovered.o	no unique recovered global text contract is proved
snes_p12_get_filename		BLOCKED	blocked-link-contract		no-unique-matching-progress-contract	named-external	link-contract			ps2/progress12_io_state_recovered.o	no unique recovered global text contract is proved
snes_p12_qsort		BLOCKED	blocked-link-contract		no-unique-matching-progress-contract	named-external	link-contract			ps2/progress12_io_state_recovered.o	no unique recovered global text contract is proved
snes_ram_003f4be8		BLOCKED	blocked-link-contract		no-unique-matching-progress-contract	named-external	link-contract			ps2/address_leaf_recovered.o	no unique recovered global text contract is proved
snes_state_0035e2c4		BLOCKED	blocked-link-contract		no-unique-matching-progress-contract	named-external	link-contract			ps2/address_leaf_recovered.o	no unique recovered global text contract is proved
snes_vtable_00426c28	0x00426c28	RESOLVED	absolute-address-anchor		address-suffix-inside-frozen-layout	vtable-or-rtti	program-data			ps2/address_leaf_recovered.o	absolute value only; no storage, section bytes, size, or alignment emitted
snprintf		BLOCKED	blocked-historical-archive		no-unique-matching-progress-contract	c-runtime	historical-archive			ps2/small_dispatch_recovered.o;snes9x/memmap_metadata_recovered.o	historical archive revision and member identity are not yet proved
sprintf	0x0019e3d0	RESOLVED	semantic-text-alias	sprintf_recovered	exact-progress-name+unique-recovered-global-text	c-runtime	historical-archive	src/ps2/stdio_wrappers_recovered.c	ps2/stdio_wrappers_recovered.o	ps2/path_helpers_recovered.o;ps2/progress12_io_state_recovered.o;zlib/gzio_recovered.o	progress=sprintf
sqrtf	0x001a06a0	RESOLVED	semantic-text-alias	sqrtf_001a06a0	exact-progress-name+unique-recovered-global-text	named-external	link-contract	src/ps2/newlib_mathfp_recovered.c	ps2/newlib_mathfp_recovered.o	ps2/newlib_mathfp_recovered.o	progress=sqrtf
stack0x00000000		BLOCKED	blocked-link-contract		no-unique-matching-progress-contract	named-external	link-contract			ps2/progress28_structural_lift_recovered.o	no unique recovered global text contract is proved
stack0xffffef20		BLOCKED	blocked-link-contract		no-unique-matching-progress-contract	named-external	link-contract			ps2/progress28_structural_lift_recovered.o	no unique recovered global text contract is proved
stack0xffffef90		BLOCKED	blocked-link-contract		no-unique-matching-progress-contract	named-external	link-contract			ps2/progress28_structural_lift_recovered.o	no unique recovered global text contract is proved
stack0xffffef98		BLOCKED	blocked-link-contract		no-unique-matching-progress-contract	named-external	link-contract			ps2/progress28_structural_lift_recovered.o	no unique recovered global text contract is proved
stack0xffffefa4		BLOCKED	blocked-link-contract		no-unique-matching-progress-contract	named-external	link-contract			ps2/progress28_structural_lift_recovered.o	no unique recovered global text contract is proved
strcasecmp	0x0019e860	RESOLVED	semantic-text-alias	strcasecmp_0019e860	exact-progress-name+unique-recovered-global-text	named-external	link-contract	src/ps2/libc_text_recovered.c	ps2/libc_text_recovered.o	ps2/audio_rpc_recovered.o	progress=strcasecmp
strcat	0x0019c3d4	RESOLVED	semantic-text-alias	sn_strcat_0019c3d4	exact-progress-name+unique-recovered-global-text	c-runtime	historical-archive	src/ps2/libkernel_strings_recovered.c	ps2/libkernel_strings_recovered.o	ps2/path_helpers_recovered.o;zlib/gzio_recovered.o	progress=strcat
strchr	0x0019c610	RESOLVED	semantic-text-alias	sn_strchr_0019c610	exact-progress-name+unique-recovered-global-text	c-runtime	historical-archive	src/ps2/libkernel_strings_recovered.c	ps2/libkernel_strings_recovered.o	ps2/path_helpers_recovered.o;ps2/progress21_small_helpers_recovered.o	progress=strchr
strcmp	0x0019c648	RESOLVED	semantic-text-alias	sn_strcmp_0019c648	exact-progress-name+unique-recovered-global-text	c-runtime	historical-archive	src/ps2/libkernel_strings_recovered.c	ps2/libkernel_strings_recovered.o	unzip/unzip_api_recovered.o	progress=strcmp
strcpy	0x0019c528	RESOLVED	semantic-text-alias	sn_strcpy_0019c528	exact-progress-name+unique-recovered-global-text	c-runtime	historical-archive	src/ps2/libkernel_strings_recovered.c	ps2/libkernel_strings_recovered.o	ps2/libpad_recovered.o;ps2/path_helpers_recovered.o;snes9x/memmap_metadata_recovered.o;zlib/gzio_recovered.o	progress=strcpy
strlen	0x0019c5e8	RESOLVED	semantic-text-alias	sn_strlen_0019c5e8	exact-progress-name+unique-recovered-global-text	c-runtime	historical-archive	src/ps2/libkernel_strings_recovered.c	ps2/libkernel_strings_recovered.o	ps2/libmc_recovered.o;ps2/loadfile_iop_recovered.o;ps2/path_helpers_recovered.o;ps2/progress27_large_state_cpu_batch_recovered.o;unzip/unzip_api_recovered.o;zlib/gzio_recovered.o	progress=strlen
strncpy	0x0019c550	RESOLVED	semantic-text-alias	sn_strncpy_0019c550	exact-progress-name+unique-recovered-global-text	c-runtime	historical-archive	src/ps2/libkernel_strings_recovered.c	ps2/libkernel_strings_recovered.o	ps2/cdvd_rpc_historical_recovered.o;ps2/fileio_recovered.o;ps2/libmc_recovered.o;ps2/loadfile_iop_recovered.o;ps2/path_helpers_recovered.o;ps2/progress21_small_helpers_recovered.o	progress=strncpy
strrchr	0x0019eaa4	RESOLVED	semantic-text-alias	strrchr_0019eaa4	exact-progress-name+unique-recovered-global-text	c-runtime	historical-archive	src/ps2/libc_text_recovered.c	ps2/libc_text_recovered.o	ps2/audio_rpc_recovered.o;ps2/path_helpers_recovered.o;ps2/progress21_small_helpers_recovered.o	progress=strrchr
strtol	0x0019eb80	RESOLVED	semantic-text-alias	strtol_0019eb80	exact-progress-name+unique-recovered-global-text	c-runtime	historical-archive	src/ps2/libc_text_recovered.c	ps2/libc_text_recovered.o	ps2/progress21_small_helpers_recovered.o;ps2/progress27_large_state_cpu_batch_recovered.o	progress=strtol
switchdataD_001b18f8		BLOCKED	blocked-link-contract		no-unique-matching-progress-contract	named-external	link-contract			ps2/progress28_structural_lift_recovered.o	no unique recovered global text contract is proved
switchdataD_001ba82c		BLOCKED	blocked-link-contract		no-unique-matching-progress-contract	named-external	link-contract			ps2/progress28_structural_lift_recovered.o	no unique recovered global text contract is proved
switchdataD_001baad0		BLOCKED	blocked-link-contract		no-unique-matching-progress-contract	named-external	link-contract			ps2/progress28_structural_lift_recovered.o	no unique recovered global text contract is proved
syscall		BLOCKED	blocked-link-contract		no-unique-matching-progress-contract	named-external	link-contract			ps2/progress28_structural_lift_recovered.o	no unique recovered global text contract is proved
target_video_mode_byte_001fc752		BLOCKED	blocked-link-contract		no-unique-matching-progress-contract	named-external	link-contract			ps2/gsdriver_recovered.o	no unique recovered global text contract is proved
trap		BLOCKED	blocked-link-contract		no-unique-matching-progress-contract	named-external	link-contract			ps2/progress28_structural_lift_recovered.o	no unique recovered global text contract is proved
uRam00426e20		BLOCKED	blocked-link-contract		no-unique-matching-progress-contract	named-external	link-contract			ps2/progress28_structural_lift_recovered.o	no unique recovered global text contract is proved
uRam00426e3c		BLOCKED	blocked-link-contract		no-unique-matching-progress-contract	named-external	link-contract			ps2/progress28_structural_lift_recovered.o	no unique recovered global text contract is proved
uRam00426fa4		BLOCKED	blocked-link-contract		no-unique-matching-progress-contract	named-external	link-contract			ps2/progress28_structural_lift_recovered.o	no unique recovered global text contract is proved
uRam00426fb4		BLOCKED	blocked-link-contract		no-unique-matching-progress-contract	named-external	link-contract			ps2/progress28_structural_lift_recovered.o	no unique recovered global text contract is proved
uRam00427000		BLOCKED	blocked-link-contract		no-unique-matching-progress-contract	named-external	link-contract			ps2/progress28_structural_lift_recovered.o	no unique recovered global text contract is proved
uRam00427004		BLOCKED	blocked-link-contract		no-unique-matching-progress-contract	named-external	link-contract			ps2/progress28_structural_lift_recovered.o	no unique recovered global text contract is proved
uRam00427008		BLOCKED	blocked-link-contract		no-unique-matching-progress-contract	named-external	link-contract			ps2/progress28_structural_lift_recovered.o	no unique recovered global text contract is proved
uRam0042c804		BLOCKED	blocked-link-contract		no-unique-matching-progress-contract	named-external	link-contract			ps2/progress28_structural_lift_recovered.o	no unique recovered global text contract is proved
uRam0042d338		BLOCKED	blocked-link-contract		no-unique-matching-progress-contract	named-external	link-contract			ps2/progress28_structural_lift_recovered.o	no unique recovered global text contract is proved
uRam0042d339		BLOCKED	blocked-link-contract		no-unique-matching-progress-contract	named-external	link-contract			ps2/progress28_structural_lift_recovered.o	no unique recovered global text contract is proved
uRam0042d33a		BLOCKED	blocked-link-contract		no-unique-matching-progress-contract	named-external	link-contract			ps2/progress28_structural_lift_recovered.o	no unique recovered global text contract is proved
uRam00447701		BLOCKED	blocked-link-contract		no-unique-matching-progress-contract	named-external	link-contract			ps2/progress28_structural_lift_recovered.o	no unique recovered global text contract is proved
uRam00447702		BLOCKED	blocked-link-contract		no-unique-matching-progress-contract	named-external	link-contract			ps2/progress28_structural_lift_recovered.o	no unique recovered global text contract is proved
uRam00447703		BLOCKED	blocked-link-contract		no-unique-matching-progress-contract	named-external	link-contract			ps2/progress28_structural_lift_recovered.o	no unique recovered global text contract is proved
uRam00447704		BLOCKED	blocked-link-contract		no-unique-matching-progress-contract	named-external	link-contract			ps2/progress28_structural_lift_recovered.o	no unique recovered global text contract is proved
uRam00447705		BLOCKED	blocked-link-contract		no-unique-matching-progress-contract	named-external	link-contract			ps2/progress28_structural_lift_recovered.o	no unique recovered global text contract is proved
uRam00447706		BLOCKED	blocked-link-contract		no-unique-matching-progress-contract	named-external	link-contract			ps2/progress28_structural_lift_recovered.o	no unique recovered global text contract is proved
uRam00447707		BLOCKED	blocked-link-contract		no-unique-matching-progress-contract	named-external	link-contract			ps2/progress28_structural_lift_recovered.o	no unique recovered global text contract is proved
uRam00447708		BLOCKED	blocked-link-contract		no-unique-matching-progress-contract	named-external	link-contract			ps2/progress28_structural_lift_recovered.o	no unique recovered global text contract is proved
uRam00447709		BLOCKED	blocked-link-contract		no-unique-matching-progress-contract	named-external	link-contract			ps2/progress28_structural_lift_recovered.o	no unique recovered global text contract is proved
uRam0044770a		BLOCKED	blocked-link-contract		no-unique-matching-progress-contract	named-external	link-contract			ps2/progress28_structural_lift_recovered.o	no unique recovered global text contract is proved
uRam0044770b		BLOCKED	blocked-link-contract		no-unique-matching-progress-contract	named-external	link-contract			ps2/progress28_structural_lift_recovered.o	no unique recovered global text contract is proved
uRam0044770c		BLOCKED	blocked-link-contract		no-unique-matching-progress-contract	named-external	link-contract			ps2/progress28_structural_lift_recovered.o	no unique recovered global text contract is proved
uRam0044770d		BLOCKED	blocked-link-contract		no-unique-matching-progress-contract	named-external	link-contract			ps2/progress28_structural_lift_recovered.o	no unique recovered global text contract is proved
uRam0044770e		BLOCKED	blocked-link-contract		no-unique-matching-progress-contract	named-external	link-contract			ps2/progress28_structural_lift_recovered.o	no unique recovered global text contract is proved
uRam0044770f		BLOCKED	blocked-link-contract		no-unique-matching-progress-contract	named-external	link-contract			ps2/progress28_structural_lift_recovered.o	no unique recovered global text contract is proved
uRam00447710		BLOCKED	blocked-link-contract		no-unique-matching-progress-contract	named-external	link-contract			ps2/progress28_structural_lift_recovered.o	no unique recovered global text contract is proved
uRam00447711		BLOCKED	blocked-link-contract		no-unique-matching-progress-contract	named-external	link-contract			ps2/progress28_structural_lift_recovered.o	no unique recovered global text contract is proved
uRam00447712		BLOCKED	blocked-link-contract		no-unique-matching-progress-contract	named-external	link-contract			ps2/progress28_structural_lift_recovered.o	no unique recovered global text contract is proved
uRam00447713		BLOCKED	blocked-link-contract		no-unique-matching-progress-contract	named-external	link-contract			ps2/progress28_structural_lift_recovered.o	no unique recovered global text contract is proved
uRam00447714		BLOCKED	blocked-link-contract		no-unique-matching-progress-contract	named-external	link-contract			ps2/progress28_structural_lift_recovered.o	no unique recovered global text contract is proved
uRam00447715		BLOCKED	blocked-link-contract		no-unique-matching-progress-contract	named-external	link-contract			ps2/progress28_structural_lift_recovered.o	no unique recovered global text contract is proved
uRam00447716		BLOCKED	blocked-link-contract		no-unique-matching-progress-contract	named-external	link-contract			ps2/progress28_structural_lift_recovered.o	no unique recovered global text contract is proved
uRam00447717		BLOCKED	blocked-link-contract		no-unique-matching-progress-contract	named-external	link-contract			ps2/progress28_structural_lift_recovered.o	no unique recovered global text contract is proved
uRam00447718		BLOCKED	blocked-link-contract		no-unique-matching-progress-contract	named-external	link-contract			ps2/progress28_structural_lift_recovered.o	no unique recovered global text contract is proved
uRam00447719		BLOCKED	blocked-link-contract		no-unique-matching-progress-contract	named-external	link-contract			ps2/progress28_structural_lift_recovered.o	no unique recovered global text contract is proved
uRam0044771a		BLOCKED	blocked-link-contract		no-unique-matching-progress-contract	named-external	link-contract			ps2/progress28_structural_lift_recovered.o	no unique recovered global text contract is proved
uRam0044771b		BLOCKED	blocked-link-contract		no-unique-matching-progress-contract	named-external	link-contract			ps2/progress28_structural_lift_recovered.o	no unique recovered global text contract is proved
uRam0044771c		BLOCKED	blocked-link-contract		no-unique-matching-progress-contract	named-external	link-contract			ps2/progress28_structural_lift_recovered.o	no unique recovered global text contract is proved
uRam0044771d		BLOCKED	blocked-link-contract		no-unique-matching-progress-contract	named-external	link-contract			ps2/progress28_structural_lift_recovered.o	no unique recovered global text contract is proved
uRam0044771e		BLOCKED	blocked-link-contract		no-unique-matching-progress-contract	named-external	link-contract			ps2/progress28_structural_lift_recovered.o	no unique recovered global text contract is proved
uRam00447720		BLOCKED	blocked-link-contract		no-unique-matching-progress-contract	named-external	link-contract			ps2/progress28_structural_lift_recovered.o	no unique recovered global text contract is proved
uRam00447721		BLOCKED	blocked-link-contract		no-unique-matching-progress-contract	named-external	link-contract			ps2/progress28_structural_lift_recovered.o	no unique recovered global text contract is proved
uRam00447722		BLOCKED	blocked-link-contract		no-unique-matching-progress-contract	named-external	link-contract			ps2/progress28_structural_lift_recovered.o	no unique recovered global text contract is proved
uRam00447723		BLOCKED	blocked-link-contract		no-unique-matching-progress-contract	named-external	link-contract			ps2/progress28_structural_lift_recovered.o	no unique recovered global text contract is proved
uRam00447724		BLOCKED	blocked-link-contract		no-unique-matching-progress-contract	named-external	link-contract			ps2/progress28_structural_lift_recovered.o	no unique recovered global text contract is proved
uRam00447725		BLOCKED	blocked-link-contract		no-unique-matching-progress-contract	named-external	link-contract			ps2/progress28_structural_lift_recovered.o	no unique recovered global text contract is proved
uRam00447726		BLOCKED	blocked-link-contract		no-unique-matching-progress-contract	named-external	link-contract			ps2/progress28_structural_lift_recovered.o	no unique recovered global text contract is proved
uRam00447727		BLOCKED	blocked-link-contract		no-unique-matching-progress-contract	named-external	link-contract			ps2/progress28_structural_lift_recovered.o	no unique recovered global text contract is proved
uRam00447728		BLOCKED	blocked-link-contract		no-unique-matching-progress-contract	named-external	link-contract			ps2/progress28_structural_lift_recovered.o	no unique recovered global text contract is proved
uRam00447729		BLOCKED	blocked-link-contract		no-unique-matching-progress-contract	named-external	link-contract			ps2/progress28_structural_lift_recovered.o	no unique recovered global text contract is proved
uRam0044772a		BLOCKED	blocked-link-contract		no-unique-matching-progress-contract	named-external	link-contract			ps2/progress28_structural_lift_recovered.o	no unique recovered global text contract is proved
uRam0044772b		BLOCKED	blocked-link-contract		no-unique-matching-progress-contract	named-external	link-contract			ps2/progress28_structural_lift_recovered.o	no unique recovered global text contract is proved
uRam0044772c		BLOCKED	blocked-link-contract		no-unique-matching-progress-contract	named-external	link-contract			ps2/progress28_structural_lift_recovered.o	no unique recovered global text contract is proved
uRam0044772d		BLOCKED	blocked-link-contract		no-unique-matching-progress-contract	named-external	link-contract			ps2/progress28_structural_lift_recovered.o	no unique recovered global text contract is proved
uRam0044772e		BLOCKED	blocked-link-contract		no-unique-matching-progress-contract	named-external	link-contract			ps2/progress28_structural_lift_recovered.o	no unique recovered global text contract is proved
uRam0044772f		BLOCKED	blocked-link-contract		no-unique-matching-progress-contract	named-external	link-contract			ps2/progress28_structural_lift_recovered.o	no unique recovered global text contract is proved
uRam00447730		BLOCKED	blocked-link-contract		no-unique-matching-progress-contract	named-external	link-contract			ps2/progress28_structural_lift_recovered.o	no unique recovered global text contract is proved
uRam00447731		BLOCKED	blocked-link-contract		no-unique-matching-progress-contract	named-external	link-contract			ps2/progress28_structural_lift_recovered.o	no unique recovered global text contract is proved
uRam00447732		BLOCKED	blocked-link-contract		no-unique-matching-progress-contract	named-external	link-contract			ps2/progress28_structural_lift_recovered.o	no unique recovered global text contract is proved
uRam00447733		BLOCKED	blocked-link-contract		no-unique-matching-progress-contract	named-external	link-contract			ps2/progress28_structural_lift_recovered.o	no unique recovered global text contract is proved
uRam00447734		BLOCKED	blocked-link-contract		no-unique-matching-progress-contract	named-external	link-contract			ps2/progress28_structural_lift_recovered.o	no unique recovered global text contract is proved
uRam00447735		BLOCKED	blocked-link-contract		no-unique-matching-progress-contract	named-external	link-contract			ps2/progress28_structural_lift_recovered.o	no unique recovered global text contract is proved
uRam00447736		BLOCKED	blocked-link-contract		no-unique-matching-progress-contract	named-external	link-contract			ps2/progress28_structural_lift_recovered.o	no unique recovered global text contract is proved
uRam00447737		BLOCKED	blocked-link-contract		no-unique-matching-progress-contract	named-external	link-contract			ps2/progress28_structural_lift_recovered.o	no unique recovered global text contract is proved
uRam00447738		BLOCKED	blocked-link-contract		no-unique-matching-progress-contract	named-external	link-contract			ps2/progress28_structural_lift_recovered.o	no unique recovered global text contract is proved
uRam00447739		BLOCKED	blocked-link-contract		no-unique-matching-progress-contract	named-external	link-contract			ps2/progress28_structural_lift_recovered.o	no unique recovered global text contract is proved
uRam0044773a		BLOCKED	blocked-link-contract		no-unique-matching-progress-contract	named-external	link-contract			ps2/progress28_structural_lift_recovered.o	no unique recovered global text contract is proved
uRam0044773b		BLOCKED	blocked-link-contract		no-unique-matching-progress-contract	named-external	link-contract			ps2/progress28_structural_lift_recovered.o	no unique recovered global text contract is proved
uRam0044773c		BLOCKED	blocked-link-contract		no-unique-matching-progress-contract	named-external	link-contract			ps2/progress28_structural_lift_recovered.o	no unique recovered global text contract is proved
uRam0044773d		BLOCKED	blocked-link-contract		no-unique-matching-progress-contract	named-external	link-contract			ps2/progress28_structural_lift_recovered.o	no unique recovered global text contract is proved
uRam0044773e		BLOCKED	blocked-link-contract		no-unique-matching-progress-contract	named-external	link-contract			ps2/progress28_structural_lift_recovered.o	no unique recovered global text contract is proved
uRam0044773f		BLOCKED	blocked-link-contract		no-unique-matching-progress-contract	named-external	link-contract			ps2/progress28_structural_lift_recovered.o	no unique recovered global text contract is proved
uRam00447740		BLOCKED	blocked-link-contract		no-unique-matching-progress-contract	named-external	link-contract			ps2/progress28_structural_lift_recovered.o	no unique recovered global text contract is proved
uRam00447741		BLOCKED	blocked-link-contract		no-unique-matching-progress-contract	named-external	link-contract			ps2/progress28_structural_lift_recovered.o	no unique recovered global text contract is proved
uRam00447742		BLOCKED	blocked-link-contract		no-unique-matching-progress-contract	named-external	link-contract			ps2/progress28_structural_lift_recovered.o	no unique recovered global text contract is proved
uRam00447743		BLOCKED	blocked-link-contract		no-unique-matching-progress-contract	named-external	link-contract			ps2/progress28_structural_lift_recovered.o	no unique recovered global text contract is proved
uRam00447744		BLOCKED	blocked-link-contract		no-unique-matching-progress-contract	named-external	link-contract			ps2/progress28_structural_lift_recovered.o	no unique recovered global text contract is proved
uRam00447745		BLOCKED	blocked-link-contract		no-unique-matching-progress-contract	named-external	link-contract			ps2/progress28_structural_lift_recovered.o	no unique recovered global text contract is proved
uRam00447746		BLOCKED	blocked-link-contract		no-unique-matching-progress-contract	named-external	link-contract			ps2/progress28_structural_lift_recovered.o	no unique recovered global text contract is proved
uRam00447747		BLOCKED	blocked-link-contract		no-unique-matching-progress-contract	named-external	link-contract			ps2/progress28_structural_lift_recovered.o	no unique recovered global text contract is proved
uRam00447748		BLOCKED	blocked-link-contract		no-unique-matching-progress-contract	named-external	link-contract			ps2/progress28_structural_lift_recovered.o	no unique recovered global text contract is proved
uRam00447749		BLOCKED	blocked-link-contract		no-unique-matching-progress-contract	named-external	link-contract			ps2/progress28_structural_lift_recovered.o	no unique recovered global text contract is proved
uRam0044774a		BLOCKED	blocked-link-contract		no-unique-matching-progress-contract	named-external	link-contract			ps2/progress28_structural_lift_recovered.o	no unique recovered global text contract is proved
uRam0044774b		BLOCKED	blocked-link-contract		no-unique-matching-progress-contract	named-external	link-contract			ps2/progress28_structural_lift_recovered.o	no unique recovered global text contract is proved
uRam0044774c		BLOCKED	blocked-link-contract		no-unique-matching-progress-contract	named-external	link-contract			ps2/progress28_structural_lift_recovered.o	no unique recovered global text contract is proved
uRam0044774d		BLOCKED	blocked-link-contract		no-unique-matching-progress-contract	named-external	link-contract			ps2/progress28_structural_lift_recovered.o	no unique recovered global text contract is proved
uRam0044774e		BLOCKED	blocked-link-contract		no-unique-matching-progress-contract	named-external	link-contract			ps2/progress28_structural_lift_recovered.o	no unique recovered global text contract is proved
uRam0044e206		BLOCKED	blocked-link-contract		no-unique-matching-progress-contract	named-external	link-contract			ps2/progress28_structural_lift_recovered.o;unzip/explode_recovered.o;unzip/unshrink_recovered.o	no unique recovered global text contract is proved
uRam00450205		BLOCKED	blocked-link-contract		no-unique-matching-progress-contract	named-external	link-contract			ps2/progress28_structural_lift_recovered.o	no unique recovered global text contract is proved
vsprintf	0x0019e364	RESOLVED	semantic-text-alias	vsprintf_recovered	exact-progress-name+unique-recovered-global-text	c-runtime	historical-archive	src/ps2/stdio_wrappers_recovered.c	ps2/stdio_wrappers_recovered.o	zlib/gzio_recovered.o	progress=vsprintf
zr_base_dist_001ba130		BLOCKED	blocked-link-contract		no-unique-matching-progress-contract	named-external	link-contract			zlib/trees_recovered.o	no unique recovered global text contract is proved
zr_base_length_001ba0b8		BLOCKED	blocked-link-contract		no-unique-matching-progress-contract	named-external	link-contract			zlib/trees_recovered.o	no unique recovered global text contract is proved
zr_dist_code_001b9db8		BLOCKED	blocked-link-contract		no-unique-matching-progress-contract	named-external	link-contract			zlib/trees_recovered.o	no unique recovered global text contract is proved
zr_length_code_001b9fb8		BLOCKED	blocked-link-contract		no-unique-matching-progress-contract	named-external	link-contract			zlib/trees_recovered.o	no unique recovered global text contract is proved
zr_static_dtree_001b9d40		BLOCKED	blocked-link-contract		no-unique-matching-progress-contract	named-external	link-contract			zlib/trees_recovered.o	no unique recovered global text contract is proved
zr_static_ltree_001b98c0		BLOCKED	blocked-link-contract		no-unique-matching-progress-contract	named-external	link-contract			zlib/trees_recovered.o	no unique recovered global text contract is proved
