symbol	target_address	status	extent_hex	region	sha256	function_address	function_extent_hex	access_address	access_opcode	base_register	trace_addresses	instruction_window_sha256	callee_address	callee_sha256	matching_evidence	matching_evidence_sha256	requesters	proof_kind	function_sha256	analysis_sha256	claim
DAT_001385ec	0x001385ec	NO_DIRECT_ACCESS_WITNESS															ps2/progress28_structural_lift_recovered.o				indexed/pointer/array/object bounds require separate proof
DAT_001385ed	0x001385ed	NO_DIRECT_ACCESS_WITNESS															ps2/progress28_structural_lift_recovered.o				indexed/pointer/array/object bounds require separate proof
DAT_001b0a58	0x001b0a58	NO_DIRECT_ACCESS_WITNESS															ps2/progress28_structural_lift_recovered.o				indexed/pointer/array/object bounds require separate proof
DAT_001b0ba0	0x001b0ba0	DIRECT_ACCESS_PROVED	0x8	initialized	08b692737eb97187a7b002758702c69e0415b1b9055ead3800770dbdce5c1d78	0x00102ab0	0x864	0x00102f94	ld	1	0x00102f90	463898e0055f9cdb0229c4f9c2f70bfa488a38c12be9bcb0988a926a7d26720e			analysis/matching/hunt1041-v81-validated-final20.tsv	31c5aad06832fadab8d0bd703531718a87ea186d279c241a41789ae0c2608e1a	ps2/progress28_structural_lift_recovered.o	block-local-constant	d01231b55246365fc427a23164aa239852699325574e84feace3b6806062bd03	16753135a76a1b681eab49fafb84328a2664bb7a5fbea8737269b9f7c366ee03	minimum directly accessed span; complete object/array extent and final layout unproved
DAT_001b0ba8	0x001b0ba8	DIRECT_ACCESS_PROVED	0x8	initialized	08b692737eb97187a7b002758702c69e0415b1b9055ead3800770dbdce5c1d78	0x00102ab0	0x864	0x00103144	ld	1	0x00103140	b5e425b98b1d7e50662246093e09deff0c3e30b2786ac1f9c062aba4e15d23cc			analysis/matching/hunt1041-v81-validated-final20.tsv	31c5aad06832fadab8d0bd703531718a87ea186d279c241a41789ae0c2608e1a	ps2/progress28_structural_lift_recovered.o	block-local-constant	d01231b55246365fc427a23164aa239852699325574e84feace3b6806062bd03	16753135a76a1b681eab49fafb84328a2664bb7a5fbea8737269b9f7c366ee03	minimum directly accessed span; complete object/array extent and final layout unproved
DAT_001b0eb8	0x001b0eb8	DIRECT_ACCESS_PROVED	0x1	initialized	8a5edab282632443219e051e4ade2d1d5bbc671c781051bf1437897cbdfea0f1	0x00104f18	0x798	0x0010507c	lb	4	0x00105060;0x00105068	e1871a7db424f5bd2e2536dac3a3462c5d704ee2e2a953f483324e7fe553229e			analysis/matching/hunt1041-v81-validated-final20.tsv	31c5aad06832fadab8d0bd703531718a87ea186d279c241a41789ae0c2608e1a	ps2/progress28_structural_lift_recovered.o	block-local-constant	b8f2bdcb05d3b4d3e386f2a1e61d8146cffaa3e1b66bc8b9acce81d11e86ed4c	16753135a76a1b681eab49fafb84328a2664bb7a5fbea8737269b9f7c366ee03	minimum directly accessed span; complete object/array extent and final layout unproved
DAT_001b0eb9	0x001b0eb9	DIRECT_ACCESS_PROVED	0x1	initialized	6e340b9cffb37a989ca544e6bb780a2c78901d3fb33738768511a30617afa01d	0x00104f18	0x798	0x00105080	lb	4	0x00105060;0x00105068	319978c50f836e1210cc39268495cdb5202f2fce1a1b3c937e50dcad9cb1b0ab			analysis/matching/hunt1041-v81-validated-final20.tsv	31c5aad06832fadab8d0bd703531718a87ea186d279c241a41789ae0c2608e1a	ps2/progress28_structural_lift_recovered.o	block-local-constant	b8f2bdcb05d3b4d3e386f2a1e61d8146cffaa3e1b66bc8b9acce81d11e86ed4c	16753135a76a1b681eab49fafb84328a2664bb7a5fbea8737269b9f7c366ee03	minimum directly accessed span; complete object/array extent and final layout unproved
DAT_001b1370	0x001b1370	NO_DIRECT_ACCESS_WITNESS															ps2/progress28_structural_lift_recovered.o				indexed/pointer/array/object bounds require separate proof
DAT_001b1468	0x001b1468	DIRECT_ACCESS_PROVED	0x8	initialized	08b692737eb97187a7b002758702c69e0415b1b9055ead3800770dbdce5c1d78	0x00106ca0	0x6b8	0x00107090	ld	1	0x0010708c	3c4afea93ae513d7d1d3cdd37d7ebfb6b7edc8ee6c05761afdb4be924374c9e3			analysis/matching/hunt1041-v81-validated-final20.tsv	31c5aad06832fadab8d0bd703531718a87ea186d279c241a41789ae0c2608e1a	ps2/progress28_structural_lift_recovered.o	block-local-constant	978b39f033ace789694bc31e83d575aa9cd489d6bb1ceac00c49b9ffd345b6d0	16753135a76a1b681eab49fafb84328a2664bb7a5fbea8737269b9f7c366ee03	minimum directly accessed span; complete object/array extent and final layout unproved
DAT_001b1470	0x001b1470	DIRECT_ACCESS_PROVED	0x8	initialized	08b692737eb97187a7b002758702c69e0415b1b9055ead3800770dbdce5c1d78	0x00106ca0	0x6b8	0x00107314	ld	1	0x00107310	b7ac0b512026850002357c8c19d016eeace066335f05268e2b8d33e90b77eb2d			analysis/matching/hunt1041-v81-validated-final20.tsv	31c5aad06832fadab8d0bd703531718a87ea186d279c241a41789ae0c2608e1a	ps2/progress28_structural_lift_recovered.o	block-local-constant	978b39f033ace789694bc31e83d575aa9cd489d6bb1ceac00c49b9ffd345b6d0	16753135a76a1b681eab49fafb84328a2664bb7a5fbea8737269b9f7c366ee03	minimum directly accessed span; complete object/array extent and final layout unproved
DAT_001b18d0	0x001b18d0	DIRECT_ACCESS_PROVED	0x8	initialized	36503a72547b0ece1b47ade65c579a575cc90ec0a963071dc1fee532d798d785	0x0010b8a4	0x328	0x0010b920	ld	1	0x0010b91c	68449ab8176ede0d4bef0889f523afba22945ab4351bcc1581958d1a3ac018fb			analysis/matching/hunt1041-v75-validated-c4-5.tsv	ab4c4d26b26eb4f23e2f5877e611c9192abbc54041aa63a6fc014216235f527a	ps2/progress28_structural_lift_recovered.o	block-local-constant	836a03bef39c640f2f73345444026688456ae3e64678907e41517fe9736efc3a	16753135a76a1b681eab49fafb84328a2664bb7a5fbea8737269b9f7c366ee03	minimum directly accessed span; complete object/array extent and final layout unproved
DAT_001b18d8	0x001b18d8	DIRECT_ACCESS_PROVED	0x8	initialized	36503a72547b0ece1b47ade65c579a575cc90ec0a963071dc1fee532d798d785	0x0010bbcc	0x300	0x0010bc4c	ld	1	0x0010bc48	b159efa7f3d13269aa34d72b415e37638be9afe7df3170c086b01b0bc794d754			analysis/matching/hunt1041-v75-validated-c4-5.tsv	ab4c4d26b26eb4f23e2f5877e611c9192abbc54041aa63a6fc014216235f527a	ps2/progress28_structural_lift_recovered.o	block-local-constant	979b7761e73d9bb38d98c8a2a7e092098a81f2d985c0b4634bc6895f3d6fba26	16753135a76a1b681eab49fafb84328a2664bb7a5fbea8737269b9f7c366ee03	minimum directly accessed span; complete object/array extent and final layout unproved
DAT_001b18e0	0x001b18e0	DIRECT_ACCESS_PROVED	0x8	initialized	d9b4cee5f69ec5cfb7246dde44a30fc5d99a024b4bf06c3bf8f86f794c150150	0x0010c094	0xe0	0x0010c128	ld	1	0x0010c124	48018369c6201b0415f1876c6d57c3ddb142806550d42732fc12606ea764c554			analysis/matching/hunt1041-v75-validated-c4-5.tsv	ab4c4d26b26eb4f23e2f5877e611c9192abbc54041aa63a6fc014216235f527a	ps2/progress28_structural_lift_recovered.o	block-local-constant	4f960ff15e772d288e9469159b2f9b27928aed85916794192aefb05980166bd9	16753135a76a1b681eab49fafb84328a2664bb7a5fbea8737269b9f7c366ee03	minimum directly accessed span; complete object/array extent and final layout unproved
DAT_001b18e8	0x001b18e8	DIRECT_ACCESS_PROVED	0x8	initialized	af2597eaf11db0c07488aa1c4819a81ec7bcc2392002abd9428615cf91e9e366	0x0010c1f8	0x108	0x0010c28c	ld	1	0x0010c288	d488ccd3a4fe9e7de449ec4e45945695dea6fac91e7db99820c7280a56657eec			analysis/matching/hunt1041-v75-validated-c4-5.tsv	ab4c4d26b26eb4f23e2f5877e611c9192abbc54041aa63a6fc014216235f527a	ps2/progress28_structural_lift_recovered.o	block-local-constant	e7e60c411845301df556805b1d6d058698fd0d2aaaef6683690f9bbb581c9cf8	16753135a76a1b681eab49fafb84328a2664bb7a5fbea8737269b9f7c366ee03	minimum directly accessed span; complete object/array extent and final layout unproved
DAT_001b18f0	0x001b18f0	DIRECT_ACCESS_PROVED	0x8	initialized	662dd01a16bd59804af881ada35952d5210426e637feb6d611f67abc0a4dee82	0x0010c1f8	0x108	0x0010c2c0	ld	1	0x0010c2bc	7539efee6234b777b0cae90f5e471cba89358bdef1e137516b71c82bf86e02cb			analysis/matching/hunt1041-v75-validated-c4-5.tsv	ab4c4d26b26eb4f23e2f5877e611c9192abbc54041aa63a6fc014216235f527a	ps2/progress28_structural_lift_recovered.o	block-local-constant	e7e60c411845301df556805b1d6d058698fd0d2aaaef6683690f9bbb581c9cf8	16753135a76a1b681eab49fafb84328a2664bb7a5fbea8737269b9f7c366ee03	minimum directly accessed span; complete object/array extent and final layout unproved
DAT_001b20d8	0x001b20d8	DIRECT_ACCESS_PROVED	0x8	initialized	b21ba3b61c818e8462f4b8bba2251c3d3c3b0ff9fe01eb905fb30b44f9418303	0x0012c558	0x680	0x0012c778	ld	1	0x0012c774	9278643fb2390bc56491da0e93181e7ad83f72c6b1a0f693f8836a8a9e3f2157			analysis/matching/hunt1041-v81-validated-final20.tsv	31c5aad06832fadab8d0bd703531718a87ea186d279c241a41789ae0c2608e1a	ps2/progress28_structural_lift_recovered.o	block-local-constant	78caff4b71efff83f4bb83d0c9f15c20d4026cb13a5faf87bdb3ddd6d5696f90	16753135a76a1b681eab49fafb84328a2664bb7a5fbea8737269b9f7c366ee03	minimum directly accessed span; complete object/array extent and final layout unproved
DAT_001b20e0	0x001b20e0	DIRECT_ACCESS_PROVED	0x8	initialized	924ca3d30e1662dfefab7df46c92c9286fe50783ebf41c9d880d1ba648919d32	0x0012c558	0x680	0x0012c794	ld	1	0x0012c790	26b34908cbd5644bd1e61918b7a10417561ba84f2c5500e606081dd38d7fbf9e			analysis/matching/hunt1041-v81-validated-final20.tsv	31c5aad06832fadab8d0bd703531718a87ea186d279c241a41789ae0c2608e1a	ps2/progress28_structural_lift_recovered.o	block-local-constant	78caff4b71efff83f4bb83d0c9f15c20d4026cb13a5faf87bdb3ddd6d5696f90	16753135a76a1b681eab49fafb84328a2664bb7a5fbea8737269b9f7c366ee03	minimum directly accessed span; complete object/array extent and final layout unproved
DAT_001b20e8	0x001b20e8	DIRECT_ACCESS_PROVED	0x8	initialized	a021282d27b07f5a0baaaeb1335061a0e010fc06ee5d1710b345ae916b75d633	0x0012c558	0x680	0x0012c7c0	ld	1	0x0012c7bc	d4fb067580d93813e217f34b8cfeebf63cd90852898147ffa9c0796ccef54aeb			analysis/matching/hunt1041-v81-validated-final20.tsv	31c5aad06832fadab8d0bd703531718a87ea186d279c241a41789ae0c2608e1a	ps2/progress28_structural_lift_recovered.o	block-local-constant	78caff4b71efff83f4bb83d0c9f15c20d4026cb13a5faf87bdb3ddd6d5696f90	16753135a76a1b681eab49fafb84328a2664bb7a5fbea8737269b9f7c366ee03	minimum directly accessed span; complete object/array extent and final layout unproved
DAT_001b20f0	0x001b20f0	DIRECT_ACCESS_PROVED	0x8	initialized	258aaf250460e3ef8b0ba84795e1c56140d229df968864ef3dc7ee7b81d5d11e	0x0012c558	0x680	0x0012c8fc	ld	1	0x0012c8f8	99f055499957b5a775a6d696085f14233b41a80a6c080cd579a57f2371ba4f2c			analysis/matching/hunt1041-v81-validated-final20.tsv	31c5aad06832fadab8d0bd703531718a87ea186d279c241a41789ae0c2608e1a	ps2/progress28_structural_lift_recovered.o	block-local-constant	78caff4b71efff83f4bb83d0c9f15c20d4026cb13a5faf87bdb3ddd6d5696f90	16753135a76a1b681eab49fafb84328a2664bb7a5fbea8737269b9f7c366ee03	minimum directly accessed span; complete object/array extent and final layout unproved
DAT_001b20f8	0x001b20f8	DIRECT_ACCESS_PROVED	0x8	initialized	5204a522c3103e0e000d96ed5f25353bf3f18e19927699a654acee085190c5f0	0x0012c558	0x680	0x0012caf8	ld	1	0x0012caf4	58c867d7cac242e756f2a5d43406ec6c775bc1a7037a027dcd919b7900ff2d8b			analysis/matching/hunt1041-v81-validated-final20.tsv	31c5aad06832fadab8d0bd703531718a87ea186d279c241a41789ae0c2608e1a	ps2/progress28_structural_lift_recovered.o	block-local-constant	78caff4b71efff83f4bb83d0c9f15c20d4026cb13a5faf87bdb3ddd6d5696f90	16753135a76a1b681eab49fafb84328a2664bb7a5fbea8737269b9f7c366ee03	minimum directly accessed span; complete object/array extent and final layout unproved
DAT_001b2118	0x001b2118	DIRECT_ACCESS_PROVED	0x8	initialized	568946b73185be9212f78a92db515c48fc38a91b32e7afc953f7e8e4acdb4a0e	0x0012d05c	0x2d8	0x0012d278	ld	1	0x0012d274	e33483a1a05ca2af1dca0413f80bb99cd82911558a0164570c10fe3706fbcf0a			analysis/matching/hunt1041-v80-validated-quickwins-23.tsv	bc64ffd5bceeb09497ff1e765080b7ca7d92f7127b9724423638bbbf4bf2160f	ps2/progress28_structural_lift_recovered.o	block-local-constant	89dab25ff724744a12db900fe72c6406c35b1465db5672bb3dd3246419e8a798	16753135a76a1b681eab49fafb84328a2664bb7a5fbea8737269b9f7c366ee03	minimum directly accessed span; complete object/array extent and final layout unproved
DAT_001b6ef8	0x001b6ef8	NO_DIRECT_ACCESS_WITNESS															ps2/progress28_structural_lift_recovered.o				indexed/pointer/array/object bounds require separate proof
DAT_001b83f0	0x001b83f0	DIRECT_ACCESS_PROVED	0x8	initialized	0aebd7682f6377266e847e437b24d2f11fd3d667c286edee8dc948e5347621a7	0x00175300	0x9b4	0x001753b8	ld	1	0x001753b4	217b2badae37b00940be16f068ba3a5c1c293553409ae7d4fd2aa3da37b0a6f4			analysis/matching/hunt1041-v81-validated-final20.tsv	31c5aad06832fadab8d0bd703531718a87ea186d279c241a41789ae0c2608e1a	ps2/progress28_structural_lift_recovered.o	block-local-constant	a4009eee1ef43aa647aa6ccf7781cca84920b09ee285bf39976d883bdd218a99	16753135a76a1b681eab49fafb84328a2664bb7a5fbea8737269b9f7c366ee03	minimum directly accessed span; complete object/array extent and final layout unproved
DAT_001b8440	0x001b8440	DIRECT_ACCESS_PROVED	0x8	initialized	9a7f813335d2ee00d78a5eabeab83eee448f5272dd2428a569af2f30319b8408	0x00177a84	0x268	0x00177bf8	ld	1	0x00177bf4	8869b8f6bf2f131683750f7d704c1bd15a17d376a62c72a8f731ddf2f49afca6			analysis/matching/hunt1041-v80-validated-quickwins-23.tsv	bc64ffd5bceeb09497ff1e765080b7ca7d92f7127b9724423638bbbf4bf2160f	ps2/progress28_structural_lift_recovered.o	block-local-constant	49c5bb585ba22d0ff11502960680ab301902d8df4315aa7ba86f4095b1134542	16753135a76a1b681eab49fafb84328a2664bb7a5fbea8737269b9f7c366ee03	minimum directly accessed span; complete object/array extent and final layout unproved
DAT_001b8508	0x001b8508	DIRECT_ACCESS_PROVED	0x8	initialized	4190b8e84a19fc8845ca80f9fb8faa07e6f2601a3ec4818467703d4c8a7e5c61	0x001806a4	0x4dc	0x001807d8	ld	2	0x001807cc	5984417a7d379d4529ca1413b6a4f1c489239a9eaa524dd9304250f9f74edcc1			analysis/matching/hunt1041-v81-validated-final20.tsv	31c5aad06832fadab8d0bd703531718a87ea186d279c241a41789ae0c2608e1a	ps2/progress28_structural_lift_recovered.o	block-local-constant	5afc4b93158bfd754044add95c60a6029d2981f535515d6aae19576c064c6f0a	16753135a76a1b681eab49fafb84328a2664bb7a5fbea8737269b9f7c366ee03	minimum directly accessed span; complete object/array extent and final layout unproved
DAT_001b8510	0x001b8510	DIRECT_ACCESS_PROVED	0x1	initialized	6e340b9cffb37a989ca544e6bb780a2c78901d3fb33738768511a30617afa01d	0x001806a4	0x4dc	0x001807dc	lbu	4	0x001807cc;0x001807d4	2e4b887e9d341f5ab394ee6592a50f47c36c294bc1e89da5fe38f772d5cd1831			analysis/matching/hunt1041-v81-validated-final20.tsv	31c5aad06832fadab8d0bd703531718a87ea186d279c241a41789ae0c2608e1a	ps2/progress28_structural_lift_recovered.o	block-local-constant	5afc4b93158bfd754044add95c60a6029d2981f535515d6aae19576c064c6f0a	16753135a76a1b681eab49fafb84328a2664bb7a5fbea8737269b9f7c366ee03	minimum directly accessed span; complete object/array extent and final layout unproved
DAT_001b8530	0x001b8530	NO_DIRECT_ACCESS_WITNESS															ps2/progress28_structural_lift_recovered.o				indexed/pointer/array/object bounds require separate proof
DAT_001b8538	0x001b8538	NO_DIRECT_ACCESS_WITNESS															ps2/progress28_structural_lift_recovered.o				indexed/pointer/array/object bounds require separate proof
DAT_001b8558	0x001b8558	NO_DIRECT_ACCESS_WITNESS															ps2/progress28_structural_lift_recovered.o				indexed/pointer/array/object bounds require separate proof
DAT_001b8580	0x001b8580	NO_DIRECT_ACCESS_WITNESS															ps2/progress28_structural_lift_recovered.o				indexed/pointer/array/object bounds require separate proof
DAT_001b8588	0x001b8588	NO_DIRECT_ACCESS_WITNESS															ps2/progress28_structural_lift_recovered.o				indexed/pointer/array/object bounds require separate proof
DAT_001b8590	0x001b8590	NO_DIRECT_ACCESS_WITNESS															ps2/progress28_structural_lift_recovered.o				indexed/pointer/array/object bounds require separate proof
DAT_001babc8	0x001babc8	NO_DIRECT_ACCESS_WITNESS															ps2/progress28_structural_lift_recovered.o				indexed/pointer/array/object bounds require separate proof
DAT_001baf00	0x001baf00	DIRECT_ACCESS_PROVED	0x4	initialized	df3f619804a92fdb4057192dc43dd748ea778adc52bc498ce80524c014b81119	0x00100114	0x278	0x0010028c	lw	2	0x00100288	fc01d393305def0f2342d15c99a3886f9b37beb93aa400c5529c09ed99480720			analysis/matching/hunt1041-v80-validated-quickwins-23.tsv	bc64ffd5bceeb09497ff1e765080b7ca7d92f7127b9724423638bbbf4bf2160f	ps2/progress28_structural_lift_recovered.o	block-local-constant	7e9ac3595f51b8b16782d02d52a1d0ef302620918e2b01401c291c04f3006358	16753135a76a1b681eab49fafb84328a2664bb7a5fbea8737269b9f7c366ee03	minimum directly accessed span; complete object/array extent and final layout unproved
DAT_001baf08	0x001baf08	DIRECT_ACCESS_PROVED	0x4	initialized	df3f619804a92fdb4057192dc43dd748ea778adc52bc498ce80524c014b81119	0x0010038c	0x224	0x001003b8	lw	2	0x00100390	f16658d103b731aef1893e8123fcff2b20844be5cf3d394719f6617d0cb426e6			analysis/matching/hunt1041-v80-validated-quickwins-23.tsv	bc64ffd5bceeb09497ff1e765080b7ca7d92f7127b9724423638bbbf4bf2160f	ps2/progress28_structural_lift_recovered.o	block-local-constant	106b9ad2f128bc454b21e3ae95a1cf98689856940b957e24ab9d383aa9779b57	16753135a76a1b681eab49fafb84328a2664bb7a5fbea8737269b9f7c366ee03	minimum directly accessed span; complete object/array extent and final layout unproved
DAT_001baf20	0x001baf20	DIRECT_ACCESS_PROVED	0x4	initialized	df3f619804a92fdb4057192dc43dd748ea778adc52bc498ce80524c014b81119	0x0010038c	0x224	0x00100434	sw	4	0x0010042c	660d222f5d18abf56ada72c882f7ef817bed20a4b23dcd238feb913aa7509f1c			analysis/matching/hunt1041-v80-validated-quickwins-23.tsv	bc64ffd5bceeb09497ff1e765080b7ca7d92f7127b9724423638bbbf4bf2160f	ps2/progress28_structural_lift_recovered.o	block-local-constant	106b9ad2f128bc454b21e3ae95a1cf98689856940b957e24ab9d383aa9779b57	16753135a76a1b681eab49fafb84328a2664bb7a5fbea8737269b9f7c366ee03	minimum directly accessed span; complete object/array extent and final layout unproved
DAT_001bb2c0	0x001bb2c0	DIRECT_ACCESS_PROVED	0x4	initialized	df3f619804a92fdb4057192dc43dd748ea778adc52bc498ce80524c014b81119	0x001019a8	0x15c	0x001019bc	lw	16	0x001019b4	f1d9cb06341aa486913b104139ae7e57e6bef803eb438abdd37c4ab6c57fd8e7			analysis/matching/hunt1041-v80-validated-quickwins-23.tsv	bc64ffd5bceeb09497ff1e765080b7ca7d92f7127b9724423638bbbf4bf2160f	ps2/progress28_structural_lift_recovered.o	block-local-constant	10038534c6c9105e58b0b56a8a2dcdec3aed3ceb016825d104015399f6296e53	16753135a76a1b681eab49fafb84328a2664bb7a5fbea8737269b9f7c366ee03	minimum directly accessed span; complete object/array extent and final layout unproved
DAT_001bb2c4	0x001bb2c4	DIRECT_ACCESS_PROVED	0x4	initialized	3f56473d402a3176f3cb8bbe1a85ae9805d876cb1a8398188774c6afc929cb8b	0x00102ab0	0x864	0x00102dd4	lw	18	0x00102dcc	ff0ba14a1b80dcf26cc2edaea61e4fea36a723d439a71f5c3b33c09fe723b4d6			analysis/matching/hunt1041-v81-validated-final20.tsv	31c5aad06832fadab8d0bd703531718a87ea186d279c241a41789ae0c2608e1a	ps2/progress28_structural_lift_recovered.o	block-local-constant	d01231b55246365fc427a23164aa239852699325574e84feace3b6806062bd03	16753135a76a1b681eab49fafb84328a2664bb7a5fbea8737269b9f7c366ee03	minimum directly accessed span; complete object/array extent and final layout unproved
DAT_001bb2c8	0x001bb2c8	DIRECT_ACCESS_PROVED	0x4	initialized	e00e5eb9444182f352323374ef4e08ebcb784725fdd4fd612d7730540b3e0c8c	0x00102ab0	0x864	0x00102e14	lwc1	2	0x00102e10	ae356b0621438f458b04d08b2b60b690fc29e557221e69c2c3f55b8b19644d80			analysis/matching/hunt1041-v81-validated-final20.tsv	31c5aad06832fadab8d0bd703531718a87ea186d279c241a41789ae0c2608e1a	ps2/progress28_structural_lift_recovered.o	block-local-constant	d01231b55246365fc427a23164aa239852699325574e84feace3b6806062bd03	16753135a76a1b681eab49fafb84328a2664bb7a5fbea8737269b9f7c366ee03	minimum directly accessed span; complete object/array extent and final layout unproved
DAT_001bb2cc	0x001bb2cc	DIRECT_ACCESS_PROVED	0x4	initialized	67abdd721024f0ff4e0b3f4c2fc13bc5bad42d0b7851d456d88d203d15aaa450	0x001008dc	0x59c	0x00100dc8	lw	4	0x00100dc0	1503dbf272e4187cd28ef6d5e03a7298a82ab703329c24be887c1ffba4c35683			analysis/matching/hunt1041-v81-validated-final20.tsv	31c5aad06832fadab8d0bd703531718a87ea186d279c241a41789ae0c2608e1a	ps2/progress28_structural_lift_recovered.o	block-local-constant	6df0b48d299c65f3b929994c4bac8aa18627bd6947ac60bd8a8a6220d3cc08eb	16753135a76a1b681eab49fafb84328a2664bb7a5fbea8737269b9f7c366ee03	minimum directly accessed span; complete object/array extent and final layout unproved
DAT_001bb340	0x001bb340	DIRECT_ACCESS_PROVED	0x1	initialized	6e340b9cffb37a989ca544e6bb780a2c78901d3fb33738768511a30617afa01d	0x00104f18	0x798	0x00105084	sb	2	0x00105074;0x00105078	526cbc3c1b559d015a88b7ca44545aab7f495cb988c414d86adb3868765d27df			analysis/matching/hunt1041-v81-validated-final20.tsv	31c5aad06832fadab8d0bd703531718a87ea186d279c241a41789ae0c2608e1a	ps2/progress28_structural_lift_recovered.o	block-local-constant	b8f2bdcb05d3b4d3e386f2a1e61d8146cffaa3e1b66bc8b9acce81d11e86ed4c	16753135a76a1b681eab49fafb84328a2664bb7a5fbea8737269b9f7c366ee03	minimum directly accessed span; complete object/array extent and final layout unproved
DAT_001bb341	0x001bb341	DIRECT_ACCESS_PROVED	0x1	initialized	6e340b9cffb37a989ca544e6bb780a2c78901d3fb33738768511a30617afa01d	0x00104f18	0x798	0x00105088	sb	2	0x00105074;0x00105078	9ed3309d6f5980e8dc4e798d5fc5e7e640759a4df9a1a257afc5a64a7b8caf44			analysis/matching/hunt1041-v81-validated-final20.tsv	31c5aad06832fadab8d0bd703531718a87ea186d279c241a41789ae0c2608e1a	ps2/progress28_structural_lift_recovered.o	block-local-constant	b8f2bdcb05d3b4d3e386f2a1e61d8146cffaa3e1b66bc8b9acce81d11e86ed4c	16753135a76a1b681eab49fafb84328a2664bb7a5fbea8737269b9f7c366ee03	minimum directly accessed span; complete object/array extent and final layout unproved
DAT_001bb748	0x001bb748	DIRECT_ACCESS_PROVED	0x4	initialized	df3f619804a92fdb4057192dc43dd748ea778adc52bc498ce80524c014b81119	0x001019a8	0x15c	0x00101ac4	sw	3	0x00101ab4	189b3de3fc39e3915c4c70b60598861f35dfab030c617fbcb7429419a45f9d39			analysis/matching/hunt1041-v80-validated-quickwins-23.tsv	bc64ffd5bceeb09497ff1e765080b7ca7d92f7127b9724423638bbbf4bf2160f	ps2/progress28_structural_lift_recovered.o	block-local-constant	10038534c6c9105e58b0b56a8a2dcdec3aed3ceb016825d104015399f6296e53	16753135a76a1b681eab49fafb84328a2664bb7a5fbea8737269b9f7c366ee03	minimum directly accessed span; complete object/array extent and final layout unproved
DAT_001bb87c	0x001bb87c	DIRECT_ACCESS_PROVED	0x4	initialized	67abdd721024f0ff4e0b3f4c2fc13bc5bad42d0b7851d456d88d203d15aaa450	0x00101ef0	0xad4	0x00101f24	sw	2	0x00101efc	e18ac066c13157f329038fb91b2cfe28553a96b80f1260d71ebc9f280d51077e			analysis/matching/hunt1041-v81-validated-final20.tsv	31c5aad06832fadab8d0bd703531718a87ea186d279c241a41789ae0c2608e1a	ps2/progress28_structural_lift_recovered.o	block-local-constant	b05b72b769459f9b5148b7776084b3205c4f2c47ed1acc0164a53735e903ecc2	16753135a76a1b681eab49fafb84328a2664bb7a5fbea8737269b9f7c366ee03	minimum directly accessed span; complete object/array extent and final layout unproved
DAT_001bbd44	0x001bbd44	DIRECT_ACCESS_PROVED	0x4	initialized	df3f619804a92fdb4057192dc43dd748ea778adc52bc498ce80524c014b81119	0x00100e78	0x99c	0x00101804	sw	3	0x00101800	40379320742ead02dd7e9916c01b9af0a2d643a5eec5507ed418d7ecffcfb7d7			analysis/matching/hunt1041-v81-validated-final20.tsv	31c5aad06832fadab8d0bd703531718a87ea186d279c241a41789ae0c2608e1a	ps2/progress28_structural_lift_recovered.o	block-local-constant	c0fc5e6517e952e296e6e98b6121abeb8584e1177fc09a70ece903568fe1e8a7	16753135a76a1b681eab49fafb84328a2664bb7a5fbea8737269b9f7c366ee03	minimum directly accessed span; complete object/array extent and final layout unproved
DAT_001bbd50	0x001bbd50	DIRECT_ACCESS_PROVED	0x4	initialized	df3f619804a92fdb4057192dc43dd748ea778adc52bc498ce80524c014b81119	0x00104f18	0x798	0x00105394	sw	2	0x0010538c	1af69cae3662a21d12f9b0180c5c712fee2681fe546d0e165dcb2bcf4f66aacb			analysis/matching/hunt1041-v81-validated-final20.tsv	31c5aad06832fadab8d0bd703531718a87ea186d279c241a41789ae0c2608e1a	ps2/progress28_structural_lift_recovered.o	block-local-constant	b8f2bdcb05d3b4d3e386f2a1e61d8146cffaa3e1b66bc8b9acce81d11e86ed4c	16753135a76a1b681eab49fafb84328a2664bb7a5fbea8737269b9f7c366ee03	minimum directly accessed span; complete object/array extent and final layout unproved
DAT_001bbd80	0x001bbd80	NO_DIRECT_ACCESS_WITNESS															ps2/progress28_structural_lift_recovered.o				indexed/pointer/array/object bounds require separate proof
DAT_001bbd82	0x001bbd82	NO_DIRECT_ACCESS_WITNESS															ps2/progress28_structural_lift_recovered.o				indexed/pointer/array/object bounds require separate proof
DAT_001bbd84	0x001bbd84	NO_DIRECT_ACCESS_WITNESS															ps2/progress28_structural_lift_recovered.o				indexed/pointer/array/object bounds require separate proof
DAT_001bbd86	0x001bbd86	NO_DIRECT_ACCESS_WITNESS															ps2/progress28_structural_lift_recovered.o				indexed/pointer/array/object bounds require separate proof
DAT_001d3480	0x001d3480	NO_DIRECT_ACCESS_WITNESS															ps2/progress28_structural_lift_recovered.o				indexed/pointer/array/object bounds require separate proof
DAT_001d3482	0x001d3482	NO_DIRECT_ACCESS_WITNESS															ps2/progress28_structural_lift_recovered.o				indexed/pointer/array/object bounds require separate proof
DAT_001d3484	0x001d3484	NO_DIRECT_ACCESS_WITNESS															ps2/progress28_structural_lift_recovered.o				indexed/pointer/array/object bounds require separate proof
DAT_001d3486	0x001d3486	NO_DIRECT_ACCESS_WITNESS															ps2/progress28_structural_lift_recovered.o				indexed/pointer/array/object bounds require separate proof
DAT_001eba80	0x001eba80	DIRECT_ACCESS_PROVED	0x4	initialized	df3f619804a92fdb4057192dc43dd748ea778adc52bc498ce80524c014b81119	0x00104f18	0x798	0x00104f90	sw	2	0x00104f70	f649a866536cbaee64bed66e1d681891cbaa932b8f7f59ff98d9ef9c9d116967			analysis/matching/hunt1041-v81-validated-final20.tsv	31c5aad06832fadab8d0bd703531718a87ea186d279c241a41789ae0c2608e1a	ps2/progress28_structural_lift_recovered.o	block-local-constant	b8f2bdcb05d3b4d3e386f2a1e61d8146cffaa3e1b66bc8b9acce81d11e86ed4c	16753135a76a1b681eab49fafb84328a2664bb7a5fbea8737269b9f7c366ee03	minimum directly accessed span; complete object/array extent and final layout unproved
DAT_001ebae0	0x001ebae0	DIRECT_ACCESS_PROVED	0x4	initialized	df3f619804a92fdb4057192dc43dd748ea778adc52bc498ce80524c014b81119	0x00104f18	0x798	0x00105414	sw	2	0x00105410	f89dda54dd30c9cafb9376437c281fbfbc3cbcb6ff71461efc680c5ae5318c60			analysis/matching/hunt1041-v81-validated-final20.tsv	31c5aad06832fadab8d0bd703531718a87ea186d279c241a41789ae0c2608e1a	ps2/progress28_structural_lift_recovered.o	block-local-constant	b8f2bdcb05d3b4d3e386f2a1e61d8146cffaa3e1b66bc8b9acce81d11e86ed4c	16753135a76a1b681eab49fafb84328a2664bb7a5fbea8737269b9f7c366ee03	minimum directly accessed span; complete object/array extent and final layout unproved
DAT_001ebae4	0x001ebae4	DIRECT_ACCESS_PROVED	0x4	initialized	df3f619804a92fdb4057192dc43dd748ea778adc52bc498ce80524c014b81119	0x00104f18	0x798	0x00105434	sw	2	0x00105430	032fbe6c7fdee22e10e6b398be46f75572026e7976e6adf993aa109c8433b161			analysis/matching/hunt1041-v81-validated-final20.tsv	31c5aad06832fadab8d0bd703531718a87ea186d279c241a41789ae0c2608e1a	ps2/progress28_structural_lift_recovered.o	block-local-constant	b8f2bdcb05d3b4d3e386f2a1e61d8146cffaa3e1b66bc8b9acce81d11e86ed4c	16753135a76a1b681eab49fafb84328a2664bb7a5fbea8737269b9f7c366ee03	minimum directly accessed span; complete object/array extent and final layout unproved
DAT_001ebaec	0x001ebaec	DIRECT_ACCESS_PROVED	0x4	initialized	df3f619804a92fdb4057192dc43dd748ea778adc52bc498ce80524c014b81119	0x00100e78	0x99c	0x0010105c	lw	2	0x00101054	b62f705f99416b06d97fbf29dad2f066d738d330dbcce20e7e7f92a2c9a9bd9a			analysis/matching/hunt1041-v81-validated-final20.tsv	31c5aad06832fadab8d0bd703531718a87ea186d279c241a41789ae0c2608e1a	ps2/progress28_structural_lift_recovered.o	block-local-constant	c0fc5e6517e952e296e6e98b6121abeb8584e1177fc09a70ece903568fe1e8a7	16753135a76a1b681eab49fafb84328a2664bb7a5fbea8737269b9f7c366ee03	minimum directly accessed span; complete object/array extent and final layout unproved
DAT_001ebd40	0x001ebd40	DIRECT_ACCESS_PROVED	0x1	initialized	6e340b9cffb37a989ca544e6bb780a2c78901d3fb33738768511a30617afa01d	0x00103314	0x820	0x00103434	lbu	2	0x00103430	86812cda711fc3aabc2d9372be80688898d0361dac1d0348344d6f9208786b11			analysis/matching/hunt1041-v81-validated-final20.tsv	31c5aad06832fadab8d0bd703531718a87ea186d279c241a41789ae0c2608e1a	ps2/progress28_structural_lift_recovered.o	block-local-constant	d68af2ecf48ca6e416685f007b1b385fb1e795a28acc2b79907cec25799ebeaa	16753135a76a1b681eab49fafb84328a2664bb7a5fbea8737269b9f7c366ee03	minimum directly accessed span; complete object/array extent and final layout unproved
DAT_001ebd41	0x001ebd41	DIRECT_ACCESS_PROVED	0x1	initialized	6e340b9cffb37a989ca544e6bb780a2c78901d3fb33738768511a30617afa01d	0x00103314	0x820	0x00103538	lbu	2	0x00103534	9ba5449525ed9e222c206056c88af2c429df7cd5ba6d52850a0bff2aa72e2ab3			analysis/matching/hunt1041-v81-validated-final20.tsv	31c5aad06832fadab8d0bd703531718a87ea186d279c241a41789ae0c2608e1a	ps2/progress28_structural_lift_recovered.o	block-local-constant	d68af2ecf48ca6e416685f007b1b385fb1e795a28acc2b79907cec25799ebeaa	16753135a76a1b681eab49fafb84328a2664bb7a5fbea8737269b9f7c366ee03	minimum directly accessed span; complete object/array extent and final layout unproved
DAT_001ebd42	0x001ebd42	DIRECT_ACCESS_PROVED	0x1	initialized	6e340b9cffb37a989ca544e6bb780a2c78901d3fb33738768511a30617afa01d	0x00103314	0x820	0x001035c4	lb	2	0x001035bc	8a218f6c3ded768b1f56c9080c756ceb55b676b9223c365f29fa98f9d104e9fb			analysis/matching/hunt1041-v81-validated-final20.tsv	31c5aad06832fadab8d0bd703531718a87ea186d279c241a41789ae0c2608e1a	ps2/progress28_structural_lift_recovered.o	block-local-constant	d68af2ecf48ca6e416685f007b1b385fb1e795a28acc2b79907cec25799ebeaa	16753135a76a1b681eab49fafb84328a2664bb7a5fbea8737269b9f7c366ee03	minimum directly accessed span; complete object/array extent and final layout unproved
DAT_001ebd43	0x001ebd43	DIRECT_ACCESS_PROVED	0x1	initialized	6e340b9cffb37a989ca544e6bb780a2c78901d3fb33738768511a30617afa01d	0x00103314	0x820	0x00103694	lbu	2	0x0010368c	47cc3177f3bbb1bd0f365aec6ade4f124ea8afa3df0057fd6eb08f127e45f377			analysis/matching/hunt1041-v81-validated-final20.tsv	31c5aad06832fadab8d0bd703531718a87ea186d279c241a41789ae0c2608e1a	ps2/progress28_structural_lift_recovered.o	block-local-constant	d68af2ecf48ca6e416685f007b1b385fb1e795a28acc2b79907cec25799ebeaa	16753135a76a1b681eab49fafb84328a2664bb7a5fbea8737269b9f7c366ee03	minimum directly accessed span; complete object/array extent and final layout unproved
DAT_001ebd44	0x001ebd44	DIRECT_ACCESS_PROVED	0x1	initialized	6e340b9cffb37a989ca544e6bb780a2c78901d3fb33738768511a30617afa01d	0x00103314	0x820	0x00103870	lbu	2	0x0010386c	bc558e042ed5353cf96e364cf7e4e0daa97c0e49ae449bdcefa4c4645d4493d6			analysis/matching/hunt1041-v81-validated-final20.tsv	31c5aad06832fadab8d0bd703531718a87ea186d279c241a41789ae0c2608e1a	ps2/progress28_structural_lift_recovered.o	block-local-constant	d68af2ecf48ca6e416685f007b1b385fb1e795a28acc2b79907cec25799ebeaa	16753135a76a1b681eab49fafb84328a2664bb7a5fbea8737269b9f7c366ee03	minimum directly accessed span; complete object/array extent and final layout unproved
DAT_001ebd45	0x001ebd45	DIRECT_ACCESS_PROVED	0x1	initialized	6e340b9cffb37a989ca544e6bb780a2c78901d3fb33738768511a30617afa01d	0x00103314	0x820	0x001036e0	lbu	2	0x001036dc	e3dae50ca8bb24a52b9a0151f3c89783e11230ba26a6b8b4b60469fb27127c6a			analysis/matching/hunt1041-v81-validated-final20.tsv	31c5aad06832fadab8d0bd703531718a87ea186d279c241a41789ae0c2608e1a	ps2/progress28_structural_lift_recovered.o	block-local-constant	d68af2ecf48ca6e416685f007b1b385fb1e795a28acc2b79907cec25799ebeaa	16753135a76a1b681eab49fafb84328a2664bb7a5fbea8737269b9f7c366ee03	minimum directly accessed span; complete object/array extent and final layout unproved
DAT_001ebd46	0x001ebd46	DIRECT_ACCESS_PROVED	0x1	initialized	6e340b9cffb37a989ca544e6bb780a2c78901d3fb33738768511a30617afa01d	0x00103314	0x820	0x0010376c	lb	2	0x00103764	6f7ea69cf3dadb7f564598b2db3403825f141e108b3fc3e36e1a219fc60a8dc8			analysis/matching/hunt1041-v81-validated-final20.tsv	31c5aad06832fadab8d0bd703531718a87ea186d279c241a41789ae0c2608e1a	ps2/progress28_structural_lift_recovered.o	block-local-constant	d68af2ecf48ca6e416685f007b1b385fb1e795a28acc2b79907cec25799ebeaa	16753135a76a1b681eab49fafb84328a2664bb7a5fbea8737269b9f7c366ee03	minimum directly accessed span; complete object/array extent and final layout unproved
DAT_001ebd48	0x001ebd48	DIRECT_ACCESS_PROVED	0x4	initialized	df3f619804a92fdb4057192dc43dd748ea778adc52bc498ce80524c014b81119	0x00101ef0	0xad4	0x00101f58	lw	3	0x00101f3c;0x00101f40	469172e4d49d0d291de8e2e62e16579390084ae9d729f77db9dd1c2df49612b3			analysis/matching/hunt1041-v81-validated-final20.tsv	31c5aad06832fadab8d0bd703531718a87ea186d279c241a41789ae0c2608e1a	ps2/progress28_structural_lift_recovered.o	block-local-constant	b05b72b769459f9b5148b7776084b3205c4f2c47ed1acc0164a53735e903ecc2	16753135a76a1b681eab49fafb84328a2664bb7a5fbea8737269b9f7c366ee03	minimum directly accessed span; complete object/array extent and final layout unproved
DAT_001ebd4c	0x001ebd4c	DIRECT_ACCESS_PROVED	0x4	initialized	df3f619804a92fdb4057192dc43dd748ea778adc52bc498ce80524c014b81119	0x00101ef0	0xad4	0x00101f54	lw	3	0x00101f3c;0x00101f40	44b61f1391985964e66004d8e74325ccb3c08cd47b2f49a835b326de2a7430d3			analysis/matching/hunt1041-v81-validated-final20.tsv	31c5aad06832fadab8d0bd703531718a87ea186d279c241a41789ae0c2608e1a	ps2/progress28_structural_lift_recovered.o	block-local-constant	b05b72b769459f9b5148b7776084b3205c4f2c47ed1acc0164a53735e903ecc2	16753135a76a1b681eab49fafb84328a2664bb7a5fbea8737269b9f7c366ee03	minimum directly accessed span; complete object/array extent and final layout unproved
DAT_001ebd50	0x001ebd50	DIRECT_ACCESS_PROVED	0x4	initialized	df3f619804a92fdb4057192dc43dd748ea778adc52bc498ce80524c014b81119	0x001008dc	0x59c	0x00100e44	sw	2	0x00100e34;0x00100e38	08860e7e900879fd8d01c04487f2ad6daa862481361143d11b75df4562839e2e			analysis/matching/hunt1041-v81-validated-final20.tsv	31c5aad06832fadab8d0bd703531718a87ea186d279c241a41789ae0c2608e1a	ps2/progress28_structural_lift_recovered.o	block-local-constant	6df0b48d299c65f3b929994c4bac8aa18627bd6947ac60bd8a8a6220d3cc08eb	16753135a76a1b681eab49fafb84328a2664bb7a5fbea8737269b9f7c366ee03	minimum directly accessed span; complete object/array extent and final layout unproved
DAT_001ebd54	0x001ebd54	DIRECT_ACCESS_PROVED	0x4	initialized	df3f619804a92fdb4057192dc43dd748ea778adc52bc498ce80524c014b81119	0x001008dc	0x59c	0x00100e3c	sw	2	0x00100e34;0x00100e38	922926d3a7af03faa88b7c88d1531f776c21b5e7ceed4eb03a9645f5a55e3714			analysis/matching/hunt1041-v81-validated-final20.tsv	31c5aad06832fadab8d0bd703531718a87ea186d279c241a41789ae0c2608e1a	ps2/progress28_structural_lift_recovered.o	block-local-constant	6df0b48d299c65f3b929994c4bac8aa18627bd6947ac60bd8a8a6220d3cc08eb	16753135a76a1b681eab49fafb84328a2664bb7a5fbea8737269b9f7c366ee03	minimum directly accessed span; complete object/array extent and final layout unproved
DAT_001ebd58	0x001ebd58	DIRECT_ACCESS_PROVED	0x4	initialized	df3f619804a92fdb4057192dc43dd748ea778adc52bc498ce80524c014b81119	0x00106054	0x88	0x001060c8	sw	3	0x0010609c;0x001060a4	5d754c64b95ac2f44226de3823ae2db354445b7770ec737d62b0174946d87ad0			analysis/matching/hunt1041-v48-validated-25.tsv	ba414b327687e47cd31fb81a698f4b8bacfc290633af8809980820342985c54a	ps2/progress28_structural_lift_recovered.o	block-local-constant	d5ae1c5af5bc90a92c4a9e73b3209e654387beda7ec97769393caffaef245f23	16753135a76a1b681eab49fafb84328a2664bb7a5fbea8737269b9f7c366ee03	minimum directly accessed span; complete object/array extent and final layout unproved
DAT_001ebd5c	0x001ebd5c	DIRECT_ACCESS_PROVED	0x4	initialized	df3f619804a92fdb4057192dc43dd748ea778adc52bc498ce80524c014b81119	0x00106054	0x88	0x001060ac	sw	3	0x0010609c;0x001060a4	07c88e23c8908f795e7d7a9737dc7a9a4be628f8b29c3e56c3f14936d9521f88			analysis/matching/hunt1041-v48-validated-25.tsv	ba414b327687e47cd31fb81a698f4b8bacfc290633af8809980820342985c54a	ps2/progress28_structural_lift_recovered.o	block-local-constant	d5ae1c5af5bc90a92c4a9e73b3209e654387beda7ec97769393caffaef245f23	16753135a76a1b681eab49fafb84328a2664bb7a5fbea8737269b9f7c366ee03	minimum directly accessed span; complete object/array extent and final layout unproved
DAT_001ebe00	0x001ebe00	DIRECT_ACCESS_PROVED	0x3c4	initialized	788ddb3f7716950d0d204e6cad9fe3cc1dddb6140f615cb1c76bea0541722c20	0x00107358	0x220	0x001073f0	memset.write	4	0x001073d8;0x001073dc;0x001073e0;0x001073e8;0x001073ec	906a1930f159394e9f32f8c574e2a5f8f798925767246f9363cfd051c2f3deda	0x0019c39c	cecbe61c3a5bab20064a2941574a50bd6e9c1727fc5c161be546310cd045a731	analysis/matching/hunt1041-v80-validated-quickwins-23.tsv	bc64ffd5bceeb09497ff1e765080b7ca7d92f7127b9724423638bbbf4bf2160f	ps2/progress28_structural_lift_recovered.o	block-local-constant	a8f984918924b89f4386d48850012a98942257795e4be985ba068c03b0f8d75b	16753135a76a1b681eab49fafb84328a2664bb7a5fbea8737269b9f7c366ee03	minimum directly accessed span; complete object/array extent and final layout unproved
DAT_001ebe01	0x001ebe01	NO_DIRECT_ACCESS_WITNESS															ps2/progress28_structural_lift_recovered.o				indexed/pointer/array/object bounds require separate proof
DAT_001ebe02	0x001ebe02	NO_DIRECT_ACCESS_WITNESS															ps2/progress28_structural_lift_recovered.o				indexed/pointer/array/object bounds require separate proof
DAT_001ebe03	0x001ebe03	NO_DIRECT_ACCESS_WITNESS															ps2/progress28_structural_lift_recovered.o				indexed/pointer/array/object bounds require separate proof
DAT_001ebe06	0x001ebe06	NO_DIRECT_ACCESS_WITNESS															ps2/progress28_structural_lift_recovered.o				indexed/pointer/array/object bounds require separate proof
DAT_001ebe0c	0x001ebe0c	NO_DIRECT_ACCESS_WITNESS															ps2/progress28_structural_lift_recovered.o				indexed/pointer/array/object bounds require separate proof
DAT_001ebe50	0x001ebe50	NO_DIRECT_ACCESS_WITNESS															ps2/progress28_structural_lift_recovered.o				indexed/pointer/array/object bounds require separate proof
DAT_001ebe54	0x001ebe54	NO_DIRECT_ACCESS_WITNESS															ps2/progress28_structural_lift_recovered.o				indexed/pointer/array/object bounds require separate proof
DAT_001ebe58	0x001ebe58	NO_DIRECT_ACCESS_WITNESS															ps2/progress28_structural_lift_recovered.o				indexed/pointer/array/object bounds require separate proof
DAT_001ebe60	0x001ebe60	NO_DIRECT_ACCESS_WITNESS															ps2/progress28_structural_lift_recovered.o				indexed/pointer/array/object bounds require separate proof
DAT_001ebe64	0x001ebe64	NO_DIRECT_ACCESS_WITNESS															ps2/progress28_structural_lift_recovered.o				indexed/pointer/array/object bounds require separate proof
DAT_001ebe68	0x001ebe68	NO_DIRECT_ACCESS_WITNESS															ps2/progress28_structural_lift_recovered.o				indexed/pointer/array/object bounds require separate proof
DAT_001ebe70	0x001ebe70	NO_DIRECT_ACCESS_WITNESS															ps2/progress28_structural_lift_recovered.o				indexed/pointer/array/object bounds require separate proof
DAT_001ebe74	0x001ebe74	NO_DIRECT_ACCESS_WITNESS															ps2/progress28_structural_lift_recovered.o				indexed/pointer/array/object bounds require separate proof
DAT_001ebe78	0x001ebe78	NO_DIRECT_ACCESS_WITNESS															ps2/progress28_structural_lift_recovered.o				indexed/pointer/array/object bounds require separate proof
DAT_001ebe80	0x001ebe80	NO_DIRECT_ACCESS_WITNESS															ps2/progress28_structural_lift_recovered.o				indexed/pointer/array/object bounds require separate proof
DAT_001ebe84	0x001ebe84	NO_DIRECT_ACCESS_WITNESS															ps2/progress28_structural_lift_recovered.o				indexed/pointer/array/object bounds require separate proof
DAT_001ebe88	0x001ebe88	NO_DIRECT_ACCESS_WITNESS															ps2/progress28_structural_lift_recovered.o				indexed/pointer/array/object bounds require separate proof
DAT_001ebe90	0x001ebe90	NO_DIRECT_ACCESS_WITNESS															ps2/progress28_structural_lift_recovered.o				indexed/pointer/array/object bounds require separate proof
DAT_001ebe94	0x001ebe94	NO_DIRECT_ACCESS_WITNESS															ps2/progress28_structural_lift_recovered.o				indexed/pointer/array/object bounds require separate proof
DAT_001ebe98	0x001ebe98	NO_DIRECT_ACCESS_WITNESS															ps2/progress28_structural_lift_recovered.o				indexed/pointer/array/object bounds require separate proof
DAT_001ebea0	0x001ebea0	NO_DIRECT_ACCESS_WITNESS															ps2/progress28_structural_lift_recovered.o				indexed/pointer/array/object bounds require separate proof
DAT_001ebea4	0x001ebea4	NO_DIRECT_ACCESS_WITNESS															ps2/progress28_structural_lift_recovered.o				indexed/pointer/array/object bounds require separate proof
DAT_001ebea8	0x001ebea8	NO_DIRECT_ACCESS_WITNESS															ps2/progress28_structural_lift_recovered.o				indexed/pointer/array/object bounds require separate proof
DAT_001ebeb0	0x001ebeb0	NO_DIRECT_ACCESS_WITNESS															ps2/progress28_structural_lift_recovered.o				indexed/pointer/array/object bounds require separate proof
DAT_001ebeb4	0x001ebeb4	NO_DIRECT_ACCESS_WITNESS															ps2/progress28_structural_lift_recovered.o				indexed/pointer/array/object bounds require separate proof
DAT_001ebeb8	0x001ebeb8	NO_DIRECT_ACCESS_WITNESS															ps2/progress28_structural_lift_recovered.o				indexed/pointer/array/object bounds require separate proof
DAT_001ec1c4	0x001ec1c4	DIRECT_ACCESS_PROVED	0x4	initialized	df3f619804a92fdb4057192dc43dd748ea778adc52bc498ce80524c014b81119	0x00104f18	0x798	0x001051bc	lw	2	0x001051b8	60992c855bdc8875958e040cfc6885421b0f8fa2027d358b832bd4b7d28e16e0			analysis/matching/hunt1041-v81-validated-final20.tsv	31c5aad06832fadab8d0bd703531718a87ea186d279c241a41789ae0c2608e1a	ps2/progress28_structural_lift_recovered.o	block-local-constant	b8f2bdcb05d3b4d3e386f2a1e61d8146cffaa3e1b66bc8b9acce81d11e86ed4c	16753135a76a1b681eab49fafb84328a2664bb7a5fbea8737269b9f7c366ee03	minimum directly accessed span; complete object/array extent and final layout unproved
DAT_001f40d4	0x001f40d4	DIRECT_ACCESS_PROVED	0x4	initialized	fe993420a01012ed848928aa03bf957b46ba7a0e1ea6b5b50c7f141f83bd8f9f	0x00104f18	0x798	0x00105010	lw	2	0x00105008	27883ea0cca2698d66b9decf4aba94daf8843ea8a41fe91c45f9dad1f8a4d634			analysis/matching/hunt1041-v81-validated-final20.tsv	31c5aad06832fadab8d0bd703531718a87ea186d279c241a41789ae0c2608e1a	ps2/progress28_structural_lift_recovered.o	block-local-constant	b8f2bdcb05d3b4d3e386f2a1e61d8146cffaa3e1b66bc8b9acce81d11e86ed4c	16753135a76a1b681eab49fafb84328a2664bb7a5fbea8737269b9f7c366ee03	minimum directly accessed span; complete object/array extent and final layout unproved
DAT_001f60c8	0x001f60c8	DIRECT_ACCESS_PROVED	0x4	initialized	d8926183c70a5586d138c53014b43de1f484cf88efa96c36bfdbe34ab12b4a08	0x00104f18	0x798	0x00105048	lw	2	0x00105040	68e175a3d8071aab372d4117b64c9fbbfa0a113e42614bf73325dd91e88750d0			analysis/matching/hunt1041-v81-validated-final20.tsv	31c5aad06832fadab8d0bd703531718a87ea186d279c241a41789ae0c2608e1a	ps2/progress28_structural_lift_recovered.o	block-local-constant	b8f2bdcb05d3b4d3e386f2a1e61d8146cffaa3e1b66bc8b9acce81d11e86ed4c	16753135a76a1b681eab49fafb84328a2664bb7a5fbea8737269b9f7c366ee03	minimum directly accessed span; complete object/array extent and final layout unproved
DAT_001fafa0	0x001fafa0	DIRECT_ACCESS_PROVED	0x4	initialized	454a2643aa688d41a46ff6d11adf4d9c701f0718c05ab963b4b0b8c4a7617633	0x00104f18	0x798	0x0010502c	lw	2	0x00105024	dea6ce0463c624772c5a4d676af4642accf88908cc70a1e8ce1b7753cccab502			analysis/matching/hunt1041-v81-validated-final20.tsv	31c5aad06832fadab8d0bd703531718a87ea186d279c241a41789ae0c2608e1a	ps2/progress28_structural_lift_recovered.o	block-local-constant	b8f2bdcb05d3b4d3e386f2a1e61d8146cffaa3e1b66bc8b9acce81d11e86ed4c	16753135a76a1b681eab49fafb84328a2664bb7a5fbea8737269b9f7c366ee03	minimum directly accessed span; complete object/array extent and final layout unproved
DAT_002ebc30	0x002ebc30	NO_DIRECT_ACCESS_WITNESS															ps2/progress28_structural_lift_recovered.o				indexed/pointer/array/object bounds require separate proof
DAT_002ec1f4	0x002ec1f4	DIRECT_ACCESS_PROVED	0x4	initialized	40f0d629a77b77ca67b43cc8c4726508365df5599d45e85fa17507bcaab7c861	0x00104f18	0x798	0x00105108	lw	2	0x00105104	ee2b54e0109b3a4ac9f4bdffe8d9fbf3f39d0689f9d87473d96b5d2a36e5cd08			analysis/matching/hunt1041-v81-validated-final20.tsv	31c5aad06832fadab8d0bd703531718a87ea186d279c241a41789ae0c2608e1a	ps2/progress28_structural_lift_recovered.o	block-local-constant	b8f2bdcb05d3b4d3e386f2a1e61d8146cffaa3e1b66bc8b9acce81d11e86ed4c	16753135a76a1b681eab49fafb84328a2664bb7a5fbea8737269b9f7c366ee03	minimum directly accessed span; complete object/array extent and final layout unproved
DAT_002ec200	0x002ec200	NO_DIRECT_ACCESS_WITNESS															ps2/progress28_structural_lift_recovered.o				indexed/pointer/array/object bounds require separate proof
DAT_002ec53c	0x002ec53c	DIRECT_ACCESS_PROVED	0x4	initialized	2d67029f556ec6b0a92a613d0873025ac2cf88b6cc7a49abee49676b2397fa7d	0x00104f18	0x798	0x001050b8	lw	2	0x001050b4	cef5a001295655c13c009adbb84befced23e0310f7921563897ba5ff92274e44			analysis/matching/hunt1041-v81-validated-final20.tsv	31c5aad06832fadab8d0bd703531718a87ea186d279c241a41789ae0c2608e1a	ps2/progress28_structural_lift_recovered.o	block-local-constant	b8f2bdcb05d3b4d3e386f2a1e61d8146cffaa3e1b66bc8b9acce81d11e86ed4c	16753135a76a1b681eab49fafb84328a2664bb7a5fbea8737269b9f7c366ee03	minimum directly accessed span; complete object/array extent and final layout unproved
DAT_00335278	0x00335278	DIRECT_ACCESS_PROVED	0x4	initialized	9c332aa7d982e2da42593ab1f32146cab52538426e92f5a2097352867c7d1696	0x00107358	0x220	0x0010756c	lw	2	0x00107560	1a6520dd7e0800f9abc14434def781ba43927b1377f8713cf38b95889c4d6757			analysis/matching/hunt1041-v80-validated-quickwins-23.tsv	bc64ffd5bceeb09497ff1e765080b7ca7d92f7127b9724423638bbbf4bf2160f	ps2/progress28_structural_lift_recovered.o	block-local-constant	a8f984918924b89f4386d48850012a98942257795e4be985ba068c03b0f8d75b	16753135a76a1b681eab49fafb84328a2664bb7a5fbea8737269b9f7c366ee03	minimum directly accessed span; complete object/array extent and final layout unproved
DAT_00335280	0x00335280	DIRECT_ACCESS_PROVED	0x4	initialized	df3f619804a92fdb4057192dc43dd748ea778adc52bc498ce80524c014b81119	0x00108a9c	0x160	0x00108aac	lw	2	0x00108aa0	40ceb65470e7f3c55e679121af581cd89cd0de465a604e8f6b2c950512f68135			analysis/matching/hunt500plus-v33-validated-204.tsv	198b46bab535289a94dc3974ab342f12191763e99b5f096294b68629f210f5a7	ps2/progress28_structural_lift_recovered.o	block-local-constant	eb84cbc1e3dc46ddbdc945bb89709abcb9466f093725625d082bb05ac8f6e58f	16753135a76a1b681eab49fafb84328a2664bb7a5fbea8737269b9f7c366ee03	minimum directly accessed span; complete object/array extent and final layout unproved
DAT_00335370	0x00335370	DIRECT_ACCESS_PROVED	0x4	initialized	df3f619804a92fdb4057192dc43dd748ea778adc52bc498ce80524c014b81119	0x0010ad48	0x628	0x0010afd8	lw	17	0x0010afd4	12f93f82feab3231871b59829c0f29a493dc2beb0000d1c41a4d0819e1564c81			analysis/matching/hunt500plus-v33-validated-204.tsv	198b46bab535289a94dc3974ab342f12191763e99b5f096294b68629f210f5a7	ps2/progress28_structural_lift_recovered.o	block-local-constant	110f555c836f56076a15af99d73fbfdf6c321ddabe798fabadda9f7da7584bcb	16753135a76a1b681eab49fafb84328a2664bb7a5fbea8737269b9f7c366ee03	minimum directly accessed span; complete object/array extent and final layout unproved
DAT_00335374	0x00335374	NO_DIRECT_ACCESS_WITNESS															ps2/progress28_structural_lift_recovered.o				indexed/pointer/array/object bounds require separate proof
DAT_00335378	0x00335378	DIRECT_ACCESS_PROVED	0x100	initialized	5341e6b2646979a70e57653007a1f310169421ec9bdd9f1a5648f75ade005af1	0x0010a934	0x414	0x0010a974	memset.write	4	0x0010a948;0x0010a960;0x0010a968;0x0010a970	725c403ce820731e1588b9c4592b67056cd2e17b4cd8c8827e3d49ce4a9a2704	0x0019c39c	cecbe61c3a5bab20064a2941574a50bd6e9c1727fc5c161be546310cd045a731	analysis/matching/hunt1041-v52-validated-17.tsv	05383075b5e8de362905b18184a8b4b88c4b9e1310568ac1791fff170c6129d9	ps2/progress28_structural_lift_recovered.o	block-local-constant	7b9b22e9e4219577dc0519b524ba93e24e2829c425bdbcfe6b7213c47f245ac0	16753135a76a1b681eab49fafb84328a2664bb7a5fbea8737269b9f7c366ee03	minimum directly accessed span; complete object/array extent and final layout unproved
DAT_00335478	0x00335478	NO_DIRECT_ACCESS_WITNESS															ps2/progress28_structural_lift_recovered.o				indexed/pointer/array/object bounds require separate proof
DAT_003354f8	0x003354f8	NO_DIRECT_ACCESS_WITNESS															ps2/progress28_structural_lift_recovered.o				indexed/pointer/array/object bounds require separate proof
DAT_00335538	0x00335538	NO_DIRECT_ACCESS_WITNESS															ps2/progress28_structural_lift_recovered.o				indexed/pointer/array/object bounds require separate proof
DAT_00335638	0x00335638	NO_DIRECT_ACCESS_WITNESS															ps2/progress28_structural_lift_recovered.o				indexed/pointer/array/object bounds require separate proof
DAT_00335738	0x00335738	NO_DIRECT_ACCESS_WITNESS															ps2/progress28_structural_lift_recovered.o				indexed/pointer/array/object bounds require separate proof
DAT_00335938	0x00335938	DIRECT_ACCESS_PROVED	0x2	initialized	96a296d224f285c67bee93c30f8a309157f0daa35dc5b87e410b78630a09cfc7	0x0010b8a4	0x328	0x0010b934	lh	3	0x0010b930	0a0f7434d8bc3fec9048584552ff2ccffaf211082137031c1ce65638286086f4			analysis/matching/hunt1041-v75-validated-c4-5.tsv	ab4c4d26b26eb4f23e2f5877e611c9192abbc54041aa63a6fc014216235f527a	ps2/progress28_structural_lift_recovered.o	block-local-constant	836a03bef39c640f2f73345444026688456ae3e64678907e41517fe9736efc3a	16753135a76a1b681eab49fafb84328a2664bb7a5fbea8737269b9f7c366ee03	minimum directly accessed span; complete object/array extent and final layout unproved
DAT_00335939	0x00335939	DIRECT_ACCESS_PROVED	0x1	initialized	6e340b9cffb37a989ca544e6bb780a2c78901d3fb33738768511a30617afa01d	0x0010cfa4	0x304	0x0010d258	lb	3	0x0010d244	eef741bec1adfd6f67e47767cd80a67e53dbd1f91d7506a02ea651e734edc3f3			analysis/matching/hunt1041-v81-validated-final20.tsv	31c5aad06832fadab8d0bd703531718a87ea186d279c241a41789ae0c2608e1a	ps2/progress28_structural_lift_recovered.o	block-local-constant	ecd50e64600de46c56c6b1f0de28cb97ba401dcd5c6125c2dcd154c543462690	16753135a76a1b681eab49fafb84328a2664bb7a5fbea8737269b9f7c366ee03	minimum directly accessed span; complete object/array extent and final layout unproved
DAT_0033593a	0x0033593a	DIRECT_ACCESS_PROVED	0x2	initialized	96a296d224f285c67bee93c30f8a309157f0daa35dc5b87e410b78630a09cfc7	0x0010b8a4	0x328	0x0010bbc0	sh	2	0x0010bbbc	b087cba852506eed5b43d753ef4b0c2cae9092426af08564ed6d1b5a977f3b24			analysis/matching/hunt1041-v75-validated-c4-5.tsv	ab4c4d26b26eb4f23e2f5877e611c9192abbc54041aa63a6fc014216235f527a	ps2/progress28_structural_lift_recovered.o	block-local-constant	836a03bef39c640f2f73345444026688456ae3e64678907e41517fe9736efc3a	16753135a76a1b681eab49fafb84328a2664bb7a5fbea8737269b9f7c366ee03	minimum directly accessed span; complete object/array extent and final layout unproved
DAT_0033593b	0x0033593b	DIRECT_ACCESS_PROVED	0x1	initialized	6e340b9cffb37a989ca544e6bb780a2c78901d3fb33738768511a30617afa01d	0x0010cfa4	0x304	0x0010d268	lb	4	0x0010d240	82ceaed3baa37fcf84b48ce551c83c0bfc274f4ee264d4b78d3b47c594e6268a			analysis/matching/hunt1041-v81-validated-final20.tsv	31c5aad06832fadab8d0bd703531718a87ea186d279c241a41789ae0c2608e1a	ps2/progress28_structural_lift_recovered.o	block-local-constant	ecd50e64600de46c56c6b1f0de28cb97ba401dcd5c6125c2dcd154c543462690	16753135a76a1b681eab49fafb84328a2664bb7a5fbea8737269b9f7c366ee03	minimum directly accessed span; complete object/array extent and final layout unproved
DAT_0033593c	0x0033593c	DIRECT_ACCESS_PROVED	0x2	initialized	96a296d224f285c67bee93c30f8a309157f0daa35dc5b87e410b78630a09cfc7	0x0010b8a4	0x328	0x0010b90c	lh	2	0x0010b908	4a6d88c4f1fe9cff38071685f7d6aa47d11feaacb1b17456f823f094e6e5170e			analysis/matching/hunt1041-v75-validated-c4-5.tsv	ab4c4d26b26eb4f23e2f5877e611c9192abbc54041aa63a6fc014216235f527a	ps2/progress28_structural_lift_recovered.o	block-local-constant	836a03bef39c640f2f73345444026688456ae3e64678907e41517fe9736efc3a	16753135a76a1b681eab49fafb84328a2664bb7a5fbea8737269b9f7c366ee03	minimum directly accessed span; complete object/array extent and final layout unproved
DAT_0033593e	0x0033593e	DIRECT_ACCESS_PROVED	0x2	initialized	96a296d224f285c67bee93c30f8a309157f0daa35dc5b87e410b78630a09cfc7	0x0010bbcc	0x300	0x0010bc28	lh	2	0x0010bbd0	08e5adae567294ac753b6c05b64962535b872ec3050315b9a6222a95cc035683			analysis/matching/hunt1041-v75-validated-c4-5.tsv	ab4c4d26b26eb4f23e2f5877e611c9192abbc54041aa63a6fc014216235f527a	ps2/progress28_structural_lift_recovered.o	block-local-constant	979b7761e73d9bb38d98c8a2a7e092098a81f2d985c0b4634bc6895f3d6fba26	16753135a76a1b681eab49fafb84328a2664bb7a5fbea8737269b9f7c366ee03	minimum directly accessed span; complete object/array extent and final layout unproved
DAT_00335940	0x00335940	DIRECT_ACCESS_PROVED	0x2	initialized	96a296d224f285c67bee93c30f8a309157f0daa35dc5b87e410b78630a09cfc7	0x0010b8a4	0x328	0x0010b9ec	lh	2	0x0010b9e8	781227ea824722ecd91f2ff08669ac838925bb156fbae91acbf80951c87b068b			analysis/matching/hunt1041-v75-validated-c4-5.tsv	ab4c4d26b26eb4f23e2f5877e611c9192abbc54041aa63a6fc014216235f527a	ps2/progress28_structural_lift_recovered.o	block-local-constant	836a03bef39c640f2f73345444026688456ae3e64678907e41517fe9736efc3a	16753135a76a1b681eab49fafb84328a2664bb7a5fbea8737269b9f7c366ee03	minimum directly accessed span; complete object/array extent and final layout unproved
DAT_00335942	0x00335942	DIRECT_ACCESS_PROVED	0x2	initialized	96a296d224f285c67bee93c30f8a309157f0daa35dc5b87e410b78630a09cfc7	0x0010b8a4	0x328	0x0010ba8c	lh	2	0x0010ba84	1db6a097e9208cd20b8077f4ece813c5a657e3b1f2d3c0ef21318d14d7ba2c13			analysis/matching/hunt1041-v75-validated-c4-5.tsv	ab4c4d26b26eb4f23e2f5877e611c9192abbc54041aa63a6fc014216235f527a	ps2/progress28_structural_lift_recovered.o	block-local-constant	836a03bef39c640f2f73345444026688456ae3e64678907e41517fe9736efc3a	16753135a76a1b681eab49fafb84328a2664bb7a5fbea8737269b9f7c366ee03	minimum directly accessed span; complete object/array extent and final layout unproved
DAT_00335944	0x00335944	DIRECT_ACCESS_PROVED	0x2	initialized	96a296d224f285c67bee93c30f8a309157f0daa35dc5b87e410b78630a09cfc7	0x0010b8a4	0x328	0x0010bb2c	lh	2	0x0010bb28	b1a917c9ab4acf73f183b4f03f056cecc5b59ce4d50ea0a0c32f418503335bb3			analysis/matching/hunt1041-v75-validated-c4-5.tsv	ab4c4d26b26eb4f23e2f5877e611c9192abbc54041aa63a6fc014216235f527a	ps2/progress28_structural_lift_recovered.o	block-local-constant	836a03bef39c640f2f73345444026688456ae3e64678907e41517fe9736efc3a	16753135a76a1b681eab49fafb84328a2664bb7a5fbea8737269b9f7c366ee03	minimum directly accessed span; complete object/array extent and final layout unproved
DAT_00335946	0x00335946	DIRECT_ACCESS_PROVED	0x2	initialized	96a296d224f285c67bee93c30f8a309157f0daa35dc5b87e410b78630a09cfc7	0x0010c094	0xe0	0x0010c0a0	lh	17	0x0010c09c	f8fd989b697cb6b5113d977e0d5b594e4db6134abe4504962ac9377a5c00f479			analysis/matching/hunt1041-v75-validated-c4-5.tsv	ab4c4d26b26eb4f23e2f5877e611c9192abbc54041aa63a6fc014216235f527a	ps2/progress28_structural_lift_recovered.o	block-local-constant	4f960ff15e772d288e9469159b2f9b27928aed85916794192aefb05980166bd9	16753135a76a1b681eab49fafb84328a2664bb7a5fbea8737269b9f7c366ee03	minimum directly accessed span; complete object/array extent and final layout unproved
DAT_00335947	0x00335947	NO_DIRECT_ACCESS_WITNESS															ps2/progress28_structural_lift_recovered.o				indexed/pointer/array/object bounds require separate proof
DAT_00335948	0x00335948	DIRECT_ACCESS_PROVED	0x2	initialized	96a296d224f285c67bee93c30f8a309157f0daa35dc5b87e410b78630a09cfc7	0x0010c094	0xe0	0x0010c0b8	lh	2	0x0010c0b4	f57b087f6b39e4835a91808b7996e0bc5fad9a8fdb828f46e8928828f1dd244c			analysis/matching/hunt1041-v75-validated-c4-5.tsv	ab4c4d26b26eb4f23e2f5877e611c9192abbc54041aa63a6fc014216235f527a	ps2/progress28_structural_lift_recovered.o	block-local-constant	4f960ff15e772d288e9469159b2f9b27928aed85916794192aefb05980166bd9	16753135a76a1b681eab49fafb84328a2664bb7a5fbea8737269b9f7c366ee03	minimum directly accessed span; complete object/array extent and final layout unproved
DAT_00335949	0x00335949	NO_DIRECT_ACCESS_WITNESS															ps2/progress28_structural_lift_recovered.o				indexed/pointer/array/object bounds require separate proof
DAT_0033594a	0x0033594a	DIRECT_ACCESS_PROVED	0x2	initialized	96a296d224f285c67bee93c30f8a309157f0daa35dc5b87e410b78630a09cfc7	0x0010c094	0xe0	0x0010c0c8	sh	2	0x0010c0c4	8a14e884c6d9e513cab80b0463d6ac7a46a06fcdb9faa267919e8c9a354fb172			analysis/matching/hunt1041-v75-validated-c4-5.tsv	ab4c4d26b26eb4f23e2f5877e611c9192abbc54041aa63a6fc014216235f527a	ps2/progress28_structural_lift_recovered.o	block-local-constant	4f960ff15e772d288e9469159b2f9b27928aed85916794192aefb05980166bd9	16753135a76a1b681eab49fafb84328a2664bb7a5fbea8737269b9f7c366ee03	minimum directly accessed span; complete object/array extent and final layout unproved
DAT_0033594b	0x0033594b	DIRECT_ACCESS_PROVED	0x1	initialized	6e340b9cffb37a989ca544e6bb780a2c78901d3fb33738768511a30617afa01d	0x0010d7dc	0xb60	0x0010ddd0	lb	4	0x0010ddbc	acdb170a4e52eb6b8fb53426b6173d9091a5ada47d7b79e29c42e6090c422c53			analysis/matching/hunt1041-v81-validated-final20.tsv	31c5aad06832fadab8d0bd703531718a87ea186d279c241a41789ae0c2608e1a	ps2/progress28_structural_lift_recovered.o	block-local-constant	c359e0e1703b848417d7277de9c79d4c63335d9a2e77d91c7961c1b6fc4d32cb	16753135a76a1b681eab49fafb84328a2664bb7a5fbea8737269b9f7c366ee03	minimum directly accessed span; complete object/array extent and final layout unproved
DAT_0033594c	0x0033594c	NO_DIRECT_ACCESS_WITNESS															ps2/progress28_structural_lift_recovered.o				indexed/pointer/array/object bounds require separate proof
DAT_0033594d	0x0033594d	NO_DIRECT_ACCESS_WITNESS															ps2/progress28_structural_lift_recovered.o				indexed/pointer/array/object bounds require separate proof
DAT_003359d0	0x003359d0	NO_DIRECT_ACCESS_WITNESS															ps2/progress28_structural_lift_recovered.o				indexed/pointer/array/object bounds require separate proof
DAT_00335a00	0x00335a00	NO_DIRECT_ACCESS_WITNESS															ps2/progress28_structural_lift_recovered.o				indexed/pointer/array/object bounds require separate proof
DAT_00335a50	0x00335a50	NO_DIRECT_ACCESS_WITNESS															ps2/progress28_structural_lift_recovered.o				indexed/pointer/array/object bounds require separate proof
DAT_00335e50	0x00335e50	NO_DIRECT_ACCESS_WITNESS															ps2/progress28_structural_lift_recovered.o				indexed/pointer/array/object bounds require separate proof
DAT_0033ce78	0x0033ce78	NO_DIRECT_ACCESS_WITNESS															ps2/progress28_structural_lift_recovered.o				indexed/pointer/array/object bounds require separate proof
DAT_0033ee78	0x0033ee78	NO_DIRECT_ACCESS_WITNESS															ps2/progress28_structural_lift_recovered.o				indexed/pointer/array/object bounds require separate proof
DAT_00340f90	0x00340f90	DIRECT_ACCESS_PROVED	0x2	initialized	96a296d224f285c67bee93c30f8a309157f0daa35dc5b87e410b78630a09cfc7	0x0012c444	0x64	0x0012c450	lh	16	0x0012c44c	73f939fac78180f27a925bed3d28fd6b07b630b8ecf0e116a4f10bbfc0ff7c96			analysis/matching/hunt500plus-v33-validated-204.tsv	198b46bab535289a94dc3974ab342f12191763e99b5f096294b68629f210f5a7	ps2/progress28_structural_lift_recovered.o	block-local-constant	92060723575f8ceb852f894915c590510e704d70a2249a1b8f5ad873770190ce	16753135a76a1b681eab49fafb84328a2664bb7a5fbea8737269b9f7c366ee03	minimum directly accessed span; complete object/array extent and final layout unproved
DAT_00340f92	0x00340f92	NO_DIRECT_ACCESS_WITNESS															ps2/progress28_structural_lift_recovered.o				indexed/pointer/array/object bounds require separate proof
DAT_00341398	0x00341398	DIRECT_ACCESS_PROVED	0x2	initialized	96a296d224f285c67bee93c30f8a309157f0daa35dc5b87e410b78630a09cfc7	0x0012c4a8	0xb0	0x0012c4d0	lh	19	0x0012c4b0	165fd8cd9c1311229c9790862e17dd82f691455a8fd70d385c1a5608305f4e9a			analysis/matching/hunt500plus-v33-validated-204.tsv	198b46bab535289a94dc3974ab342f12191763e99b5f096294b68629f210f5a7	ps2/progress28_structural_lift_recovered.o	block-local-constant	29317b7073722567d72a81423029aa58ad1d2c3897d2d024fb99645a6b5783ad	16753135a76a1b681eab49fafb84328a2664bb7a5fbea8737269b9f7c366ee03	minimum directly accessed span; complete object/array extent and final layout unproved
DAT_0034139a	0x0034139a	NO_DIRECT_ACCESS_WITNESS															ps2/progress28_structural_lift_recovered.o				indexed/pointer/array/object bounds require separate proof
DAT_0034139c	0x0034139c	DIRECT_ACCESS_PROVED	0x2	initialized	96a296d224f285c67bee93c30f8a309157f0daa35dc5b87e410b78630a09cfc7	0x0012c4a8	0xb0	0x0012c4d8	lh	17	0x0012c4c8	a3432020fcacff0d48094c9415e5e84e44aad5a313f6a015448a68665e58cebe			analysis/matching/hunt500plus-v33-validated-204.tsv	198b46bab535289a94dc3974ab342f12191763e99b5f096294b68629f210f5a7	ps2/progress28_structural_lift_recovered.o	block-local-constant	29317b7073722567d72a81423029aa58ad1d2c3897d2d024fb99645a6b5783ad	16753135a76a1b681eab49fafb84328a2664bb7a5fbea8737269b9f7c366ee03	minimum directly accessed span; complete object/array extent and final layout unproved
DAT_003413a2	0x003413a2	DIRECT_ACCESS_PROVED	0x2	initialized	96a296d224f285c67bee93c30f8a309157f0daa35dc5b87e410b78630a09cfc7	0x0012c558	0x680	0x0012c610	lh	2	0x0012c60c	9c8dd0bbb0bcf318fcc2013c0ef298def7a7b467ad0297506181b97956e9c627			analysis/matching/hunt1041-v81-validated-final20.tsv	31c5aad06832fadab8d0bd703531718a87ea186d279c241a41789ae0c2608e1a	ps2/progress28_structural_lift_recovered.o	block-local-constant	78caff4b71efff83f4bb83d0c9f15c20d4026cb13a5faf87bdb3ddd6d5696f90	16753135a76a1b681eab49fafb84328a2664bb7a5fbea8737269b9f7c366ee03	minimum directly accessed span; complete object/array extent and final layout unproved
DAT_003413a4	0x003413a4	DIRECT_ACCESS_PROVED	0x2	initialized	96a296d224f285c67bee93c30f8a309157f0daa35dc5b87e410b78630a09cfc7	0x0012d05c	0x2d8	0x0012d0b8	lh	2	0x0012d0b4	ce2392c0739a6518565e55330ceeb9fa2aa1c3a646375ee7d90fcf0d6ff15f55			analysis/matching/hunt1041-v80-validated-quickwins-23.tsv	bc64ffd5bceeb09497ff1e765080b7ca7d92f7127b9724423638bbbf4bf2160f	ps2/progress28_structural_lift_recovered.o	block-local-constant	89dab25ff724744a12db900fe72c6406c35b1465db5672bb3dd3246419e8a798	16753135a76a1b681eab49fafb84328a2664bb7a5fbea8737269b9f7c366ee03	minimum directly accessed span; complete object/array extent and final layout unproved
DAT_003413a6	0x003413a6	DIRECT_ACCESS_PROVED	0x2	initialized	96a296d224f285c67bee93c30f8a309157f0daa35dc5b87e410b78630a09cfc7	0x0012c558	0x680	0x0012c974	lh	2	0x0012c96c	a1d0a29a51ad87c7bbac8426a8be6c0ca169d84ea6e9623a5702304bf009cb5f			analysis/matching/hunt1041-v81-validated-final20.tsv	31c5aad06832fadab8d0bd703531718a87ea186d279c241a41789ae0c2608e1a	ps2/progress28_structural_lift_recovered.o	block-local-constant	78caff4b71efff83f4bb83d0c9f15c20d4026cb13a5faf87bdb3ddd6d5696f90	16753135a76a1b681eab49fafb84328a2664bb7a5fbea8737269b9f7c366ee03	minimum directly accessed span; complete object/array extent and final layout unproved
DAT_003413a8	0x003413a8	DIRECT_ACCESS_PROVED	0x2	initialized	96a296d224f285c67bee93c30f8a309157f0daa35dc5b87e410b78630a09cfc7	0x0012c558	0x680	0x0012c5bc	lh	2	0x0012c5b4	a1821bb2f0ce4b50bdea73c4d554dfb1109d33c24dbf592574cbacbb152566d2			analysis/matching/hunt1041-v81-validated-final20.tsv	31c5aad06832fadab8d0bd703531718a87ea186d279c241a41789ae0c2608e1a	ps2/progress28_structural_lift_recovered.o	block-local-constant	78caff4b71efff83f4bb83d0c9f15c20d4026cb13a5faf87bdb3ddd6d5696f90	16753135a76a1b681eab49fafb84328a2664bb7a5fbea8737269b9f7c366ee03	minimum directly accessed span; complete object/array extent and final layout unproved
DAT_003413aa	0x003413aa	DIRECT_ACCESS_PROVED	0x2	initialized	96a296d224f285c67bee93c30f8a309157f0daa35dc5b87e410b78630a09cfc7	0x0012c558	0x680	0x0012c5d4	lh	9	0x0012c584	312a46970702308876325f2c4789da153810183c96f384725ba5d2fa39d341f9			analysis/matching/hunt1041-v81-validated-final20.tsv	31c5aad06832fadab8d0bd703531718a87ea186d279c241a41789ae0c2608e1a	ps2/progress28_structural_lift_recovered.o	block-local-constant	78caff4b71efff83f4bb83d0c9f15c20d4026cb13a5faf87bdb3ddd6d5696f90	16753135a76a1b681eab49fafb84328a2664bb7a5fbea8737269b9f7c366ee03	minimum directly accessed span; complete object/array extent and final layout unproved
DAT_003413ac	0x003413ac	DIRECT_ACCESS_PROVED	0x2	initialized	96a296d224f285c67bee93c30f8a309157f0daa35dc5b87e410b78630a09cfc7	0x0012c558	0x680	0x0012c5b0	lhu	2	0x0012c5ac	4d03c203cb408de5065aa5cff8db5f1fdc50a2da6b68c41ff135c1a3952f192c			analysis/matching/hunt1041-v81-validated-final20.tsv	31c5aad06832fadab8d0bd703531718a87ea186d279c241a41789ae0c2608e1a	ps2/progress28_structural_lift_recovered.o	block-local-constant	78caff4b71efff83f4bb83d0c9f15c20d4026cb13a5faf87bdb3ddd6d5696f90	16753135a76a1b681eab49fafb84328a2664bb7a5fbea8737269b9f7c366ee03	minimum directly accessed span; complete object/array extent and final layout unproved
DAT_003413ae	0x003413ae	DIRECT_ACCESS_PROVED	0x2	initialized	96a296d224f285c67bee93c30f8a309157f0daa35dc5b87e410b78630a09cfc7	0x0012c558	0x680	0x0012c5a8	lhu	2	0x0012c55c	c90e782e5eae17c8de2d632dab0a74d146a6e520b8d295ed1c3f293cf795dfee			analysis/matching/hunt1041-v81-validated-final20.tsv	31c5aad06832fadab8d0bd703531718a87ea186d279c241a41789ae0c2608e1a	ps2/progress28_structural_lift_recovered.o	block-local-constant	78caff4b71efff83f4bb83d0c9f15c20d4026cb13a5faf87bdb3ddd6d5696f90	16753135a76a1b681eab49fafb84328a2664bb7a5fbea8737269b9f7c366ee03	minimum directly accessed span; complete object/array extent and final layout unproved
DAT_003413b8	0x003413b8	DIRECT_ACCESS_PROVED	0x4	initialized	df3f619804a92fdb4057192dc43dd748ea778adc52bc498ce80524c014b81119	0x0012c558	0x680	0x0012c75c	swc1	2	0x0012c758	5ed5332af31441f8714276b764adcd7e0eff09deb4efd9a601f0ce507f4cf788			analysis/matching/hunt1041-v81-validated-final20.tsv	31c5aad06832fadab8d0bd703531718a87ea186d279c241a41789ae0c2608e1a	ps2/progress28_structural_lift_recovered.o	block-local-constant	78caff4b71efff83f4bb83d0c9f15c20d4026cb13a5faf87bdb3ddd6d5696f90	16753135a76a1b681eab49fafb84328a2664bb7a5fbea8737269b9f7c366ee03	minimum directly accessed span; complete object/array extent and final layout unproved
DAT_003413bc	0x003413bc	DIRECT_ACCESS_PROVED	0x4	initialized	df3f619804a92fdb4057192dc43dd748ea778adc52bc498ce80524c014b81119	0x0012c558	0x680	0x0012c74c	swc1	2	0x0012c748	faa83487009501d2fac3b17f695933081ab3d51076cf9ed5ff599473aef05db4			analysis/matching/hunt1041-v81-validated-final20.tsv	31c5aad06832fadab8d0bd703531718a87ea186d279c241a41789ae0c2608e1a	ps2/progress28_structural_lift_recovered.o	block-local-constant	78caff4b71efff83f4bb83d0c9f15c20d4026cb13a5faf87bdb3ddd6d5696f90	16753135a76a1b681eab49fafb84328a2664bb7a5fbea8737269b9f7c366ee03	minimum directly accessed span; complete object/array extent and final layout unproved
DAT_003413cc	0x003413cc	DIRECT_ACCESS_PROVED	0x4	initialized	df3f619804a92fdb4057192dc43dd748ea778adc52bc498ce80524c014b81119	0x0012c558	0x680	0x0012c6a0	swc1	8	0x0012c64c	78caff4b71efff83f4bb83d0c9f15c20d4026cb13a5faf87bdb3ddd6d5696f90			analysis/matching/hunt1041-v81-validated-final20.tsv	31c5aad06832fadab8d0bd703531718a87ea186d279c241a41789ae0c2608e1a	ps2/progress28_structural_lift_recovered.o	cfg-must-constant	78caff4b71efff83f4bb83d0c9f15c20d4026cb13a5faf87bdb3ddd6d5696f90	16753135a76a1b681eab49fafb84328a2664bb7a5fbea8737269b9f7c366ee03	minimum directly accessed span; complete object/array extent and final layout unproved
DAT_003413d0	0x003413d0	DIRECT_ACCESS_PROVED	0x4	initialized	df3f619804a92fdb4057192dc43dd748ea778adc52bc498ce80524c014b81119	0x0012c558	0x680	0x0012c6a8	swc1	6	0x0012c65c	78caff4b71efff83f4bb83d0c9f15c20d4026cb13a5faf87bdb3ddd6d5696f90			analysis/matching/hunt1041-v81-validated-final20.tsv	31c5aad06832fadab8d0bd703531718a87ea186d279c241a41789ae0c2608e1a	ps2/progress28_structural_lift_recovered.o	cfg-must-constant	78caff4b71efff83f4bb83d0c9f15c20d4026cb13a5faf87bdb3ddd6d5696f90	16753135a76a1b681eab49fafb84328a2664bb7a5fbea8737269b9f7c366ee03	minimum directly accessed span; complete object/array extent and final layout unproved
DAT_003413d4	0x003413d4	DIRECT_ACCESS_PROVED	0x4	initialized	df3f619804a92fdb4057192dc43dd748ea778adc52bc498ce80524c014b81119	0x0012c558	0x680	0x0012c698	swc1	3	0x0012c654	78caff4b71efff83f4bb83d0c9f15c20d4026cb13a5faf87bdb3ddd6d5696f90			analysis/matching/hunt1041-v81-validated-final20.tsv	31c5aad06832fadab8d0bd703531718a87ea186d279c241a41789ae0c2608e1a	ps2/progress28_structural_lift_recovered.o	cfg-must-constant	78caff4b71efff83f4bb83d0c9f15c20d4026cb13a5faf87bdb3ddd6d5696f90	16753135a76a1b681eab49fafb84328a2664bb7a5fbea8737269b9f7c366ee03	minimum directly accessed span; complete object/array extent and final layout unproved
DAT_003413d8	0x003413d8	DIRECT_ACCESS_PROVED	0x4	initialized	df3f619804a92fdb4057192dc43dd748ea778adc52bc498ce80524c014b81119	0x0012c558	0x680	0x0012c6c4	swc1	7	0x0012c66c	78caff4b71efff83f4bb83d0c9f15c20d4026cb13a5faf87bdb3ddd6d5696f90			analysis/matching/hunt1041-v81-validated-final20.tsv	31c5aad06832fadab8d0bd703531718a87ea186d279c241a41789ae0c2608e1a	ps2/progress28_structural_lift_recovered.o	cfg-must-constant	78caff4b71efff83f4bb83d0c9f15c20d4026cb13a5faf87bdb3ddd6d5696f90	16753135a76a1b681eab49fafb84328a2664bb7a5fbea8737269b9f7c366ee03	minimum directly accessed span; complete object/array extent and final layout unproved
DAT_003413dc	0x003413dc	DIRECT_ACCESS_PROVED	0x4	initialized	df3f619804a92fdb4057192dc43dd748ea778adc52bc498ce80524c014b81119	0x0012c558	0x680	0x0012c6c8	swc1	11	0x0012c58c	78caff4b71efff83f4bb83d0c9f15c20d4026cb13a5faf87bdb3ddd6d5696f90			analysis/matching/hunt1041-v81-validated-final20.tsv	31c5aad06832fadab8d0bd703531718a87ea186d279c241a41789ae0c2608e1a	ps2/progress28_structural_lift_recovered.o	cfg-must-constant	78caff4b71efff83f4bb83d0c9f15c20d4026cb13a5faf87bdb3ddd6d5696f90	16753135a76a1b681eab49fafb84328a2664bb7a5fbea8737269b9f7c366ee03	minimum directly accessed span; complete object/array extent and final layout unproved
DAT_003413e0	0x003413e0	DIRECT_ACCESS_PROVED	0x4	initialized	df3f619804a92fdb4057192dc43dd748ea778adc52bc498ce80524c014b81119	0x0012c558	0x680	0x0012c6cc	swc1	5	0x0012c68c	78caff4b71efff83f4bb83d0c9f15c20d4026cb13a5faf87bdb3ddd6d5696f90			analysis/matching/hunt1041-v81-validated-final20.tsv	31c5aad06832fadab8d0bd703531718a87ea186d279c241a41789ae0c2608e1a	ps2/progress28_structural_lift_recovered.o	cfg-must-constant	78caff4b71efff83f4bb83d0c9f15c20d4026cb13a5faf87bdb3ddd6d5696f90	16753135a76a1b681eab49fafb84328a2664bb7a5fbea8737269b9f7c366ee03	minimum directly accessed span; complete object/array extent and final layout unproved
DAT_003413f0	0x003413f0	DIRECT_ACCESS_PROVED	0x4	initialized	df3f619804a92fdb4057192dc43dd748ea778adc52bc498ce80524c014b81119	0x0012c558	0x680	0x0012c730	swc1	2	0x0012c720	78caff4b71efff83f4bb83d0c9f15c20d4026cb13a5faf87bdb3ddd6d5696f90			analysis/matching/hunt1041-v81-validated-final20.tsv	31c5aad06832fadab8d0bd703531718a87ea186d279c241a41789ae0c2608e1a	ps2/progress28_structural_lift_recovered.o	cfg-must-constant	78caff4b71efff83f4bb83d0c9f15c20d4026cb13a5faf87bdb3ddd6d5696f90	16753135a76a1b681eab49fafb84328a2664bb7a5fbea8737269b9f7c366ee03	minimum directly accessed span; complete object/array extent and final layout unproved
DAT_003413f4	0x003413f4	DIRECT_ACCESS_PROVED	0x4	initialized	df3f619804a92fdb4057192dc43dd748ea778adc52bc498ce80524c014b81119	0x0012c558	0x680	0x0012c67c	swc1	2	0x0012c674	78caff4b71efff83f4bb83d0c9f15c20d4026cb13a5faf87bdb3ddd6d5696f90			analysis/matching/hunt1041-v81-validated-final20.tsv	31c5aad06832fadab8d0bd703531718a87ea186d279c241a41789ae0c2608e1a	ps2/progress28_structural_lift_recovered.o	cfg-must-constant	78caff4b71efff83f4bb83d0c9f15c20d4026cb13a5faf87bdb3ddd6d5696f90	16753135a76a1b681eab49fafb84328a2664bb7a5fbea8737269b9f7c366ee03	minimum directly accessed span; complete object/array extent and final layout unproved
DAT_003413f8	0x003413f8	DIRECT_ACCESS_PROVED	0x4	initialized	df3f619804a92fdb4057192dc43dd748ea778adc52bc498ce80524c014b81119	0x0012c558	0x680	0x0012c6b0	swc1	2	0x0012c684	78caff4b71efff83f4bb83d0c9f15c20d4026cb13a5faf87bdb3ddd6d5696f90			analysis/matching/hunt1041-v81-validated-final20.tsv	31c5aad06832fadab8d0bd703531718a87ea186d279c241a41789ae0c2608e1a	ps2/progress28_structural_lift_recovered.o	cfg-must-constant	78caff4b71efff83f4bb83d0c9f15c20d4026cb13a5faf87bdb3ddd6d5696f90	16753135a76a1b681eab49fafb84328a2664bb7a5fbea8737269b9f7c366ee03	minimum directly accessed span; complete object/array extent and final layout unproved
DAT_003413fc	0x003413fc	DIRECT_ACCESS_PROVED	0x4	initialized	df3f619804a92fdb4057192dc43dd748ea778adc52bc498ce80524c014b81119	0x0012c558	0x680	0x0012c6c0	swc1	2	0x0012c6b8	78caff4b71efff83f4bb83d0c9f15c20d4026cb13a5faf87bdb3ddd6d5696f90			analysis/matching/hunt1041-v81-validated-final20.tsv	31c5aad06832fadab8d0bd703531718a87ea186d279c241a41789ae0c2608e1a	ps2/progress28_structural_lift_recovered.o	cfg-must-constant	78caff4b71efff83f4bb83d0c9f15c20d4026cb13a5faf87bdb3ddd6d5696f90	16753135a76a1b681eab49fafb84328a2664bb7a5fbea8737269b9f7c366ee03	minimum directly accessed span; complete object/array extent and final layout unproved
DAT_00341434	0x00341434	DIRECT_ACCESS_PROVED	0x4	initialized	df3f619804a92fdb4057192dc43dd748ea778adc52bc498ce80524c014b81119	0x0012c558	0x680	0x0012c82c	lw	2	0x0012c828	9fa035256592c611ed239aa7b821d26f2fd87da30bd625bf103f1abf34f81a69			analysis/matching/hunt1041-v81-validated-final20.tsv	31c5aad06832fadab8d0bd703531718a87ea186d279c241a41789ae0c2608e1a	ps2/progress28_structural_lift_recovered.o	block-local-constant	78caff4b71efff83f4bb83d0c9f15c20d4026cb13a5faf87bdb3ddd6d5696f90	16753135a76a1b681eab49fafb84328a2664bb7a5fbea8737269b9f7c366ee03	minimum directly accessed span; complete object/array extent and final layout unproved
DAT_00341438	0x00341438	DIRECT_ACCESS_PROVED	0x2	initialized	96a296d224f285c67bee93c30f8a309157f0daa35dc5b87e410b78630a09cfc7	0x0012c558	0x680	0x0012c7b8	lh	16	0x0012c7ac	62bcd2bbb88dcf1e5f8ae752c68a0fe6efa47cb2602c3d3f144873266856ef49			analysis/matching/hunt1041-v81-validated-final20.tsv	31c5aad06832fadab8d0bd703531718a87ea186d279c241a41789ae0c2608e1a	ps2/progress28_structural_lift_recovered.o	block-local-constant	78caff4b71efff83f4bb83d0c9f15c20d4026cb13a5faf87bdb3ddd6d5696f90	16753135a76a1b681eab49fafb84328a2664bb7a5fbea8737269b9f7c366ee03	minimum directly accessed span; complete object/array extent and final layout unproved
DAT_0034143c	0x0034143c	DIRECT_ACCESS_PROVED	0x4	initialized	df3f619804a92fdb4057192dc43dd748ea778adc52bc498ce80524c014b81119	0x0012cbd8	0x240	0x0012cc6c	lwc1	2	0x0012cc68	f0b7e56a4594aa64b758ae84ea45c4897afe195f515c67cd41766d9d839534ea			analysis/matching/hunt1041-v80-validated-quickwins-23.tsv	bc64ffd5bceeb09497ff1e765080b7ca7d92f7127b9724423638bbbf4bf2160f	ps2/progress28_structural_lift_recovered.o	block-local-constant	1b84bf63d7e4f5968b1a7d3887c2299204ea630e619b6ef3defcf0f1344f7c6e	16753135a76a1b681eab49fafb84328a2664bb7a5fbea8737269b9f7c366ee03	minimum directly accessed span; complete object/array extent and final layout unproved
DAT_00341440	0x00341440	DIRECT_ACCESS_PROVED	0x4	initialized	df3f619804a92fdb4057192dc43dd748ea778adc52bc498ce80524c014b81119	0x0012cbd8	0x240	0x0012cc74	lwc1	2	0x0012cc70	d8f42926488d58c991ed6d2ac324d137075c6e75d5bf2430819ea69cc5ae97b0			analysis/matching/hunt1041-v80-validated-quickwins-23.tsv	bc64ffd5bceeb09497ff1e765080b7ca7d92f7127b9724423638bbbf4bf2160f	ps2/progress28_structural_lift_recovered.o	block-local-constant	1b84bf63d7e4f5968b1a7d3887c2299204ea630e619b6ef3defcf0f1344f7c6e	16753135a76a1b681eab49fafb84328a2664bb7a5fbea8737269b9f7c366ee03	minimum directly accessed span; complete object/array extent and final layout unproved
DAT_00341444	0x00341444	DIRECT_ACCESS_PROVED	0x4	initialized	df3f619804a92fdb4057192dc43dd748ea778adc52bc498ce80524c014b81119	0x0012cbd8	0x240	0x0012cd38	lwc1	2	0x0012cd30	35896fa8fd70fc010e26e0081e916822a6c9b865235fe36da667614f010ffc02			analysis/matching/hunt1041-v80-validated-quickwins-23.tsv	bc64ffd5bceeb09497ff1e765080b7ca7d92f7127b9724423638bbbf4bf2160f	ps2/progress28_structural_lift_recovered.o	block-local-constant	1b84bf63d7e4f5968b1a7d3887c2299204ea630e619b6ef3defcf0f1344f7c6e	16753135a76a1b681eab49fafb84328a2664bb7a5fbea8737269b9f7c366ee03	minimum directly accessed span; complete object/array extent and final layout unproved
DAT_00341448	0x00341448	DIRECT_ACCESS_PROVED	0x4	initialized	df3f619804a92fdb4057192dc43dd748ea778adc52bc498ce80524c014b81119	0x0012c558	0x680	0x0012c9a4	swc1	21	0x0012c93c	78caff4b71efff83f4bb83d0c9f15c20d4026cb13a5faf87bdb3ddd6d5696f90			analysis/matching/hunt1041-v81-validated-final20.tsv	31c5aad06832fadab8d0bd703531718a87ea186d279c241a41789ae0c2608e1a	ps2/progress28_structural_lift_recovered.o	cfg-must-constant	78caff4b71efff83f4bb83d0c9f15c20d4026cb13a5faf87bdb3ddd6d5696f90	16753135a76a1b681eab49fafb84328a2664bb7a5fbea8737269b9f7c366ee03	minimum directly accessed span; complete object/array extent and final layout unproved
DAT_0034144c	0x0034144c	NO_DIRECT_ACCESS_WITNESS															ps2/progress28_structural_lift_recovered.o				indexed/pointer/array/object bounds require separate proof
DAT_00341450	0x00341450	DIRECT_ACCESS_PROVED	0x4	initialized	df3f619804a92fdb4057192dc43dd748ea778adc52bc498ce80524c014b81119	0x0012ce18	0x244	0x0012cfd4	lwc1	2	0x0012cfd0	131a4f48dd09b94c3a437231632968d96261cf78078b4eccec5c04748416b083			analysis/matching/hunt500plus-v33-validated-204.tsv	198b46bab535289a94dc3974ab342f12191763e99b5f096294b68629f210f5a7	ps2/progress28_structural_lift_recovered.o	block-local-constant	311b894be2209d71998e9e2cf33dd0200f638f6f0ee29497453e9b3bca80a46d	16753135a76a1b681eab49fafb84328a2664bb7a5fbea8737269b9f7c366ee03	minimum directly accessed span; complete object/array extent and final layout unproved
DAT_00341454	0x00341454	DIRECT_ACCESS_PROVED	0x4	initialized	df3f619804a92fdb4057192dc43dd748ea778adc52bc498ce80524c014b81119	0x0012ce18	0x244	0x0012d010	lwc1	2	0x0012d00c	2fc3ab3b5a864dda53b6ff86bedc1eb873c3d668caf50da929fcc7df14845c98			analysis/matching/hunt500plus-v33-validated-204.tsv	198b46bab535289a94dc3974ab342f12191763e99b5f096294b68629f210f5a7	ps2/progress28_structural_lift_recovered.o	block-local-constant	311b894be2209d71998e9e2cf33dd0200f638f6f0ee29497453e9b3bca80a46d	16753135a76a1b681eab49fafb84328a2664bb7a5fbea8737269b9f7c366ee03	minimum directly accessed span; complete object/array extent and final layout unproved
DAT_0034145c	0x0034145c	NO_DIRECT_ACCESS_WITNESS															ps2/progress28_structural_lift_recovered.o				indexed/pointer/array/object bounds require separate proof
DAT_00341460	0x00341460	DIRECT_ACCESS_PROVED	0x2	initialized	96a296d224f285c67bee93c30f8a309157f0daa35dc5b87e410b78630a09cfc7	0x0012c558	0x680	0x0012cb44	sh	3	0x0012cb14	3b10698d698f7929005d4ece9ab1d3a2b27bc416afc8aac2a92c89d0820bdf87			analysis/matching/hunt1041-v81-validated-final20.tsv	31c5aad06832fadab8d0bd703531718a87ea186d279c241a41789ae0c2608e1a	ps2/progress28_structural_lift_recovered.o	block-local-constant	78caff4b71efff83f4bb83d0c9f15c20d4026cb13a5faf87bdb3ddd6d5696f90	16753135a76a1b681eab49fafb84328a2664bb7a5fbea8737269b9f7c366ee03	minimum directly accessed span; complete object/array extent and final layout unproved
DAT_00341462	0x00341462	DIRECT_ACCESS_PROVED	0x2	initialized	96a296d224f285c67bee93c30f8a309157f0daa35dc5b87e410b78630a09cfc7	0x0012c558	0x680	0x0012cb4c	sh	2	0x0012cb48	a8f38213c9ad99314a694b962524c07b96a9783e82274d7752205b48fb49dcb2			analysis/matching/hunt1041-v81-validated-final20.tsv	31c5aad06832fadab8d0bd703531718a87ea186d279c241a41789ae0c2608e1a	ps2/progress28_structural_lift_recovered.o	block-local-constant	78caff4b71efff83f4bb83d0c9f15c20d4026cb13a5faf87bdb3ddd6d5696f90	16753135a76a1b681eab49fafb84328a2664bb7a5fbea8737269b9f7c366ee03	minimum directly accessed span; complete object/array extent and final layout unproved
DAT_00341464	0x00341464	DIRECT_ACCESS_PROVED	0x2	initialized	96a296d224f285c67bee93c30f8a309157f0daa35dc5b87e410b78630a09cfc7	0x0012c558	0x680	0x0012c8f4	sh	30	0x0012c8ec	96b48e382ef9311c0e4615415651c04f1f73787924de9f62c166dedf23264db3			analysis/matching/hunt1041-v81-validated-final20.tsv	31c5aad06832fadab8d0bd703531718a87ea186d279c241a41789ae0c2608e1a	ps2/progress28_structural_lift_recovered.o	block-local-constant	78caff4b71efff83f4bb83d0c9f15c20d4026cb13a5faf87bdb3ddd6d5696f90	16753135a76a1b681eab49fafb84328a2664bb7a5fbea8737269b9f7c366ee03	minimum directly accessed span; complete object/array extent and final layout unproved
DAT_00341466	0x00341466	DIRECT_ACCESS_PROVED	0x2	initialized	96a296d224f285c67bee93c30f8a309157f0daa35dc5b87e410b78630a09cfc7	0x0012ce18	0x244	0x0012ce48	lh	3	0x0012ce1c	9c028322ba5094aa9a6e77fbc9e2d6d4b7b289a43fae90c1a1e683bdd5be18e7			analysis/matching/hunt500plus-v33-validated-204.tsv	198b46bab535289a94dc3974ab342f12191763e99b5f096294b68629f210f5a7	ps2/progress28_structural_lift_recovered.o	block-local-constant	311b894be2209d71998e9e2cf33dd0200f638f6f0ee29497453e9b3bca80a46d	16753135a76a1b681eab49fafb84328a2664bb7a5fbea8737269b9f7c366ee03	minimum directly accessed span; complete object/array extent and final layout unproved
DAT_003414b0	0x003414b0	DIRECT_ACCESS_PROVED	0x4	initialized	df3f619804a92fdb4057192dc43dd748ea778adc52bc498ce80524c014b81119	0x0012cbd8	0x240	0x0012cc58	lwc1	2	0x0012cc50	e26d6a9c9f35d4983e3e49bd0830a6237396cc248b8b2996f9f96326c44d791d			analysis/matching/hunt1041-v80-validated-quickwins-23.tsv	bc64ffd5bceeb09497ff1e765080b7ca7d92f7127b9724423638bbbf4bf2160f	ps2/progress28_structural_lift_recovered.o	block-local-constant	1b84bf63d7e4f5968b1a7d3887c2299204ea630e619b6ef3defcf0f1344f7c6e	16753135a76a1b681eab49fafb84328a2664bb7a5fbea8737269b9f7c366ee03	minimum directly accessed span; complete object/array extent and final layout unproved
DAT_003414b4	0x003414b4	DIRECT_ACCESS_PROVED	0x4	initialized	df3f619804a92fdb4057192dc43dd748ea778adc52bc498ce80524c014b81119	0x0012ce18	0x244	0x0012ce9c	sw	16	0x0012ce98	24de3140158c9ea7fe8884dcc21e032193cd3dfa8628a3daf187e139fd90e7b9			analysis/matching/hunt500plus-v33-validated-204.tsv	198b46bab535289a94dc3974ab342f12191763e99b5f096294b68629f210f5a7	ps2/progress28_structural_lift_recovered.o	block-local-constant	311b894be2209d71998e9e2cf33dd0200f638f6f0ee29497453e9b3bca80a46d	16753135a76a1b681eab49fafb84328a2664bb7a5fbea8737269b9f7c366ee03	minimum directly accessed span; complete object/array extent and final layout unproved
DAT_003414b8	0x003414b8	DIRECT_ACCESS_PROVED	0x4	initialized	df3f619804a92fdb4057192dc43dd748ea778adc52bc498ce80524c014b81119	0x0012dde0	0x80	0x0012de2c	lwc1	2	0x0012de24	ffc620be696d4406aaaf1a59cb6ae32de2f2117d64d705c06e3e3a62b5c58a09			analysis/matching/hunt500-v10-validated-17.tsv	c69da9ef146b90ec9ee78ad9013b5cb799a9ea301d029ec28846aee575b56e8b	ps2/progress28_structural_lift_recovered.o	block-local-constant	9a2d2e17fa48da0e0732f854151fbb42ce88f301196442adaee2060f885f8bf3	16753135a76a1b681eab49fafb84328a2664bb7a5fbea8737269b9f7c366ee03	minimum directly accessed span; complete object/array extent and final layout unproved
DAT_003414bc	0x003414bc	DIRECT_ACCESS_PROVED	0x4	initialized	df3f619804a92fdb4057192dc43dd748ea778adc52bc498ce80524c014b81119	0x0012dde0	0x80	0x0012de34	lwc1	2	0x0012de30	3a045436e47d3153199ca6387d70974bf7b3fc15c7e9d9b0a672242694d69e6f			analysis/matching/hunt500-v10-validated-17.tsv	c69da9ef146b90ec9ee78ad9013b5cb799a9ea301d029ec28846aee575b56e8b	ps2/progress28_structural_lift_recovered.o	block-local-constant	9a2d2e17fa48da0e0732f854151fbb42ce88f301196442adaee2060f885f8bf3	16753135a76a1b681eab49fafb84328a2664bb7a5fbea8737269b9f7c366ee03	minimum directly accessed span; complete object/array extent and final layout unproved
DAT_003414c0	0x003414c0	DIRECT_ACCESS_PROVED	0x2	initialized	96a296d224f285c67bee93c30f8a309157f0daa35dc5b87e410b78630a09cfc7	0x0012d05c	0x2d8	0x0012d098	lh	2	0x0012d094	fbf2f2d246a36dd5bc96ba79c036c176c8bc21a6f7d404332265f53da7a1b181			analysis/matching/hunt1041-v80-validated-quickwins-23.tsv	bc64ffd5bceeb09497ff1e765080b7ca7d92f7127b9724423638bbbf4bf2160f	ps2/progress28_structural_lift_recovered.o	block-local-constant	89dab25ff724744a12db900fe72c6406c35b1465db5672bb3dd3246419e8a798	16753135a76a1b681eab49fafb84328a2664bb7a5fbea8737269b9f7c366ee03	minimum directly accessed span; complete object/array extent and final layout unproved
DAT_003414c2	0x003414c2	DIRECT_ACCESS_PROVED	0x2	initialized	96a296d224f285c67bee93c30f8a309157f0daa35dc5b87e410b78630a09cfc7	0x0012d05c	0x2d8	0x0012d0b0	lh	2	0x0012d0ac	2b4eb61b239b7d57713b90f00c9acf4300124bb8ef6169baa763fca8682acf52			analysis/matching/hunt1041-v80-validated-quickwins-23.tsv	bc64ffd5bceeb09497ff1e765080b7ca7d92f7127b9724423638bbbf4bf2160f	ps2/progress28_structural_lift_recovered.o	block-local-constant	89dab25ff724744a12db900fe72c6406c35b1465db5672bb3dd3246419e8a798	16753135a76a1b681eab49fafb84328a2664bb7a5fbea8737269b9f7c366ee03	minimum directly accessed span; complete object/array extent and final layout unproved
DAT_003414c4	0x003414c4	DIRECT_ACCESS_PROVED	0x2	initialized	96a296d224f285c67bee93c30f8a309157f0daa35dc5b87e410b78630a09cfc7	0x0012d05c	0x2d8	0x0012d120	lh	2	0x0012d118	89dab25ff724744a12db900fe72c6406c35b1465db5672bb3dd3246419e8a798			analysis/matching/hunt1041-v80-validated-quickwins-23.tsv	bc64ffd5bceeb09497ff1e765080b7ca7d92f7127b9724423638bbbf4bf2160f	ps2/progress28_structural_lift_recovered.o	cfg-must-constant	89dab25ff724744a12db900fe72c6406c35b1465db5672bb3dd3246419e8a798	16753135a76a1b681eab49fafb84328a2664bb7a5fbea8737269b9f7c366ee03	minimum directly accessed span; complete object/array extent and final layout unproved
DAT_003414cc	0x003414cc	DIRECT_ACCESS_PROVED	0x4	initialized	df3f619804a92fdb4057192dc43dd748ea778adc52bc498ce80524c014b81119	0x0012d05c	0x2d8	0x0012d18c	swc1	2	0x0012d184	89dab25ff724744a12db900fe72c6406c35b1465db5672bb3dd3246419e8a798			analysis/matching/hunt1041-v80-validated-quickwins-23.tsv	bc64ffd5bceeb09497ff1e765080b7ca7d92f7127b9724423638bbbf4bf2160f	ps2/progress28_structural_lift_recovered.o	cfg-must-constant	89dab25ff724744a12db900fe72c6406c35b1465db5672bb3dd3246419e8a798	16753135a76a1b681eab49fafb84328a2664bb7a5fbea8737269b9f7c366ee03	minimum directly accessed span; complete object/array extent and final layout unproved
DAT_003414d0	0x003414d0	DIRECT_ACCESS_PROVED	0x4	initialized	df3f619804a92fdb4057192dc43dd748ea778adc52bc498ce80524c014b81119	0x0012d05c	0x2d8	0x0012d19c	swc1	2	0x0012d194	89dab25ff724744a12db900fe72c6406c35b1465db5672bb3dd3246419e8a798			analysis/matching/hunt1041-v80-validated-quickwins-23.tsv	bc64ffd5bceeb09497ff1e765080b7ca7d92f7127b9724423638bbbf4bf2160f	ps2/progress28_structural_lift_recovered.o	cfg-must-constant	89dab25ff724744a12db900fe72c6406c35b1465db5672bb3dd3246419e8a798	16753135a76a1b681eab49fafb84328a2664bb7a5fbea8737269b9f7c366ee03	minimum directly accessed span; complete object/array extent and final layout unproved
DAT_003414d4	0x003414d4	DIRECT_ACCESS_PROVED	0x4	initialized	df3f619804a92fdb4057192dc43dd748ea778adc52bc498ce80524c014b81119	0x0012d05c	0x2d8	0x0012d1ac	swc1	2	0x0012d1a0	89dab25ff724744a12db900fe72c6406c35b1465db5672bb3dd3246419e8a798			analysis/matching/hunt1041-v80-validated-quickwins-23.tsv	bc64ffd5bceeb09497ff1e765080b7ca7d92f7127b9724423638bbbf4bf2160f	ps2/progress28_structural_lift_recovered.o	cfg-must-constant	89dab25ff724744a12db900fe72c6406c35b1465db5672bb3dd3246419e8a798	16753135a76a1b681eab49fafb84328a2664bb7a5fbea8737269b9f7c366ee03	minimum directly accessed span; complete object/array extent and final layout unproved
DAT_003414d8	0x003414d8	DIRECT_ACCESS_PROVED	0x4	initialized	df3f619804a92fdb4057192dc43dd748ea778adc52bc498ce80524c014b81119	0x0012d05c	0x2d8	0x0012d1b8	swc1	2	0x0012d1b0	89dab25ff724744a12db900fe72c6406c35b1465db5672bb3dd3246419e8a798			analysis/matching/hunt1041-v80-validated-quickwins-23.tsv	bc64ffd5bceeb09497ff1e765080b7ca7d92f7127b9724423638bbbf4bf2160f	ps2/progress28_structural_lift_recovered.o	cfg-must-constant	89dab25ff724744a12db900fe72c6406c35b1465db5672bb3dd3246419e8a798	16753135a76a1b681eab49fafb84328a2664bb7a5fbea8737269b9f7c366ee03	minimum directly accessed span; complete object/array extent and final layout unproved
DAT_003414dc	0x003414dc	DIRECT_ACCESS_PROVED	0x4	initialized	df3f619804a92fdb4057192dc43dd748ea778adc52bc498ce80524c014b81119	0x0012d05c	0x2d8	0x0012d1c0	swc1	2	0x0012d1bc	19f1df1ee2f21e0e5a2960fb89e19e7d9f011013de922830c1a6e7d7b14fa326			analysis/matching/hunt1041-v80-validated-quickwins-23.tsv	bc64ffd5bceeb09497ff1e765080b7ca7d92f7127b9724423638bbbf4bf2160f	ps2/progress28_structural_lift_recovered.o	block-local-constant	89dab25ff724744a12db900fe72c6406c35b1465db5672bb3dd3246419e8a798	16753135a76a1b681eab49fafb84328a2664bb7a5fbea8737269b9f7c366ee03	minimum directly accessed span; complete object/array extent and final layout unproved
DAT_003414e0	0x003414e0	DIRECT_ACCESS_PROVED	0x4	initialized	df3f619804a92fdb4057192dc43dd748ea778adc52bc498ce80524c014b81119	0x0012d05c	0x2d8	0x0012d1d0	swc1	2	0x0012d1c8	89dab25ff724744a12db900fe72c6406c35b1465db5672bb3dd3246419e8a798			analysis/matching/hunt1041-v80-validated-quickwins-23.tsv	bc64ffd5bceeb09497ff1e765080b7ca7d92f7127b9724423638bbbf4bf2160f	ps2/progress28_structural_lift_recovered.o	cfg-must-constant	89dab25ff724744a12db900fe72c6406c35b1465db5672bb3dd3246419e8a798	16753135a76a1b681eab49fafb84328a2664bb7a5fbea8737269b9f7c366ee03	minimum directly accessed span; complete object/array extent and final layout unproved
DAT_003414e4	0x003414e4	DIRECT_ACCESS_PROVED	0x4	initialized	df3f619804a92fdb4057192dc43dd748ea778adc52bc498ce80524c014b81119	0x0012d05c	0x2d8	0x0012d1e0	swc1	2	0x0012d1dc	ca245bf3c1d3e55ab3194823f1b825e6a3b6da44679e3ec2868916f929b349b2			analysis/matching/hunt1041-v80-validated-quickwins-23.tsv	bc64ffd5bceeb09497ff1e765080b7ca7d92f7127b9724423638bbbf4bf2160f	ps2/progress28_structural_lift_recovered.o	block-local-constant	89dab25ff724744a12db900fe72c6406c35b1465db5672bb3dd3246419e8a798	16753135a76a1b681eab49fafb84328a2664bb7a5fbea8737269b9f7c366ee03	minimum directly accessed span; complete object/array extent and final layout unproved
DAT_003414e8	0x003414e8	DIRECT_ACCESS_PROVED	0x4	initialized	df3f619804a92fdb4057192dc43dd748ea778adc52bc498ce80524c014b81119	0x0012d05c	0x2d8	0x0012d1e8	swc1	2	0x0012d1e4	712c5949f41976e5b4e5deebac52feb53342f8d47d0daf8ebc3169cfc42b02dc			analysis/matching/hunt1041-v80-validated-quickwins-23.tsv	bc64ffd5bceeb09497ff1e765080b7ca7d92f7127b9724423638bbbf4bf2160f	ps2/progress28_structural_lift_recovered.o	block-local-constant	89dab25ff724744a12db900fe72c6406c35b1465db5672bb3dd3246419e8a798	16753135a76a1b681eab49fafb84328a2664bb7a5fbea8737269b9f7c366ee03	minimum directly accessed span; complete object/array extent and final layout unproved
DAT_003414ec	0x003414ec	DIRECT_ACCESS_PROVED	0x4	initialized	df3f619804a92fdb4057192dc43dd748ea778adc52bc498ce80524c014b81119	0x0012d05c	0x2d8	0x0012d1f4	swc1	2	0x0012d1ec	f9e6dd954d6e6fdb0247929df8968b74ac8c7cf0c6a05b118e6f48fbc76b740d			analysis/matching/hunt1041-v80-validated-quickwins-23.tsv	bc64ffd5bceeb09497ff1e765080b7ca7d92f7127b9724423638bbbf4bf2160f	ps2/progress28_structural_lift_recovered.o	block-local-constant	89dab25ff724744a12db900fe72c6406c35b1465db5672bb3dd3246419e8a798	16753135a76a1b681eab49fafb84328a2664bb7a5fbea8737269b9f7c366ee03	minimum directly accessed span; complete object/array extent and final layout unproved
DAT_003414fc	0x003414fc	DIRECT_ACCESS_PROVED	0x4	initialized	df3f619804a92fdb4057192dc43dd748ea778adc52bc498ce80524c014b81119	0x0012d05c	0x2d8	0x0012d1d8	sw	2	0x0012d1d4	2113d8f2c1749369e2ce68d9afcfa112f9ca3e245a65c8365bc63d98c8d71c67			analysis/matching/hunt1041-v80-validated-quickwins-23.tsv	bc64ffd5bceeb09497ff1e765080b7ca7d92f7127b9724423638bbbf4bf2160f	ps2/progress28_structural_lift_recovered.o	block-local-constant	89dab25ff724744a12db900fe72c6406c35b1465db5672bb3dd3246419e8a798	16753135a76a1b681eab49fafb84328a2664bb7a5fbea8737269b9f7c366ee03	minimum directly accessed span; complete object/array extent and final layout unproved
DAT_003415b0	0x003415b0	DIRECT_ACCESS_PROVED	0x2	initialized	96a296d224f285c67bee93c30f8a309157f0daa35dc5b87e410b78630a09cfc7	0x0012dc1c	0x1c4	0x0012dcac	lhu	2	0x0012dca8	c2019e9721bcfb068ab65e0d985e294ce3ab38e621af1bc1d100781fcf4bdfbb			analysis/matching/hunt500plus-v33-validated-204.tsv	198b46bab535289a94dc3974ab342f12191763e99b5f096294b68629f210f5a7	ps2/progress28_structural_lift_recovered.o	block-local-constant	6680b522a610029be3e6e31558e8c5bf6dd154aa5b01b89efe7f7ae47f9c15da	16753135a76a1b681eab49fafb84328a2664bb7a5fbea8737269b9f7c366ee03	minimum directly accessed span; complete object/array extent and final layout unproved
DAT_003415b2	0x003415b2	DIRECT_ACCESS_PROVED	0x2	initialized	96a296d224f285c67bee93c30f8a309157f0daa35dc5b87e410b78630a09cfc7	0x0012dc1c	0x1c4	0x0012dc64	lh	30	0x0012dc28	13f825d6843d3a52038579a9c119838859df59005f8a4502942fd5afdae5d61b			analysis/matching/hunt500plus-v33-validated-204.tsv	198b46bab535289a94dc3974ab342f12191763e99b5f096294b68629f210f5a7	ps2/progress28_structural_lift_recovered.o	block-local-constant	6680b522a610029be3e6e31558e8c5bf6dd154aa5b01b89efe7f7ae47f9c15da	16753135a76a1b681eab49fafb84328a2664bb7a5fbea8737269b9f7c366ee03	minimum directly accessed span; complete object/array extent and final layout unproved
DAT_003415b4	0x003415b4	NO_DIRECT_ACCESS_WITNESS															ps2/progress28_structural_lift_recovered.o				indexed/pointer/array/object bounds require separate proof
DAT_003415b6	0x003415b6	NO_DIRECT_ACCESS_WITNESS															ps2/progress28_structural_lift_recovered.o				indexed/pointer/array/object bounds require separate proof
DAT_003415b8	0x003415b8	NO_DIRECT_ACCESS_WITNESS															ps2/progress28_structural_lift_recovered.o				indexed/pointer/array/object bounds require separate proof
DAT_003415ba	0x003415ba	DIRECT_ACCESS_PROVED	0x2	initialized	96a296d224f285c67bee93c30f8a309157f0daa35dc5b87e410b78630a09cfc7	0x0012dc1c	0x1c4	0x0012dda4	lhu	2	0x0012dda0	dbf7048a4542ab3d5968cca1e78d6d182b331574758e04d4d3a39df9844fc18d			analysis/matching/hunt500plus-v33-validated-204.tsv	198b46bab535289a94dc3974ab342f12191763e99b5f096294b68629f210f5a7	ps2/progress28_structural_lift_recovered.o	block-local-constant	6680b522a610029be3e6e31558e8c5bf6dd154aa5b01b89efe7f7ae47f9c15da	16753135a76a1b681eab49fafb84328a2664bb7a5fbea8737269b9f7c366ee03	minimum directly accessed span; complete object/array extent and final layout unproved
DAT_0034160c	0x0034160c	DIRECT_ACCESS_PROVED	0x2	initialized	96a296d224f285c67bee93c30f8a309157f0daa35dc5b87e410b78630a09cfc7	0x0012e04c	0x80	0x0012e060	lh	2	0x0012e05c	252479970fb4f847f674d5454b5614572d57a85b3dafb6873c7c0c16646bdffe			analysis/matching/hunt500plus-v33-validated-204.tsv	198b46bab535289a94dc3974ab342f12191763e99b5f096294b68629f210f5a7	ps2/progress28_structural_lift_recovered.o	block-local-constant	253661e642a21440aa89d0c67c431b0433f1e6603887af7682b15317e76d0db2	16753135a76a1b681eab49fafb84328a2664bb7a5fbea8737269b9f7c366ee03	minimum directly accessed span; complete object/array extent and final layout unproved
DAT_0034160e	0x0034160e	DIRECT_ACCESS_PROVED	0x2	initialized	96a296d224f285c67bee93c30f8a309157f0daa35dc5b87e410b78630a09cfc7	0x0012e04c	0x80	0x0012e058	lh	2	0x0012e050	ae67e5f6dacb72ffc5025d2f3ed536770618850f3e47074a0d407b4613962afd			analysis/matching/hunt500plus-v33-validated-204.tsv	198b46bab535289a94dc3974ab342f12191763e99b5f096294b68629f210f5a7	ps2/progress28_structural_lift_recovered.o	block-local-constant	253661e642a21440aa89d0c67c431b0433f1e6603887af7682b15317e76d0db2	16753135a76a1b681eab49fafb84328a2664bb7a5fbea8737269b9f7c366ee03	minimum directly accessed span; complete object/array extent and final layout unproved
DAT_00341610	0x00341610	DIRECT_ACCESS_PROVED	0x2	initialized	96a296d224f285c67bee93c30f8a309157f0daa35dc5b87e410b78630a09cfc7	0x0012e04c	0x80	0x0012e06c	lh	2	0x0012e064	2224dfea5cb3534bfe6260abc51e52b6bb8d807b791f329a426caabe42130257			analysis/matching/hunt500plus-v33-validated-204.tsv	198b46bab535289a94dc3974ab342f12191763e99b5f096294b68629f210f5a7	ps2/progress28_structural_lift_recovered.o	block-local-constant	253661e642a21440aa89d0c67c431b0433f1e6603887af7682b15317e76d0db2	16753135a76a1b681eab49fafb84328a2664bb7a5fbea8737269b9f7c366ee03	minimum directly accessed span; complete object/array extent and final layout unproved
DAT_00341614	0x00341614	DIRECT_ACCESS_PROVED	0x2	initialized	96a296d224f285c67bee93c30f8a309157f0daa35dc5b87e410b78630a09cfc7	0x0012e0cc	0x1f8	0x0012e1f4	lh	3	0x0012e1ec	3d272d6ddb811406ac69ed6ec54738e197a95d3a85818c269c00eb211bef0bd4			analysis/matching/hunt500plus-v33-validated-204.tsv	198b46bab535289a94dc3974ab342f12191763e99b5f096294b68629f210f5a7	ps2/progress28_structural_lift_recovered.o	block-local-constant	d772ce01d9c6398253885ae5859f8db1559b33ff1bc46d70f3e04ef209590cf0	16753135a76a1b681eab49fafb84328a2664bb7a5fbea8737269b9f7c366ee03	minimum directly accessed span; complete object/array extent and final layout unproved
DAT_00341616	0x00341616	NO_DIRECT_ACCESS_WITNESS															ps2/progress28_structural_lift_recovered.o				indexed/pointer/array/object bounds require separate proof
DAT_00341618	0x00341618	DIRECT_ACCESS_PROVED	0x2	initialized	96a296d224f285c67bee93c30f8a309157f0daa35dc5b87e410b78630a09cfc7	0x0012e0cc	0x1f8	0x0012e114	lh	19	0x0012e0d4	7eed70b730a5ef9d05ed73dc6306dc9d93becad426454868e4664bf96e5f8226			analysis/matching/hunt500plus-v33-validated-204.tsv	198b46bab535289a94dc3974ab342f12191763e99b5f096294b68629f210f5a7	ps2/progress28_structural_lift_recovered.o	block-local-constant	d772ce01d9c6398253885ae5859f8db1559b33ff1bc46d70f3e04ef209590cf0	16753135a76a1b681eab49fafb84328a2664bb7a5fbea8737269b9f7c366ee03	minimum directly accessed span; complete object/array extent and final layout unproved
DAT_0034161a	0x0034161a	DIRECT_ACCESS_PROVED	0x2	initialized	96a296d224f285c67bee93c30f8a309157f0daa35dc5b87e410b78630a09cfc7	0x0012e0cc	0x1f8	0x0012e11c	lh	16	0x0012e10c	d210912b5128ea9b19756748b9701648bb4e49cae220fe889c090d82635472a2			analysis/matching/hunt500plus-v33-validated-204.tsv	198b46bab535289a94dc3974ab342f12191763e99b5f096294b68629f210f5a7	ps2/progress28_structural_lift_recovered.o	block-local-constant	d772ce01d9c6398253885ae5859f8db1559b33ff1bc46d70f3e04ef209590cf0	16753135a76a1b681eab49fafb84328a2664bb7a5fbea8737269b9f7c366ee03	minimum directly accessed span; complete object/array extent and final layout unproved
DAT_0034161c	0x0034161c	NO_DIRECT_ACCESS_WITNESS															ps2/progress28_structural_lift_recovered.o				indexed/pointer/array/object bounds require separate proof
DAT_0034161e	0x0034161e	DIRECT_ACCESS_PROVED	0x2	initialized	96a296d224f285c67bee93c30f8a309157f0daa35dc5b87e410b78630a09cfc7	0x0012e0cc	0x1f8	0x0012e174	lhu	2	0x0012e16c	e2986d9d9e596aa852327c73f9eec02165ea5dc4d6802c345bb7506cb97bedff			analysis/matching/hunt500plus-v33-validated-204.tsv	198b46bab535289a94dc3974ab342f12191763e99b5f096294b68629f210f5a7	ps2/progress28_structural_lift_recovered.o	block-local-constant	d772ce01d9c6398253885ae5859f8db1559b33ff1bc46d70f3e04ef209590cf0	16753135a76a1b681eab49fafb84328a2664bb7a5fbea8737269b9f7c366ee03	minimum directly accessed span; complete object/array extent and final layout unproved
DAT_00341626	0x00341626	NO_DIRECT_ACCESS_WITNESS															ps2/progress28_structural_lift_recovered.o				indexed/pointer/array/object bounds require separate proof
DAT_00341628	0x00341628	DIRECT_ACCESS_PROVED	0x2	initialized	96a296d224f285c67bee93c30f8a309157f0daa35dc5b87e410b78630a09cfc7	0x0012e0cc	0x1f8	0x0012e190	sh	2	0x0012e184	88ed85f9018e176b95ebaab9bff389ac07ae9d767153a523132526408a7a14c2			analysis/matching/hunt500plus-v33-validated-204.tsv	198b46bab535289a94dc3974ab342f12191763e99b5f096294b68629f210f5a7	ps2/progress28_structural_lift_recovered.o	block-local-constant	d772ce01d9c6398253885ae5859f8db1559b33ff1bc46d70f3e04ef209590cf0	16753135a76a1b681eab49fafb84328a2664bb7a5fbea8737269b9f7c366ee03	minimum directly accessed span; complete object/array extent and final layout unproved
DAT_0034162a	0x0034162a	NO_DIRECT_ACCESS_WITNESS															ps2/progress28_structural_lift_recovered.o				indexed/pointer/array/object bounds require separate proof
DAT_0034162c	0x0034162c	DIRECT_ACCESS_PROVED	0x2	initialized	96a296d224f285c67bee93c30f8a309157f0daa35dc5b87e410b78630a09cfc7	0x0012e0cc	0x1f8	0x0012e1d0	sh	2	0x0012e1c0	a9a981070b1da2cc9ae1063fb7553563ed2ef9d9b73d12028f21c510ec42f038			analysis/matching/hunt500plus-v33-validated-204.tsv	198b46bab535289a94dc3974ab342f12191763e99b5f096294b68629f210f5a7	ps2/progress28_structural_lift_recovered.o	block-local-constant	d772ce01d9c6398253885ae5859f8db1559b33ff1bc46d70f3e04ef209590cf0	16753135a76a1b681eab49fafb84328a2664bb7a5fbea8737269b9f7c366ee03	minimum directly accessed span; complete object/array extent and final layout unproved
DAT_0034162e	0x0034162e	NO_DIRECT_ACCESS_WITNESS															ps2/progress28_structural_lift_recovered.o				indexed/pointer/array/object bounds require separate proof
DAT_00341630	0x00341630	DIRECT_ACCESS_PROVED	0x2	initialized	96a296d224f285c67bee93c30f8a309157f0daa35dc5b87e410b78630a09cfc7	0x0012e0cc	0x1f8	0x0012e218	sh	3	0x0012e210	902fa981428e50c1a485ba5b94d5d047563b4823965c65165c2282a184bbccd9			analysis/matching/hunt500plus-v33-validated-204.tsv	198b46bab535289a94dc3974ab342f12191763e99b5f096294b68629f210f5a7	ps2/progress28_structural_lift_recovered.o	block-local-constant	d772ce01d9c6398253885ae5859f8db1559b33ff1bc46d70f3e04ef209590cf0	16753135a76a1b681eab49fafb84328a2664bb7a5fbea8737269b9f7c366ee03	minimum directly accessed span; complete object/array extent and final layout unproved
DAT_00342a38	0x00342a38	DIRECT_ACCESS_PROVED	0x7fc	initialized	ff662105e12fcc74e80dbc270db8a47b29437318961d1fffa93e08e7e165c211	0x001306f8	0x200	0x00130774	memset.write	4	0x0013071c;0x00130744;0x0013074c;0x00130758;0x00130770	d327115b98bc998fcf024bc9e21ede48aaddd6b794a4cc1fca75361de68e2507	0x0019c39c	cecbe61c3a5bab20064a2941574a50bd6e9c1727fc5c161be546310cd045a731	analysis/matching/hunt500plus-v33-validated-204.tsv	198b46bab535289a94dc3974ab342f12191763e99b5f096294b68629f210f5a7	ps2/progress28_structural_lift_recovered.o	block-local-constant	b2519da1d29ee584ae4b5c69b50874edcea33856d171d0bc0a99bec9795ef397	16753135a76a1b681eab49fafb84328a2664bb7a5fbea8737269b9f7c366ee03	minimum directly accessed span; complete object/array extent and final layout unproved
DAT_00342a7c	0x00342a7c	DIRECT_ACCESS_PROVED	0x4	initialized	df3f619804a92fdb4057192dc43dd748ea778adc52bc498ce80524c014b81119	0x0012fef0	0x244	0x00130084	lw	5	0x0013007c;0x00130080	0dd878da999dd2ed7ab6ce395904f6a1efe3324531048b7c2118be488384cad2			analysis/matching/hunt500plus-v33-validated-204.tsv	198b46bab535289a94dc3974ab342f12191763e99b5f096294b68629f210f5a7	ps2/progress28_structural_lift_recovered.o	block-local-constant	8d2a527156418943c8ffe42f761a005584ddc217381cf1a68ddca68860ebd686	16753135a76a1b681eab49fafb84328a2664bb7a5fbea8737269b9f7c366ee03	minimum directly accessed span; complete object/array extent and final layout unproved
DAT_00342a80	0x00342a80	DIRECT_ACCESS_PROVED	0x4	initialized	df3f619804a92fdb4057192dc43dd748ea778adc52bc498ce80524c014b81119	0x001305a0	0x158	0x00130614	lw	4	0x00130600;0x00130604	393ebd6b3d0f15ee87ab1764f4cbde88db15c242fedba2777c0f7b9468dc1593			analysis/matching/hunt500plus-v33-validated-204.tsv	198b46bab535289a94dc3974ab342f12191763e99b5f096294b68629f210f5a7	ps2/progress28_structural_lift_recovered.o	block-local-constant	afe150441cef56882357bb4157ad088e20c8755d70b7b6de40258b84818f11f3	16753135a76a1b681eab49fafb84328a2664bb7a5fbea8737269b9f7c366ee03	minimum directly accessed span; complete object/array extent and final layout unproved
DAT_00342a88	0x00342a88	DIRECT_ACCESS_PROVED	0x4	initialized	df3f619804a92fdb4057192dc43dd748ea778adc52bc498ce80524c014b81119	0x0012fef0	0x244	0x0012ffa4	sw	14	0x0012ff0c;0x0012ff14	8d2a527156418943c8ffe42f761a005584ddc217381cf1a68ddca68860ebd686			analysis/matching/hunt500plus-v33-validated-204.tsv	198b46bab535289a94dc3974ab342f12191763e99b5f096294b68629f210f5a7	ps2/progress28_structural_lift_recovered.o	cfg-must-constant	8d2a527156418943c8ffe42f761a005584ddc217381cf1a68ddca68860ebd686	16753135a76a1b681eab49fafb84328a2664bb7a5fbea8737269b9f7c366ee03	minimum directly accessed span; complete object/array extent and final layout unproved
DAT_00342a8c	0x00342a8c	DIRECT_ACCESS_PROVED	0x4	initialized	df3f619804a92fdb4057192dc43dd748ea778adc52bc498ce80524c014b81119	0x0012fef0	0x244	0x0012ffbc	sw	14	0x0012ff0c;0x0012ff14	8d2a527156418943c8ffe42f761a005584ddc217381cf1a68ddca68860ebd686			analysis/matching/hunt500plus-v33-validated-204.tsv	198b46bab535289a94dc3974ab342f12191763e99b5f096294b68629f210f5a7	ps2/progress28_structural_lift_recovered.o	cfg-must-constant	8d2a527156418943c8ffe42f761a005584ddc217381cf1a68ddca68860ebd686	16753135a76a1b681eab49fafb84328a2664bb7a5fbea8737269b9f7c366ee03	minimum directly accessed span; complete object/array extent and final layout unproved
DAT_00342a90	0x00342a90	DIRECT_ACCESS_PROVED	0x4	initialized	df3f619804a92fdb4057192dc43dd748ea778adc52bc498ce80524c014b81119	0x0012fe9c	0x18	0x0012feb0	sw	2	0x0012fe9c;0x0012fea0	bd3bba24840d799c9a5cb1d58174a4a85b9897685ca9f5241375b55b9118bea4			analysis/matching/hunt500plus-v33-validated-204.tsv	198b46bab535289a94dc3974ab342f12191763e99b5f096294b68629f210f5a7	ps2/progress28_structural_lift_recovered.o	block-local-constant	bd3bba24840d799c9a5cb1d58174a4a85b9897685ca9f5241375b55b9118bea4	16753135a76a1b681eab49fafb84328a2664bb7a5fbea8737269b9f7c366ee03	minimum directly accessed span; complete object/array extent and final layout unproved
DAT_00342aac	0x00342aac	DIRECT_ACCESS_PROVED	0x4	initialized	df3f619804a92fdb4057192dc43dd748ea778adc52bc498ce80524c014b81119	0x001305a0	0x158	0x00130608	lw	4	0x00130600;0x00130604	6314bc73694d4538ab493c43636126090433f8185403a4f483f3b6bda83f5df8			analysis/matching/hunt500plus-v33-validated-204.tsv	198b46bab535289a94dc3974ab342f12191763e99b5f096294b68629f210f5a7	ps2/progress28_structural_lift_recovered.o	block-local-constant	afe150441cef56882357bb4157ad088e20c8755d70b7b6de40258b84818f11f3	16753135a76a1b681eab49fafb84328a2664bb7a5fbea8737269b9f7c366ee03	minimum directly accessed span; complete object/array extent and final layout unproved
DAT_00342ab0	0x00342ab0	DIRECT_ACCESS_PROVED	0x4	initialized	df3f619804a92fdb4057192dc43dd748ea778adc52bc498ce80524c014b81119	0x0014080c	0x44	0x0014082c	sw	2	0x0014080c;0x00140814	58f7881d42cfa4052867b839dc01f6757b460a85ee2f2beefd61ee3082d0a2e0			analysis/matching/hunt1000plus-v46-validated-42.tsv	c13a582a9b6bc100256670dbc0d2b2bda6f10293f4359e3b2fd912dcf8c2f5db	ps2/progress28_structural_lift_recovered.o	block-local-constant	39a5ff2e43533e82a612533c1c872c9142454e0be16fc4b01403280355272ce7	16753135a76a1b681eab49fafb84328a2664bb7a5fbea8737269b9f7c366ee03	minimum directly accessed span; complete object/array extent and final layout unproved
DAT_00342ab4	0x00342ab4	DIRECT_ACCESS_PROVED	0x4	initialized	df3f619804a92fdb4057192dc43dd748ea778adc52bc498ce80524c014b81119	0x001305a0	0x158	0x00130654	lw	4	0x0013064c;0x00130650	7d5dbfb593b00f3d5219069f88c3c08c5ed412d56627ff4a2e80e602df5a3aff			analysis/matching/hunt500plus-v33-validated-204.tsv	198b46bab535289a94dc3974ab342f12191763e99b5f096294b68629f210f5a7	ps2/progress28_structural_lift_recovered.o	block-local-constant	afe150441cef56882357bb4157ad088e20c8755d70b7b6de40258b84818f11f3	16753135a76a1b681eab49fafb84328a2664bb7a5fbea8737269b9f7c366ee03	minimum directly accessed span; complete object/array extent and final layout unproved
DAT_00342ab8	0x00342ab8	DIRECT_ACCESS_PROVED	0x4	initialized	df3f619804a92fdb4057192dc43dd748ea778adc52bc498ce80524c014b81119	0x001305a0	0x158	0x0013062c	lw	4	0x00130620;0x00130624	2aed1cf88c3c142341d9c3847214a81a3321c6ce405a13c8c4fc3675507ddbea			analysis/matching/hunt500plus-v33-validated-204.tsv	198b46bab535289a94dc3974ab342f12191763e99b5f096294b68629f210f5a7	ps2/progress28_structural_lift_recovered.o	block-local-constant	afe150441cef56882357bb4157ad088e20c8755d70b7b6de40258b84818f11f3	16753135a76a1b681eab49fafb84328a2664bb7a5fbea8737269b9f7c366ee03	minimum directly accessed span; complete object/array extent and final layout unproved
DAT_00342abc	0x00342abc	DIRECT_ACCESS_PROVED	0x4	initialized	df3f619804a92fdb4057192dc43dd748ea778adc52bc498ce80524c014b81119	0x001309c4	0xb4	0x00130a30	lw	2	0x00130a2c	444b9115db703abc8b03ddad91f5e716000fd35c7d918cd58d3b2aa7de54f504			analysis/matching/hunt1000plus-v46-validated-42.tsv	c13a582a9b6bc100256670dbc0d2b2bda6f10293f4359e3b2fd912dcf8c2f5db	ps2/progress28_structural_lift_recovered.o	block-local-constant	e291d1eb2a4cace46aa4fd0152556b62955695381ce6a01cc15625b84566abf5	16753135a76a1b681eab49fafb84328a2664bb7a5fbea8737269b9f7c366ee03	minimum directly accessed span; complete object/array extent and final layout unproved
DAT_00342ad0	0x00342ad0	DIRECT_ACCESS_PROVED	0x4	initialized	df3f619804a92fdb4057192dc43dd748ea778adc52bc498ce80524c014b81119	0x001305a0	0x158	0x001305b0	lw	2	0x001305a4	1c72ac2e03081ea5613cc46a00847238cb37910e049832c0cf607d66d654ae58			analysis/matching/hunt500plus-v33-validated-204.tsv	198b46bab535289a94dc3974ab342f12191763e99b5f096294b68629f210f5a7	ps2/progress28_structural_lift_recovered.o	block-local-constant	afe150441cef56882357bb4157ad088e20c8755d70b7b6de40258b84818f11f3	16753135a76a1b681eab49fafb84328a2664bb7a5fbea8737269b9f7c366ee03	minimum directly accessed span; complete object/array extent and final layout unproved
DAT_00342ad4	0x00342ad4	DIRECT_ACCESS_PROVED	0x4	initialized	df3f619804a92fdb4057192dc43dd748ea778adc52bc498ce80524c014b81119	0x0012fef0	0x244	0x00130090	lw	5	0x0013007c;0x00130080	44fded04089f0b3c78aaa9985c67bcff1fa3d40f3921d70bf184aef65c04d147			analysis/matching/hunt500plus-v33-validated-204.tsv	198b46bab535289a94dc3974ab342f12191763e99b5f096294b68629f210f5a7	ps2/progress28_structural_lift_recovered.o	block-local-constant	8d2a527156418943c8ffe42f761a005584ddc217381cf1a68ddca68860ebd686	16753135a76a1b681eab49fafb84328a2664bb7a5fbea8737269b9f7c366ee03	minimum directly accessed span; complete object/array extent and final layout unproved
DAT_00342ad8	0x00342ad8	DIRECT_ACCESS_PROVED	0x4	initialized	df3f619804a92fdb4057192dc43dd748ea778adc52bc498ce80524c014b81119	0x0012fef0	0x244	0x0012ff4c	lw	14	0x0012ff0c;0x0012ff14	8d2a527156418943c8ffe42f761a005584ddc217381cf1a68ddca68860ebd686			analysis/matching/hunt500plus-v33-validated-204.tsv	198b46bab535289a94dc3974ab342f12191763e99b5f096294b68629f210f5a7	ps2/progress28_structural_lift_recovered.o	cfg-must-constant	8d2a527156418943c8ffe42f761a005584ddc217381cf1a68ddca68860ebd686	16753135a76a1b681eab49fafb84328a2664bb7a5fbea8737269b9f7c366ee03	minimum directly accessed span; complete object/array extent and final layout unproved
DAT_00342ae4	0x00342ae4	DIRECT_ACCESS_PROVED	0x4	initialized	df3f619804a92fdb4057192dc43dd748ea778adc52bc498ce80524c014b81119	0x00130134	0x46c	0x00130278	lw	2	0x00130274	338f01cd05db3b2dd1d3642b8641aa2aea7b8b5293dacaf2d20a72e5081dab6c			analysis/matching/hunt500plus-v33-validated-204.tsv	198b46bab535289a94dc3974ab342f12191763e99b5f096294b68629f210f5a7	ps2/progress28_structural_lift_recovered.o	block-local-constant	2a048111b31dc189da6f3a739ef64c0fe30029ee9c6f02673fc2ffa30695d8f9	16753135a76a1b681eab49fafb84328a2664bb7a5fbea8737269b9f7c366ee03	minimum directly accessed span; complete object/array extent and final layout unproved
DAT_00342ae8	0x00342ae8	DIRECT_ACCESS_PROVED	0x4	initialized	df3f619804a92fdb4057192dc43dd748ea778adc52bc498ce80524c014b81119	0x00130134	0x46c	0x00130140	lw	4	0x00130134;0x00130138	74c6d32d11c76064898aa5a1a13a0e92eeb85eab418ae1b6e803bc05f340707c			analysis/matching/hunt500plus-v33-validated-204.tsv	198b46bab535289a94dc3974ab342f12191763e99b5f096294b68629f210f5a7	ps2/progress28_structural_lift_recovered.o	block-local-constant	2a048111b31dc189da6f3a739ef64c0fe30029ee9c6f02673fc2ffa30695d8f9	16753135a76a1b681eab49fafb84328a2664bb7a5fbea8737269b9f7c366ee03	minimum directly accessed span; complete object/array extent and final layout unproved
DAT_00342aec	0x00342aec	DIRECT_ACCESS_PROVED	0x4	initialized	df3f619804a92fdb4057192dc43dd748ea778adc52bc498ce80524c014b81119	0x00130134	0x46c	0x001301c0	lw	2	0x001301b0;0x001301b8	e93becbe4df7779fc0c9eedda76cb9e466ef30607283e4e00e5d1c5d5e944a66			analysis/matching/hunt500plus-v33-validated-204.tsv	198b46bab535289a94dc3974ab342f12191763e99b5f096294b68629f210f5a7	ps2/progress28_structural_lift_recovered.o	block-local-constant	2a048111b31dc189da6f3a739ef64c0fe30029ee9c6f02673fc2ffa30695d8f9	16753135a76a1b681eab49fafb84328a2664bb7a5fbea8737269b9f7c366ee03	minimum directly accessed span; complete object/array extent and final layout unproved
DAT_00342af0	0x00342af0	NO_DIRECT_ACCESS_WITNESS															ps2/progress28_structural_lift_recovered.o				indexed/pointer/array/object bounds require separate proof
DAT_00342b70	0x00342b70	NO_DIRECT_ACCESS_WITNESS															ps2/progress28_structural_lift_recovered.o				indexed/pointer/array/object bounds require separate proof
DAT_00342bf0	0x00342bf0	DIRECT_ACCESS_PROVED	0x4	initialized	df3f619804a92fdb4057192dc43dd748ea778adc52bc498ce80524c014b81119	0x0012fef0	0x244	0x00130040	sw	14	0x0012ff0c;0x0012ff14	8d2a527156418943c8ffe42f761a005584ddc217381cf1a68ddca68860ebd686			analysis/matching/hunt500plus-v33-validated-204.tsv	198b46bab535289a94dc3974ab342f12191763e99b5f096294b68629f210f5a7	ps2/progress28_structural_lift_recovered.o	cfg-must-constant	8d2a527156418943c8ffe42f761a005584ddc217381cf1a68ddca68860ebd686	16753135a76a1b681eab49fafb84328a2664bb7a5fbea8737269b9f7c366ee03	minimum directly accessed span; complete object/array extent and final layout unproved
DAT_00342bf4	0x00342bf4	DIRECT_ACCESS_PROVED	0x4	initialized	df3f619804a92fdb4057192dc43dd748ea778adc52bc498ce80524c014b81119	0x0012fef0	0x244	0x0013003c	sw	14	0x0012ff0c;0x0012ff14	8d2a527156418943c8ffe42f761a005584ddc217381cf1a68ddca68860ebd686			analysis/matching/hunt500plus-v33-validated-204.tsv	198b46bab535289a94dc3974ab342f12191763e99b5f096294b68629f210f5a7	ps2/progress28_structural_lift_recovered.o	cfg-must-constant	8d2a527156418943c8ffe42f761a005584ddc217381cf1a68ddca68860ebd686	16753135a76a1b681eab49fafb84328a2664bb7a5fbea8737269b9f7c366ee03	minimum directly accessed span; complete object/array extent and final layout unproved
DAT_00342bf8	0x00342bf8	DIRECT_ACCESS_PROVED	0x4	initialized	df3f619804a92fdb4057192dc43dd748ea778adc52bc498ce80524c014b81119	0x00130134	0x46c	0x00130148	lw	4	0x00130134;0x00130138	47a2c04576201c9852e67b36d9017339879b3d6a7f28d320d23a1b913fd787a5			analysis/matching/hunt500plus-v33-validated-204.tsv	198b46bab535289a94dc3974ab342f12191763e99b5f096294b68629f210f5a7	ps2/progress28_structural_lift_recovered.o	block-local-constant	2a048111b31dc189da6f3a739ef64c0fe30029ee9c6f02673fc2ffa30695d8f9	16753135a76a1b681eab49fafb84328a2664bb7a5fbea8737269b9f7c366ee03	minimum directly accessed span; complete object/array extent and final layout unproved
DAT_00342bfc	0x00342bfc	DIRECT_ACCESS_PROVED	0x4	initialized	df3f619804a92fdb4057192dc43dd748ea778adc52bc498ce80524c014b81119	0x0012fef0	0x244	0x00130078	sw	14	0x0012ff0c;0x0012ff14	8d2a527156418943c8ffe42f761a005584ddc217381cf1a68ddca68860ebd686			analysis/matching/hunt500plus-v33-validated-204.tsv	198b46bab535289a94dc3974ab342f12191763e99b5f096294b68629f210f5a7	ps2/progress28_structural_lift_recovered.o	cfg-must-constant	8d2a527156418943c8ffe42f761a005584ddc217381cf1a68ddca68860ebd686	16753135a76a1b681eab49fafb84328a2664bb7a5fbea8737269b9f7c366ee03	minimum directly accessed span; complete object/array extent and final layout unproved
DAT_00342c00	0x00342c00	DIRECT_ACCESS_PROVED	0x4	initialized	df3f619804a92fdb4057192dc43dd748ea778adc52bc498ce80524c014b81119	0x0012fef0	0x244	0x001300f0	sw	5	0x0013007c;0x00130080	8d2a527156418943c8ffe42f761a005584ddc217381cf1a68ddca68860ebd686			analysis/matching/hunt500plus-v33-validated-204.tsv	198b46bab535289a94dc3974ab342f12191763e99b5f096294b68629f210f5a7	ps2/progress28_structural_lift_recovered.o	cfg-must-constant	8d2a527156418943c8ffe42f761a005584ddc217381cf1a68ddca68860ebd686	16753135a76a1b681eab49fafb84328a2664bb7a5fbea8737269b9f7c366ee03	minimum directly accessed span; complete object/array extent and final layout unproved
DAT_00342c04	0x00342c04	DIRECT_ACCESS_PROVED	0x4	initialized	df3f619804a92fdb4057192dc43dd748ea778adc52bc498ce80524c014b81119	0x0012fef0	0x244	0x001300ec	sw	5	0x0013007c;0x00130080	8d2a527156418943c8ffe42f761a005584ddc217381cf1a68ddca68860ebd686			analysis/matching/hunt500plus-v33-validated-204.tsv	198b46bab535289a94dc3974ab342f12191763e99b5f096294b68629f210f5a7	ps2/progress28_structural_lift_recovered.o	cfg-must-constant	8d2a527156418943c8ffe42f761a005584ddc217381cf1a68ddca68860ebd686	16753135a76a1b681eab49fafb84328a2664bb7a5fbea8737269b9f7c366ee03	minimum directly accessed span; complete object/array extent and final layout unproved
DAT_00342c08	0x00342c08	DIRECT_ACCESS_PROVED	0x4	initialized	df3f619804a92fdb4057192dc43dd748ea778adc52bc498ce80524c014b81119	0x0012fef0	0x244	0x0012fff4	sw	14	0x0012ff0c;0x0012ff14	8d2a527156418943c8ffe42f761a005584ddc217381cf1a68ddca68860ebd686			analysis/matching/hunt500plus-v33-validated-204.tsv	198b46bab535289a94dc3974ab342f12191763e99b5f096294b68629f210f5a7	ps2/progress28_structural_lift_recovered.o	cfg-must-constant	8d2a527156418943c8ffe42f761a005584ddc217381cf1a68ddca68860ebd686	16753135a76a1b681eab49fafb84328a2664bb7a5fbea8737269b9f7c366ee03	minimum directly accessed span; complete object/array extent and final layout unproved
DAT_00342c0c	0x00342c0c	DIRECT_ACCESS_PROVED	0x4	initialized	df3f619804a92fdb4057192dc43dd748ea778adc52bc498ce80524c014b81119	0x0012fef0	0x244	0x0012fff8	sw	14	0x0012ff0c;0x0012ff14	8d2a527156418943c8ffe42f761a005584ddc217381cf1a68ddca68860ebd686			analysis/matching/hunt500plus-v33-validated-204.tsv	198b46bab535289a94dc3974ab342f12191763e99b5f096294b68629f210f5a7	ps2/progress28_structural_lift_recovered.o	cfg-must-constant	8d2a527156418943c8ffe42f761a005584ddc217381cf1a68ddca68860ebd686	16753135a76a1b681eab49fafb84328a2664bb7a5fbea8737269b9f7c366ee03	minimum directly accessed span; complete object/array extent and final layout unproved
DAT_00342c10	0x00342c10	DIRECT_ACCESS_PROVED	0x4	initialized	df3f619804a92fdb4057192dc43dd748ea778adc52bc498ce80524c014b81119	0x0012fef0	0x244	0x0012fffc	sw	14	0x0012ff0c;0x0012ff14	8d2a527156418943c8ffe42f761a005584ddc217381cf1a68ddca68860ebd686			analysis/matching/hunt500plus-v33-validated-204.tsv	198b46bab535289a94dc3974ab342f12191763e99b5f096294b68629f210f5a7	ps2/progress28_structural_lift_recovered.o	cfg-must-constant	8d2a527156418943c8ffe42f761a005584ddc217381cf1a68ddca68860ebd686	16753135a76a1b681eab49fafb84328a2664bb7a5fbea8737269b9f7c366ee03	minimum directly accessed span; complete object/array extent and final layout unproved
DAT_00342c14	0x00342c14	NO_DIRECT_ACCESS_WITNESS															ps2/progress28_structural_lift_recovered.o				indexed/pointer/array/object bounds require separate proof
DAT_00342c24	0x00342c24	NO_DIRECT_ACCESS_WITNESS															ps2/progress28_structural_lift_recovered.o				indexed/pointer/array/object bounds require separate proof
DAT_0034323c	0x0034323c	DIRECT_ACCESS_PROVED	0x4	initialized	df3f619804a92fdb4057192dc43dd748ea778adc52bc498ce80524c014b81119	0x0012fef0	0x244	0x001300d0	lw	2	0x001300cc	8279bde9e3333a388594f992b9ddf6fc22110555406bfc78524e7e756c87088f			analysis/matching/hunt500plus-v33-validated-204.tsv	198b46bab535289a94dc3974ab342f12191763e99b5f096294b68629f210f5a7	ps2/progress28_structural_lift_recovered.o	block-local-constant	8d2a527156418943c8ffe42f761a005584ddc217381cf1a68ddca68860ebd686	16753135a76a1b681eab49fafb84328a2664bb7a5fbea8737269b9f7c366ee03	minimum directly accessed span; complete object/array extent and final layout unproved
DAT_00343240	0x00343240	NO_DIRECT_ACCESS_WITNESS															ps2/progress28_structural_lift_recovered.o				indexed/pointer/array/object bounds require separate proof
DAT_00343250	0x00343250	NO_DIRECT_ACCESS_WITNESS															ps2/progress28_structural_lift_recovered.o				indexed/pointer/array/object bounds require separate proof
DAT_00344e08	0x00344e08	DIRECT_ACCESS_PROVED	0x4	initialized	dc765660b06ee03dd16fd7ca5b957e8c805161ac2c4af28c5a100ab2ab432ca1	0x0014e828	0x1a4	0x0014e840	lw	2	0x0014e838	98a6a7f8c74130f022dd45702f56a7ac7c0778a922512f6ff8c573ebfae628e0			analysis/matching/hunt1000plus-v47-validated-79.tsv	fce375f4f3738af37cd57537ff374d0a7dbe0ca85559ecca8691858bce0bc623	ps2/progress28_structural_lift_recovered.o	block-local-constant	4deee9ab39ce633a3d428d85ef4593f2b7aee7d32c5afd37c4e699537e9b275f	16753135a76a1b681eab49fafb84328a2664bb7a5fbea8737269b9f7c366ee03	minimum directly accessed span; complete object/array extent and final layout unproved
DAT_00344e0c	0x00344e0c	DIRECT_ACCESS_PROVED	0x4	initialized	9f076b7eb7fdc0311cd3208cdbbebbf8014dd3a05e35191c96947b358a362b40	0x0014e828	0x1a4	0x0014e830	lw	2	0x0014e828	ea474001cb3849869a68639bb660990946ab00e7c7f9a88ae5ca24d50faabb59			analysis/matching/hunt1000plus-v47-validated-79.tsv	fce375f4f3738af37cd57537ff374d0a7dbe0ca85559ecca8691858bce0bc623	ps2/progress28_structural_lift_recovered.o	block-local-constant	4deee9ab39ce633a3d428d85ef4593f2b7aee7d32c5afd37c4e699537e9b275f	16753135a76a1b681eab49fafb84328a2664bb7a5fbea8737269b9f7c366ee03	minimum directly accessed span; complete object/array extent and final layout unproved
DAT_00345303	0x00345303	DIRECT_ACCESS_PROVED	0x1	initialized	6e340b9cffb37a989ca544e6bb780a2c78901d3fb33738768511a30617afa01d	0x001161a8	0x598	0x00116690	sb	3	0x00116688	9a5d9d1f959a8535ecd65926ec76b773583c79e374c390de3b0c9a2a174d2bbf			analysis/matching/hunt1000plus-v46-validated-42.tsv	c13a582a9b6bc100256670dbc0d2b2bda6f10293f4359e3b2fd912dcf8c2f5db	ps2/progress28_structural_lift_recovered.o	block-local-constant	2ec6ebb4a8a8934817467f937fb7c8ac4215349a0e006c0ecb949c52c3bd90f7	16753135a76a1b681eab49fafb84328a2664bb7a5fbea8737269b9f7c366ee03	minimum directly accessed span; complete object/array extent and final layout unproved
DAT_00345305	0x00345305	DIRECT_ACCESS_PROVED	0x1	initialized	6e340b9cffb37a989ca544e6bb780a2c78901d3fb33738768511a30617afa01d	0x0015a5f0	0x77c	0x0015a65c	sb	2	0x0015a658	3e91d798f764ac0b0c97e073bbec0957df37cee23cb8864755de1ef293c01fca			analysis/matching/hunt1041-v52-validated-17.tsv	05383075b5e8de362905b18184a8b4b88c4b9e1310568ac1791fff170c6129d9	ps2/progress28_structural_lift_recovered.o	block-local-constant	665f0c485c5b840a0c6bf2adbb7270537921f4976b6dcc0c346fc65efe349850	16753135a76a1b681eab49fafb84328a2664bb7a5fbea8737269b9f7c366ee03	minimum directly accessed span; complete object/array extent and final layout unproved
DAT_0034531c	0x0034531c	DIRECT_ACCESS_PROVED	0x4	initialized	df3f619804a92fdb4057192dc43dd748ea778adc52bc498ce80524c014b81119	0x00115db0	0x378	0x00115ecc	lw	2	0x00115ec8	6affb8be1438fbea27f125e445efc730722f6d93fc10cebd5f507b6be80ccb7f			analysis/matching/hunt500plus-v33-validated-204.tsv	198b46bab535289a94dc3974ab342f12191763e99b5f096294b68629f210f5a7	ps2/progress28_structural_lift_recovered.o	block-local-constant	a61d5b00a4933937d6bafda4bd925035b2ba7c21dc78f04222eaa4cd3e933633	16753135a76a1b681eab49fafb84328a2664bb7a5fbea8737269b9f7c366ee03	minimum directly accessed span; complete object/array extent and final layout unproved
DAT_00345320	0x00345320	DIRECT_ACCESS_PROVED	0x1	initialized	6e340b9cffb37a989ca544e6bb780a2c78901d3fb33738768511a30617afa01d	0x00115db0	0x378	0x00115f68	lbu	9	0x00115ebc;0x00115f50	a61d5b00a4933937d6bafda4bd925035b2ba7c21dc78f04222eaa4cd3e933633			analysis/matching/hunt500plus-v33-validated-204.tsv	198b46bab535289a94dc3974ab342f12191763e99b5f096294b68629f210f5a7	ps2/progress28_structural_lift_recovered.o	cfg-must-constant	a61d5b00a4933937d6bafda4bd925035b2ba7c21dc78f04222eaa4cd3e933633	16753135a76a1b681eab49fafb84328a2664bb7a5fbea8737269b9f7c366ee03	minimum directly accessed span; complete object/array extent and final layout unproved
DAT_00345321	0x00345321	DIRECT_ACCESS_PROVED	0x1	initialized	6e340b9cffb37a989ca544e6bb780a2c78901d3fb33738768511a30617afa01d	0x0011c050	0x3c	0x0011c080	sb	2	0x0011c064;0x0011c06c	84038fb5bb94d3acafb1e3838cf070ba82f11e87cc8396e73d22272b0e26857e			analysis/matching/hunt1041-v49-validated-20.tsv	d4fa3387ca1f39cdaf967b664e19682d448b402749ad07ae854873a782cfc045	ps2/progress28_structural_lift_recovered.o	block-local-constant	df72fc71cbbf1e35e3fb80c9697ab418e718f91e3b9475407dbd3d5b9b1bb4d0	16753135a76a1b681eab49fafb84328a2664bb7a5fbea8737269b9f7c366ee03	minimum directly accessed span; complete object/array extent and final layout unproved
DAT_00345322	0x00345322	DIRECT_ACCESS_PROVED	0x1	initialized	6e340b9cffb37a989ca544e6bb780a2c78901d3fb33738768511a30617afa01d	0x0011c050	0x3c	0x0011c07c	sb	2	0x0011c064;0x0011c06c	e21e98ba750be1fe2fe772ca7b49309cf857e3b5035f0edf5a3a37c949bbebd5			analysis/matching/hunt1041-v49-validated-20.tsv	d4fa3387ca1f39cdaf967b664e19682d448b402749ad07ae854873a782cfc045	ps2/progress28_structural_lift_recovered.o	block-local-constant	df72fc71cbbf1e35e3fb80c9697ab418e718f91e3b9475407dbd3d5b9b1bb4d0	16753135a76a1b681eab49fafb84328a2664bb7a5fbea8737269b9f7c366ee03	minimum directly accessed span; complete object/array extent and final layout unproved
DAT_00345323	0x00345323	DIRECT_ACCESS_PROVED	0x1	initialized	6e340b9cffb37a989ca544e6bb780a2c78901d3fb33738768511a30617afa01d	0x00129250	0x1d0	0x00129374	sb	2	0x00129370	076b217775bdf637a4ac82b5b166ac5ced2f619873d5dd120733fedf32636b10			analysis/matching/hunt1000plus-v34-validated-16.tsv	3e824f63d90666b021b356df579c5d3404e23acffa3e959ea863354f4219d1f3	ps2/progress28_structural_lift_recovered.o	block-local-constant	6289b22588d7a4aa0914ba8cb3c66bb7ee22192188297d54bfe1e1a5cad4d48b	16753135a76a1b681eab49fafb84328a2664bb7a5fbea8737269b9f7c366ee03	minimum directly accessed span; complete object/array extent and final layout unproved
DAT_00345324	0x00345324	DIRECT_ACCESS_PROVED	0x1	initialized	6e340b9cffb37a989ca544e6bb780a2c78901d3fb33738768511a30617afa01d	0x00177e6c	0x6db8	0x0017ac3c	lbu	2	0x0017ac38	f368e8842e8cece8afe8d390dfd8b90cfb020148d45876b54fd079bc8f9efa35			analysis/matching/hunt1041-v81-validated-final20.tsv	31c5aad06832fadab8d0bd703531718a87ea186d279c241a41789ae0c2608e1a	ps2/progress28_structural_lift_recovered.o	block-local-constant	bba365ad79c5d0c571e2100ed75f01bfbc79befa7cc2efb8b75700995a7b288c	16753135a76a1b681eab49fafb84328a2664bb7a5fbea8737269b9f7c366ee03	minimum directly accessed span; complete object/array extent and final layout unproved
DAT_00345328	0x00345328	DIRECT_ACCESS_PROVED	0x4	initialized	df3f619804a92fdb4057192dc43dd748ea778adc52bc498ce80524c014b81119	0x00170398	0xdc8	0x00170b8c	sw	16	0x00170b70;0x00170b78	7d9bf7d76b7f5d819330a44f6912d6646b61c3552b24db1d8038f90db314181f			analysis/matching/hunt1041-v52-validated-17.tsv	05383075b5e8de362905b18184a8b4b88c4b9e1310568ac1791fff170c6129d9	ps2/progress28_structural_lift_recovered.o	block-local-constant	1651f32c67163ff806b94944a93622c9a4e5ecbe3826da4b876f3764d5263ee8	16753135a76a1b681eab49fafb84328a2664bb7a5fbea8737269b9f7c366ee03	minimum directly accessed span; complete object/array extent and final layout unproved
DAT_0034532c	0x0034532c	DIRECT_ACCESS_PROVED	0x4	initialized	df3f619804a92fdb4057192dc43dd748ea778adc52bc498ce80524c014b81119	0x00170398	0xdc8	0x00170b90	sw	16	0x00170b70;0x00170b78	044f5ac629b371c8077b06a83b8d848c4e0b481671b13185a4b787a4c11d8d48			analysis/matching/hunt1041-v52-validated-17.tsv	05383075b5e8de362905b18184a8b4b88c4b9e1310568ac1791fff170c6129d9	ps2/progress28_structural_lift_recovered.o	block-local-constant	1651f32c67163ff806b94944a93622c9a4e5ecbe3826da4b876f3764d5263ee8	16753135a76a1b681eab49fafb84328a2664bb7a5fbea8737269b9f7c366ee03	minimum directly accessed span; complete object/array extent and final layout unproved
DAT_00345330	0x00345330	DIRECT_ACCESS_PROVED	0x4	initialized	df3f619804a92fdb4057192dc43dd748ea778adc52bc498ce80524c014b81119	0x001161a8	0x598	0x001163ec	lw	4	0x001163dc;0x001163e4	8920e1c704821b509b204c0bcb2ce3cef3f0cc5275d3f6f491d11a89a685cc39			analysis/matching/hunt1000plus-v46-validated-42.tsv	c13a582a9b6bc100256670dbc0d2b2bda6f10293f4359e3b2fd912dcf8c2f5db	ps2/progress28_structural_lift_recovered.o	block-local-constant	2ec6ebb4a8a8934817467f937fb7c8ac4215349a0e006c0ecb949c52c3bd90f7	16753135a76a1b681eab49fafb84328a2664bb7a5fbea8737269b9f7c366ee03	minimum directly accessed span; complete object/array extent and final layout unproved
DAT_00345334	0x00345334	DIRECT_ACCESS_PROVED	0x4	initialized	df3f619804a92fdb4057192dc43dd748ea778adc52bc498ce80524c014b81119	0x001161a8	0x598	0x001163a0	lw	4	0x00116394;0x0011639c	bdd42bbefbeeaaccf85efc00c2cb4f82992b6dddd9dbd7f9a934811da3f2a354			analysis/matching/hunt1000plus-v46-validated-42.tsv	c13a582a9b6bc100256670dbc0d2b2bda6f10293f4359e3b2fd912dcf8c2f5db	ps2/progress28_structural_lift_recovered.o	block-local-constant	2ec6ebb4a8a8934817467f937fb7c8ac4215349a0e006c0ecb949c52c3bd90f7	16753135a76a1b681eab49fafb84328a2664bb7a5fbea8737269b9f7c366ee03	minimum directly accessed span; complete object/array extent and final layout unproved
DAT_00345340	0x00345340	DIRECT_ACCESS_PROVED	0x4	initialized	df3f619804a92fdb4057192dc43dd748ea778adc52bc498ce80524c014b81119	0x00104f18	0x798	0x00105368	lw	18	0x00105358	547f8c080faf9b99802680b1eadc57e65679661cc0f94d2d117f2471bb60871f			analysis/matching/hunt1041-v81-validated-final20.tsv	31c5aad06832fadab8d0bd703531718a87ea186d279c241a41789ae0c2608e1a	ps2/progress28_structural_lift_recovered.o	block-local-constant	b8f2bdcb05d3b4d3e386f2a1e61d8146cffaa3e1b66bc8b9acce81d11e86ed4c	16753135a76a1b681eab49fafb84328a2664bb7a5fbea8737269b9f7c366ee03	minimum directly accessed span; complete object/array extent and final layout unproved
DAT_00345344	0x00345344	DIRECT_ACCESS_PROVED	0x1	initialized	6e340b9cffb37a989ca544e6bb780a2c78901d3fb33738768511a30617afa01d	0x0015a5f0	0x77c	0x0015abb4	sb	2	0x0015abb0	502959ecff48f91ff02a4ddfa6f0657fe439507edd3257df2856b1b8218791c1			analysis/matching/hunt1041-v52-validated-17.tsv	05383075b5e8de362905b18184a8b4b88c4b9e1310568ac1791fff170c6129d9	ps2/progress28_structural_lift_recovered.o	block-local-constant	665f0c485c5b840a0c6bf2adbb7270537921f4976b6dcc0c346fc65efe349850	16753135a76a1b681eab49fafb84328a2664bb7a5fbea8737269b9f7c366ee03	minimum directly accessed span; complete object/array extent and final layout unproved
DAT_00345345	0x00345345	DIRECT_ACCESS_PROVED	0x1	initialized	6e340b9cffb37a989ca544e6bb780a2c78901d3fb33738768511a30617afa01d	0x00115a18	0x140	0x00115a9c	sb	3	0x00115a4c;0x00115a68	bacdb897f8013328174cbfa82e6b3b53bc4701d8f79e5b7c12d095f11befad1f			analysis/matching/hunt500plus-v33-validated-204.tsv	198b46bab535289a94dc3974ab342f12191763e99b5f096294b68629f210f5a7	ps2/progress28_structural_lift_recovered.o	block-local-constant	987cd262d474b0e14be976525c53cc5b75a1a6711c76e3a4abc04e58622b863a	16753135a76a1b681eab49fafb84328a2664bb7a5fbea8737269b9f7c366ee03	minimum directly accessed span; complete object/array extent and final layout unproved
DAT_00345346	0x00345346	DIRECT_ACCESS_PROVED	0x1	initialized	6e340b9cffb37a989ca544e6bb780a2c78901d3fb33738768511a30617afa01d	0x0015e298	0x174	0x0015e2dc	lbu	2	0x0015e2d8	2fc7fbacc19e5384ed10fed863fe623a0beb2e10dec67f17f7b9e71aed7d8ceb			analysis/matching/hunt500plus-v33-validated-204.tsv	198b46bab535289a94dc3974ab342f12191763e99b5f096294b68629f210f5a7	ps2/progress28_structural_lift_recovered.o	block-local-constant	53f9db553317e993d99111c52713739254eeac883122a58215936a46b6421617	16753135a76a1b681eab49fafb84328a2664bb7a5fbea8737269b9f7c366ee03	minimum directly accessed span; complete object/array extent and final layout unproved
DAT_00345347	0x00345347	DIRECT_ACCESS_PROVED	0x1	initialized	6e340b9cffb37a989ca544e6bb780a2c78901d3fb33738768511a30617afa01d	0x00115a18	0x140	0x00115aa4	sb	3	0x00115a4c;0x00115a68	74c372b4896076373e43a44472c9030c745b91853207d40b4edeb90acdc90caa			analysis/matching/hunt500plus-v33-validated-204.tsv	198b46bab535289a94dc3974ab342f12191763e99b5f096294b68629f210f5a7	ps2/progress28_structural_lift_recovered.o	block-local-constant	987cd262d474b0e14be976525c53cc5b75a1a6711c76e3a4abc04e58622b863a	16753135a76a1b681eab49fafb84328a2664bb7a5fbea8737269b9f7c366ee03	minimum directly accessed span; complete object/array extent and final layout unproved
DAT_00345348	0x00345348	DIRECT_ACCESS_PROVED	0x1	initialized	6e340b9cffb37a989ca544e6bb780a2c78901d3fb33738768511a30617afa01d	0x00129af4	0x90c	0x00129e74	sb	2	0x00129e68	0800a0bcdaa5a86fd3332abde1182c9267d9f963c1f35fcb04658a2c07a8c2aa			analysis/matching/hunt1041-v72-validated-v53-6.tsv	b47aedc105d156ff00ff74bf90753e416b3ec6a9de47b5bd3991a8cbe727c01c	ps2/progress28_structural_lift_recovered.o	block-local-constant	a9ae7335a957dc56292cd234e7c49a9cc432b6f6e4c4f300225f30b4476b27a9	16753135a76a1b681eab49fafb84328a2664bb7a5fbea8737269b9f7c366ee03	minimum directly accessed span; complete object/array extent and final layout unproved
DAT_00345349	0x00345349	DIRECT_ACCESS_PROVED	0x1	initialized	6e340b9cffb37a989ca544e6bb780a2c78901d3fb33738768511a30617afa01d	0x00170398	0xdc8	0x00170bd4	lbu	2	0x00170bd0	41ae0efd7e15466571eaba5ca359d79d0461df853432e83fcef1975f9f8e7df9			analysis/matching/hunt1041-v52-validated-17.tsv	05383075b5e8de362905b18184a8b4b88c4b9e1310568ac1791fff170c6129d9	ps2/progress28_structural_lift_recovered.o	block-local-constant	1651f32c67163ff806b94944a93622c9a4e5ecbe3826da4b876f3764d5263ee8	16753135a76a1b681eab49fafb84328a2664bb7a5fbea8737269b9f7c366ee03	minimum directly accessed span; complete object/array extent and final layout unproved
DAT_0034534c	0x0034534c	DIRECT_ACCESS_PROVED	0x4	initialized	df3f619804a92fdb4057192dc43dd748ea778adc52bc498ce80524c014b81119	0x00115a18	0x140	0x00115ab0	sw	3	0x00115a4c;0x00115a68	a66c099bbf8574fb2bb2cfb1a8cb135f18188f7dd08f5e6e458e2fdb0fe6c9b9			analysis/matching/hunt500plus-v33-validated-204.tsv	198b46bab535289a94dc3974ab342f12191763e99b5f096294b68629f210f5a7	ps2/progress28_structural_lift_recovered.o	block-local-constant	987cd262d474b0e14be976525c53cc5b75a1a6711c76e3a4abc04e58622b863a	16753135a76a1b681eab49fafb84328a2664bb7a5fbea8737269b9f7c366ee03	minimum directly accessed span; complete object/array extent and final layout unproved
DAT_00345350	0x00345350	DIRECT_ACCESS_PROVED	0x4	initialized	df3f619804a92fdb4057192dc43dd748ea778adc52bc498ce80524c014b81119	0x00115a18	0x140	0x00115ab4	sw	3	0x00115a4c;0x00115a68	453c174c5cf39740de711d955436bff7d006e72e147d38ce39dc007ff7ec4d30			analysis/matching/hunt500plus-v33-validated-204.tsv	198b46bab535289a94dc3974ab342f12191763e99b5f096294b68629f210f5a7	ps2/progress28_structural_lift_recovered.o	block-local-constant	987cd262d474b0e14be976525c53cc5b75a1a6711c76e3a4abc04e58622b863a	16753135a76a1b681eab49fafb84328a2664bb7a5fbea8737269b9f7c366ee03	minimum directly accessed span; complete object/array extent and final layout unproved
DAT_00345354	0x00345354	DIRECT_ACCESS_PROVED	0x4	initialized	df3f619804a92fdb4057192dc43dd748ea778adc52bc498ce80524c014b81119	0x00115a18	0x140	0x00115ab8	sw	3	0x00115a4c;0x00115a68	357466019346aaae347e1cebe8028596e14357663faf37856fe088157b768652			analysis/matching/hunt500plus-v33-validated-204.tsv	198b46bab535289a94dc3974ab342f12191763e99b5f096294b68629f210f5a7	ps2/progress28_structural_lift_recovered.o	block-local-constant	987cd262d474b0e14be976525c53cc5b75a1a6711c76e3a4abc04e58622b863a	16753135a76a1b681eab49fafb84328a2664bb7a5fbea8737269b9f7c366ee03	minimum directly accessed span; complete object/array extent and final layout unproved
DAT_00345358	0x00345358	DIRECT_ACCESS_PROVED	0x4	initialized	df3f619804a92fdb4057192dc43dd748ea778adc52bc498ce80524c014b81119	0x00115a18	0x140	0x00115abc	sw	3	0x00115a4c;0x00115a68	ce03d0bf0cdff1e2ee1e40a2921717090defede5a41ebe438b00fe16f40ff7f2			analysis/matching/hunt500plus-v33-validated-204.tsv	198b46bab535289a94dc3974ab342f12191763e99b5f096294b68629f210f5a7	ps2/progress28_structural_lift_recovered.o	block-local-constant	987cd262d474b0e14be976525c53cc5b75a1a6711c76e3a4abc04e58622b863a	16753135a76a1b681eab49fafb84328a2664bb7a5fbea8737269b9f7c366ee03	minimum directly accessed span; complete object/array extent and final layout unproved
DAT_0034535c	0x0034535c	DIRECT_ACCESS_PROVED	0x4	initialized	df3f619804a92fdb4057192dc43dd748ea778adc52bc498ce80524c014b81119	0x00115a18	0x140	0x00115ac0	sw	3	0x00115a4c;0x00115a68	80a7bf6c52b3d88867b49f4a39a4e099b9508d72f4d239c7c6dd9786e8c5ec01			analysis/matching/hunt500plus-v33-validated-204.tsv	198b46bab535289a94dc3974ab342f12191763e99b5f096294b68629f210f5a7	ps2/progress28_structural_lift_recovered.o	block-local-constant	987cd262d474b0e14be976525c53cc5b75a1a6711c76e3a4abc04e58622b863a	16753135a76a1b681eab49fafb84328a2664bb7a5fbea8737269b9f7c366ee03	minimum directly accessed span; complete object/array extent and final layout unproved
DAT_00345360	0x00345360	DIRECT_ACCESS_PROVED	0x8	initialized	af5570f5a1810b7af78caf4bc70a660f0df51e42baf91d4de5b2328de0e83dfc	0x00115db0	0x378	0x00115dd8	ld	2	0x00115dd4	ffecaea9474a5da67ca4fe21bd4371d8910e593d955fb908f9c48bb47bce1ee8			analysis/matching/hunt500plus-v33-validated-204.tsv	198b46bab535289a94dc3974ab342f12191763e99b5f096294b68629f210f5a7	ps2/progress28_structural_lift_recovered.o	block-local-constant	a61d5b00a4933937d6bafda4bd925035b2ba7c21dc78f04222eaa4cd3e933633	16753135a76a1b681eab49fafb84328a2664bb7a5fbea8737269b9f7c366ee03	minimum directly accessed span; complete object/array extent and final layout unproved
DAT_00345368	0x00345368	DIRECT_ACCESS_PROVED	0x8	initialized	af5570f5a1810b7af78caf4bc70a660f0df51e42baf91d4de5b2328de0e83dfc	0x001ac604	0x130	0x001ac6e4	ld	3	0x001ac6dc	8aa93bbc6afac24771533c34a6ab609ad9c9a53b8266bd844d959f36bdf4a6d0			analysis/matching/hunt500plus-v11-validated-4.tsv	24d44878b0fe0f5eaae2bc0f7dda2dafd1f507e8ac2ccdc5abfcc79b4e8faf10	ps2/progress28_structural_lift_recovered.o	block-local-constant	7851cc7cf24009a433520f838fa4b29ce4f9e39742bda59965a0a4e5df13696b	16753135a76a1b681eab49fafb84328a2664bb7a5fbea8737269b9f7c366ee03	minimum directly accessed span; complete object/array extent and final layout unproved
DAT_00345370	0x00345370	DIRECT_ACCESS_PROVED	0x8	initialized	af5570f5a1810b7af78caf4bc70a660f0df51e42baf91d4de5b2328de0e83dfc	0x001161a8	0x598	0x00116218	ld	3	0x00116214	0e721a1bcb9536fb07ddba05ab00bfdda4b2e230a3743dbcbe4167f520009780			analysis/matching/hunt1000plus-v46-validated-42.tsv	c13a582a9b6bc100256670dbc0d2b2bda6f10293f4359e3b2fd912dcf8c2f5db	ps2/progress28_structural_lift_recovered.o	block-local-constant	2ec6ebb4a8a8934817467f937fb7c8ac4215349a0e006c0ecb949c52c3bd90f7	16753135a76a1b681eab49fafb84328a2664bb7a5fbea8737269b9f7c366ee03	minimum directly accessed span; complete object/array extent and final layout unproved
DAT_00345378	0x00345378	DIRECT_ACCESS_PROVED	0x8	initialized	af5570f5a1810b7af78caf4bc70a660f0df51e42baf91d4de5b2328de0e83dfc	0x00115a18	0x140	0x00115a94	sd	3	0x00115a4c;0x00115a68	e0ad07c172a7484f5c2faea6ab1d9fb5c5177b61c7efc9f7f9f3182636d0a58c			analysis/matching/hunt500plus-v33-validated-204.tsv	198b46bab535289a94dc3974ab342f12191763e99b5f096294b68629f210f5a7	ps2/progress28_structural_lift_recovered.o	block-local-constant	987cd262d474b0e14be976525c53cc5b75a1a6711c76e3a4abc04e58622b863a	16753135a76a1b681eab49fafb84328a2664bb7a5fbea8737269b9f7c366ee03	minimum directly accessed span; complete object/array extent and final layout unproved
DAT_00345380	0x00345380	DIRECT_ACCESS_PROVED	0x8	initialized	af5570f5a1810b7af78caf4bc70a660f0df51e42baf91d4de5b2328de0e83dfc	0x00115a18	0x140	0x00115a88	sd	3	0x00115a4c;0x00115a68	cf142510bc7b1735dc5af76628e00525dde544389f483e4bfb6a1606a18b76c5			analysis/matching/hunt500plus-v33-validated-204.tsv	198b46bab535289a94dc3974ab342f12191763e99b5f096294b68629f210f5a7	ps2/progress28_structural_lift_recovered.o	block-local-constant	987cd262d474b0e14be976525c53cc5b75a1a6711c76e3a4abc04e58622b863a	16753135a76a1b681eab49fafb84328a2664bb7a5fbea8737269b9f7c366ee03	minimum directly accessed span; complete object/array extent and final layout unproved
DAT_00345390	0x00345390	DIRECT_ACCESS_PROVED	0x4	initialized	df3f619804a92fdb4057192dc43dd748ea778adc52bc498ce80524c014b81119	0x00115a18	0x140	0x00115acc	sw	3	0x00115a4c;0x00115a68	6b0de85c920676e2f0f81e2d602d54431a9e3c49b2c64dc51316077d4cb05c5c			analysis/matching/hunt500plus-v33-validated-204.tsv	198b46bab535289a94dc3974ab342f12191763e99b5f096294b68629f210f5a7	ps2/progress28_structural_lift_recovered.o	block-local-constant	987cd262d474b0e14be976525c53cc5b75a1a6711c76e3a4abc04e58622b863a	16753135a76a1b681eab49fafb84328a2664bb7a5fbea8737269b9f7c366ee03	minimum directly accessed span; complete object/array extent and final layout unproved
DAT_00345394	0x00345394	DIRECT_ACCESS_PROVED	0x1	initialized	6e340b9cffb37a989ca544e6bb780a2c78901d3fb33738768511a30617afa01d	0x00115a18	0x140	0x00115ad0	sb	3	0x00115a4c;0x00115a68	55b35ca0d65e80b8560c256723e256a70676d3c38d91520fa3edad2889f34fc4			analysis/matching/hunt500plus-v33-validated-204.tsv	198b46bab535289a94dc3974ab342f12191763e99b5f096294b68629f210f5a7	ps2/progress28_structural_lift_recovered.o	block-local-constant	987cd262d474b0e14be976525c53cc5b75a1a6711c76e3a4abc04e58622b863a	16753135a76a1b681eab49fafb84328a2664bb7a5fbea8737269b9f7c366ee03	minimum directly accessed span; complete object/array extent and final layout unproved
DAT_00345398	0x00345398	DIRECT_ACCESS_PROVED	0x4	initialized	df3f619804a92fdb4057192dc43dd748ea778adc52bc498ce80524c014b81119	0x001161a8	0x598	0x001166fc	lw	5	0x001166ec;0x001166f4	b4215a811b014cf4d12f1fbe2dff1220f77b650b966c138fb471b9594b800645			analysis/matching/hunt1000plus-v46-validated-42.tsv	c13a582a9b6bc100256670dbc0d2b2bda6f10293f4359e3b2fd912dcf8c2f5db	ps2/progress28_structural_lift_recovered.o	block-local-constant	2ec6ebb4a8a8934817467f937fb7c8ac4215349a0e006c0ecb949c52c3bd90f7	16753135a76a1b681eab49fafb84328a2664bb7a5fbea8737269b9f7c366ee03	minimum directly accessed span; complete object/array extent and final layout unproved
DAT_0034539c	0x0034539c	DIRECT_ACCESS_PROVED	0x1	initialized	6e340b9cffb37a989ca544e6bb780a2c78901d3fb33738768511a30617afa01d	0x00115a18	0x140	0x00115ad4	sb	3	0x00115a4c;0x00115a68	ad68743f86292340ae510995f5d942b006606c44054d29be7dfa7a8a200cba03			analysis/matching/hunt500plus-v33-validated-204.tsv	198b46bab535289a94dc3974ab342f12191763e99b5f096294b68629f210f5a7	ps2/progress28_structural_lift_recovered.o	block-local-constant	987cd262d474b0e14be976525c53cc5b75a1a6711c76e3a4abc04e58622b863a	16753135a76a1b681eab49fafb84328a2664bb7a5fbea8737269b9f7c366ee03	minimum directly accessed span; complete object/array extent and final layout unproved
DAT_0034539d	0x0034539d	DIRECT_ACCESS_PROVED	0x1	initialized	6e340b9cffb37a989ca544e6bb780a2c78901d3fb33738768511a30617afa01d	0x001513bc	0xcfc	0x00151440	sb	3	0x00151438	bc0562c631883ba69a30569cdf92d76a7172a267c9f31551055a57d4c8598d91			analysis/matching/hunt1041-v52-validated-17.tsv	05383075b5e8de362905b18184a8b4b88c4b9e1310568ac1791fff170c6129d9	ps2/progress28_structural_lift_recovered.o	block-local-constant	6239824cf4772b39bebc112b1e8f4ec711b8e0fbf7366ee2bee95c8cd57b4239	16753135a76a1b681eab49fafb84328a2664bb7a5fbea8737269b9f7c366ee03	minimum directly accessed span; complete object/array extent and final layout unproved
DAT_003453a0	0x003453a0	DIRECT_ACCESS_PROVED	0x4	initialized	df3f619804a92fdb4057192dc43dd748ea778adc52bc498ce80524c014b81119	0x00115a18	0x140	0x00115af4	sw	3	0x00115a4c;0x00115a68	fbf81f94c8f53a07f9cc9854ade1830abf17a19f3f9764c90304b9b52e7871f9			analysis/matching/hunt500plus-v33-validated-204.tsv	198b46bab535289a94dc3974ab342f12191763e99b5f096294b68629f210f5a7	ps2/progress28_structural_lift_recovered.o	block-local-constant	987cd262d474b0e14be976525c53cc5b75a1a6711c76e3a4abc04e58622b863a	16753135a76a1b681eab49fafb84328a2664bb7a5fbea8737269b9f7c366ee03	minimum directly accessed span; complete object/array extent and final layout unproved
DAT_003453a4	0x003453a4	DIRECT_ACCESS_PROVED	0x4	initialized	df3f619804a92fdb4057192dc43dd748ea778adc52bc498ce80524c014b81119	0x00115a18	0x140	0x00115afc	sw	3	0x00115a4c;0x00115a68	c3d378934f7819b61327204a63b781b7821752699e04597434556cc071bd261c			analysis/matching/hunt500plus-v33-validated-204.tsv	198b46bab535289a94dc3974ab342f12191763e99b5f096294b68629f210f5a7	ps2/progress28_structural_lift_recovered.o	block-local-constant	987cd262d474b0e14be976525c53cc5b75a1a6711c76e3a4abc04e58622b863a	16753135a76a1b681eab49fafb84328a2664bb7a5fbea8737269b9f7c366ee03	minimum directly accessed span; complete object/array extent and final layout unproved
DAT_003453a8	0x003453a8	DIRECT_ACCESS_PROVED	0x1	initialized	6e340b9cffb37a989ca544e6bb780a2c78901d3fb33738768511a30617afa01d	0x00115a18	0x140	0x00115a3c	sb	16	0x00115a24	926d4351650e64f92a5b34923b3ce6385dcc0e094c5c7b6a43e320dfaeac3d18			analysis/matching/hunt500plus-v33-validated-204.tsv	198b46bab535289a94dc3974ab342f12191763e99b5f096294b68629f210f5a7	ps2/progress28_structural_lift_recovered.o	block-local-constant	987cd262d474b0e14be976525c53cc5b75a1a6711c76e3a4abc04e58622b863a	16753135a76a1b681eab49fafb84328a2664bb7a5fbea8737269b9f7c366ee03	minimum directly accessed span; complete object/array extent and final layout unproved
DAT_003453a9	0x003453a9	DIRECT_ACCESS_PROVED	0x1	initialized	6e340b9cffb37a989ca544e6bb780a2c78901d3fb33738768511a30617afa01d	0x00171700	0x6e8	0x00171b20	lbu	17	0x00171ae4;0x00171b0c;0x00171b1c	f1664c09f03f58a3a158cb03f8b3623386c60f6b5a974f78aec2753208198f57			analysis/matching/hunt1041-v52-validated-17.tsv	05383075b5e8de362905b18184a8b4b88c4b9e1310568ac1791fff170c6129d9	ps2/progress28_structural_lift_recovered.o	cfg-must-constant	f1664c09f03f58a3a158cb03f8b3623386c60f6b5a974f78aec2753208198f57	16753135a76a1b681eab49fafb84328a2664bb7a5fbea8737269b9f7c366ee03	minimum directly accessed span; complete object/array extent and final layout unproved
DAT_003453aa	0x003453aa	DIRECT_ACCESS_PROVED	0x2	initialized	96a296d224f285c67bee93c30f8a309157f0daa35dc5b87e410b78630a09cfc7	0x00127b78	0x288	0x00127b8c	lhu	17	0x00127b80;0x00127b88	da2d1624ba0efdb24b3b80330e925e1a26fa93861e666dad11a3e0154fef92a2			analysis/matching/hunt1000plus-v46-validated-42.tsv	c13a582a9b6bc100256670dbc0d2b2bda6f10293f4359e3b2fd912dcf8c2f5db	ps2/progress28_structural_lift_recovered.o	block-local-constant	6cc956f4227aa9bebd8fa045f54a8e50c313902143136c3b064f7c92d71802c8	16753135a76a1b681eab49fafb84328a2664bb7a5fbea8737269b9f7c366ee03	minimum directly accessed span; complete object/array extent and final layout unproved
DAT_003453ac	0x003453ac	DIRECT_ACCESS_PROVED	0x2	initialized	96a296d224f285c67bee93c30f8a309157f0daa35dc5b87e410b78630a09cfc7	0x00129420	0x2a4	0x001295e4	lhu	2	0x001295dc	5827a30de4dc5000da8efd7bad9a9ee3ee99baab5bad9142ff63ed79c12eee13			analysis/matching/hunt1000plus-v34-validated-16.tsv	3e824f63d90666b021b356df579c5d3404e23acffa3e959ea863354f4219d1f3	ps2/progress28_structural_lift_recovered.o	block-local-constant	934bda7461a1d4f2f601c215f9d61ae8d860838b350f4ddf3cd8c55a9781e9b6	16753135a76a1b681eab49fafb84328a2664bb7a5fbea8737269b9f7c366ee03	minimum directly accessed span; complete object/array extent and final layout unproved
DAT_003453ae	0x003453ae	NO_DIRECT_ACCESS_WITNESS															ps2/progress28_structural_lift_recovered.o				indexed/pointer/array/object bounds require separate proof
DAT_003453b0	0x003453b0	DIRECT_ACCESS_PROVED	0x2	initialized	96a296d224f285c67bee93c30f8a309157f0daa35dc5b87e410b78630a09cfc7	0x00127b78	0x288	0x00127ba0	lhu	17	0x00127b80;0x00127b88	6cc956f4227aa9bebd8fa045f54a8e50c313902143136c3b064f7c92d71802c8			analysis/matching/hunt1000plus-v46-validated-42.tsv	c13a582a9b6bc100256670dbc0d2b2bda6f10293f4359e3b2fd912dcf8c2f5db	ps2/progress28_structural_lift_recovered.o	cfg-must-constant	6cc956f4227aa9bebd8fa045f54a8e50c313902143136c3b064f7c92d71802c8	16753135a76a1b681eab49fafb84328a2664bb7a5fbea8737269b9f7c366ee03	minimum directly accessed span; complete object/array extent and final layout unproved
DAT_003453b2	0x003453b2	NO_DIRECT_ACCESS_WITNESS															ps2/progress28_structural_lift_recovered.o				indexed/pointer/array/object bounds require separate proof
DAT_003453b4	0x003453b4	NO_DIRECT_ACCESS_WITNESS															ps2/progress28_structural_lift_recovered.o				indexed/pointer/array/object bounds require separate proof
DAT_003453b6	0x003453b6	DIRECT_ACCESS_PROVED	0x2	initialized	96a296d224f285c67bee93c30f8a309157f0daa35dc5b87e410b78630a09cfc7	0x00115db0	0x378	0x00116008	sh	10	0x00115f64;0x00115f6c	87f7355812662417e9cabbe17210175c67819dedfc6acd8980b07fa2fa47d4ca			analysis/matching/hunt500plus-v33-validated-204.tsv	198b46bab535289a94dc3974ab342f12191763e99b5f096294b68629f210f5a7	ps2/progress28_structural_lift_recovered.o	block-local-constant	a61d5b00a4933937d6bafda4bd925035b2ba7c21dc78f04222eaa4cd3e933633	16753135a76a1b681eab49fafb84328a2664bb7a5fbea8737269b9f7c366ee03	minimum directly accessed span; complete object/array extent and final layout unproved
DAT_003453b8	0x003453b8	DIRECT_ACCESS_PROVED	0x4	initialized	df3f619804a92fdb4057192dc43dd748ea778adc52bc498ce80524c014b81119	0x00115db0	0x378	0x00115ddc	lw	16	0x00115dd0	0e60e9acc6f3ef352c5fdacac87ab158f752f69ffc02d04de152adae41d46283			analysis/matching/hunt500plus-v33-validated-204.tsv	198b46bab535289a94dc3974ab342f12191763e99b5f096294b68629f210f5a7	ps2/progress28_structural_lift_recovered.o	block-local-constant	a61d5b00a4933937d6bafda4bd925035b2ba7c21dc78f04222eaa4cd3e933633	16753135a76a1b681eab49fafb84328a2664bb7a5fbea8737269b9f7c366ee03	minimum directly accessed span; complete object/array extent and final layout unproved
DAT_003453bc	0x003453bc	DIRECT_ACCESS_PROVED	0x1	initialized	6e340b9cffb37a989ca544e6bb780a2c78901d3fb33738768511a30617afa01d	0x001acbf0	0x114	0x001acce0	lbu	3	0x001accd0;0x001accd4	6aa5c9808c1ad96c7f32eccecb21fa7312b9f5dd611b2783eec36476185ca5a7			analysis/matching/hunt400-v9-validated-64.tsv	b3f060b4eb6026892fe5c21b010273bd806125d898cc7d50bf05631d6d64e6f8	ps2/progress28_structural_lift_recovered.o	block-local-constant	edd2ea0badac63b79a8d45d6f71ad550cabfa246e4faf0549a45bb7d0ce40f7e	16753135a76a1b681eab49fafb84328a2664bb7a5fbea8737269b9f7c366ee03	minimum directly accessed span; complete object/array extent and final layout unproved
DAT_003453be	0x003453be	DIRECT_ACCESS_PROVED	0x1	initialized	6e340b9cffb37a989ca544e6bb780a2c78901d3fb33738768511a30617afa01d	0x0010a934	0x414	0x0010ac8c	sb	2	0x0010ac78;0x0010ac80	35f8c782071b7bd11806b49fd642e579e34fcfa1e7649d15b6d91af99fd171f6			analysis/matching/hunt1041-v52-validated-17.tsv	05383075b5e8de362905b18184a8b4b88c4b9e1310568ac1791fff170c6129d9	ps2/progress28_structural_lift_recovered.o	block-local-constant	7b9b22e9e4219577dc0519b524ba93e24e2829c425bdbcfe6b7213c47f245ac0	16753135a76a1b681eab49fafb84328a2664bb7a5fbea8737269b9f7c366ee03	minimum directly accessed span; complete object/array extent and final layout unproved
DAT_003453bf	0x003453bf	NO_DIRECT_ACCESS_WITNESS															ps2/progress28_structural_lift_recovered.o				indexed/pointer/array/object bounds require separate proof
DAT_003453c0	0x003453c0	NO_DIRECT_ACCESS_WITNESS															ps2/progress28_structural_lift_recovered.o				indexed/pointer/array/object bounds require separate proof
DAT_003453c8	0x003453c8	NO_DIRECT_ACCESS_WITNESS															ps2/progress28_structural_lift_recovered.o				indexed/pointer/array/object bounds require separate proof
DAT_003453d0	0x003453d0	NO_DIRECT_ACCESS_WITNESS															ps2/progress28_structural_lift_recovered.o				indexed/pointer/array/object bounds require separate proof
DAT_003453d8	0x003453d8	NO_DIRECT_ACCESS_WITNESS															ps2/progress28_structural_lift_recovered.o				indexed/pointer/array/object bounds require separate proof
DAT_003453e0	0x003453e0	NO_DIRECT_ACCESS_WITNESS															ps2/progress28_structural_lift_recovered.o				indexed/pointer/array/object bounds require separate proof
DAT_003453e8	0x003453e8	NO_DIRECT_ACCESS_WITNESS															ps2/progress28_structural_lift_recovered.o				indexed/pointer/array/object bounds require separate proof
DAT_003453f0	0x003453f0	DIRECT_ACCESS_PROVED	0x1	initialized	6e340b9cffb37a989ca544e6bb780a2c78901d3fb33738768511a30617afa01d	0x0010ad48	0x628	0x0010af58	lbu	2	0x0010af54	4846a0b17504b5b6876a2adb02bd32e0975a3a36c1b8db446f1a2fd1f5b2dc63			analysis/matching/hunt500plus-v33-validated-204.tsv	198b46bab535289a94dc3974ab342f12191763e99b5f096294b68629f210f5a7	ps2/progress28_structural_lift_recovered.o	block-local-constant	110f555c836f56076a15af99d73fbfdf6c321ddabe798fabadda9f7da7584bcb	16753135a76a1b681eab49fafb84328a2664bb7a5fbea8737269b9f7c366ee03	minimum directly accessed span; complete object/array extent and final layout unproved
DAT_003453ff	0x003453ff	DIRECT_ACCESS_PROVED	0x1	initialized	6e340b9cffb37a989ca544e6bb780a2c78901d3fb33738768511a30617afa01d	0x0010ad48	0x628	0x0010af7c	lbu	3	0x0010af74;0x0010af78	cdda0991f7c26561350404eb29e220b5bc0653ae5b10aec6c8ca4910e7a42177			analysis/matching/hunt500plus-v33-validated-204.tsv	198b46bab535289a94dc3974ab342f12191763e99b5f096294b68629f210f5a7	ps2/progress28_structural_lift_recovered.o	block-local-constant	110f555c836f56076a15af99d73fbfdf6c321ddabe798fabadda9f7da7584bcb	16753135a76a1b681eab49fafb84328a2664bb7a5fbea8737269b9f7c366ee03	minimum directly accessed span; complete object/array extent and final layout unproved
DAT_00345400	0x00345400	DIRECT_ACCESS_PROVED	0x1	initialized	6e340b9cffb37a989ca544e6bb780a2c78901d3fb33738768511a30617afa01d	0x0010ad48	0x628	0x0010af98	lbu	2	0x0010af94	a2fe6a71dc931426a6d9e84c3281209cd8827199895d5db8b520e59e3e18fc9e			analysis/matching/hunt500plus-v33-validated-204.tsv	198b46bab535289a94dc3974ab342f12191763e99b5f096294b68629f210f5a7	ps2/progress28_structural_lift_recovered.o	block-local-constant	110f555c836f56076a15af99d73fbfdf6c321ddabe798fabadda9f7da7584bcb	16753135a76a1b681eab49fafb84328a2664bb7a5fbea8737269b9f7c366ee03	minimum directly accessed span; complete object/array extent and final layout unproved
DAT_00345402	0x00345402	NO_DIRECT_ACCESS_WITNESS															ps2/progress28_structural_lift_recovered.o				indexed/pointer/array/object bounds require separate proof
DAT_0034540f	0x0034540f	DIRECT_ACCESS_PROVED	0x1	initialized	6e340b9cffb37a989ca544e6bb780a2c78901d3fb33738768511a30617afa01d	0x0010a934	0x414	0x0010ac9c	sb	2	0x0010ac78;0x0010ac80	06a195732b372ed045a4634bf011164ba2ea80b792399635a19ef7abe8b8722a			analysis/matching/hunt1041-v52-validated-17.tsv	05383075b5e8de362905b18184a8b4b88c4b9e1310568ac1791fff170c6129d9	ps2/progress28_structural_lift_recovered.o	block-local-constant	7b9b22e9e4219577dc0519b524ba93e24e2829c425bdbcfe6b7213c47f245ac0	16753135a76a1b681eab49fafb84328a2664bb7a5fbea8737269b9f7c366ee03	minimum directly accessed span; complete object/array extent and final layout unproved
DAT_00345410	0x00345410	DIRECT_ACCESS_PROVED	0x1	initialized	6e340b9cffb37a989ca544e6bb780a2c78901d3fb33738768511a30617afa01d	0x0010ad48	0x628	0x0010b104	lbu	2	0x0010b100	aeba8d4466406c52ec4917d91312c86d65e842e9b72c8c7721698cc0c7a3e57f			analysis/matching/hunt500plus-v33-validated-204.tsv	198b46bab535289a94dc3974ab342f12191763e99b5f096294b68629f210f5a7	ps2/progress28_structural_lift_recovered.o	block-local-constant	110f555c836f56076a15af99d73fbfdf6c321ddabe798fabadda9f7da7584bcb	16753135a76a1b681eab49fafb84328a2664bb7a5fbea8737269b9f7c366ee03	minimum directly accessed span; complete object/array extent and final layout unproved
DAT_00345412	0x00345412	NO_DIRECT_ACCESS_WITNESS															ps2/progress28_structural_lift_recovered.o				indexed/pointer/array/object bounds require separate proof
DAT_0034541f	0x0034541f	DIRECT_ACCESS_PROVED	0x1	initialized	6e340b9cffb37a989ca544e6bb780a2c78901d3fb33738768511a30617afa01d	0x0010ad48	0x628	0x0010b168	sb	2	0x0010b160	0c21702e0cedf78f0f15ecfd58fd454c3925af3e7b466887a8848fce330feb1a			analysis/matching/hunt500plus-v33-validated-204.tsv	198b46bab535289a94dc3974ab342f12191763e99b5f096294b68629f210f5a7	ps2/progress28_structural_lift_recovered.o	block-local-constant	110f555c836f56076a15af99d73fbfdf6c321ddabe798fabadda9f7da7584bcb	16753135a76a1b681eab49fafb84328a2664bb7a5fbea8737269b9f7c366ee03	minimum directly accessed span; complete object/array extent and final layout unproved
DAT_00345420	0x00345420	DIRECT_ACCESS_PROVED	0x1	initialized	6e340b9cffb37a989ca544e6bb780a2c78901d3fb33738768511a30617afa01d	0x00175300	0x9b4	0x00175630	lbu	2	0x00175628	1b649f45c36d6f605f543acbec4d43bc1262f55f8f2928d6edeeb0578d2701b2			analysis/matching/hunt1041-v81-validated-final20.tsv	31c5aad06832fadab8d0bd703531718a87ea186d279c241a41789ae0c2608e1a	ps2/progress28_structural_lift_recovered.o	block-local-constant	a4009eee1ef43aa647aa6ccf7781cca84920b09ee285bf39976d883bdd218a99	16753135a76a1b681eab49fafb84328a2664bb7a5fbea8737269b9f7c366ee03	minimum directly accessed span; complete object/array extent and final layout unproved
DAT_00345422	0x00345422	NO_DIRECT_ACCESS_WITNESS															ps2/progress28_structural_lift_recovered.o				indexed/pointer/array/object bounds require separate proof
DAT_0034542f	0x0034542f	DIRECT_ACCESS_PROVED	0x1	initialized	6e340b9cffb37a989ca544e6bb780a2c78901d3fb33738768511a30617afa01d	0x00174728	0x108	0x00174814	lbu	2	0x0017480c	92ae1c7ee549d5bd443284d855f2628432e1027a36c5eca7deeb7cf4fd66be74			analysis/matching/hunt1041-v52-validated-17.tsv	05383075b5e8de362905b18184a8b4b88c4b9e1310568ac1791fff170c6129d9	ps2/progress28_structural_lift_recovered.o	block-local-constant	4be60f798dca820fcd3c50e07ff262c64055ea6199c4b9fe471f21dfa8368e78	16753135a76a1b681eab49fafb84328a2664bb7a5fbea8737269b9f7c366ee03	minimum directly accessed span; complete object/array extent and final layout unproved
DAT_00345432	0x00345432	NO_DIRECT_ACCESS_WITNESS															ps2/progress28_structural_lift_recovered.o				indexed/pointer/array/object bounds require separate proof
DAT_0034543f	0x0034543f	DIRECT_ACCESS_PROVED	0x1	initialized	6e340b9cffb37a989ca544e6bb780a2c78901d3fb33738768511a30617afa01d	0x0010a934	0x414	0x0010ac90	sb	2	0x0010ac78;0x0010ac80	95857356c61f13375713ef8af18ab09184b803829876c9eb931a169de5baf0f6			analysis/matching/hunt1041-v52-validated-17.tsv	05383075b5e8de362905b18184a8b4b88c4b9e1310568ac1791fff170c6129d9	ps2/progress28_structural_lift_recovered.o	block-local-constant	7b9b22e9e4219577dc0519b524ba93e24e2829c425bdbcfe6b7213c47f245ac0	16753135a76a1b681eab49fafb84328a2664bb7a5fbea8737269b9f7c366ee03	minimum directly accessed span; complete object/array extent and final layout unproved
DAT_00345440	0x00345440	DIRECT_ACCESS_PROVED	0x1	initialized	6e340b9cffb37a989ca544e6bb780a2c78901d3fb33738768511a30617afa01d	0x001742b4	0x34	0x001742c8	lbu	2	0x001742b8	db05f21042feb678d95810b167654dc5039df57d7e7f093682b072d92c6dd5aa			analysis/matching/hunt400-v9-validated-64.tsv	b3f060b4eb6026892fe5c21b010273bd806125d898cc7d50bf05631d6d64e6f8	ps2/progress28_structural_lift_recovered.o	block-local-constant	aa5de3e0a51941f8a0494c3a6eed85ea04bc1b168573135c97f41893074181eb	16753135a76a1b681eab49fafb84328a2664bb7a5fbea8737269b9f7c366ee03	minimum directly accessed span; complete object/array extent and final layout unproved
DAT_00345442	0x00345442	NO_DIRECT_ACCESS_WITNESS															ps2/progress28_structural_lift_recovered.o				indexed/pointer/array/object bounds require separate proof
DAT_00345484	0x00345484	DIRECT_ACCESS_PROVED	0x2	initialized	96a296d224f285c67bee93c30f8a309157f0daa35dc5b87e410b78630a09cfc7	0x0010b564	0x1c8	0x0010b59c	sh	4	0x0010b584;0x0010b588	4f52ca66b413d231a269b246c0e53e610598944c6ae262675f692f76a7097222			analysis/matching/hunt500plus-v33-validated-204.tsv	198b46bab535289a94dc3974ab342f12191763e99b5f096294b68629f210f5a7	ps2/progress28_structural_lift_recovered.o	cfg-must-constant	4f52ca66b413d231a269b246c0e53e610598944c6ae262675f692f76a7097222	16753135a76a1b681eab49fafb84328a2664bb7a5fbea8737269b9f7c366ee03	minimum directly accessed span; complete object/array extent and final layout unproved
DAT_00345486	0x00345486	DIRECT_ACCESS_PROVED	0x2	initialized	96a296d224f285c67bee93c30f8a309157f0daa35dc5b87e410b78630a09cfc7	0x0010b564	0x1c8	0x0010b5e4	sh	5	0x0010b5d0;0x0010b5d4	4f52ca66b413d231a269b246c0e53e610598944c6ae262675f692f76a7097222			analysis/matching/hunt500plus-v33-validated-204.tsv	198b46bab535289a94dc3974ab342f12191763e99b5f096294b68629f210f5a7	ps2/progress28_structural_lift_recovered.o	cfg-must-constant	4f52ca66b413d231a269b246c0e53e610598944c6ae262675f692f76a7097222	16753135a76a1b681eab49fafb84328a2664bb7a5fbea8737269b9f7c366ee03	minimum directly accessed span; complete object/array extent and final layout unproved
DAT_00345488	0x00345488	DIRECT_ACCESS_PROVED	0x2	initialized	96a296d224f285c67bee93c30f8a309157f0daa35dc5b87e410b78630a09cfc7	0x0010b564	0x1c8	0x0010b62c	sh	5	0x0010b614;0x0010b618	4f52ca66b413d231a269b246c0e53e610598944c6ae262675f692f76a7097222			analysis/matching/hunt500plus-v33-validated-204.tsv	198b46bab535289a94dc3974ab342f12191763e99b5f096294b68629f210f5a7	ps2/progress28_structural_lift_recovered.o	cfg-must-constant	4f52ca66b413d231a269b246c0e53e610598944c6ae262675f692f76a7097222	16753135a76a1b681eab49fafb84328a2664bb7a5fbea8737269b9f7c366ee03	minimum directly accessed span; complete object/array extent and final layout unproved
DAT_0034548a	0x0034548a	DIRECT_ACCESS_PROVED	0x2	initialized	96a296d224f285c67bee93c30f8a309157f0daa35dc5b87e410b78630a09cfc7	0x0010b72c	0xcc	0x0010b77c	sh	3	0x0010b76c;0x0010b770	89cd4d8e0383143c42d09713d2d9cbae9b680ce84ad27a9aeda98af3d211bbf8			analysis/matching/hunt400-v9-validated-64.tsv	b3f060b4eb6026892fe5c21b010273bd806125d898cc7d50bf05631d6d64e6f8	ps2/progress28_structural_lift_recovered.o	block-local-constant	b359d25afd6c509b032af3619960941effce48be7046517b62a29b4601ca1b25	16753135a76a1b681eab49fafb84328a2664bb7a5fbea8737269b9f7c366ee03	minimum directly accessed span; complete object/array extent and final layout unproved
DAT_0034548c	0x0034548c	DIRECT_ACCESS_PROVED	0x2	initialized	96a296d224f285c67bee93c30f8a309157f0daa35dc5b87e410b78630a09cfc7	0x0010b72c	0xcc	0x0010b7e0	sh	3	0x0010b7d0;0x0010b7d4	e2664cc588e0146ef1514eaa635828bf33a5474d4e2cf777df9025b26462d8cc			analysis/matching/hunt400-v9-validated-64.tsv	b3f060b4eb6026892fe5c21b010273bd806125d898cc7d50bf05631d6d64e6f8	ps2/progress28_structural_lift_recovered.o	block-local-constant	b359d25afd6c509b032af3619960941effce48be7046517b62a29b4601ca1b25	16753135a76a1b681eab49fafb84328a2664bb7a5fbea8737269b9f7c366ee03	minimum directly accessed span; complete object/array extent and final layout unproved
DAT_0034548e	0x0034548e	DIRECT_ACCESS_PROVED	0x2	initialized	96a296d224f285c67bee93c30f8a309157f0daa35dc5b87e410b78630a09cfc7	0x0010b72c	0xcc	0x0010b7b4	sh	3	0x0010b7a4;0x0010b7a8	8f4eb6d3bbb100ad866fc3130883cb856d1d5d133de56c0fc0186e6cd04dfe2a			analysis/matching/hunt400-v9-validated-64.tsv	b3f060b4eb6026892fe5c21b010273bd806125d898cc7d50bf05631d6d64e6f8	ps2/progress28_structural_lift_recovered.o	block-local-constant	b359d25afd6c509b032af3619960941effce48be7046517b62a29b4601ca1b25	16753135a76a1b681eab49fafb84328a2664bb7a5fbea8737269b9f7c366ee03	minimum directly accessed span; complete object/array extent and final layout unproved
DAT_00345490	0x00345490	DIRECT_ACCESS_PROVED	0x1	initialized	6e340b9cffb37a989ca544e6bb780a2c78901d3fb33738768511a30617afa01d	0x0010b564	0x1c8	0x0010b58c	lbu	4	0x0010b584;0x0010b588	df7afaac1d58de8f1d39fc98aaf423b696f0d7591aa4f7ab732d266bfe1ae5a6			analysis/matching/hunt500plus-v33-validated-204.tsv	198b46bab535289a94dc3974ab342f12191763e99b5f096294b68629f210f5a7	ps2/progress28_structural_lift_recovered.o	block-local-constant	4f52ca66b413d231a269b246c0e53e610598944c6ae262675f692f76a7097222	16753135a76a1b681eab49fafb84328a2664bb7a5fbea8737269b9f7c366ee03	minimum directly accessed span; complete object/array extent and final layout unproved
DAT_00345491	0x00345491	DIRECT_ACCESS_PROVED	0x1	initialized	6e340b9cffb37a989ca544e6bb780a2c78901d3fb33738768511a30617afa01d	0x0010b564	0x1c8	0x0010b5d8	lbu	5	0x0010b5d0;0x0010b5d4	9147740da2998181f1bec990a014c4db3872b340c26de3a1c7cf2e67de0e00b1			analysis/matching/hunt500plus-v33-validated-204.tsv	198b46bab535289a94dc3974ab342f12191763e99b5f096294b68629f210f5a7	ps2/progress28_structural_lift_recovered.o	block-local-constant	4f52ca66b413d231a269b246c0e53e610598944c6ae262675f692f76a7097222	16753135a76a1b681eab49fafb84328a2664bb7a5fbea8737269b9f7c366ee03	minimum directly accessed span; complete object/array extent and final layout unproved
DAT_00345492	0x00345492	DIRECT_ACCESS_PROVED	0x1	initialized	6e340b9cffb37a989ca544e6bb780a2c78901d3fb33738768511a30617afa01d	0x00177e6c	0x6db8	0x00178160	sb	2	0x00178150;0x00178154	f61f7b3c63f62037e4b419aeafce0c95faa3d56bf3995e900edfa3f64bdca5d1			analysis/matching/hunt1041-v81-validated-final20.tsv	31c5aad06832fadab8d0bd703531718a87ea186d279c241a41789ae0c2608e1a	ps2/progress28_structural_lift_recovered.o	block-local-constant	bba365ad79c5d0c571e2100ed75f01bfbc79befa7cc2efb8b75700995a7b288c	16753135a76a1b681eab49fafb84328a2664bb7a5fbea8737269b9f7c366ee03	minimum directly accessed span; complete object/array extent and final layout unproved
DAT_00345493	0x00345493	DIRECT_ACCESS_PROVED	0x1	initialized	6e340b9cffb37a989ca544e6bb780a2c78901d3fb33738768511a30617afa01d	0x0010b72c	0xcc	0x0010b790	sb	3	0x0010b76c;0x0010b770	b359d25afd6c509b032af3619960941effce48be7046517b62a29b4601ca1b25			analysis/matching/hunt400-v9-validated-64.tsv	b3f060b4eb6026892fe5c21b010273bd806125d898cc7d50bf05631d6d64e6f8	ps2/progress28_structural_lift_recovered.o	cfg-must-constant	b359d25afd6c509b032af3619960941effce48be7046517b62a29b4601ca1b25	16753135a76a1b681eab49fafb84328a2664bb7a5fbea8737269b9f7c366ee03	minimum directly accessed span; complete object/array extent and final layout unproved
DAT_00345498	0x00345498	DIRECT_ACCESS_PROVED	0x4	initialized	df3f619804a92fdb4057192dc43dd748ea778adc52bc498ce80524c014b81119	0x00170398	0xdc8	0x00171064	sw	7	0x00171020	f38a14a845151988390acd4ee219fa3b6cab5e74d956fd54ba359411b5e11588			analysis/matching/hunt1041-v52-validated-17.tsv	05383075b5e8de362905b18184a8b4b88c4b9e1310568ac1791fff170c6129d9	ps2/progress28_structural_lift_recovered.o	block-local-constant	1651f32c67163ff806b94944a93622c9a4e5ecbe3826da4b876f3764d5263ee8	16753135a76a1b681eab49fafb84328a2664bb7a5fbea8737269b9f7c366ee03	minimum directly accessed span; complete object/array extent and final layout unproved
DAT_0034549c	0x0034549c	DIRECT_ACCESS_PROVED	0x4	initialized	df3f619804a92fdb4057192dc43dd748ea778adc52bc498ce80524c014b81119	0x0010ad48	0x628	0x0010ad6c	lw	2	0x0010ad4c	1181a33e9c0457ae545f130fe650f3f6b266f5de011824deef083f5850645188			analysis/matching/hunt500plus-v33-validated-204.tsv	198b46bab535289a94dc3974ab342f12191763e99b5f096294b68629f210f5a7	ps2/progress28_structural_lift_recovered.o	block-local-constant	110f555c836f56076a15af99d73fbfdf6c321ddabe798fabadda9f7da7584bcb	16753135a76a1b681eab49fafb84328a2664bb7a5fbea8737269b9f7c366ee03	minimum directly accessed span; complete object/array extent and final layout unproved
DAT_003454a0	0x003454a0	DIRECT_ACCESS_PROVED	0x4	initialized	df3f619804a92fdb4057192dc43dd748ea778adc52bc498ce80524c014b81119	0x001ac994	0xbc	0x001ac9c4	lw	2	0x001ac9c0	b5a5fd85b361cb54d64775f36eee7e6bd96ccc88d9c792caca8262e90572a093			analysis/matching/hunt1000plus-v46-validated-42.tsv	c13a582a9b6bc100256670dbc0d2b2bda6f10293f4359e3b2fd912dcf8c2f5db	ps2/progress28_structural_lift_recovered.o	block-local-constant	693c1603cc9ff8f485f358c0b287acef110d037d39bba54a04aac965f4fc1984	16753135a76a1b681eab49fafb84328a2664bb7a5fbea8737269b9f7c366ee03	minimum directly accessed span; complete object/array extent and final layout unproved
DAT_003454a4	0x003454a4	DIRECT_ACCESS_PROVED	0x1	initialized	6e340b9cffb37a989ca544e6bb780a2c78901d3fb33738768511a30617afa01d	0x001161a8	0x598	0x0011636c	lbu	2	0x00116364	30171cc8154e699f803a6bd5016912b6e0571ab16dd84ffe03dbc72559f3f7ae			analysis/matching/hunt1000plus-v46-validated-42.tsv	c13a582a9b6bc100256670dbc0d2b2bda6f10293f4359e3b2fd912dcf8c2f5db	ps2/progress28_structural_lift_recovered.o	block-local-constant	2ec6ebb4a8a8934817467f937fb7c8ac4215349a0e006c0ecb949c52c3bd90f7	16753135a76a1b681eab49fafb84328a2664bb7a5fbea8737269b9f7c366ee03	minimum directly accessed span; complete object/array extent and final layout unproved
DAT_003454ac	0x003454ac	DIRECT_ACCESS_PROVED	0x4	initialized	df3f619804a92fdb4057192dc43dd748ea778adc52bc498ce80524c014b81119	0x001ac994	0xbc	0x001ac9f4	lw	5	0x001ac9a8;0x001ac9ac	693c1603cc9ff8f485f358c0b287acef110d037d39bba54a04aac965f4fc1984			analysis/matching/hunt1000plus-v46-validated-42.tsv	c13a582a9b6bc100256670dbc0d2b2bda6f10293f4359e3b2fd912dcf8c2f5db	ps2/progress28_structural_lift_recovered.o	cfg-must-constant	693c1603cc9ff8f485f358c0b287acef110d037d39bba54a04aac965f4fc1984	16753135a76a1b681eab49fafb84328a2664bb7a5fbea8737269b9f7c366ee03	minimum directly accessed span; complete object/array extent and final layout unproved
DAT_003454b0	0x003454b0	DIRECT_ACCESS_PROVED	0x4	initialized	df3f619804a92fdb4057192dc43dd748ea778adc52bc498ce80524c014b81119	0x001ac994	0xbc	0x001ac9fc	sw	5	0x001ac9a8;0x001ac9ac	693c1603cc9ff8f485f358c0b287acef110d037d39bba54a04aac965f4fc1984			analysis/matching/hunt1000plus-v46-validated-42.tsv	c13a582a9b6bc100256670dbc0d2b2bda6f10293f4359e3b2fd912dcf8c2f5db	ps2/progress28_structural_lift_recovered.o	cfg-must-constant	693c1603cc9ff8f485f358c0b287acef110d037d39bba54a04aac965f4fc1984	16753135a76a1b681eab49fafb84328a2664bb7a5fbea8737269b9f7c366ee03	minimum directly accessed span; complete object/array extent and final layout unproved
DAT_003454b4	0x003454b4	DIRECT_ACCESS_PROVED	0x4	initialized	df3f619804a92fdb4057192dc43dd748ea778adc52bc498ce80524c014b81119	0x001161a8	0x598	0x00116518	lw	5	0x001164e8;0x001164f0	f8e2dcd95147ccab44cfad9520d2262548e621903e0c78e753311b026aa73b90			analysis/matching/hunt1000plus-v46-validated-42.tsv	c13a582a9b6bc100256670dbc0d2b2bda6f10293f4359e3b2fd912dcf8c2f5db	ps2/progress28_structural_lift_recovered.o	block-local-constant	2ec6ebb4a8a8934817467f937fb7c8ac4215349a0e006c0ecb949c52c3bd90f7	16753135a76a1b681eab49fafb84328a2664bb7a5fbea8737269b9f7c366ee03	minimum directly accessed span; complete object/array extent and final layout unproved
DAT_003454b8	0x003454b8	DIRECT_ACCESS_PROVED	0x4	initialized	df3f619804a92fdb4057192dc43dd748ea778adc52bc498ce80524c014b81119	0x00174fe4	0x31c	0x001750c8	lw	2	0x001750c0	032bc3f8d35a1ed55cc40ef90cb22003d1c98b501c39865ce3c647125412428c			analysis/matching/hunt1041-v52-validated-17.tsv	05383075b5e8de362905b18184a8b4b88c4b9e1310568ac1791fff170c6129d9	ps2/progress28_structural_lift_recovered.o	block-local-constant	c7d630385f4ab14a874c19a3832fde128f57c1218a4c92d07352634fe6321b43	16753135a76a1b681eab49fafb84328a2664bb7a5fbea8737269b9f7c366ee03	minimum directly accessed span; complete object/array extent and final layout unproved
DAT_003454bc	0x003454bc	DIRECT_ACCESS_PROVED	0x4	initialized	df3f619804a92fdb4057192dc43dd748ea778adc52bc498ce80524c014b81119	0x00174fe4	0x31c	0x00175230	lw	3	0x0017522c	eed827e1c62fb80b76c21171df18b3a631882c630cba99f23839110a91591634			analysis/matching/hunt1041-v52-validated-17.tsv	05383075b5e8de362905b18184a8b4b88c4b9e1310568ac1791fff170c6129d9	ps2/progress28_structural_lift_recovered.o	block-local-constant	c7d630385f4ab14a874c19a3832fde128f57c1218a4c92d07352634fe6321b43	16753135a76a1b681eab49fafb84328a2664bb7a5fbea8737269b9f7c366ee03	minimum directly accessed span; complete object/array extent and final layout unproved
DAT_003454c0	0x003454c0	DIRECT_ACCESS_PROVED	0x1	initialized	6e340b9cffb37a989ca544e6bb780a2c78901d3fb33738768511a30617afa01d	0x00115db0	0x378	0x00115f88	lbu	11	0x00115f4c;0x00115f54	d4d891b8f6d773587811e3ef5e4608d824b919b7e3a8c17a734a4069ac10b61f			analysis/matching/hunt500plus-v33-validated-204.tsv	198b46bab535289a94dc3974ab342f12191763e99b5f096294b68629f210f5a7	ps2/progress28_structural_lift_recovered.o	block-local-constant	a61d5b00a4933937d6bafda4bd925035b2ba7c21dc78f04222eaa4cd3e933633	16753135a76a1b681eab49fafb84328a2664bb7a5fbea8737269b9f7c366ee03	minimum directly accessed span; complete object/array extent and final layout unproved
DAT_003454c1	0x003454c1	DIRECT_ACCESS_PROVED	0x1	initialized	6e340b9cffb37a989ca544e6bb780a2c78901d3fb33738768511a30617afa01d	0x00115db0	0x378	0x00115f60	lbu	11	0x00115f4c;0x00115f54	bfa93c4279b2030ceb0d0799853b3eb267f01f5148db1bf753f0fe4bcd8d0231			analysis/matching/hunt500plus-v33-validated-204.tsv	198b46bab535289a94dc3974ab342f12191763e99b5f096294b68629f210f5a7	ps2/progress28_structural_lift_recovered.o	block-local-constant	a61d5b00a4933937d6bafda4bd925035b2ba7c21dc78f04222eaa4cd3e933633	16753135a76a1b681eab49fafb84328a2664bb7a5fbea8737269b9f7c366ee03	minimum directly accessed span; complete object/array extent and final layout unproved
DAT_003454c2	0x003454c2	DIRECT_ACCESS_PROVED	0x1	initialized	6e340b9cffb37a989ca544e6bb780a2c78901d3fb33738768511a30617afa01d	0x00177e6c	0x6db8	0x0017ebb0	sb	2	0x0017ebac	2ead2035ae274d645bf23f7b75c24688baacf7ebc95708b5713c1021ad8540fa			analysis/matching/hunt1041-v81-validated-final20.tsv	31c5aad06832fadab8d0bd703531718a87ea186d279c241a41789ae0c2608e1a	ps2/progress28_structural_lift_recovered.o	block-local-constant	bba365ad79c5d0c571e2100ed75f01bfbc79befa7cc2efb8b75700995a7b288c	16753135a76a1b681eab49fafb84328a2664bb7a5fbea8737269b9f7c366ee03	minimum directly accessed span; complete object/array extent and final layout unproved
DAT_003454c8	0x003454c8	DIRECT_ACCESS_PROVED	0x4	initialized	df3f619804a92fdb4057192dc43dd748ea778adc52bc498ce80524c014b81119	0x00174350	0x180	0x001744c4	sw	2	0x001744b8	05a31939f42e8dfda92125117d80ef04b48824bd733b9f001ab76d3786644098			analysis/matching/hunt500plus-v33-validated-204.tsv	198b46bab535289a94dc3974ab342f12191763e99b5f096294b68629f210f5a7	ps2/progress28_structural_lift_recovered.o	block-local-constant	ff17c0676159155439a991e1eae84a283e6bfba70c2f62f83d46c099a8a879cb	16753135a76a1b681eab49fafb84328a2664bb7a5fbea8737269b9f7c366ee03	minimum directly accessed span; complete object/array extent and final layout unproved
DAT_003454cc	0x003454cc	DIRECT_ACCESS_PROVED	0x4	initialized	df3f619804a92fdb4057192dc43dd748ea778adc52bc498ce80524c014b81119	0x0010a934	0x414	0x0010ac50	lw	3	0x0010ac48	ac5cdc42febcdb4488177a46a8bb03f8f2aeedaf4a11327e34e6bd9eaa813152			analysis/matching/hunt1041-v52-validated-17.tsv	05383075b5e8de362905b18184a8b4b88c4b9e1310568ac1791fff170c6129d9	ps2/progress28_structural_lift_recovered.o	block-local-constant	7b9b22e9e4219577dc0519b524ba93e24e2829c425bdbcfe6b7213c47f245ac0	16753135a76a1b681eab49fafb84328a2664bb7a5fbea8737269b9f7c366ee03	minimum directly accessed span; complete object/array extent and final layout unproved
DAT_003454d0	0x003454d0	DIRECT_ACCESS_PROVED	0x4	initialized	df3f619804a92fdb4057192dc43dd748ea778adc52bc498ce80524c014b81119	0x0010a934	0x414	0x0010ac38	sw	3	0x0010ac24;0x0010ac2c	c99b220cf22df2540ab404ecc38e250ff9e4cb6b292ce564e025e786309caeab			analysis/matching/hunt1041-v52-validated-17.tsv	05383075b5e8de362905b18184a8b4b88c4b9e1310568ac1791fff170c6129d9	ps2/progress28_structural_lift_recovered.o	block-local-constant	7b9b22e9e4219577dc0519b524ba93e24e2829c425bdbcfe6b7213c47f245ac0	16753135a76a1b681eab49fafb84328a2664bb7a5fbea8737269b9f7c366ee03	minimum directly accessed span; complete object/array extent and final layout unproved
DAT_003454d8	0x003454d8	DIRECT_ACCESS_PROVED	0x1	initialized	6e340b9cffb37a989ca544e6bb780a2c78901d3fb33738768511a30617afa01d	0x0010a934	0x414	0x0010ab84	sb	7	0x0010ab5c	faf8b32bca594e89f0bf9bfcee1fc8c5531ceb728bb1934714b35665ee6fd9ae			analysis/matching/hunt1041-v52-validated-17.tsv	05383075b5e8de362905b18184a8b4b88c4b9e1310568ac1791fff170c6129d9	ps2/progress28_structural_lift_recovered.o	block-local-constant	7b9b22e9e4219577dc0519b524ba93e24e2829c425bdbcfe6b7213c47f245ac0	16753135a76a1b681eab49fafb84328a2664bb7a5fbea8737269b9f7c366ee03	minimum directly accessed span; complete object/array extent and final layout unproved
DAT_003454da	0x003454da	DIRECT_ACCESS_PROVED	0x2	initialized	96a296d224f285c67bee93c30f8a309157f0daa35dc5b87e410b78630a09cfc7	0x00177e6c	0x6db8	0x0017b414	lhu	2	0x0017b40c	a88e4e63f033ec69ebe1cf2f4b36264cebf42a3feaf18a22d2ae926f97eea19f			analysis/matching/hunt1041-v81-validated-final20.tsv	31c5aad06832fadab8d0bd703531718a87ea186d279c241a41789ae0c2608e1a	ps2/progress28_structural_lift_recovered.o	block-local-constant	bba365ad79c5d0c571e2100ed75f01bfbc79befa7cc2efb8b75700995a7b288c	16753135a76a1b681eab49fafb84328a2664bb7a5fbea8737269b9f7c366ee03	minimum directly accessed span; complete object/array extent and final layout unproved
DAT_003454dc	0x003454dc	DIRECT_ACCESS_PROVED	0x1	initialized	6e340b9cffb37a989ca544e6bb780a2c78901d3fb33738768511a30617afa01d	0x00177e6c	0x6db8	0x0017bf90	lbu	3	0x0017bf88	be0b8928db07c0fd6bb59a0f4a6868686327c33f114d61713095521da7e808ab			analysis/matching/hunt1041-v81-validated-final20.tsv	31c5aad06832fadab8d0bd703531718a87ea186d279c241a41789ae0c2608e1a	ps2/progress28_structural_lift_recovered.o	block-local-constant	bba365ad79c5d0c571e2100ed75f01bfbc79befa7cc2efb8b75700995a7b288c	16753135a76a1b681eab49fafb84328a2664bb7a5fbea8737269b9f7c366ee03	minimum directly accessed span; complete object/array extent and final layout unproved
DAT_003454dd	0x003454dd	DIRECT_ACCESS_PROVED	0x1	initialized	6e340b9cffb37a989ca544e6bb780a2c78901d3fb33738768511a30617afa01d	0x0010a934	0x414	0x0010ab98	sb	5	0x0010ab5c;0x0010ab64	1d68da63bb4c3265db2f08205c03828a9ccaa724c1f7a970b02ae379298d5d2c			analysis/matching/hunt1041-v52-validated-17.tsv	05383075b5e8de362905b18184a8b4b88c4b9e1310568ac1791fff170c6129d9	ps2/progress28_structural_lift_recovered.o	block-local-constant	7b9b22e9e4219577dc0519b524ba93e24e2829c425bdbcfe6b7213c47f245ac0	16753135a76a1b681eab49fafb84328a2664bb7a5fbea8737269b9f7c366ee03	minimum directly accessed span; complete object/array extent and final layout unproved
DAT_003454de	0x003454de	DIRECT_ACCESS_PROVED	0x2	initialized	96a296d224f285c67bee93c30f8a309157f0daa35dc5b87e410b78630a09cfc7	0x0010a934	0x414	0x0010ab8c	sh	5	0x0010ab5c;0x0010ab64	26c248ea6cf2c91d7a724c675c39ceb4231569646e766fed108ffcada13bd07a			analysis/matching/hunt1041-v52-validated-17.tsv	05383075b5e8de362905b18184a8b4b88c4b9e1310568ac1791fff170c6129d9	ps2/progress28_structural_lift_recovered.o	block-local-constant	7b9b22e9e4219577dc0519b524ba93e24e2829c425bdbcfe6b7213c47f245ac0	16753135a76a1b681eab49fafb84328a2664bb7a5fbea8737269b9f7c366ee03	minimum directly accessed span; complete object/array extent and final layout unproved
DAT_003454e0	0x003454e0	DIRECT_ACCESS_PROVED	0x148	initialized	7b4499c3cc6e82a9da3100028f52af7f8c1e9ee60e33010a108e401989782962	0x00104f18	0x798	0x001050ac	memset.write	4	0x0010509c;0x001050a4;0x001050a8;0x001050ac	9baa36867bb3f976b700d2ecdb629b4d765021c8fdbd02d5398c5b5102f35c68	0x0019c39c	cecbe61c3a5bab20064a2941574a50bd6e9c1727fc5c161be546310cd045a731	analysis/matching/hunt1041-v81-validated-final20.tsv	31c5aad06832fadab8d0bd703531718a87ea186d279c241a41789ae0c2608e1a	ps2/progress28_structural_lift_recovered.o	block-local-constant	b8f2bdcb05d3b4d3e386f2a1e61d8146cffaa3e1b66bc8b9acce81d11e86ed4c	16753135a76a1b681eab49fafb84328a2664bb7a5fbea8737269b9f7c366ee03	minimum directly accessed span; complete object/array extent and final layout unproved
DAT_003454e1	0x003454e1	DIRECT_ACCESS_PROVED	0x1	initialized	6e340b9cffb37a989ca544e6bb780a2c78901d3fb33738768511a30617afa01d	0x00177e6c	0x6db8	0x0017abf8	lbu	2	0x0017abec	bb36b626c5a6136391d8fc7587aaae3b0faddf0a6d72d358dca2f3339039954a			analysis/matching/hunt1041-v81-validated-final20.tsv	31c5aad06832fadab8d0bd703531718a87ea186d279c241a41789ae0c2608e1a	ps2/progress28_structural_lift_recovered.o	block-local-constant	bba365ad79c5d0c571e2100ed75f01bfbc79befa7cc2efb8b75700995a7b288c	16753135a76a1b681eab49fafb84328a2664bb7a5fbea8737269b9f7c366ee03	minimum directly accessed span; complete object/array extent and final layout unproved
DAT_003454e2	0x003454e2	NO_DIRECT_ACCESS_WITNESS															ps2/progress28_structural_lift_recovered.o				indexed/pointer/array/object bounds require separate proof
DAT_003454e8	0x003454e8	DIRECT_ACCESS_PROVED	0x8	initialized	af5570f5a1810b7af78caf4bc70a660f0df51e42baf91d4de5b2328de0e83dfc	0x00156c60	0x1870	0x0015717c	sd	2	0x00157178	287b29e9dc3cfdc652e8407fea2793aa632f1bba874eb671c26d9a1a8618dc3d			analysis/matching/hunt1041-v52-validated-17.tsv	05383075b5e8de362905b18184a8b4b88c4b9e1310568ac1791fff170c6129d9	ps2/progress28_structural_lift_recovered.o	block-local-constant	ccd5f51a7be5548bf5a7ca28ee0ae35b4c11c0417b936de3ef1182953da43471	16753135a76a1b681eab49fafb84328a2664bb7a5fbea8737269b9f7c366ee03	minimum directly accessed span; complete object/array extent and final layout unproved
DAT_003454f0	0x003454f0	DIRECT_ACCESS_PROVED	0x8	initialized	af5570f5a1810b7af78caf4bc70a660f0df51e42baf91d4de5b2328de0e83dfc	0x00115a18	0x140	0x00115a5c	ld	3	0x00115a50	c0c2bd393401e00f5b15b160e23d64e3a07486a9813c2b5172d79e1d391b0cbb			analysis/matching/hunt500plus-v33-validated-204.tsv	198b46bab535289a94dc3974ab342f12191763e99b5f096294b68629f210f5a7	ps2/progress28_structural_lift_recovered.o	block-local-constant	987cd262d474b0e14be976525c53cc5b75a1a6711c76e3a4abc04e58622b863a	16753135a76a1b681eab49fafb84328a2664bb7a5fbea8737269b9f7c366ee03	minimum directly accessed span; complete object/array extent and final layout unproved
DAT_003454f8	0x003454f8	DIRECT_ACCESS_PROVED	0x8	initialized	af5570f5a1810b7af78caf4bc70a660f0df51e42baf91d4de5b2328de0e83dfc	0x00104f18	0x798	0x0010522c	sd	16	0x00105214;0x0010521c	6aaee228f2cda47d03b790eed414ccd3447bc2304d60ba4809f461f1d4636175			analysis/matching/hunt1041-v81-validated-final20.tsv	31c5aad06832fadab8d0bd703531718a87ea186d279c241a41789ae0c2608e1a	ps2/progress28_structural_lift_recovered.o	block-local-constant	b8f2bdcb05d3b4d3e386f2a1e61d8146cffaa3e1b66bc8b9acce81d11e86ed4c	16753135a76a1b681eab49fafb84328a2664bb7a5fbea8737269b9f7c366ee03	minimum directly accessed span; complete object/array extent and final layout unproved
DAT_00345500	0x00345500	DIRECT_ACCESS_PROVED	0x1	initialized	6e340b9cffb37a989ca544e6bb780a2c78901d3fb33738768511a30617afa01d	0x00115db0	0x378	0x00115e8c	lbu	2	0x00115e88	f0b5e8f67d0db7c4950e7830a2fe8ba3b4ac73ba482aac9a754f17b74e0261db			analysis/matching/hunt500plus-v33-validated-204.tsv	198b46bab535289a94dc3974ab342f12191763e99b5f096294b68629f210f5a7	ps2/progress28_structural_lift_recovered.o	block-local-constant	a61d5b00a4933937d6bafda4bd925035b2ba7c21dc78f04222eaa4cd3e933633	16753135a76a1b681eab49fafb84328a2664bb7a5fbea8737269b9f7c366ee03	minimum directly accessed span; complete object/array extent and final layout unproved
DAT_00345501	0x00345501	DIRECT_ACCESS_PROVED	0x1	initialized	6e340b9cffb37a989ca544e6bb780a2c78901d3fb33738768511a30617afa01d	0x00100e78	0x99c	0x00101810	sb	2	0x00101808	adeecd23103cec266984eec88b5ca97a3920c191bc42a736e8664ee45b273c0e			analysis/matching/hunt1041-v81-validated-final20.tsv	31c5aad06832fadab8d0bd703531718a87ea186d279c241a41789ae0c2608e1a	ps2/progress28_structural_lift_recovered.o	block-local-constant	c0fc5e6517e952e296e6e98b6121abeb8584e1177fc09a70ece903568fe1e8a7	16753135a76a1b681eab49fafb84328a2664bb7a5fbea8737269b9f7c366ee03	minimum directly accessed span; complete object/array extent and final layout unproved
DAT_00345508	0x00345508	DIRECT_ACCESS_PROVED	0x8	initialized	af5570f5a1810b7af78caf4bc70a660f0df51e42baf91d4de5b2328de0e83dfc	0x00156c60	0x1870	0x00157bd0	ld	5	0x00157bc0;0x00157bc8	357fe56aac7760567e8a51059883f9035dc894a71cf6d3603efbb3ac4deb5ab2			analysis/matching/hunt1041-v52-validated-17.tsv	05383075b5e8de362905b18184a8b4b88c4b9e1310568ac1791fff170c6129d9	ps2/progress28_structural_lift_recovered.o	block-local-constant	ccd5f51a7be5548bf5a7ca28ee0ae35b4c11c0417b936de3ef1182953da43471	16753135a76a1b681eab49fafb84328a2664bb7a5fbea8737269b9f7c366ee03	minimum directly accessed span; complete object/array extent and final layout unproved
DAT_00345510	0x00345510	DIRECT_ACCESS_PROVED	0x4	initialized	df3f619804a92fdb4057192dc43dd748ea778adc52bc498ce80524c014b81119	0x00104f18	0x798	0x00105268	sw	16	0x00105214;0x0010521c	ffdc104332596e5ddef3246531747b5d9d55d3eaeec17c94140c8f6af6ad2ef8			analysis/matching/hunt1041-v81-validated-final20.tsv	31c5aad06832fadab8d0bd703531718a87ea186d279c241a41789ae0c2608e1a	ps2/progress28_structural_lift_recovered.o	block-local-constant	b8f2bdcb05d3b4d3e386f2a1e61d8146cffaa3e1b66bc8b9acce81d11e86ed4c	16753135a76a1b681eab49fafb84328a2664bb7a5fbea8737269b9f7c366ee03	minimum directly accessed span; complete object/array extent and final layout unproved
DAT_00345514	0x00345514	DIRECT_ACCESS_PROVED	0x4	initialized	df3f619804a92fdb4057192dc43dd748ea778adc52bc498ce80524c014b81119	0x00104f18	0x798	0x00105254	sw	16	0x00105214;0x0010521c	fa2440dc6e8c819c6e7c98eeabcf8ea53cd434ee1973c608a106357b5baf94eb			analysis/matching/hunt1041-v81-validated-final20.tsv	31c5aad06832fadab8d0bd703531718a87ea186d279c241a41789ae0c2608e1a	ps2/progress28_structural_lift_recovered.o	block-local-constant	b8f2bdcb05d3b4d3e386f2a1e61d8146cffaa3e1b66bc8b9acce81d11e86ed4c	16753135a76a1b681eab49fafb84328a2664bb7a5fbea8737269b9f7c366ee03	minimum directly accessed span; complete object/array extent and final layout unproved
DAT_00345518	0x00345518	DIRECT_ACCESS_PROVED	0x4	initialized	df3f619804a92fdb4057192dc43dd748ea778adc52bc498ce80524c014b81119	0x00104f18	0x798	0x00105258	sw	16	0x00105214;0x0010521c	04b658963103838df8f4e5fb071d0403489d21d168b6b47d82bf5c7e03c5b75a			analysis/matching/hunt1041-v81-validated-final20.tsv	31c5aad06832fadab8d0bd703531718a87ea186d279c241a41789ae0c2608e1a	ps2/progress28_structural_lift_recovered.o	block-local-constant	b8f2bdcb05d3b4d3e386f2a1e61d8146cffaa3e1b66bc8b9acce81d11e86ed4c	16753135a76a1b681eab49fafb84328a2664bb7a5fbea8737269b9f7c366ee03	minimum directly accessed span; complete object/array extent and final layout unproved
DAT_0034551c	0x0034551c	DIRECT_ACCESS_PROVED	0x4	initialized	df3f619804a92fdb4057192dc43dd748ea778adc52bc498ce80524c014b81119	0x00105898	0x134	0x001058a4	lw	2	0x0010589c	8b3eb036861898ca2bd4b10940f73ff0d306e7e2a4c871b27cf30618479e96f8			analysis/matching/hunt1041-v80-validated-quickwins-23.tsv	bc64ffd5bceeb09497ff1e765080b7ca7d92f7127b9724423638bbbf4bf2160f	ps2/progress28_structural_lift_recovered.o	block-local-constant	97f27ff6ebd90ddea7e212e46e68280119cbf4e12cec400501f725f737ce82d5	16753135a76a1b681eab49fafb84328a2664bb7a5fbea8737269b9f7c366ee03	minimum directly accessed span; complete object/array extent and final layout unproved
DAT_00345520	0x00345520	DIRECT_ACCESS_PROVED	0x8	initialized	af5570f5a1810b7af78caf4bc70a660f0df51e42baf91d4de5b2328de0e83dfc	0x001513bc	0xcfc	0x00151764	ld	5	0x0015175c;0x00151760	1a3014aa78b0b357ed3f4732cc2c3236a1d55557fab8e0a8d84424ba167e04b7			analysis/matching/hunt1041-v52-validated-17.tsv	05383075b5e8de362905b18184a8b4b88c4b9e1310568ac1791fff170c6129d9	ps2/progress28_structural_lift_recovered.o	block-local-constant	6239824cf4772b39bebc112b1e8f4ec711b8e0fbf7366ee2bee95c8cd57b4239	16753135a76a1b681eab49fafb84328a2664bb7a5fbea8737269b9f7c366ee03	minimum directly accessed span; complete object/array extent and final layout unproved
DAT_00345528	0x00345528	DIRECT_ACCESS_PROVED	0x8	initialized	af5570f5a1810b7af78caf4bc70a660f0df51e42baf91d4de5b2328de0e83dfc	0x001513bc	0xcfc	0x00151808	ld	16	0x001517c8;0x001517dc;0x00151d38;0x00151d5c;0x00151d64	6239824cf4772b39bebc112b1e8f4ec711b8e0fbf7366ee2bee95c8cd57b4239			analysis/matching/hunt1041-v52-validated-17.tsv	05383075b5e8de362905b18184a8b4b88c4b9e1310568ac1791fff170c6129d9	ps2/progress28_structural_lift_recovered.o	cfg-must-constant	6239824cf4772b39bebc112b1e8f4ec711b8e0fbf7366ee2bee95c8cd57b4239	16753135a76a1b681eab49fafb84328a2664bb7a5fbea8737269b9f7c366ee03	minimum directly accessed span; complete object/array extent and final layout unproved
DAT_00345530	0x00345530	DIRECT_ACCESS_PROVED	0x1	initialized	6e340b9cffb37a989ca544e6bb780a2c78901d3fb33738768511a30617afa01d	0x001522d8	0x107c	0x001525a4	lbu	17	0x0015254c;0x00152560;0x0015256c;0x00152578;0x00152580	5c6072d8d1892b2346877a2820d67d29a2040a333951ad704b9301380cb47a8c			analysis/matching/hunt1041-v52-validated-17.tsv	05383075b5e8de362905b18184a8b4b88c4b9e1310568ac1791fff170c6129d9	ps2/progress28_structural_lift_recovered.o	cfg-must-constant	5c6072d8d1892b2346877a2820d67d29a2040a333951ad704b9301380cb47a8c	16753135a76a1b681eab49fafb84328a2664bb7a5fbea8737269b9f7c366ee03	minimum directly accessed span; complete object/array extent and final layout unproved
DAT_00345531	0x00345531	DIRECT_ACCESS_PROVED	0x1	initialized	6e340b9cffb37a989ca544e6bb780a2c78901d3fb33738768511a30617afa01d	0x001522d8	0x107c	0x0015231c	lbu	16	0x001522dc;0x00152300	032151cf7c0deffa0e101f91a1576c5b46df436e6a91ff71cc288aef57a24c7d			analysis/matching/hunt1041-v52-validated-17.tsv	05383075b5e8de362905b18184a8b4b88c4b9e1310568ac1791fff170c6129d9	ps2/progress28_structural_lift_recovered.o	block-local-constant	5c6072d8d1892b2346877a2820d67d29a2040a333951ad704b9301380cb47a8c	16753135a76a1b681eab49fafb84328a2664bb7a5fbea8737269b9f7c366ee03	minimum directly accessed span; complete object/array extent and final layout unproved
DAT_00345532	0x00345532	DIRECT_ACCESS_PROVED	0x1	initialized	6e340b9cffb37a989ca544e6bb780a2c78901d3fb33738768511a30617afa01d	0x00104f18	0x798	0x00105274	sb	16	0x00105214;0x0010521c	6f89710070497dd9ed59c0320f6fb54589ddcb1153ff862554521a935b76e111			analysis/matching/hunt1041-v81-validated-final20.tsv	31c5aad06832fadab8d0bd703531718a87ea186d279c241a41789ae0c2608e1a	ps2/progress28_structural_lift_recovered.o	block-local-constant	b8f2bdcb05d3b4d3e386f2a1e61d8146cffaa3e1b66bc8b9acce81d11e86ed4c	16753135a76a1b681eab49fafb84328a2664bb7a5fbea8737269b9f7c366ee03	minimum directly accessed span; complete object/array extent and final layout unproved
DAT_00345533	0x00345533	DIRECT_ACCESS_PROVED	0x1	initialized	6e340b9cffb37a989ca544e6bb780a2c78901d3fb33738768511a30617afa01d	0x00104f18	0x798	0x0010527c	sb	16	0x00105214;0x0010521c	4d269f9445eb7dc0230b9c57a5ec3e3bf1b2324ff548ced1db246f8e4e419024			analysis/matching/hunt1041-v81-validated-final20.tsv	31c5aad06832fadab8d0bd703531718a87ea186d279c241a41789ae0c2608e1a	ps2/progress28_structural_lift_recovered.o	block-local-constant	b8f2bdcb05d3b4d3e386f2a1e61d8146cffaa3e1b66bc8b9acce81d11e86ed4c	16753135a76a1b681eab49fafb84328a2664bb7a5fbea8737269b9f7c366ee03	minimum directly accessed span; complete object/array extent and final layout unproved
DAT_00345534	0x00345534	DIRECT_ACCESS_PROVED	0x1	initialized	6e340b9cffb37a989ca544e6bb780a2c78901d3fb33738768511a30617afa01d	0x001522d8	0x107c	0x001532e4	sb	2	0x001532d4	db05a8eaa37069478fcdac7bb7cd6cc9072d3c7e759d67fdea340cd03a66cfad			analysis/matching/hunt1041-v52-validated-17.tsv	05383075b5e8de362905b18184a8b4b88c4b9e1310568ac1791fff170c6129d9	ps2/progress28_structural_lift_recovered.o	block-local-constant	5c6072d8d1892b2346877a2820d67d29a2040a333951ad704b9301380cb47a8c	16753135a76a1b681eab49fafb84328a2664bb7a5fbea8737269b9f7c366ee03	minimum directly accessed span; complete object/array extent and final layout unproved
DAT_00345538	0x00345538	DIRECT_ACCESS_PROVED	0x4	initialized	df3f619804a92fdb4057192dc43dd748ea778adc52bc498ce80524c014b81119	0x0015c124	0x500	0x0015c4c0	lw	2	0x0015c4b8	43c0d93bd1459d399a8ea0d80415b43280fe06f808e3467aad8d36ce1a57a56c			analysis/matching/hunt500plus-v33-validated-204.tsv	198b46bab535289a94dc3974ab342f12191763e99b5f096294b68629f210f5a7	ps2/progress28_structural_lift_recovered.o	block-local-constant	5a733a721624194a1d7add51c7541cc2ae44db590773b24e060ab78ec4c3b6ae	16753135a76a1b681eab49fafb84328a2664bb7a5fbea8737269b9f7c366ee03	minimum directly accessed span; complete object/array extent and final layout unproved
DAT_0034553c	0x0034553c	DIRECT_ACCESS_PROVED	0x1	initialized	6e340b9cffb37a989ca544e6bb780a2c78901d3fb33738768511a30617afa01d	0x00104f18	0x798	0x00105264	sb	16	0x00105214;0x0010521c	e497626556260ea9cc32547f62576075bdafa1787de493d341788a299abc8a21			analysis/matching/hunt1041-v81-validated-final20.tsv	31c5aad06832fadab8d0bd703531718a87ea186d279c241a41789ae0c2608e1a	ps2/progress28_structural_lift_recovered.o	block-local-constant	b8f2bdcb05d3b4d3e386f2a1e61d8146cffaa3e1b66bc8b9acce81d11e86ed4c	16753135a76a1b681eab49fafb84328a2664bb7a5fbea8737269b9f7c366ee03	minimum directly accessed span; complete object/array extent and final layout unproved
DAT_0034553d	0x0034553d	DIRECT_ACCESS_PROVED	0x1	initialized	6e340b9cffb37a989ca544e6bb780a2c78901d3fb33738768511a30617afa01d	0x0015cdf8	0xac	0x0015ce7c	lbu	2	0x0015ce78	f432820aa90985ab39d38ddd3d2628815f559169d22b69e7f460dd2220eecd49			analysis/matching/hunt500-v10-validated-17.tsv	c69da9ef146b90ec9ee78ad9013b5cb799a9ea301d029ec28846aee575b56e8b	ps2/progress28_structural_lift_recovered.o	block-local-constant	45c7ed5a455794f8f9e40a6c2bae90fa0e3612cff0c526a49737477e38d1d333	16753135a76a1b681eab49fafb84328a2664bb7a5fbea8737269b9f7c366ee03	minimum directly accessed span; complete object/array extent and final layout unproved
DAT_0034553e	0x0034553e	DIRECT_ACCESS_PROVED	0x1	initialized	6e340b9cffb37a989ca544e6bb780a2c78901d3fb33738768511a30617afa01d	0x0015cdf8	0xac	0x0015ce4c	lbu	2	0x0015ce48	1527400ee8ac76d9280f72c3aa4276e32bc286072a27b60372fcca3e5e013af0			analysis/matching/hunt500-v10-validated-17.tsv	c69da9ef146b90ec9ee78ad9013b5cb799a9ea301d029ec28846aee575b56e8b	ps2/progress28_structural_lift_recovered.o	block-local-constant	45c7ed5a455794f8f9e40a6c2bae90fa0e3612cff0c526a49737477e38d1d333	16753135a76a1b681eab49fafb84328a2664bb7a5fbea8737269b9f7c366ee03	minimum directly accessed span; complete object/array extent and final layout unproved
DAT_0034553f	0x0034553f	DIRECT_ACCESS_PROVED	0x1	initialized	6e340b9cffb37a989ca544e6bb780a2c78901d3fb33738768511a30617afa01d	0x0015c124	0x500	0x0015c544	lbu	2	0x0015c540	91c12f86bd75a11a54fd7ef05917d939582541d5f7db354432a6b59a3de8e753			analysis/matching/hunt500plus-v33-validated-204.tsv	198b46bab535289a94dc3974ab342f12191763e99b5f096294b68629f210f5a7	ps2/progress28_structural_lift_recovered.o	block-local-constant	5a733a721624194a1d7add51c7541cc2ae44db590773b24e060ab78ec4c3b6ae	16753135a76a1b681eab49fafb84328a2664bb7a5fbea8737269b9f7c366ee03	minimum directly accessed span; complete object/array extent and final layout unproved
DAT_00345540	0x00345540	DIRECT_ACCESS_PROVED	0x1	initialized	6e340b9cffb37a989ca544e6bb780a2c78901d3fb33738768511a30617afa01d	0x001522d8	0x107c	0x0015295c	lbu	2	0x00152958	80bb2a47f44d716ea40f6bad72c1de41d71857c79f6eae18b3d52fd8a6b6e83c			analysis/matching/hunt1041-v52-validated-17.tsv	05383075b5e8de362905b18184a8b4b88c4b9e1310568ac1791fff170c6129d9	ps2/progress28_structural_lift_recovered.o	block-local-constant	5c6072d8d1892b2346877a2820d67d29a2040a333951ad704b9301380cb47a8c	16753135a76a1b681eab49fafb84328a2664bb7a5fbea8737269b9f7c366ee03	minimum directly accessed span; complete object/array extent and final layout unproved
DAT_00345541	0x00345541	DIRECT_ACCESS_PROVED	0x1	initialized	6e340b9cffb37a989ca544e6bb780a2c78901d3fb33738768511a30617afa01d	0x001538b0	0x4f4	0x00153ae0	lbu	2	0x00153adc	1d779080b463a8c6a921680ff69a7084b927cd448baa94a52ba20766be1ebb64			analysis/matching/hunt500plus-v33-validated-204.tsv	198b46bab535289a94dc3974ab342f12191763e99b5f096294b68629f210f5a7	ps2/progress28_structural_lift_recovered.o	block-local-constant	bf6d02755641d99b717fd25df7b8fa904d5a021da58b4d1594840940451a018b	16753135a76a1b681eab49fafb84328a2664bb7a5fbea8737269b9f7c366ee03	minimum directly accessed span; complete object/array extent and final layout unproved
DAT_00345542	0x00345542	DIRECT_ACCESS_PROVED	0x1	initialized	6e340b9cffb37a989ca544e6bb780a2c78901d3fb33738768511a30617afa01d	0x00127b78	0x288	0x00127c5c	lbu	2	0x00127c58	88f09067b08d84a1cf378e80e16b49d5bd146789ced370c255195c556ef4d869			analysis/matching/hunt1000plus-v46-validated-42.tsv	c13a582a9b6bc100256670dbc0d2b2bda6f10293f4359e3b2fd912dcf8c2f5db	ps2/progress28_structural_lift_recovered.o	block-local-constant	6cc956f4227aa9bebd8fa045f54a8e50c313902143136c3b064f7c92d71802c8	16753135a76a1b681eab49fafb84328a2664bb7a5fbea8737269b9f7c366ee03	minimum directly accessed span; complete object/array extent and final layout unproved
DAT_00345543	0x00345543	DIRECT_ACCESS_PROVED	0x1	initialized	6e340b9cffb37a989ca544e6bb780a2c78901d3fb33738768511a30617afa01d	0x00104f18	0x798	0x001052c8	sb	16	0x00105294;0x0010529c	12abacb25db9b25c6868dd33d9b35d50b529b26ca71dd341035e509955ff0fe9			analysis/matching/hunt1041-v81-validated-final20.tsv	31c5aad06832fadab8d0bd703531718a87ea186d279c241a41789ae0c2608e1a	ps2/progress28_structural_lift_recovered.o	block-local-constant	b8f2bdcb05d3b4d3e386f2a1e61d8146cffaa3e1b66bc8b9acce81d11e86ed4c	16753135a76a1b681eab49fafb84328a2664bb7a5fbea8737269b9f7c366ee03	minimum directly accessed span; complete object/array extent and final layout unproved
DAT_00345544	0x00345544	DIRECT_ACCESS_PROVED	0x1	initialized	6e340b9cffb37a989ca544e6bb780a2c78901d3fb33738768511a30617afa01d	0x0015bc70	0x4b4	0x0015bca8	lbu	2	0x0015bca4	cec5b9dd3ae5d575f49d7400a61ed14dde7558cdc7cc78cb34d1f5acd19c57ae			analysis/matching/hunt500plus-v33-validated-204.tsv	198b46bab535289a94dc3974ab342f12191763e99b5f096294b68629f210f5a7	ps2/progress28_structural_lift_recovered.o	block-local-constant	ae627c8c72b1daf4f073bba5b6dfb73c2d002bb109ed710f743e3d51734b92af	16753135a76a1b681eab49fafb84328a2664bb7a5fbea8737269b9f7c366ee03	minimum directly accessed span; complete object/array extent and final layout unproved
DAT_00345545	0x00345545	DIRECT_ACCESS_PROVED	0x1	initialized	6e340b9cffb37a989ca544e6bb780a2c78901d3fb33738768511a30617afa01d	0x0015bc70	0x4b4	0x0015bc88	lbu	2	0x0015bc84	1c49dec9d77ec60d89f6a167e06fa7e99159ee88e5d5ab8e680334b608ff930b			analysis/matching/hunt500plus-v33-validated-204.tsv	198b46bab535289a94dc3974ab342f12191763e99b5f096294b68629f210f5a7	ps2/progress28_structural_lift_recovered.o	block-local-constant	ae627c8c72b1daf4f073bba5b6dfb73c2d002bb109ed710f743e3d51734b92af	16753135a76a1b681eab49fafb84328a2664bb7a5fbea8737269b9f7c366ee03	minimum directly accessed span; complete object/array extent and final layout unproved
DAT_00345546	0x00345546	DIRECT_ACCESS_PROVED	0x1	initialized	6e340b9cffb37a989ca544e6bb780a2c78901d3fb33738768511a30617afa01d	0x00153354	0x164	0x00153444	lbu	2	0x00153440	4b76b9659b7de35d0df8f659999b42d272dcf22758eec69653a857293f360958			analysis/matching/hunt1041-v52-validated-17.tsv	05383075b5e8de362905b18184a8b4b88c4b9e1310568ac1791fff170c6129d9	ps2/progress28_structural_lift_recovered.o	block-local-constant	357a62bcf17a61b0f46ab6112fe707ecd7f1f18a1eb0e22891a8592e8b79b997	16753135a76a1b681eab49fafb84328a2664bb7a5fbea8737269b9f7c366ee03	minimum directly accessed span; complete object/array extent and final layout unproved
DAT_00345547	0x00345547	DIRECT_ACCESS_PROVED	0x1	initialized	6e340b9cffb37a989ca544e6bb780a2c78901d3fb33738768511a30617afa01d	0x001522d8	0x107c	0x0015236c	sb	16	0x001522dc;0x00152300	55be6ccd20757f6658301694e1c17983aa598ab8b4a10b17a4ca07b7aa3f3c87			analysis/matching/hunt1041-v52-validated-17.tsv	05383075b5e8de362905b18184a8b4b88c4b9e1310568ac1791fff170c6129d9	ps2/progress28_structural_lift_recovered.o	block-local-constant	5c6072d8d1892b2346877a2820d67d29a2040a333951ad704b9301380cb47a8c	16753135a76a1b681eab49fafb84328a2664bb7a5fbea8737269b9f7c366ee03	minimum directly accessed span; complete object/array extent and final layout unproved
DAT_00345548	0x00345548	DIRECT_ACCESS_PROVED	0x4	initialized	df3f619804a92fdb4057192dc43dd748ea778adc52bc498ce80524c014b81119	0x00104f18	0x798	0x0010543c	lw	2	0x00105438	ea4ef744cf32faf506c14b54ed2caf6ef94b4b6d216f21d92078ca5ed2bcf449			analysis/matching/hunt1041-v81-validated-final20.tsv	31c5aad06832fadab8d0bd703531718a87ea186d279c241a41789ae0c2608e1a	ps2/progress28_structural_lift_recovered.o	block-local-constant	b8f2bdcb05d3b4d3e386f2a1e61d8146cffaa3e1b66bc8b9acce81d11e86ed4c	16753135a76a1b681eab49fafb84328a2664bb7a5fbea8737269b9f7c366ee03	minimum directly accessed span; complete object/array extent and final layout unproved
DAT_0034554d	0x0034554d	DIRECT_ACCESS_PROVED	0x1	initialized	6e340b9cffb37a989ca544e6bb780a2c78901d3fb33738768511a30617afa01d	0x00104f18	0x798	0x0010541c	lbu	2	0x00105418	9570cd772451fa48a216642c55381c7286b6f710e718b6c48a5b561381348ac6			analysis/matching/hunt1041-v81-validated-final20.tsv	31c5aad06832fadab8d0bd703531718a87ea186d279c241a41789ae0c2608e1a	ps2/progress28_structural_lift_recovered.o	block-local-constant	b8f2bdcb05d3b4d3e386f2a1e61d8146cffaa3e1b66bc8b9acce81d11e86ed4c	16753135a76a1b681eab49fafb84328a2664bb7a5fbea8737269b9f7c366ee03	minimum directly accessed span; complete object/array extent and final layout unproved
DAT_0034554e	0x0034554e	DIRECT_ACCESS_PROVED	0x1	initialized	6e340b9cffb37a989ca544e6bb780a2c78901d3fb33738768511a30617afa01d	0x0017409c	0x84	0x001740a4	lbu	2	0x0017409c	d8bee24c3e5de60f258b686b0557af7407f27247753f93e0416b33989864a81d			analysis/matching/hunt400-v9-validated-64.tsv	b3f060b4eb6026892fe5c21b010273bd806125d898cc7d50bf05631d6d64e6f8	ps2/progress28_structural_lift_recovered.o	block-local-constant	02c7b65158560e1295b87a7d6ebd22d4a03cea9c137f51e50422c0d110ba6919	16753135a76a1b681eab49fafb84328a2664bb7a5fbea8737269b9f7c366ee03	minimum directly accessed span; complete object/array extent and final layout unproved
DAT_00345550	0x00345550	DIRECT_ACCESS_PROVED	0x4	initialized	df3f619804a92fdb4057192dc43dd748ea778adc52bc498ce80524c014b81119	0x00104f18	0x798	0x0010525c	sw	16	0x00105214;0x0010521c	7e5c76e825700959778900aefa1135d7eb19dbb5d1c075ca9e044fc6bad181bb			analysis/matching/hunt1041-v81-validated-final20.tsv	31c5aad06832fadab8d0bd703531718a87ea186d279c241a41789ae0c2608e1a	ps2/progress28_structural_lift_recovered.o	block-local-constant	b8f2bdcb05d3b4d3e386f2a1e61d8146cffaa3e1b66bc8b9acce81d11e86ed4c	16753135a76a1b681eab49fafb84328a2664bb7a5fbea8737269b9f7c366ee03	minimum directly accessed span; complete object/array extent and final layout unproved
DAT_00345559	0x00345559	DIRECT_ACCESS_PROVED	0x1	initialized	6e340b9cffb37a989ca544e6bb780a2c78901d3fb33738768511a30617afa01d	0x00174120	0xe4	0x0017414c	lbu	2	0x00174148	cce9b696d46c1e39ac1d7f27c307d46917369105d6577310baf1ef210b3eb8b6			analysis/matching/hunt500-v10-validated-17.tsv	c69da9ef146b90ec9ee78ad9013b5cb799a9ea301d029ec28846aee575b56e8b	ps2/progress28_structural_lift_recovered.o	block-local-constant	8a3bab3c1b1aef32ca56adda53cfa3a0f606fed1524f03ee91a57ebcf52264bd	16753135a76a1b681eab49fafb84328a2664bb7a5fbea8737269b9f7c366ee03	minimum directly accessed span; complete object/array extent and final layout unproved
DAT_0034555a	0x0034555a	DIRECT_ACCESS_PROVED	0x1	initialized	6e340b9cffb37a989ca544e6bb780a2c78901d3fb33738768511a30617afa01d	0x00174fe4	0x31c	0x00175220	lbu	2	0x00175218	1a245eb66e7604622d7b58c9b4e7ef233f087a0a38fdda1b9f956ee8a8f40fd3			analysis/matching/hunt1041-v52-validated-17.tsv	05383075b5e8de362905b18184a8b4b88c4b9e1310568ac1791fff170c6129d9	ps2/progress28_structural_lift_recovered.o	block-local-constant	c7d630385f4ab14a874c19a3832fde128f57c1218a4c92d07352634fe6321b43	16753135a76a1b681eab49fafb84328a2664bb7a5fbea8737269b9f7c366ee03	minimum directly accessed span; complete object/array extent and final layout unproved
DAT_0034555b	0x0034555b	DIRECT_ACCESS_PROVED	0x1	initialized	6e340b9cffb37a989ca544e6bb780a2c78901d3fb33738768511a30617afa01d	0x00104f18	0x798	0x00105270	sb	16	0x00105214;0x0010521c	067d0f1c48914c0f24717089294222faa905c8ce0cad343c9bc7bc239ca3cf65			analysis/matching/hunt1041-v81-validated-final20.tsv	31c5aad06832fadab8d0bd703531718a87ea186d279c241a41789ae0c2608e1a	ps2/progress28_structural_lift_recovered.o	block-local-constant	b8f2bdcb05d3b4d3e386f2a1e61d8146cffaa3e1b66bc8b9acce81d11e86ed4c	16753135a76a1b681eab49fafb84328a2664bb7a5fbea8737269b9f7c366ee03	minimum directly accessed span; complete object/array extent and final layout unproved
DAT_0034555c	0x0034555c	DIRECT_ACCESS_PROVED	0x1	initialized	6e340b9cffb37a989ca544e6bb780a2c78901d3fb33738768511a30617afa01d	0x001161a8	0x598	0x00116354	lbu	16	0x0011634c;0x00116350	f7f52ba9456c62f0e8b5c3ba12df324373350e4526c22f3de4699855b29e6e8d			analysis/matching/hunt1000plus-v46-validated-42.tsv	c13a582a9b6bc100256670dbc0d2b2bda6f10293f4359e3b2fd912dcf8c2f5db	ps2/progress28_structural_lift_recovered.o	block-local-constant	2ec6ebb4a8a8934817467f937fb7c8ac4215349a0e006c0ecb949c52c3bd90f7	16753135a76a1b681eab49fafb84328a2664bb7a5fbea8737269b9f7c366ee03	minimum directly accessed span; complete object/array extent and final layout unproved
DAT_0034555d	0x0034555d	DIRECT_ACCESS_PROVED	0x1	initialized	6e340b9cffb37a989ca544e6bb780a2c78901d3fb33738768511a30617afa01d	0x00175300	0x9b4	0x00175c38	lbu	3	0x00175c34	97913442f9b8be5be33af1313970972a84913624c1cc7c3a9bfee6f6f56a589d			analysis/matching/hunt1041-v81-validated-final20.tsv	31c5aad06832fadab8d0bd703531718a87ea186d279c241a41789ae0c2608e1a	ps2/progress28_structural_lift_recovered.o	block-local-constant	a4009eee1ef43aa647aa6ccf7781cca84920b09ee285bf39976d883bdd218a99	16753135a76a1b681eab49fafb84328a2664bb7a5fbea8737269b9f7c366ee03	minimum directly accessed span; complete object/array extent and final layout unproved
DAT_00345560	0x00345560	DIRECT_ACCESS_PROVED	0x1	initialized	6e340b9cffb37a989ca544e6bb780a2c78901d3fb33738768511a30617afa01d	0x0010a934	0x414	0x0010a96c	lbu	2	0x0010a938;0x0010a940	dfc51bf245119ef9d3041b080a9793baa2b3d7027e890a0b1523e3cf7b789140			analysis/matching/hunt1041-v52-validated-17.tsv	05383075b5e8de362905b18184a8b4b88c4b9e1310568ac1791fff170c6129d9	ps2/progress28_structural_lift_recovered.o	block-local-constant	7b9b22e9e4219577dc0519b524ba93e24e2829c425bdbcfe6b7213c47f245ac0	16753135a76a1b681eab49fafb84328a2664bb7a5fbea8737269b9f7c366ee03	minimum directly accessed span; complete object/array extent and final layout unproved
DAT_00345561	0x00345561	DIRECT_ACCESS_PROVED	0x1	initialized	6e340b9cffb37a989ca544e6bb780a2c78901d3fb33738768511a30617afa01d	0x00104f18	0x798	0x001052b4	sb	16	0x00105294;0x0010529c	77876e5cf83cb52070ed6c78252462a6501cff7a5313f08be10424e96b410dd8			analysis/matching/hunt1041-v81-validated-final20.tsv	31c5aad06832fadab8d0bd703531718a87ea186d279c241a41789ae0c2608e1a	ps2/progress28_structural_lift_recovered.o	block-local-constant	b8f2bdcb05d3b4d3e386f2a1e61d8146cffaa3e1b66bc8b9acce81d11e86ed4c	16753135a76a1b681eab49fafb84328a2664bb7a5fbea8737269b9f7c366ee03	minimum directly accessed span; complete object/array extent and final layout unproved
DAT_00345563	0x00345563	DIRECT_ACCESS_PROVED	0x1	initialized	6e340b9cffb37a989ca544e6bb780a2c78901d3fb33738768511a30617afa01d	0x0012bd48	0x214	0x0012bdd0	lbu	2	0x0012bdbc	0348b2bd4337f1f23b947a35c486d61170fc5380be119d873af0061a86a79058			analysis/matching/hunt1041-v49-validated-20.tsv	d4fa3387ca1f39cdaf967b664e19682d448b402749ad07ae854873a782cfc045	ps2/progress28_structural_lift_recovered.o	block-local-constant	b6f6d33c2c930eed15a938f4cf28a230404ace5cafffeaee081c5f054114a67c	16753135a76a1b681eab49fafb84328a2664bb7a5fbea8737269b9f7c366ee03	minimum directly accessed span; complete object/array extent and final layout unproved
DAT_00345564	0x00345564	DIRECT_ACCESS_PROVED	0x1	initialized	6e340b9cffb37a989ca544e6bb780a2c78901d3fb33738768511a30617afa01d	0x00104f18	0x798	0x001052b8	sb	16	0x00105294;0x0010529c	740b77021ee5347637e4d679c9870e44c355594400358b45dba38c7b55c044dd			analysis/matching/hunt1041-v81-validated-final20.tsv	31c5aad06832fadab8d0bd703531718a87ea186d279c241a41789ae0c2608e1a	ps2/progress28_structural_lift_recovered.o	block-local-constant	b8f2bdcb05d3b4d3e386f2a1e61d8146cffaa3e1b66bc8b9acce81d11e86ed4c	16753135a76a1b681eab49fafb84328a2664bb7a5fbea8737269b9f7c366ee03	minimum directly accessed span; complete object/array extent and final layout unproved
DAT_00345565	0x00345565	DIRECT_ACCESS_PROVED	0x1	initialized	6e340b9cffb37a989ca544e6bb780a2c78901d3fb33738768511a30617afa01d	0x00100114	0x278	0x0010012c	lbu	2	0x00100118	0bb950a664744a017e4d6f4934f0b1e303c457e26b23ba204ed0035f5129da4e			analysis/matching/hunt1041-v80-validated-quickwins-23.tsv	bc64ffd5bceeb09497ff1e765080b7ca7d92f7127b9724423638bbbf4bf2160f	ps2/progress28_structural_lift_recovered.o	block-local-constant	7e9ac3595f51b8b16782d02d52a1d0ef302620918e2b01401c291c04f3006358	16753135a76a1b681eab49fafb84328a2664bb7a5fbea8737269b9f7c366ee03	minimum directly accessed span; complete object/array extent and final layout unproved
DAT_00345566	0x00345566	DIRECT_ACCESS_PROVED	0x1	initialized	6e340b9cffb37a989ca544e6bb780a2c78901d3fb33738768511a30617afa01d	0x00104f18	0x798	0x001052d4	sb	16	0x00105294;0x0010529c	7ab307cb97195e619d653a1f6317abe3346c99f34f9fe9c71e452bc9e5356d11			analysis/matching/hunt1041-v81-validated-final20.tsv	31c5aad06832fadab8d0bd703531718a87ea186d279c241a41789ae0c2608e1a	ps2/progress28_structural_lift_recovered.o	block-local-constant	b8f2bdcb05d3b4d3e386f2a1e61d8146cffaa3e1b66bc8b9acce81d11e86ed4c	16753135a76a1b681eab49fafb84328a2664bb7a5fbea8737269b9f7c366ee03	minimum directly accessed span; complete object/array extent and final layout unproved
DAT_00345567	0x00345567	DIRECT_ACCESS_PROVED	0x1	initialized	6e340b9cffb37a989ca544e6bb780a2c78901d3fb33738768511a30617afa01d	0x00104f18	0x798	0x001052b0	sb	16	0x00105294;0x0010529c	024b0f0f4022688d9d4d410454a8718f4aedf65862f8defcb4ddcd74d0e9708d			analysis/matching/hunt1041-v81-validated-final20.tsv	31c5aad06832fadab8d0bd703531718a87ea186d279c241a41789ae0c2608e1a	ps2/progress28_structural_lift_recovered.o	block-local-constant	b8f2bdcb05d3b4d3e386f2a1e61d8146cffaa3e1b66bc8b9acce81d11e86ed4c	16753135a76a1b681eab49fafb84328a2664bb7a5fbea8737269b9f7c366ee03	minimum directly accessed span; complete object/array extent and final layout unproved
DAT_00345568	0x00345568	DIRECT_ACCESS_PROVED	0x1	initialized	6e340b9cffb37a989ca544e6bb780a2c78901d3fb33738768511a30617afa01d	0x00114818	0x11dc	0x00114868	lbu	2	0x00114864;0x0011594c	6e8218f0344f7df2d2002cdda3a01bab68e06dec7fa3230659f08d7249b50a56			analysis/matching/hunt500plus-v33-validated-204.tsv	198b46bab535289a94dc3974ab342f12191763e99b5f096294b68629f210f5a7	ps2/progress28_structural_lift_recovered.o	cfg-must-constant	6e8218f0344f7df2d2002cdda3a01bab68e06dec7fa3230659f08d7249b50a56	16753135a76a1b681eab49fafb84328a2664bb7a5fbea8737269b9f7c366ee03	minimum directly accessed span; complete object/array extent and final layout unproved
DAT_00345569	0x00345569	DIRECT_ACCESS_PROVED	0x1	initialized	6e340b9cffb37a989ca544e6bb780a2c78901d3fb33738768511a30617afa01d	0x00104f18	0x798	0x001052e0	sb	16	0x00105294;0x0010529c	b2535636358e16b35645556ae7481656f0f6637695f3ae22b0217898fa793c73			analysis/matching/hunt1041-v81-validated-final20.tsv	31c5aad06832fadab8d0bd703531718a87ea186d279c241a41789ae0c2608e1a	ps2/progress28_structural_lift_recovered.o	block-local-constant	b8f2bdcb05d3b4d3e386f2a1e61d8146cffaa3e1b66bc8b9acce81d11e86ed4c	16753135a76a1b681eab49fafb84328a2664bb7a5fbea8737269b9f7c366ee03	minimum directly accessed span; complete object/array extent and final layout unproved
DAT_0034556b	0x0034556b	DIRECT_ACCESS_PROVED	0x1	initialized	6e340b9cffb37a989ca544e6bb780a2c78901d3fb33738768511a30617afa01d	0x0012b3e8	0xb0	0x0012b3ec	lbu	2	0x0012b3e8	c392e3e8745b1fe382ff78ffc41881bc93a1a8f2ea9081abc6a9e6ab779922ec			analysis/matching/hunt500plus-v33-validated-204.tsv	198b46bab535289a94dc3974ab342f12191763e99b5f096294b68629f210f5a7	ps2/progress28_structural_lift_recovered.o	block-local-constant	fbfdf9897ffaf143e97cfc59f77a3005dd853a3c2322abea20dde61d7a28056c	16753135a76a1b681eab49fafb84328a2664bb7a5fbea8737269b9f7c366ee03	minimum directly accessed span; complete object/array extent and final layout unproved
DAT_0034556c	0x0034556c	DIRECT_ACCESS_PROVED	0x1	initialized	6e340b9cffb37a989ca544e6bb780a2c78901d3fb33738768511a30617afa01d	0x00104f18	0x798	0x001052d8	sb	16	0x00105294;0x0010529c	4763dcc017de4ea16d4c40293ed8a1ec22b7e893d44d949cd2b21fb43414c042			analysis/matching/hunt1041-v81-validated-final20.tsv	31c5aad06832fadab8d0bd703531718a87ea186d279c241a41789ae0c2608e1a	ps2/progress28_structural_lift_recovered.o	block-local-constant	b8f2bdcb05d3b4d3e386f2a1e61d8146cffaa3e1b66bc8b9acce81d11e86ed4c	16753135a76a1b681eab49fafb84328a2664bb7a5fbea8737269b9f7c366ee03	minimum directly accessed span; complete object/array extent and final layout unproved
DAT_0034556e	0x0034556e	DIRECT_ACCESS_PROVED	0x1	initialized	6e340b9cffb37a989ca544e6bb780a2c78901d3fb33738768511a30617afa01d	0x00104f18	0x798	0x001052f0	sb	16	0x00105294;0x0010529c	c24e2f647365224f02b49148806491b911220d6e8bf542673382963a88016ff7			analysis/matching/hunt1041-v81-validated-final20.tsv	31c5aad06832fadab8d0bd703531718a87ea186d279c241a41789ae0c2608e1a	ps2/progress28_structural_lift_recovered.o	block-local-constant	b8f2bdcb05d3b4d3e386f2a1e61d8146cffaa3e1b66bc8b9acce81d11e86ed4c	16753135a76a1b681eab49fafb84328a2664bb7a5fbea8737269b9f7c366ee03	minimum directly accessed span; complete object/array extent and final layout unproved
DAT_003455f8	0x003455f8	DIRECT_ACCESS_PROVED	0x4	initialized	df3f619804a92fdb4057192dc43dd748ea778adc52bc498ce80524c014b81119	0x001434ac	0x1e0	0x001435c4	lw	2	0x001435bc	5b0e9902132e885f19434a68e94255c32be68d8cafab3437d79308c51bfa964e			analysis/matching/hunt1041-v52-validated-17.tsv	05383075b5e8de362905b18184a8b4b88c4b9e1310568ac1791fff170c6129d9	ps2/progress28_structural_lift_recovered.o	block-local-constant	8e1600ec60e2e496eb0a915feb6fe1639da6a7f00e795fea2dbcf0edb796792d	16753135a76a1b681eab49fafb84328a2664bb7a5fbea8737269b9f7c366ee03	minimum directly accessed span; complete object/array extent and final layout unproved
DAT_003455fc	0x003455fc	DIRECT_ACCESS_PROVED	0x1	initialized	6e340b9cffb37a989ca544e6bb780a2c78901d3fb33738768511a30617afa01d	0x0011444c	0x84	0x00114460	lbu	2	0x00114450	48eccbe5cad360809cb8445d8a6a3b9b3d5e6fa478ff34115a0a73946c2822e2			analysis/matching/hunt400-validated-19.tsv	a698d766a3ef8eda7cc7aec7e16ad590ad72239b6c31d80cba6a38a3a0a61d98	ps2/progress28_structural_lift_recovered.o	block-local-constant	ad3abd8ff8091464babb883c59fb6d34b0480e949271b1dbfe988d4254280a4e	16753135a76a1b681eab49fafb84328a2664bb7a5fbea8737269b9f7c366ee03	minimum directly accessed span; complete object/array extent and final layout unproved
DAT_003455fd	0x003455fd	DIRECT_ACCESS_PROVED	0x1	initialized	6e340b9cffb37a989ca544e6bb780a2c78901d3fb33738768511a30617afa01d	0x001806a4	0x4dc	0x001808e4	sb	2	0x001808d8	9406d308637b66d7d8382c82523b533d26dadc32594dd00c7a41a82456e859b1			analysis/matching/hunt1041-v81-validated-final20.tsv	31c5aad06832fadab8d0bd703531718a87ea186d279c241a41789ae0c2608e1a	ps2/progress28_structural_lift_recovered.o	block-local-constant	5afc4b93158bfd754044add95c60a6029d2981f535515d6aae19576c064c6f0a	16753135a76a1b681eab49fafb84328a2664bb7a5fbea8737269b9f7c366ee03	minimum directly accessed span; complete object/array extent and final layout unproved
DAT_00345608	0x00345608	DIRECT_ACCESS_PROVED	0x1	initialized	6e340b9cffb37a989ca544e6bb780a2c78901d3fb33738768511a30617afa01d	0x001005ec	0x2f0	0x00100628	lbu	21	0x00100620;0x00100624	2bebf8972cca962127b4e6d80deeb6e5444368d337d6b9ea796d65866fc9b776			analysis/matching/hunt1041-v80-validated-quickwins-23.tsv	bc64ffd5bceeb09497ff1e765080b7ca7d92f7127b9724423638bbbf4bf2160f	ps2/progress28_structural_lift_recovered.o	block-local-constant	338cfe388d6389ecce854caf39b59af0aae35b3dbbc42a55194d36a3af75e3ee	16753135a76a1b681eab49fafb84328a2664bb7a5fbea8737269b9f7c366ee03	minimum directly accessed span; complete object/array extent and final layout unproved
DAT_00345609	0x00345609	DIRECT_ACCESS_PROVED	0x1	initialized	6e340b9cffb37a989ca544e6bb780a2c78901d3fb33738768511a30617afa01d	0x00156c60	0x1870	0x00156ff0	sb	3	0x00156fe0;0x00156fe8	ccd5f51a7be5548bf5a7ca28ee0ae35b4c11c0417b936de3ef1182953da43471			analysis/matching/hunt1041-v52-validated-17.tsv	05383075b5e8de362905b18184a8b4b88c4b9e1310568ac1791fff170c6129d9	ps2/progress28_structural_lift_recovered.o	cfg-must-constant	ccd5f51a7be5548bf5a7ca28ee0ae35b4c11c0417b936de3ef1182953da43471	16753135a76a1b681eab49fafb84328a2664bb7a5fbea8737269b9f7c366ee03	minimum directly accessed span; complete object/array extent and final layout unproved
DAT_0034560a	0x0034560a	DIRECT_ACCESS_PROVED	0x1	initialized	6e340b9cffb37a989ca544e6bb780a2c78901d3fb33738768511a30617afa01d	0x00143390	0x11c	0x0014340c	lbu	2	0x00143408	2e4ff179e1d38ec67032f345d6929409797fbc0313cb5215b5ef11e33138e0df			analysis/matching/hunt500plus-v33-validated-204.tsv	198b46bab535289a94dc3974ab342f12191763e99b5f096294b68629f210f5a7	ps2/progress28_structural_lift_recovered.o	block-local-constant	259fe275da0ff89e9114a709118fe6e4579d9c0b784bf1828683addc840cc580	16753135a76a1b681eab49fafb84328a2664bb7a5fbea8737269b9f7c366ee03	minimum directly accessed span; complete object/array extent and final layout unproved
DAT_0034560b	0x0034560b	DIRECT_ACCESS_PROVED	0x1	initialized	6e340b9cffb37a989ca544e6bb780a2c78901d3fb33738768511a30617afa01d	0x0015d334	0xb8	0x0015d370	lbu	7	0x0015d338;0x0015d340	25583590688ba0426131d17ee7da309a71c9f56675304f70978b89d1783f3636			analysis/matching/hunt1041-v51-validated-16.tsv	f172d5ecc5c101fe2f00e42793e8577e17d8f94a789369e4a431dec9d537a293	ps2/progress28_structural_lift_recovered.o	cfg-must-constant	25583590688ba0426131d17ee7da309a71c9f56675304f70978b89d1783f3636	16753135a76a1b681eab49fafb84328a2664bb7a5fbea8737269b9f7c366ee03	minimum directly accessed span; complete object/array extent and final layout unproved
DAT_0034560c	0x0034560c	DIRECT_ACCESS_PROVED	0x1	initialized	6e340b9cffb37a989ca544e6bb780a2c78901d3fb33738768511a30617afa01d	0x00147c68	0x6d0	0x001480dc	lbu	2	0x001480d0	57a7b3ba8e949ee97e6e54a5bb5197172d0ffce15f7520307bebf57f836d1b25			analysis/matching/hunt1000plus-v47-validated-79.tsv	fce375f4f3738af37cd57537ff374d0a7dbe0ca85559ecca8691858bce0bc623	ps2/progress28_structural_lift_recovered.o	block-local-constant	0d7cf71beba7a0b7fc8b0f449fe97a9a71734ad5b4999a2a3f41d2712ac7751f	16753135a76a1b681eab49fafb84328a2664bb7a5fbea8737269b9f7c366ee03	minimum directly accessed span; complete object/array extent and final layout unproved
DAT_0034560d	0x0034560d	DIRECT_ACCESS_PROVED	0x1	initialized	6e340b9cffb37a989ca544e6bb780a2c78901d3fb33738768511a30617afa01d	0x001522d8	0x107c	0x001527f8	lbu	2	0x001527f4	57e37f48dbac431b1e6f0658a41c88b509bb12b695706e80b98f126e562ca047			analysis/matching/hunt1041-v52-validated-17.tsv	05383075b5e8de362905b18184a8b4b88c4b9e1310568ac1791fff170c6129d9	ps2/progress28_structural_lift_recovered.o	block-local-constant	5c6072d8d1892b2346877a2820d67d29a2040a333951ad704b9301380cb47a8c	16753135a76a1b681eab49fafb84328a2664bb7a5fbea8737269b9f7c366ee03	minimum directly accessed span; complete object/array extent and final layout unproved
DAT_0034560e	0x0034560e	DIRECT_ACCESS_PROVED	0x1	initialized	6e340b9cffb37a989ca544e6bb780a2c78901d3fb33738768511a30617afa01d	0x0015ad6c	0xf04	0x0015af04	lbu	2	0x0015af00;0x0015aff4	3990a1e071cda330fd6b538ed2f2a3aaadf72a68801f02b275ea1fd1e8bd411f			analysis/matching/hunt1041-v52-validated-17.tsv	05383075b5e8de362905b18184a8b4b88c4b9e1310568ac1791fff170c6129d9	ps2/progress28_structural_lift_recovered.o	cfg-must-constant	3990a1e071cda330fd6b538ed2f2a3aaadf72a68801f02b275ea1fd1e8bd411f	16753135a76a1b681eab49fafb84328a2664bb7a5fbea8737269b9f7c366ee03	minimum directly accessed span; complete object/array extent and final layout unproved
DAT_00345610	0x00345610	DIRECT_ACCESS_PROVED	0x8	initialized	af5570f5a1810b7af78caf4bc70a660f0df51e42baf91d4de5b2328de0e83dfc	0x0015d0bc	0x278	0x0015d290	ld	2	0x0015d1a8;0x0015d284	8cd72d9d056f3409721392d9ec02266f3592b022f5f05f2c0d47ba8a97222d27			analysis/matching/hunt1041-v51-validated-16.tsv	f172d5ecc5c101fe2f00e42793e8577e17d8f94a789369e4a431dec9d537a293	ps2/progress28_structural_lift_recovered.o	cfg-must-constant	8cd72d9d056f3409721392d9ec02266f3592b022f5f05f2c0d47ba8a97222d27	16753135a76a1b681eab49fafb84328a2664bb7a5fbea8737269b9f7c366ee03	minimum directly accessed span; complete object/array extent and final layout unproved
DAT_00345618	0x00345618	DIRECT_ACCESS_PROVED	0x2	initialized	96a296d224f285c67bee93c30f8a309157f0daa35dc5b87e410b78630a09cfc7	0x0014e828	0x1a4	0x0014e904	lhu	2	0x0014e900	cfaa96b731c3bb0fe718c8e3a33350d89c0e37118f3dceab4fdde3fffe8fe4a2			analysis/matching/hunt1000plus-v47-validated-79.tsv	fce375f4f3738af37cd57537ff374d0a7dbe0ca85559ecca8691858bce0bc623	ps2/progress28_structural_lift_recovered.o	block-local-constant	4deee9ab39ce633a3d428d85ef4593f2b7aee7d32c5afd37c4e699537e9b275f	16753135a76a1b681eab49fafb84328a2664bb7a5fbea8737269b9f7c366ee03	minimum directly accessed span; complete object/array extent and final layout unproved
DAT_00345ae8	0x00345ae8	DIRECT_ACCESS_PROVED	0x1	initialized	6e340b9cffb37a989ca544e6bb780a2c78901d3fb33738768511a30617afa01d	0x0015d9ac	0x108	0x0015d9e0	sb	16	0x0015d9dc	e32813a4910fce337b2b4bcbdc0daa79d1e0d84dfc65aeb43db6fb1703dc5cb8			analysis/matching/hunt400-validated-19.tsv	a698d766a3ef8eda7cc7aec7e16ad590ad72239b6c31d80cba6a38a3a0a61d98	ps2/progress28_structural_lift_recovered.o	block-local-constant	228be3e9bca08cf6c36445c2254db836d7d9d9449a508768ce458090e1e9fd1c	16753135a76a1b681eab49fafb84328a2664bb7a5fbea8737269b9f7c366ee03	minimum directly accessed span; complete object/array extent and final layout unproved
DAT_00345ae9	0x00345ae9	DIRECT_ACCESS_PROVED	0x1	initialized	6e340b9cffb37a989ca544e6bb780a2c78901d3fb33738768511a30617afa01d	0x0015d9ac	0x108	0x0015da18	sb	16	0x0015d9dc;0x0015d9e4	de3d072044594badc966de45239de6a71f6b72747b50dab7954ec5d8dd4a89f7			analysis/matching/hunt400-validated-19.tsv	a698d766a3ef8eda7cc7aec7e16ad590ad72239b6c31d80cba6a38a3a0a61d98	ps2/progress28_structural_lift_recovered.o	block-local-constant	228be3e9bca08cf6c36445c2254db836d7d9d9449a508768ce458090e1e9fd1c	16753135a76a1b681eab49fafb84328a2664bb7a5fbea8737269b9f7c366ee03	minimum directly accessed span; complete object/array extent and final layout unproved
DAT_00345aea	0x00345aea	DIRECT_ACCESS_PROVED	0x2	initialized	96a296d224f285c67bee93c30f8a309157f0daa35dc5b87e410b78630a09cfc7	0x0015d9ac	0x108	0x0015da1c	sh	16	0x0015d9dc;0x0015d9e4	7e2c48482bf97a85af4c808a8001f3f493e7ec3cc42d60c959d73dda91075ddc			analysis/matching/hunt400-validated-19.tsv	a698d766a3ef8eda7cc7aec7e16ad590ad72239b6c31d80cba6a38a3a0a61d98	ps2/progress28_structural_lift_recovered.o	block-local-constant	228be3e9bca08cf6c36445c2254db836d7d9d9449a508768ce458090e1e9fd1c	16753135a76a1b681eab49fafb84328a2664bb7a5fbea8737269b9f7c366ee03	minimum directly accessed span; complete object/array extent and final layout unproved
DAT_00345aec	0x00345aec	DIRECT_ACCESS_PROVED	0x2	initialized	96a296d224f285c67bee93c30f8a309157f0daa35dc5b87e410b78630a09cfc7	0x0016f2dc	0x2a4	0x0016f4a0	lhu	2	0x0016f498	67f923220063f5f0f38978ab586e8c919305a9146984b53571fa3c77923e7eca			analysis/matching/hunt1000plus-v34-validated-16.tsv	3e824f63d90666b021b356df579c5d3404e23acffa3e959ea863354f4219d1f3	ps2/progress28_structural_lift_recovered.o	block-local-constant	a8e91f3dab6f5a29d5bf5ab2ea673a1a1bf98497dc4e5d79d7a87cd5e4b297d6	16753135a76a1b681eab49fafb84328a2664bb7a5fbea8737269b9f7c366ee03	minimum directly accessed span; complete object/array extent and final layout unproved
DAT_00345aee	0x00345aee	DIRECT_ACCESS_PROVED	0x2	initialized	96a296d224f285c67bee93c30f8a309157f0daa35dc5b87e410b78630a09cfc7	0x0015d9ac	0x108	0x0015da00	sh	16	0x0015d9dc;0x0015d9e4	54e924a6e2c5104b7b38ffcd2846aadcb7cb41589bfc56472e485b4bcb6453c0			analysis/matching/hunt400-validated-19.tsv	a698d766a3ef8eda7cc7aec7e16ad590ad72239b6c31d80cba6a38a3a0a61d98	ps2/progress28_structural_lift_recovered.o	block-local-constant	228be3e9bca08cf6c36445c2254db836d7d9d9449a508768ce458090e1e9fd1c	16753135a76a1b681eab49fafb84328a2664bb7a5fbea8737269b9f7c366ee03	minimum directly accessed span; complete object/array extent and final layout unproved
DAT_00345af0	0x00345af0	DIRECT_ACCESS_PROVED	0x2	initialized	96a296d224f285c67bee93c30f8a309157f0daa35dc5b87e410b78630a09cfc7	0x0016ded4	0x128	0x0016defc	lhu	17	0x0016dedc;0x0016dee4	e1241edfae9bd701741ac664cb2e126ab2eeecb69b2a28e500e2e1b296228590			analysis/matching/hunt1000plus-v46-validated-42.tsv	c13a582a9b6bc100256670dbc0d2b2bda6f10293f4359e3b2fd912dcf8c2f5db	ps2/progress28_structural_lift_recovered.o	cfg-must-constant	e1241edfae9bd701741ac664cb2e126ab2eeecb69b2a28e500e2e1b296228590	16753135a76a1b681eab49fafb84328a2664bb7a5fbea8737269b9f7c366ee03	minimum directly accessed span; complete object/array extent and final layout unproved
DAT_00345af2	0x00345af2	NO_DIRECT_ACCESS_WITNESS															ps2/progress28_structural_lift_recovered.o				indexed/pointer/array/object bounds require separate proof
DAT_00345af4	0x00345af4	NO_DIRECT_ACCESS_WITNESS															ps2/progress28_structural_lift_recovered.o				indexed/pointer/array/object bounds require separate proof
DAT_00345af6	0x00345af6	DIRECT_ACCESS_PROVED	0x2	initialized	96a296d224f285c67bee93c30f8a309157f0daa35dc5b87e410b78630a09cfc7	0x0015d9ac	0x108	0x0015da08	sh	16	0x0015d9dc;0x0015d9e4	9496b9a81d7fddce2864b37ce755e8b9f61de840cbe38dd4558fd28783a6dac5			analysis/matching/hunt400-validated-19.tsv	a698d766a3ef8eda7cc7aec7e16ad590ad72239b6c31d80cba6a38a3a0a61d98	ps2/progress28_structural_lift_recovered.o	block-local-constant	228be3e9bca08cf6c36445c2254db836d7d9d9449a508768ce458090e1e9fd1c	16753135a76a1b681eab49fafb84328a2664bb7a5fbea8737269b9f7c366ee03	minimum directly accessed span; complete object/array extent and final layout unproved
DAT_00345af8	0x00345af8	DIRECT_ACCESS_PROVED	0x4	initialized	df3f619804a92fdb4057192dc43dd748ea778adc52bc498ce80524c014b81119	0x0015f15c	0x6c	0x0015f1a0	sw	3	0x0015f198	4222b800bbe120da9d6b68499002dbf90adfb816b3037f65aef7f156e988ccef			analysis/matching/hunt1000plus-v46-validated-42.tsv	c13a582a9b6bc100256670dbc0d2b2bda6f10293f4359e3b2fd912dcf8c2f5db	ps2/progress28_structural_lift_recovered.o	block-local-constant	b7a708bdfd25b13ecebc6090fe0cf036ba4c7a65a73c68ed210371033631fd66	16753135a76a1b681eab49fafb84328a2664bb7a5fbea8737269b9f7c366ee03	minimum directly accessed span; complete object/array extent and final layout unproved
DAT_00345afc	0x00345afc	DIRECT_ACCESS_PROVED	0x1	initialized	6e340b9cffb37a989ca544e6bb780a2c78901d3fb33738768511a30617afa01d	0x0016f10c	0x1d0	0x0016f150	lbu	10	0x0016f140;0x0016f148	bdff71125fec2418f5e2d1ada663c15a67940619f77a1504efc323da67e7b93c			analysis/matching/hunt1000plus-v34-validated-16.tsv	3e824f63d90666b021b356df579c5d3404e23acffa3e959ea863354f4219d1f3	ps2/progress28_structural_lift_recovered.o	cfg-must-constant	bdff71125fec2418f5e2d1ada663c15a67940619f77a1504efc323da67e7b93c	16753135a76a1b681eab49fafb84328a2664bb7a5fbea8737269b9f7c366ee03	minimum directly accessed span; complete object/array extent and final layout unproved
DAT_00345afd	0x00345afd	DIRECT_ACCESS_PROVED	0x1	initialized	6e340b9cffb37a989ca544e6bb780a2c78901d3fb33738768511a30617afa01d	0x0016f10c	0x1d0	0x0016f254	sb	3	0x0016f23c;0x0016f244	790f7e03221abebd8b6a061baf8cec7b7462f1746a647dca81fc36015d6d67c9			analysis/matching/hunt1000plus-v34-validated-16.tsv	3e824f63d90666b021b356df579c5d3404e23acffa3e959ea863354f4219d1f3	ps2/progress28_structural_lift_recovered.o	block-local-constant	bdff71125fec2418f5e2d1ada663c15a67940619f77a1504efc323da67e7b93c	16753135a76a1b681eab49fafb84328a2664bb7a5fbea8737269b9f7c366ee03	minimum directly accessed span; complete object/array extent and final layout unproved
DAT_00345afe	0x00345afe	DIRECT_ACCESS_PROVED	0x1	initialized	6e340b9cffb37a989ca544e6bb780a2c78901d3fb33738768511a30617afa01d	0x0016f10c	0x1d0	0x0016f250	sb	3	0x0016f23c;0x0016f244	80a71b4b94ad9c185785ccf3d9b075a7a98f24da49b03f2a7da118a61f4ed2e1			analysis/matching/hunt1000plus-v34-validated-16.tsv	3e824f63d90666b021b356df579c5d3404e23acffa3e959ea863354f4219d1f3	ps2/progress28_structural_lift_recovered.o	block-local-constant	bdff71125fec2418f5e2d1ada663c15a67940619f77a1504efc323da67e7b93c	16753135a76a1b681eab49fafb84328a2664bb7a5fbea8737269b9f7c366ee03	minimum directly accessed span; complete object/array extent and final layout unproved
DAT_00345aff	0x00345aff	DIRECT_ACCESS_PROVED	0x1	initialized	6e340b9cffb37a989ca544e6bb780a2c78901d3fb33738768511a30617afa01d	0x0016f10c	0x1d0	0x0016f230	sb	2	0x0016f22c	d05ac795c24467ff484b691c7ec04cd8dd7d8323934efb91ed5b06ff2d97b560			analysis/matching/hunt1000plus-v34-validated-16.tsv	3e824f63d90666b021b356df579c5d3404e23acffa3e959ea863354f4219d1f3	ps2/progress28_structural_lift_recovered.o	block-local-constant	bdff71125fec2418f5e2d1ada663c15a67940619f77a1504efc323da67e7b93c	16753135a76a1b681eab49fafb84328a2664bb7a5fbea8737269b9f7c366ee03	minimum directly accessed span; complete object/array extent and final layout unproved
DAT_00345b0c	0x00345b0c	DIRECT_ACCESS_PROVED	0x4	initialized	df3f619804a92fdb4057192dc43dd748ea778adc52bc498ce80524c014b81119	0x0015d8ec	0xc0	0x0015d92c	sw	16	0x0015d90c;0x0015d910	201377c54c9cc1831d15b4a4eff766034594816ef1246970b8116ac2945279c0			analysis/matching/hunt400-validated-19.tsv	a698d766a3ef8eda7cc7aec7e16ad590ad72239b6c31d80cba6a38a3a0a61d98	ps2/progress28_structural_lift_recovered.o	block-local-constant	614e28550e17bd8c157c24fedcbf6e568d020f6dad23b9916086330c01d4b6b3	16753135a76a1b681eab49fafb84328a2664bb7a5fbea8737269b9f7c366ee03	minimum directly accessed span; complete object/array extent and final layout unproved
DAT_00345b10	0x00345b10	DIRECT_ACCESS_PROVED	0x1	initialized	6e340b9cffb37a989ca544e6bb780a2c78901d3fb33738768511a30617afa01d	0x00115db0	0x378	0x00115f0c	lbu	2	0x00115f08	0e439d56d1c32ef51794aaab36e5c6519c13e99ca0edd43c89ea455b44db4315			analysis/matching/hunt500plus-v33-validated-204.tsv	198b46bab535289a94dc3974ab342f12191763e99b5f096294b68629f210f5a7	ps2/progress28_structural_lift_recovered.o	block-local-constant	a61d5b00a4933937d6bafda4bd925035b2ba7c21dc78f04222eaa4cd3e933633	16753135a76a1b681eab49fafb84328a2664bb7a5fbea8737269b9f7c366ee03	minimum directly accessed span; complete object/array extent and final layout unproved
DAT_00345b12	0x00345b12	DIRECT_ACCESS_PROVED	0x1	initialized	6e340b9cffb37a989ca544e6bb780a2c78901d3fb33738768511a30617afa01d	0x0015d8ec	0xc0	0x0015d91c	sb	16	0x0015d90c;0x0015d910	5b872d23d1fb7abb28342ff1fe95c318d046619532fed0109f3d7800eec72e09			analysis/matching/hunt400-validated-19.tsv	a698d766a3ef8eda7cc7aec7e16ad590ad72239b6c31d80cba6a38a3a0a61d98	ps2/progress28_structural_lift_recovered.o	block-local-constant	614e28550e17bd8c157c24fedcbf6e568d020f6dad23b9916086330c01d4b6b3	16753135a76a1b681eab49fafb84328a2664bb7a5fbea8737269b9f7c366ee03	minimum directly accessed span; complete object/array extent and final layout unproved
DAT_00345b14	0x00345b14	DIRECT_ACCESS_PROVED	0x1	initialized	6e340b9cffb37a989ca544e6bb780a2c78901d3fb33738768511a30617afa01d	0x0015e40c	0x8e0	0x0015e468	sb	3	0x0015e458	a7ec0824146fa98dd46048ef015aa6cd055940af23d0a300cab0d4c9dd577709			analysis/matching/hunt500plus-v33-validated-204.tsv	198b46bab535289a94dc3974ab342f12191763e99b5f096294b68629f210f5a7	ps2/progress28_structural_lift_recovered.o	block-local-constant	341ad56dbcd5434c74590090d87a56223cef03fb4adf33a41c904b0dedc1a638	16753135a76a1b681eab49fafb84328a2664bb7a5fbea8737269b9f7c366ee03	minimum directly accessed span; complete object/array extent and final layout unproved
DAT_00345b18	0x00345b18	DIRECT_ACCESS_PROVED	0x4	initialized	df3f619804a92fdb4057192dc43dd748ea778adc52bc498ce80524c014b81119	0x0015d9ac	0x108	0x0015da34	sw	17	0x0015d9c0;0x0015d9d8	a300822d62a2fe9b8ea05809ce83985238c1170c7bb0053b0b33159de5cd382a			analysis/matching/hunt400-validated-19.tsv	a698d766a3ef8eda7cc7aec7e16ad590ad72239b6c31d80cba6a38a3a0a61d98	ps2/progress28_structural_lift_recovered.o	block-local-constant	228be3e9bca08cf6c36445c2254db836d7d9d9449a508768ce458090e1e9fd1c	16753135a76a1b681eab49fafb84328a2664bb7a5fbea8737269b9f7c366ee03	minimum directly accessed span; complete object/array extent and final layout unproved
DAT_00345b1c	0x00345b1c	DIRECT_ACCESS_PROVED	0x4	initialized	df3f619804a92fdb4057192dc43dd748ea778adc52bc498ce80524c014b81119	0x0015d9ac	0x108	0x0015da3c	sw	17	0x0015d9c0;0x0015d9d8	f0e734bf3abee1a6854e85bd2fe0be6c4c6190af001939bd68be5d8bcb4244d6			analysis/matching/hunt400-validated-19.tsv	a698d766a3ef8eda7cc7aec7e16ad590ad72239b6c31d80cba6a38a3a0a61d98	ps2/progress28_structural_lift_recovered.o	block-local-constant	228be3e9bca08cf6c36445c2254db836d7d9d9449a508768ce458090e1e9fd1c	16753135a76a1b681eab49fafb84328a2664bb7a5fbea8737269b9f7c366ee03	minimum directly accessed span; complete object/array extent and final layout unproved
DAT_00345b20	0x00345b20	DIRECT_ACCESS_PROVED	0x4	initialized	df3f619804a92fdb4057192dc43dd748ea778adc52bc498ce80524c014b81119	0x0015dc84	0x190	0x0015dd10	lw	2	0x0015dd08	baf530bd51cc28f87b65516b8d9f9385c72607d081890e4d830a6ee811c62ac5			analysis/matching/hunt500plus-v33-validated-204.tsv	198b46bab535289a94dc3974ab342f12191763e99b5f096294b68629f210f5a7	ps2/progress28_structural_lift_recovered.o	block-local-constant	d87be91f8ea508c401f4ba820b07c741e665432d8565bca153ee5425d1c56bf7	16753135a76a1b681eab49fafb84328a2664bb7a5fbea8737269b9f7c366ee03	minimum directly accessed span; complete object/array extent and final layout unproved
DAT_00345b28	0x00345b28	DIRECT_ACCESS_PROVED	0x4	initialized	df3f619804a92fdb4057192dc43dd748ea778adc52bc498ce80524c014b81119	0x00156c60	0x1870	0x001572b4	sw	17	0x001572a4;0x001572ac	b7fe6fcaab3a84050cada97ee7f46d0eeb7fa63ed13269014b3d8eff1c63e30a			analysis/matching/hunt1041-v52-validated-17.tsv	05383075b5e8de362905b18184a8b4b88c4b9e1310568ac1791fff170c6129d9	ps2/progress28_structural_lift_recovered.o	block-local-constant	ccd5f51a7be5548bf5a7ca28ee0ae35b4c11c0417b936de3ef1182953da43471	16753135a76a1b681eab49fafb84328a2664bb7a5fbea8737269b9f7c366ee03	minimum directly accessed span; complete object/array extent and final layout unproved
DAT_00345b30	0x00345b30	DIRECT_ACCESS_PROVED	0x4	initialized	df3f619804a92fdb4057192dc43dd748ea778adc52bc498ce80524c014b81119	0x00156c60	0x1870	0x001572b8	sw	17	0x001572a4;0x001572ac	e97481394dda436363627115e46e2518473d6c2cd8d553ed15e2d9343d0934a0			analysis/matching/hunt1041-v52-validated-17.tsv	05383075b5e8de362905b18184a8b4b88c4b9e1310568ac1791fff170c6129d9	ps2/progress28_structural_lift_recovered.o	block-local-constant	ccd5f51a7be5548bf5a7ca28ee0ae35b4c11c0417b936de3ef1182953da43471	16753135a76a1b681eab49fafb84328a2664bb7a5fbea8737269b9f7c366ee03	minimum directly accessed span; complete object/array extent and final layout unproved
DAT_00345b34	0x00345b34	DIRECT_ACCESS_PROVED	0x4	initialized	df3f619804a92fdb4057192dc43dd748ea778adc52bc498ce80524c014b81119	0x00156c60	0x1870	0x001572c0	sw	17	0x001572a4;0x001572ac	7c968829d0753a5bf6535741e07ef2403d6b60b2c342f7e10de0c393bf76a02c			analysis/matching/hunt1041-v52-validated-17.tsv	05383075b5e8de362905b18184a8b4b88c4b9e1310568ac1791fff170c6129d9	ps2/progress28_structural_lift_recovered.o	block-local-constant	ccd5f51a7be5548bf5a7ca28ee0ae35b4c11c0417b936de3ef1182953da43471	16753135a76a1b681eab49fafb84328a2664bb7a5fbea8737269b9f7c366ee03	minimum directly accessed span; complete object/array extent and final layout unproved
DAT_00345b38	0x00345b38	NO_DIRECT_ACCESS_WITNESS															ps2/progress28_structural_lift_recovered.o				indexed/pointer/array/object bounds require separate proof
DAT_00345b3c	0x00345b3c	NO_DIRECT_ACCESS_WITNESS															ps2/progress28_structural_lift_recovered.o				indexed/pointer/array/object bounds require separate proof
DAT_00345b44	0x00345b44	DIRECT_ACCESS_PROVED	0x4	initialized	df3f619804a92fdb4057192dc43dd748ea778adc52bc498ce80524c014b81119	0x00156c60	0x1870	0x0015776c	lw	2	0x00157764;0x00157768	b7d345b9fcf6c52e20a3cb17bc0811e08456472cee81f47b890aed6440e512e5			analysis/matching/hunt1041-v52-validated-17.tsv	05383075b5e8de362905b18184a8b4b88c4b9e1310568ac1791fff170c6129d9	ps2/progress28_structural_lift_recovered.o	block-local-constant	ccd5f51a7be5548bf5a7ca28ee0ae35b4c11c0417b936de3ef1182953da43471	16753135a76a1b681eab49fafb84328a2664bb7a5fbea8737269b9f7c366ee03	minimum directly accessed span; complete object/array extent and final layout unproved
DAT_00345b50	0x00345b50	NO_DIRECT_ACCESS_WITNESS															ps2/progress28_structural_lift_recovered.o				indexed/pointer/array/object bounds require separate proof
DAT_00345b54	0x00345b54	NO_DIRECT_ACCESS_WITNESS															ps2/progress28_structural_lift_recovered.o				indexed/pointer/array/object bounds require separate proof
DAT_00345b58	0x00345b58	DIRECT_ACCESS_PROVED	0x4	initialized	df3f619804a92fdb4057192dc43dd748ea778adc52bc498ce80524c014b81119	0x00156c60	0x1870	0x00157588	lw	4	0x0015757c;0x00157584	8301633323e0c5749994434f306d5d6cf4122a549e54faee36eb9518ebdb49e9			analysis/matching/hunt1041-v52-validated-17.tsv	05383075b5e8de362905b18184a8b4b88c4b9e1310568ac1791fff170c6129d9	ps2/progress28_structural_lift_recovered.o	block-local-constant	ccd5f51a7be5548bf5a7ca28ee0ae35b4c11c0417b936de3ef1182953da43471	16753135a76a1b681eab49fafb84328a2664bb7a5fbea8737269b9f7c366ee03	minimum directly accessed span; complete object/array extent and final layout unproved
DAT_00345b5c	0x00345b5c	DIRECT_ACCESS_PROVED	0x4	initialized	df3f619804a92fdb4057192dc43dd748ea778adc52bc498ce80524c014b81119	0x00156c60	0x1870	0x001577e0	lw	4	0x001577d4;0x001577dc	76254a0d8b00e2e35a16417adf0a943db35b9f8bdd592e595f16af5e9c16b915			analysis/matching/hunt1041-v52-validated-17.tsv	05383075b5e8de362905b18184a8b4b88c4b9e1310568ac1791fff170c6129d9	ps2/progress28_structural_lift_recovered.o	block-local-constant	ccd5f51a7be5548bf5a7ca28ee0ae35b4c11c0417b936de3ef1182953da43471	16753135a76a1b681eab49fafb84328a2664bb7a5fbea8737269b9f7c366ee03	minimum directly accessed span; complete object/array extent and final layout unproved
DAT_00345b6c	0x00345b6c	DIRECT_ACCESS_PROVED	0x4	initialized	df3f619804a92fdb4057192dc43dd748ea778adc52bc498ce80524c014b81119	0x00156c60	0x1870	0x001574e4	lw	2	0x001574d8;0x001574e0	a98ae4fa57fbd624bb515894536060e56237b2dbb54290896ec678a83e97522b			analysis/matching/hunt1041-v52-validated-17.tsv	05383075b5e8de362905b18184a8b4b88c4b9e1310568ac1791fff170c6129d9	ps2/progress28_structural_lift_recovered.o	block-local-constant	ccd5f51a7be5548bf5a7ca28ee0ae35b4c11c0417b936de3ef1182953da43471	16753135a76a1b681eab49fafb84328a2664bb7a5fbea8737269b9f7c366ee03	minimum directly accessed span; complete object/array extent and final layout unproved
DAT_00345b74	0x00345b74	DIRECT_ACCESS_PROVED	0x4	initialized	df3f619804a92fdb4057192dc43dd748ea778adc52bc498ce80524c014b81119	0x00156c60	0x1870	0x00157514	lw	2	0x00157508;0x00157510	22bbdfcd6852c388eae265b6b65ea4b6723937949fbcec981faf43c81ba11612			analysis/matching/hunt1041-v52-validated-17.tsv	05383075b5e8de362905b18184a8b4b88c4b9e1310568ac1791fff170c6129d9	ps2/progress28_structural_lift_recovered.o	block-local-constant	ccd5f51a7be5548bf5a7ca28ee0ae35b4c11c0417b936de3ef1182953da43471	16753135a76a1b681eab49fafb84328a2664bb7a5fbea8737269b9f7c366ee03	minimum directly accessed span; complete object/array extent and final layout unproved
DAT_00345b98	0x00345b98	DIRECT_ACCESS_PROVED	0x4	initialized	df3f619804a92fdb4057192dc43dd748ea778adc52bc498ce80524c014b81119	0x00156c60	0x1870	0x00157830	lw	2	0x00157824;0x0015782c	4be9413f0d2b035131c26ff0e8e528b7129607084e2570d56b32b1b82a5d8edc			analysis/matching/hunt1041-v52-validated-17.tsv	05383075b5e8de362905b18184a8b4b88c4b9e1310568ac1791fff170c6129d9	ps2/progress28_structural_lift_recovered.o	block-local-constant	ccd5f51a7be5548bf5a7ca28ee0ae35b4c11c0417b936de3ef1182953da43471	16753135a76a1b681eab49fafb84328a2664bb7a5fbea8737269b9f7c366ee03	minimum directly accessed span; complete object/array extent and final layout unproved
DAT_00345eec	0x00345eec	NO_DIRECT_ACCESS_WITNESS															ps2/progress28_structural_lift_recovered.o				indexed/pointer/array/object bounds require separate proof
DAT_00347338	0x00347338	NO_DIRECT_ACCESS_WITNESS															ps2/progress28_structural_lift_recovered.o				indexed/pointer/array/object bounds require separate proof
DAT_00347b38	0x00347b38	NO_DIRECT_ACCESS_WITNESS															ps2/progress28_structural_lift_recovered.o				indexed/pointer/array/object bounds require separate proof
DAT_00347b3c	0x00347b3c	NO_DIRECT_ACCESS_WITNESS															ps2/progress28_structural_lift_recovered.o				indexed/pointer/array/object bounds require separate proof
DAT_00347b50	0x00347b50	NO_DIRECT_ACCESS_WITNESS															ps2/progress28_structural_lift_recovered.o				indexed/pointer/array/object bounds require separate proof
DAT_00347b54	0x00347b54	NO_DIRECT_ACCESS_WITNESS															ps2/progress28_structural_lift_recovered.o				indexed/pointer/array/object bounds require separate proof
DAT_00347b58	0x00347b58	DIRECT_ACCESS_PROVED	0x4	initialized	df3f619804a92fdb4057192dc43dd748ea778adc52bc498ce80524c014b81119	0x00156c60	0x1870	0x001576d4	lw	2	0x001576c8;0x001576d0	4d6aa7e3dab6fe95f403fa972d48ad372eb0b4c88cd3d2be706fc62c7525caf5			analysis/matching/hunt1041-v52-validated-17.tsv	05383075b5e8de362905b18184a8b4b88c4b9e1310568ac1791fff170c6129d9	ps2/progress28_structural_lift_recovered.o	block-local-constant	ccd5f51a7be5548bf5a7ca28ee0ae35b4c11c0417b936de3ef1182953da43471	16753135a76a1b681eab49fafb84328a2664bb7a5fbea8737269b9f7c366ee03	minimum directly accessed span; complete object/array extent and final layout unproved
DAT_00348b48	0x00348b48	DIRECT_ACCESS_PROVED	0x4	initialized	df3f619804a92fdb4057192dc43dd748ea778adc52bc498ce80524c014b81119	0x00156c60	0x1870	0x001578e0	lw	3	0x001578d8;0x001578dc	6e8a8a49ed268dcac9d5f93ff11f85a7cfa39dd29dd4fb0a15d6aa8c72c31b52			analysis/matching/hunt1041-v52-validated-17.tsv	05383075b5e8de362905b18184a8b4b88c4b9e1310568ac1791fff170c6129d9	ps2/progress28_structural_lift_recovered.o	block-local-constant	ccd5f51a7be5548bf5a7ca28ee0ae35b4c11c0417b936de3ef1182953da43471	16753135a76a1b681eab49fafb84328a2664bb7a5fbea8737269b9f7c366ee03	minimum directly accessed span; complete object/array extent and final layout unproved
DAT_00348b58	0x00348b58	DIRECT_ACCESS_PROVED	0x4	initialized	df3f619804a92fdb4057192dc43dd748ea778adc52bc498ce80524c014b81119	0x00156c60	0x1870	0x00157614	lw	4	0x00157608;0x00157610;0x00157f1c	ccd5f51a7be5548bf5a7ca28ee0ae35b4c11c0417b936de3ef1182953da43471			analysis/matching/hunt1041-v52-validated-17.tsv	05383075b5e8de362905b18184a8b4b88c4b9e1310568ac1791fff170c6129d9	ps2/progress28_structural_lift_recovered.o	cfg-must-constant	ccd5f51a7be5548bf5a7ca28ee0ae35b4c11c0417b936de3ef1182953da43471	16753135a76a1b681eab49fafb84328a2664bb7a5fbea8737269b9f7c366ee03	minimum directly accessed span; complete object/array extent and final layout unproved
DAT_00348b74	0x00348b74	NO_DIRECT_ACCESS_WITNESS															ps2/progress28_structural_lift_recovered.o				indexed/pointer/array/object bounds require separate proof
DAT_00348b78	0x00348b78	DIRECT_ACCESS_PROVED	0x4	initialized	df3f619804a92fdb4057192dc43dd748ea778adc52bc498ce80524c014b81119	0x00156c60	0x1870	0x0015790c	lw	3	0x00157904;0x00157908	0c58744413f50c26b488931dd2a12c46f4ce69080dec3abba0b09180ac3768d3			analysis/matching/hunt1041-v52-validated-17.tsv	05383075b5e8de362905b18184a8b4b88c4b9e1310568ac1791fff170c6129d9	ps2/progress28_structural_lift_recovered.o	block-local-constant	ccd5f51a7be5548bf5a7ca28ee0ae35b4c11c0417b936de3ef1182953da43471	16753135a76a1b681eab49fafb84328a2664bb7a5fbea8737269b9f7c366ee03	minimum directly accessed span; complete object/array extent and final layout unproved
DAT_00348bb4	0x00348bb4	NO_DIRECT_ACCESS_WITNESS															ps2/progress28_structural_lift_recovered.o				indexed/pointer/array/object bounds require separate proof
DAT_00348bcc	0x00348bcc	NO_DIRECT_ACCESS_WITNESS															ps2/progress28_structural_lift_recovered.o				indexed/pointer/array/object bounds require separate proof
DAT_00349b38	0x00349b38	NO_DIRECT_ACCESS_WITNESS															ps2/progress28_structural_lift_recovered.o				indexed/pointer/array/object bounds require separate proof
DAT_00349b3c	0x00349b3c	NO_DIRECT_ACCESS_WITNESS															ps2/progress28_structural_lift_recovered.o				indexed/pointer/array/object bounds require separate proof
DAT_00349b50	0x00349b50	NO_DIRECT_ACCESS_WITNESS															ps2/progress28_structural_lift_recovered.o				indexed/pointer/array/object bounds require separate proof
DAT_00349b54	0x00349b54	NO_DIRECT_ACCESS_WITNESS															ps2/progress28_structural_lift_recovered.o				indexed/pointer/array/object bounds require separate proof
DAT_0034b338	0x0034b338	NO_DIRECT_ACCESS_WITNESS															ps2/progress28_structural_lift_recovered.o				indexed/pointer/array/object bounds require separate proof
DAT_0034bb38	0x0034bb38	NO_DIRECT_ACCESS_WITNESS															ps2/progress28_structural_lift_recovered.o				indexed/pointer/array/object bounds require separate proof
DAT_0034bb3c	0x0034bb3c	NO_DIRECT_ACCESS_WITNESS															ps2/progress28_structural_lift_recovered.o				indexed/pointer/array/object bounds require separate proof
DAT_0034bb50	0x0034bb50	NO_DIRECT_ACCESS_WITNESS															ps2/progress28_structural_lift_recovered.o				indexed/pointer/array/object bounds require separate proof
DAT_0034bb54	0x0034bb54	NO_DIRECT_ACCESS_WITNESS															ps2/progress28_structural_lift_recovered.o				indexed/pointer/array/object bounds require separate proof
DAT_0034db38	0x0034db38	DIRECT_ACCESS_PROVED	0x2	initialized	96a296d224f285c67bee93c30f8a309157f0daa35dc5b87e410b78630a09cfc7	0x0015e40c	0x8e0	0x0015eb5c	lhu	2	0x0015eb4c;0x0015eb50;0x0015eb54;0x0015eb58	4b31d349e6d59ded83159a193eb7103f79d61507a451567805c6c5f29691c6f8			analysis/matching/hunt500plus-v33-validated-204.tsv	198b46bab535289a94dc3974ab342f12191763e99b5f096294b68629f210f5a7	ps2/progress28_structural_lift_recovered.o	block-local-constant	341ad56dbcd5434c74590090d87a56223cef03fb4adf33a41c904b0dedc1a638	16753135a76a1b681eab49fafb84328a2664bb7a5fbea8737269b9f7c366ee03	minimum directly accessed span; complete object/array extent and final layout unproved
DAT_0034db3a	0x0034db3a	DIRECT_ACCESS_PROVED	0x2	initialized	96a296d224f285c67bee93c30f8a309157f0daa35dc5b87e410b78630a09cfc7	0x0015e40c	0x8e0	0x0015eba4	lhu	2	0x0015eb94;0x0015eb98;0x0015eb9c;0x0015eba0	802726b83554add72cdefd2e31e70db3e5623031ea028595d7c2732af8fdc8c2			analysis/matching/hunt500plus-v33-validated-204.tsv	198b46bab535289a94dc3974ab342f12191763e99b5f096294b68629f210f5a7	ps2/progress28_structural_lift_recovered.o	block-local-constant	341ad56dbcd5434c74590090d87a56223cef03fb4adf33a41c904b0dedc1a638	16753135a76a1b681eab49fafb84328a2664bb7a5fbea8737269b9f7c366ee03	minimum directly accessed span; complete object/array extent and final layout unproved
DAT_0034db3c	0x0034db3c	DIRECT_ACCESS_PROVED	0x4	initialized	df3f619804a92fdb4057192dc43dd748ea778adc52bc498ce80524c014b81119	0x0015e40c	0x8e0	0x0015ebd0	lw	5	0x0015ebb8;0x0015ebbc;0x0015ebc0;0x0015ebc8	701bf03effeb27bf2aa125c104eccc4f880e153c15d0893fe2e070b2c387b6ac			analysis/matching/hunt500plus-v33-validated-204.tsv	198b46bab535289a94dc3974ab342f12191763e99b5f096294b68629f210f5a7	ps2/progress28_structural_lift_recovered.o	block-local-constant	341ad56dbcd5434c74590090d87a56223cef03fb4adf33a41c904b0dedc1a638	16753135a76a1b681eab49fafb84328a2664bb7a5fbea8737269b9f7c366ee03	minimum directly accessed span; complete object/array extent and final layout unproved
DAT_0034db40	0x0034db40	DIRECT_ACCESS_PROVED	0x8	initialized	af5570f5a1810b7af78caf4bc70a660f0df51e42baf91d4de5b2328de0e83dfc	0x0015e298	0x174	0x0015e344	ld	2	0x0015e334;0x0015e338;0x0015e33c;0x0015e340	e87b976f1d74cbad90b3ac288d39772b5e5d917281efcc4fc13cbb5b51d65652			analysis/matching/hunt500plus-v33-validated-204.tsv	198b46bab535289a94dc3974ab342f12191763e99b5f096294b68629f210f5a7	ps2/progress28_structural_lift_recovered.o	block-local-constant	53f9db553317e993d99111c52713739254eeac883122a58215936a46b6421617	16753135a76a1b681eab49fafb84328a2664bb7a5fbea8737269b9f7c366ee03	minimum directly accessed span; complete object/array extent and final layout unproved
DAT_0034db48	0x0034db48	NO_DIRECT_ACCESS_WITNESS															ps2/progress28_structural_lift_recovered.o				indexed/pointer/array/object bounds require separate proof
DAT_0034db49	0x0034db49	DIRECT_ACCESS_PROVED	0x1	initialized	6e340b9cffb37a989ca544e6bb780a2c78901d3fb33738768511a30617afa01d	0x0015dc84	0x190	0x0015dd30	lbu	2	0x0015dd20;0x0015dd24;0x0015dd28;0x0015dd2c	eba3961df29d1d35149520e0b7c0ef57a75abe9da7ec5a74e5e8f0d7c091a990			analysis/matching/hunt500plus-v33-validated-204.tsv	198b46bab535289a94dc3974ab342f12191763e99b5f096294b68629f210f5a7	ps2/progress28_structural_lift_recovered.o	block-local-constant	d87be91f8ea508c401f4ba820b07c741e665432d8565bca153ee5425d1c56bf7	16753135a76a1b681eab49fafb84328a2664bb7a5fbea8737269b9f7c366ee03	minimum directly accessed span; complete object/array extent and final layout unproved
DAT_0034db4a	0x0034db4a	DIRECT_ACCESS_PROVED	0x1	initialized	6e340b9cffb37a989ca544e6bb780a2c78901d3fb33738768511a30617afa01d	0x0015e40c	0x8e0	0x0015e980	sb	2	0x0015e96c;0x0015e970;0x0015e974;0x0015e978	108a63143a71a1e501cbd5dbb3174699bd254b072a307aa25a67b73c740dee6b			analysis/matching/hunt500plus-v33-validated-204.tsv	198b46bab535289a94dc3974ab342f12191763e99b5f096294b68629f210f5a7	ps2/progress28_structural_lift_recovered.o	block-local-constant	341ad56dbcd5434c74590090d87a56223cef03fb4adf33a41c904b0dedc1a638	16753135a76a1b681eab49fafb84328a2664bb7a5fbea8737269b9f7c366ee03	minimum directly accessed span; complete object/array extent and final layout unproved
DAT_0034db4b	0x0034db4b	DIRECT_ACCESS_PROVED	0x1	initialized	6e340b9cffb37a989ca544e6bb780a2c78901d3fb33738768511a30617afa01d	0x0015e40c	0x8e0	0x0015ece8	sb	2	0x0015ecc0;0x0015ecd8;0x0015ecdc;0x0015ece0	ece42d7746e66dd2d79877677fda91858c166baf962651dca9acebd18bd89a3e			analysis/matching/hunt500plus-v33-validated-204.tsv	198b46bab535289a94dc3974ab342f12191763e99b5f096294b68629f210f5a7	ps2/progress28_structural_lift_recovered.o	block-local-constant	341ad56dbcd5434c74590090d87a56223cef03fb4adf33a41c904b0dedc1a638	16753135a76a1b681eab49fafb84328a2664bb7a5fbea8737269b9f7c366ee03	minimum directly accessed span; complete object/array extent and final layout unproved
DAT_0034db50	0x0034db50	DIRECT_ACCESS_PROVED	0x2	initialized	96a296d224f285c67bee93c30f8a309157f0daa35dc5b87e410b78630a09cfc7	0x00170398	0xdc8	0x00170de0	sh	3	0x00170da8	5f4fb7453c4e1f7fef4200a556b4bc5a344f4a889283d4caf35fa114e53061f0			analysis/matching/hunt1041-v52-validated-17.tsv	05383075b5e8de362905b18184a8b4b88c4b9e1310568ac1791fff170c6129d9	ps2/progress28_structural_lift_recovered.o	block-local-constant	1651f32c67163ff806b94944a93622c9a4e5ecbe3826da4b876f3764d5263ee8	16753135a76a1b681eab49fafb84328a2664bb7a5fbea8737269b9f7c366ee03	minimum directly accessed span; complete object/array extent and final layout unproved
DAT_0034db52	0x0034db52	DIRECT_ACCESS_PROVED	0x2	initialized	96a296d224f285c67bee93c30f8a309157f0daa35dc5b87e410b78630a09cfc7	0x00170398	0xdc8	0x00170de8	sh	2	0x00170da8;0x00170db4	3e3e87c4a53f1eeea6edaa9577309621f4b7cf582e1c001c7faf3f0764757c3e			analysis/matching/hunt1041-v52-validated-17.tsv	05383075b5e8de362905b18184a8b4b88c4b9e1310568ac1791fff170c6129d9	ps2/progress28_structural_lift_recovered.o	block-local-constant	1651f32c67163ff806b94944a93622c9a4e5ecbe3826da4b876f3764d5263ee8	16753135a76a1b681eab49fafb84328a2664bb7a5fbea8737269b9f7c366ee03	minimum directly accessed span; complete object/array extent and final layout unproved
DAT_0034db54	0x0034db54	DIRECT_ACCESS_PROVED	0x2	initialized	96a296d224f285c67bee93c30f8a309157f0daa35dc5b87e410b78630a09cfc7	0x00170398	0xdc8	0x00170dec	sh	2	0x00170da8;0x00170db4	e4df632058e1f72d840c3fbc04be9b629a930b2b611322fc33d3c8dba9c18ee3			analysis/matching/hunt1041-v52-validated-17.tsv	05383075b5e8de362905b18184a8b4b88c4b9e1310568ac1791fff170c6129d9	ps2/progress28_structural_lift_recovered.o	block-local-constant	1651f32c67163ff806b94944a93622c9a4e5ecbe3826da4b876f3764d5263ee8	16753135a76a1b681eab49fafb84328a2664bb7a5fbea8737269b9f7c366ee03	minimum directly accessed span; complete object/array extent and final layout unproved
DAT_0034db56	0x0034db56	DIRECT_ACCESS_PROVED	0x2	initialized	96a296d224f285c67bee93c30f8a309157f0daa35dc5b87e410b78630a09cfc7	0x00170398	0xdc8	0x00170df0	sh	2	0x00170da8;0x00170db4	27ae3e05ac302f88e5f04e9503e1f2a725b13156b0d77eb9ee5345c24ed4df7f			analysis/matching/hunt1041-v52-validated-17.tsv	05383075b5e8de362905b18184a8b4b88c4b9e1310568ac1791fff170c6129d9	ps2/progress28_structural_lift_recovered.o	block-local-constant	1651f32c67163ff806b94944a93622c9a4e5ecbe3826da4b876f3764d5263ee8	16753135a76a1b681eab49fafb84328a2664bb7a5fbea8737269b9f7c366ee03	minimum directly accessed span; complete object/array extent and final layout unproved
DAT_0034db58	0x0034db58	DIRECT_ACCESS_PROVED	0x4	initialized	df3f619804a92fdb4057192dc43dd748ea778adc52bc498ce80524c014b81119	0x00176594	0x14f0	0x00177a34	lw	2	0x00177a30	b5178bb74ea3b77035a6ade71818e4a10e0b440ad75edf5b995d62ca8b5a750a			analysis/matching/hunt1041-v81-validated-final20.tsv	31c5aad06832fadab8d0bd703531718a87ea186d279c241a41789ae0c2608e1a	ps2/progress28_structural_lift_recovered.o	block-local-constant	76cbd25624054031c5351b8aa7106bc1ef76bd07ad7367dc0d557d5f2821e9a0	16753135a76a1b681eab49fafb84328a2664bb7a5fbea8737269b9f7c366ee03	minimum directly accessed span; complete object/array extent and final layout unproved
DAT_0034db5c	0x0034db5c	DIRECT_ACCESS_PROVED	0x4	initialized	df3f619804a92fdb4057192dc43dd748ea778adc52bc498ce80524c014b81119	0x00174204	0x28	0x00174228	sw	2	0x00174220	3401b22e8e75fe5f210c51b581f134b09e8cd50c855eb26913e713253830722d			analysis/matching/hunt500plus-v33-validated-204.tsv	198b46bab535289a94dc3974ab342f12191763e99b5f096294b68629f210f5a7	ps2/progress28_structural_lift_recovered.o	block-local-constant	70f9b81ac502b93d5995e787071f519a9983e8f89b2bbcbac5af7a322562b2e6	16753135a76a1b681eab49fafb84328a2664bb7a5fbea8737269b9f7c366ee03	minimum directly accessed span; complete object/array extent and final layout unproved
DAT_0034db60	0x0034db60	DIRECT_ACCESS_PROVED	0x4	initialized	df3f619804a92fdb4057192dc43dd748ea778adc52bc498ce80524c014b81119	0x00170398	0xdc8	0x00170dfc	sw	2	0x00170da8;0x00170db4	6eae95073870982fca274460f314c83515a807d9e796548583b8279960d7370c			analysis/matching/hunt1041-v52-validated-17.tsv	05383075b5e8de362905b18184a8b4b88c4b9e1310568ac1791fff170c6129d9	ps2/progress28_structural_lift_recovered.o	block-local-constant	1651f32c67163ff806b94944a93622c9a4e5ecbe3826da4b876f3764d5263ee8	16753135a76a1b681eab49fafb84328a2664bb7a5fbea8737269b9f7c366ee03	minimum directly accessed span; complete object/array extent and final layout unproved
DAT_0034db64	0x0034db64	DIRECT_ACCESS_PROVED	0x4	initialized	df3f619804a92fdb4057192dc43dd748ea778adc52bc498ce80524c014b81119	0x00170398	0xdc8	0x00170e00	sw	2	0x00170da8;0x00170db4	ca9ac7f2f9ce9099dac47a5a5bbc0f31d99ab8149faa4795d6630a4d6325ed13			analysis/matching/hunt1041-v52-validated-17.tsv	05383075b5e8de362905b18184a8b4b88c4b9e1310568ac1791fff170c6129d9	ps2/progress28_structural_lift_recovered.o	block-local-constant	1651f32c67163ff806b94944a93622c9a4e5ecbe3826da4b876f3764d5263ee8	16753135a76a1b681eab49fafb84328a2664bb7a5fbea8737269b9f7c366ee03	minimum directly accessed span; complete object/array extent and final layout unproved
DAT_0034db68	0x0034db68	DIRECT_ACCESS_PROVED	0x4	initialized	df3f619804a92fdb4057192dc43dd748ea778adc52bc498ce80524c014b81119	0x001742b4	0x34	0x001742d0	sw	2	0x001742cc	fe76dbeba3d616c54342a01671e182b870402f6540a382054470c0cc22067bc0			analysis/matching/hunt400-v9-validated-64.tsv	b3f060b4eb6026892fe5c21b010273bd806125d898cc7d50bf05631d6d64e6f8	ps2/progress28_structural_lift_recovered.o	block-local-constant	aa5de3e0a51941f8a0494c3a6eed85ea04bc1b168573135c97f41893074181eb	16753135a76a1b681eab49fafb84328a2664bb7a5fbea8737269b9f7c366ee03	minimum directly accessed span; complete object/array extent and final layout unproved
DAT_0034db6c	0x0034db6c	DIRECT_ACCESS_PROVED	0x4	initialized	df3f619804a92fdb4057192dc43dd748ea778adc52bc498ce80524c014b81119	0x00170398	0xdc8	0x00170e08	sw	2	0x00170da8;0x00170db4	bd1db66bedec1747cbf5c623992c90cc4b0e9d56e5e135d6841ba3f10e320cf8			analysis/matching/hunt1041-v52-validated-17.tsv	05383075b5e8de362905b18184a8b4b88c4b9e1310568ac1791fff170c6129d9	ps2/progress28_structural_lift_recovered.o	block-local-constant	1651f32c67163ff806b94944a93622c9a4e5ecbe3826da4b876f3764d5263ee8	16753135a76a1b681eab49fafb84328a2664bb7a5fbea8737269b9f7c366ee03	minimum directly accessed span; complete object/array extent and final layout unproved
DAT_0034db70	0x0034db70	DIRECT_ACCESS_PROVED	0x4	initialized	df3f619804a92fdb4057192dc43dd748ea778adc52bc498ce80524c014b81119	0x001742e8	0x10	0x001742f4	sw	2	0x001742ec	f58f6935bb2e232f6267fdc705f4178542e5b8cfeb4ee5cdb995ee178b5ec6f6			analysis/matching/hunt500plus-v33-validated-204.tsv	198b46bab535289a94dc3974ab342f12191763e99b5f096294b68629f210f5a7	ps2/progress28_structural_lift_recovered.o	block-local-constant	f8acdbf103f4c5167cb30f01dd4c9f5aa41509b70c75d31212f67a58fe703bd1	16753135a76a1b681eab49fafb84328a2664bb7a5fbea8737269b9f7c366ee03	minimum directly accessed span; complete object/array extent and final layout unproved
DAT_0034db74	0x0034db74	DIRECT_ACCESS_PROVED	0x4	initialized	df3f619804a92fdb4057192dc43dd748ea778adc52bc498ce80524c014b81119	0x00177a84	0x268	0x00177ba0	sw	8	0x00177a9c;0x00177aa4	49c5bb585ba22d0ff11502960680ab301902d8df4315aa7ba86f4095b1134542			analysis/matching/hunt1041-v80-validated-quickwins-23.tsv	bc64ffd5bceeb09497ff1e765080b7ca7d92f7127b9724423638bbbf4bf2160f	ps2/progress28_structural_lift_recovered.o	cfg-must-constant	49c5bb585ba22d0ff11502960680ab301902d8df4315aa7ba86f4095b1134542	16753135a76a1b681eab49fafb84328a2664bb7a5fbea8737269b9f7c366ee03	minimum directly accessed span; complete object/array extent and final layout unproved
DAT_0034db78	0x0034db78	DIRECT_ACCESS_PROVED	0x4	initialized	df3f619804a92fdb4057192dc43dd748ea778adc52bc498ce80524c014b81119	0x00177a84	0x268	0x00177ba4	sw	8	0x00177a9c;0x00177aa4	49c5bb585ba22d0ff11502960680ab301902d8df4315aa7ba86f4095b1134542			analysis/matching/hunt1041-v80-validated-quickwins-23.tsv	bc64ffd5bceeb09497ff1e765080b7ca7d92f7127b9724423638bbbf4bf2160f	ps2/progress28_structural_lift_recovered.o	cfg-must-constant	49c5bb585ba22d0ff11502960680ab301902d8df4315aa7ba86f4095b1134542	16753135a76a1b681eab49fafb84328a2664bb7a5fbea8737269b9f7c366ee03	minimum directly accessed span; complete object/array extent and final layout unproved
DAT_0034db7c	0x0034db7c	DIRECT_ACCESS_PROVED	0x4	initialized	df3f619804a92fdb4057192dc43dd748ea778adc52bc498ce80524c014b81119	0x00177a84	0x268	0x00177ba8	sw	8	0x00177a9c;0x00177aa4	49c5bb585ba22d0ff11502960680ab301902d8df4315aa7ba86f4095b1134542			analysis/matching/hunt1041-v80-validated-quickwins-23.tsv	bc64ffd5bceeb09497ff1e765080b7ca7d92f7127b9724423638bbbf4bf2160f	ps2/progress28_structural_lift_recovered.o	cfg-must-constant	49c5bb585ba22d0ff11502960680ab301902d8df4315aa7ba86f4095b1134542	16753135a76a1b681eab49fafb84328a2664bb7a5fbea8737269b9f7c366ee03	minimum directly accessed span; complete object/array extent and final layout unproved
DAT_0034db80	0x0034db80	NO_DIRECT_ACCESS_WITNESS															ps2/progress28_structural_lift_recovered.o				indexed/pointer/array/object bounds require separate proof
DAT_0034db84	0x0034db84	NO_DIRECT_ACCESS_WITNESS															ps2/progress28_structural_lift_recovered.o				indexed/pointer/array/object bounds require separate proof
DAT_0034db88	0x0034db88	NO_DIRECT_ACCESS_WITNESS															ps2/progress28_structural_lift_recovered.o				indexed/pointer/array/object bounds require separate proof
DAT_0034db8a	0x0034db8a	NO_DIRECT_ACCESS_WITNESS															ps2/progress28_structural_lift_recovered.o				indexed/pointer/array/object bounds require separate proof
DAT_0034db8c	0x0034db8c	NO_DIRECT_ACCESS_WITNESS															ps2/progress28_structural_lift_recovered.o				indexed/pointer/array/object bounds require separate proof
DAT_0034db90	0x0034db90	NO_DIRECT_ACCESS_WITNESS															ps2/progress28_structural_lift_recovered.o				indexed/pointer/array/object bounds require separate proof
DAT_0034db94	0x0034db94	NO_DIRECT_ACCESS_WITNESS															ps2/progress28_structural_lift_recovered.o				indexed/pointer/array/object bounds require separate proof
DAT_0034db98	0x0034db98	NO_DIRECT_ACCESS_WITNESS															ps2/progress28_structural_lift_recovered.o				indexed/pointer/array/object bounds require separate proof
DAT_0034db9c	0x0034db9c	NO_DIRECT_ACCESS_WITNESS															ps2/progress28_structural_lift_recovered.o				indexed/pointer/array/object bounds require separate proof
DAT_0034dba0	0x0034dba0	NO_DIRECT_ACCESS_WITNESS															ps2/progress28_structural_lift_recovered.o				indexed/pointer/array/object bounds require separate proof
DAT_0034dba2	0x0034dba2	NO_DIRECT_ACCESS_WITNESS															ps2/progress28_structural_lift_recovered.o				indexed/pointer/array/object bounds require separate proof
DAT_0034dba4	0x0034dba4	NO_DIRECT_ACCESS_WITNESS															ps2/progress28_structural_lift_recovered.o				indexed/pointer/array/object bounds require separate proof
DAT_0034dba8	0x0034dba8	NO_DIRECT_ACCESS_WITNESS															ps2/progress28_structural_lift_recovered.o				indexed/pointer/array/object bounds require separate proof
DAT_0034dbb0	0x0034dbb0	NO_DIRECT_ACCESS_WITNESS															ps2/progress28_structural_lift_recovered.o				indexed/pointer/array/object bounds require separate proof
DAT_0034dbb8	0x0034dbb8	NO_DIRECT_ACCESS_WITNESS															ps2/progress28_structural_lift_recovered.o				indexed/pointer/array/object bounds require separate proof
DAT_0034dbc0	0x0034dbc0	NO_DIRECT_ACCESS_WITNESS															ps2/progress28_structural_lift_recovered.o				indexed/pointer/array/object bounds require separate proof
DAT_0034dbc8	0x0034dbc8	NO_DIRECT_ACCESS_WITNESS															ps2/progress28_structural_lift_recovered.o				indexed/pointer/array/object bounds require separate proof
DAT_0034dbd0	0x0034dbd0	NO_DIRECT_ACCESS_WITNESS															ps2/progress28_structural_lift_recovered.o				indexed/pointer/array/object bounds require separate proof
DAT_0034dbd8	0x0034dbd8	NO_DIRECT_ACCESS_WITNESS															ps2/progress28_structural_lift_recovered.o				indexed/pointer/array/object bounds require separate proof
DAT_0034dbe0	0x0034dbe0	NO_DIRECT_ACCESS_WITNESS															ps2/progress28_structural_lift_recovered.o				indexed/pointer/array/object bounds require separate proof
DAT_0034dbe8	0x0034dbe8	NO_DIRECT_ACCESS_WITNESS															ps2/progress28_structural_lift_recovered.o				indexed/pointer/array/object bounds require separate proof
DAT_0034dbea	0x0034dbea	NO_DIRECT_ACCESS_WITNESS															ps2/progress28_structural_lift_recovered.o				indexed/pointer/array/object bounds require separate proof
DAT_0034dc0a	0x0034dc0a	NO_DIRECT_ACCESS_WITNESS															ps2/progress28_structural_lift_recovered.o				indexed/pointer/array/object bounds require separate proof
DAT_0034dc0c	0x0034dc0c	NO_DIRECT_ACCESS_WITNESS															ps2/progress28_structural_lift_recovered.o				indexed/pointer/array/object bounds require separate proof
DAT_0034dc10	0x0034dc10	NO_DIRECT_ACCESS_WITNESS															ps2/progress28_structural_lift_recovered.o				indexed/pointer/array/object bounds require separate proof
DAT_0034dc14	0x0034dc14	NO_DIRECT_ACCESS_WITNESS															ps2/progress28_structural_lift_recovered.o				indexed/pointer/array/object bounds require separate proof
DAT_0034dc16	0x0034dc16	NO_DIRECT_ACCESS_WITNESS															ps2/progress28_structural_lift_recovered.o				indexed/pointer/array/object bounds require separate proof
DAT_0034dc17	0x0034dc17	NO_DIRECT_ACCESS_WITNESS															ps2/progress28_structural_lift_recovered.o				indexed/pointer/array/object bounds require separate proof
DAT_0034dc18	0x0034dc18	NO_DIRECT_ACCESS_WITNESS															ps2/progress28_structural_lift_recovered.o				indexed/pointer/array/object bounds require separate proof
DAT_0034dc1c	0x0034dc1c	NO_DIRECT_ACCESS_WITNESS															ps2/progress28_structural_lift_recovered.o				indexed/pointer/array/object bounds require separate proof
DAT_0034dc20	0x0034dc20	NO_DIRECT_ACCESS_WITNESS															ps2/progress28_structural_lift_recovered.o				indexed/pointer/array/object bounds require separate proof
DAT_0034dc24	0x0034dc24	NO_DIRECT_ACCESS_WITNESS															ps2/progress28_structural_lift_recovered.o				indexed/pointer/array/object bounds require separate proof
DAT_0034dc28	0x0034dc28	NO_DIRECT_ACCESS_WITNESS															ps2/progress28_structural_lift_recovered.o				indexed/pointer/array/object bounds require separate proof
DAT_0034dc2c	0x0034dc2c	NO_DIRECT_ACCESS_WITNESS															ps2/progress28_structural_lift_recovered.o				indexed/pointer/array/object bounds require separate proof
DAT_0034dc30	0x0034dc30	NO_DIRECT_ACCESS_WITNESS															ps2/progress28_structural_lift_recovered.o				indexed/pointer/array/object bounds require separate proof
DAT_0034dc34	0x0034dc34	NO_DIRECT_ACCESS_WITNESS															ps2/progress28_structural_lift_recovered.o				indexed/pointer/array/object bounds require separate proof
DAT_0034dc38	0x0034dc38	NO_DIRECT_ACCESS_WITNESS															ps2/progress28_structural_lift_recovered.o				indexed/pointer/array/object bounds require separate proof
DAT_0034e280	0x0034e280	DIRECT_ACCESS_PROVED	0x1	initialized	6e340b9cffb37a989ca544e6bb780a2c78901d3fb33738768511a30617afa01d	0x00177a84	0x268	0x00177c20	sb	2	0x00177c1c	dfc760ba37da845f7104fdf9380350ffa6dc46064b695ff87c3dbcc2747ddfe1			analysis/matching/hunt1041-v80-validated-quickwins-23.tsv	bc64ffd5bceeb09497ff1e765080b7ca7d92f7127b9724423638bbbf4bf2160f	ps2/progress28_structural_lift_recovered.o	block-local-constant	49c5bb585ba22d0ff11502960680ab301902d8df4315aa7ba86f4095b1134542	16753135a76a1b681eab49fafb84328a2664bb7a5fbea8737269b9f7c366ee03	minimum directly accessed span; complete object/array extent and final layout unproved
DAT_0034e284	0x0034e284	DIRECT_ACCESS_PROVED	0x4	initialized	df3f619804a92fdb4057192dc43dd748ea778adc52bc498ce80524c014b81119	0x00173ff0	0xac	0x00174020	sw	9	0x00173ff4;0x00174008	372df127e0737da222453da1be3ed4a7ccabbae2231f72f5c4a093d49eb80b14			analysis/matching/hunt400-v9-validated-64.tsv	b3f060b4eb6026892fe5c21b010273bd806125d898cc7d50bf05631d6d64e6f8	ps2/progress28_structural_lift_recovered.o	cfg-must-constant	372df127e0737da222453da1be3ed4a7ccabbae2231f72f5c4a093d49eb80b14	16753135a76a1b681eab49fafb84328a2664bb7a5fbea8737269b9f7c366ee03	minimum directly accessed span; complete object/array extent and final layout unproved
DAT_0034e288	0x0034e288	DIRECT_ACCESS_PROVED	0x4	initialized	df3f619804a92fdb4057192dc43dd748ea778adc52bc498ce80524c014b81119	0x00173ff0	0xac	0x00174030	sw	9	0x00173ff4;0x00174008	372df127e0737da222453da1be3ed4a7ccabbae2231f72f5c4a093d49eb80b14			analysis/matching/hunt400-v9-validated-64.tsv	b3f060b4eb6026892fe5c21b010273bd806125d898cc7d50bf05631d6d64e6f8	ps2/progress28_structural_lift_recovered.o	cfg-must-constant	372df127e0737da222453da1be3ed4a7ccabbae2231f72f5c4a093d49eb80b14	16753135a76a1b681eab49fafb84328a2664bb7a5fbea8737269b9f7c366ee03	minimum directly accessed span; complete object/array extent and final layout unproved
DAT_0034e28c	0x0034e28c	DIRECT_ACCESS_PROVED	0x4	initialized	df3f619804a92fdb4057192dc43dd748ea778adc52bc498ce80524c014b81119	0x00176594	0x14f0	0x00176c10	lw	8	0x00176b98;0x00176ba0	76cbd25624054031c5351b8aa7106bc1ef76bd07ad7367dc0d557d5f2821e9a0			analysis/matching/hunt1041-v81-validated-final20.tsv	31c5aad06832fadab8d0bd703531718a87ea186d279c241a41789ae0c2608e1a	ps2/progress28_structural_lift_recovered.o	cfg-must-constant	76cbd25624054031c5351b8aa7106bc1ef76bd07ad7367dc0d557d5f2821e9a0	16753135a76a1b681eab49fafb84328a2664bb7a5fbea8737269b9f7c366ee03	minimum directly accessed span; complete object/array extent and final layout unproved
DAT_0034e290	0x0034e290	DIRECT_ACCESS_PROVED	0x4	initialized	df3f619804a92fdb4057192dc43dd748ea778adc52bc498ce80524c014b81119	0x00177a84	0x268	0x00177bb8	sw	8	0x00177a9c;0x00177aa4	49c5bb585ba22d0ff11502960680ab301902d8df4315aa7ba86f4095b1134542			analysis/matching/hunt1041-v80-validated-quickwins-23.tsv	bc64ffd5bceeb09497ff1e765080b7ca7d92f7127b9724423638bbbf4bf2160f	ps2/progress28_structural_lift_recovered.o	cfg-must-constant	49c5bb585ba22d0ff11502960680ab301902d8df4315aa7ba86f4095b1134542	16753135a76a1b681eab49fafb84328a2664bb7a5fbea8737269b9f7c366ee03	minimum directly accessed span; complete object/array extent and final layout unproved
DAT_0034e294	0x0034e294	DIRECT_ACCESS_PROVED	0x4	initialized	df3f619804a92fdb4057192dc43dd748ea778adc52bc498ce80524c014b81119	0x0010ad48	0x628	0x0010ae78	sw	2	0x0010ae70	b8828718c0c343f2ca577fc14346a4de291c8fdbcd74aee2638fa881d5b50a70			analysis/matching/hunt500plus-v33-validated-204.tsv	198b46bab535289a94dc3974ab342f12191763e99b5f096294b68629f210f5a7	ps2/progress28_structural_lift_recovered.o	block-local-constant	110f555c836f56076a15af99d73fbfdf6c321ddabe798fabadda9f7da7584bcb	16753135a76a1b681eab49fafb84328a2664bb7a5fbea8737269b9f7c366ee03	minimum directly accessed span; complete object/array extent and final layout unproved
DAT_0034e298	0x0034e298	DIRECT_ACCESS_PROVED	0x4	initialized	df3f619804a92fdb4057192dc43dd748ea778adc52bc498ce80524c014b81119	0x001140e0	0x38	0x001140f4	lw	2	0x001140ec	859d4a7970f3a20b5f4136bd6376caa980141f78d2967ba4ffb90714c1309e1d			analysis/matching/hunt500plus-v33-validated-204.tsv	198b46bab535289a94dc3974ab342f12191763e99b5f096294b68629f210f5a7	ps2/progress28_structural_lift_recovered.o	block-local-constant	34ff1b48618321251de88026070333ecb599d7a85b2d8f8bd08a4cff05152f00	16753135a76a1b681eab49fafb84328a2664bb7a5fbea8737269b9f7c366ee03	minimum directly accessed span; complete object/array extent and final layout unproved
DAT_0034e29c	0x0034e29c	DIRECT_ACCESS_PROVED	0x4	initialized	df3f619804a92fdb4057192dc43dd748ea778adc52bc498ce80524c014b81119	0x00151074	0x2bc	0x00151234	sw	2	0x00151228	efdb53b023b2e60e118d03693e85dc24b6b1f01c7a9a889149bc85de5be83aaa			analysis/matching/hunt1041-v80-validated-quickwins-23.tsv	bc64ffd5bceeb09497ff1e765080b7ca7d92f7127b9724423638bbbf4bf2160f	ps2/progress28_structural_lift_recovered.o	block-local-constant	2e0e6aa18847dc3daa08c9da2749c4ea2d67e41645566e005bf32c029487a102	16753135a76a1b681eab49fafb84328a2664bb7a5fbea8737269b9f7c366ee03	minimum directly accessed span; complete object/array extent and final layout unproved
DAT_0034e2a8	0x0034e2a8	DIRECT_ACCESS_PROVED	0x4	initialized	df3f619804a92fdb4057192dc43dd748ea778adc52bc498ce80524c014b81119	0x00129250	0x1d0	0x00129260	lw	2	0x00129254	ec662ab3fd21681f078efc9f1868895e5bbc2a3bc5fdb22e1d8a5156c023eb64			analysis/matching/hunt1000plus-v34-validated-16.tsv	3e824f63d90666b021b356df579c5d3404e23acffa3e959ea863354f4219d1f3	ps2/progress28_structural_lift_recovered.o	block-local-constant	6289b22588d7a4aa0914ba8cb3c66bb7ee22192188297d54bfe1e1a5cad4d48b	16753135a76a1b681eab49fafb84328a2664bb7a5fbea8737269b9f7c366ee03	minimum directly accessed span; complete object/array extent and final layout unproved
DAT_0034e2b0	0x0034e2b0	DIRECT_ACCESS_PROVED	0x4	initialized	df3f619804a92fdb4057192dc43dd748ea778adc52bc498ce80524c014b81119	0x001140e0	0x38	0x001140e8	lw	2	0x001140e0	98779a7232362ca486f9a7c9c376918d0aa15eb3300058cbced501dd683dec34			analysis/matching/hunt500plus-v33-validated-204.tsv	198b46bab535289a94dc3974ab342f12191763e99b5f096294b68629f210f5a7	ps2/progress28_structural_lift_recovered.o	block-local-constant	34ff1b48618321251de88026070333ecb599d7a85b2d8f8bd08a4cff05152f00	16753135a76a1b681eab49fafb84328a2664bb7a5fbea8737269b9f7c366ee03	minimum directly accessed span; complete object/array extent and final layout unproved
DAT_0034e2b4	0x0034e2b4	DIRECT_ACCESS_PROVED	0x4	initialized	df3f619804a92fdb4057192dc43dd748ea778adc52bc498ce80524c014b81119	0x00129af4	0x90c	0x0012a180	lw	2	0x0012a178	920fd50abb1421a3cc8821812a07cc861e5f6f78aa0f46a7f02ac9b17ae3d962			analysis/matching/hunt1041-v72-validated-v53-6.tsv	b47aedc105d156ff00ff74bf90753e416b3ec6a9de47b5bd3991a8cbe727c01c	ps2/progress28_structural_lift_recovered.o	block-local-constant	a9ae7335a957dc56292cd234e7c49a9cc432b6f6e4c4f300225f30b4476b27a9	16753135a76a1b681eab49fafb84328a2664bb7a5fbea8737269b9f7c366ee03	minimum directly accessed span; complete object/array extent and final layout unproved
DAT_0034e2b8	0x0034e2b8	DIRECT_ACCESS_PROVED	0x4	initialized	df3f619804a92fdb4057192dc43dd748ea778adc52bc498ce80524c014b81119	0x0012a400	0xfe8	0x0012a55c	lw	2	0x0012a558	99c3a066b97f22ebbfb9c9b2ae6e5d0cb01b932c90f157012f83059b0ff47873			analysis/matching/hunt1041-v72-validated-v53-6.tsv	b47aedc105d156ff00ff74bf90753e416b3ec6a9de47b5bd3991a8cbe727c01c	ps2/progress28_structural_lift_recovered.o	block-local-constant	dd2102d989e6c94134d3272194d288cf3aa85ba2af8e5e336119fafec36f768e	16753135a76a1b681eab49fafb84328a2664bb7a5fbea8737269b9f7c366ee03	minimum directly accessed span; complete object/array extent and final layout unproved
DAT_0034e2bc	0x0034e2bc	DIRECT_ACCESS_PROVED	0x4	initialized	df3f619804a92fdb4057192dc43dd748ea778adc52bc498ce80524c014b81119	0x0015dab4	0xc0	0x0015db0c	lw	3	0x0015db04	f0a052ad530613538fbc25580589b1201246716a553136b523c56dd144962c00			analysis/matching/hunt500plus-v33-validated-204.tsv	198b46bab535289a94dc3974ab342f12191763e99b5f096294b68629f210f5a7	ps2/progress28_structural_lift_recovered.o	block-local-constant	5f21a93bf8dba4fcf48d349130054bad11be6d849ed258a0b165939c79b55017	16753135a76a1b681eab49fafb84328a2664bb7a5fbea8737269b9f7c366ee03	minimum directly accessed span; complete object/array extent and final layout unproved
DAT_0034e2c0	0x0034e2c0	DIRECT_ACCESS_PROVED	0x4	initialized	df3f619804a92fdb4057192dc43dd748ea778adc52bc498ce80524c014b81119	0x001ab4e8	0x154	0x001ab5fc	lw	2	0x001ab5f0	3d8354b1c2386de453be0c9cfe14e03bb517a6bbbffddc394657833f9a71c0d6			analysis/matching/hunt400-validated-19.tsv	a698d766a3ef8eda7cc7aec7e16ad590ad72239b6c31d80cba6a38a3a0a61d98	ps2/progress28_structural_lift_recovered.o	block-local-constant	c0fb3f0a7e91e013b5d9f76512599c76e64c85f02785168773594691e40d64cb	16753135a76a1b681eab49fafb84328a2664bb7a5fbea8737269b9f7c366ee03	minimum directly accessed span; complete object/array extent and final layout unproved
DAT_0034e2c4	0x0034e2c4	DIRECT_ACCESS_PROVED	0x4	initialized	df3f619804a92fdb4057192dc43dd748ea778adc52bc498ce80524c014b81119	0x00114818	0x11dc	0x00114890	lw	2	0x0011488c	82ed319c5af19bbcccd71b33748760ef03ed2753c00d09d5546658355314a715			analysis/matching/hunt500plus-v33-validated-204.tsv	198b46bab535289a94dc3974ab342f12191763e99b5f096294b68629f210f5a7	ps2/progress28_structural_lift_recovered.o	block-local-constant	6e8218f0344f7df2d2002cdda3a01bab68e06dec7fa3230659f08d7249b50a56	16753135a76a1b681eab49fafb84328a2664bb7a5fbea8737269b9f7c366ee03	minimum directly accessed span; complete object/array extent and final layout unproved
DAT_0034e2c8	0x0034e2c8	DIRECT_ACCESS_PROVED	0x4	initialized	df3f619804a92fdb4057192dc43dd748ea778adc52bc498ce80524c014b81119	0x0010c300	0x28	0x0010c318	lw	2	0x0010c304	8ef458ba9cd726664f24b1206f527ec5fec4600c7ed3260c9e3014ef99cca5f6			analysis/matching/hunt500plus-v33-validated-204.tsv	198b46bab535289a94dc3974ab342f12191763e99b5f096294b68629f210f5a7	ps2/progress28_structural_lift_recovered.o	block-local-constant	845f26c3e2bd360f6933da5376226d2c9ab199215ec76996ff77dd91c5ca75af	16753135a76a1b681eab49fafb84328a2664bb7a5fbea8737269b9f7c366ee03	minimum directly accessed span; complete object/array extent and final layout unproved
DAT_0034e2cc	0x0034e2cc	DIRECT_ACCESS_PROVED	0x1	initialized	6e340b9cffb37a989ca544e6bb780a2c78901d3fb33738768511a30617afa01d	0x001522d8	0x107c	0x00152408	lbu	16	0x00152400;0x00152404	32ee8edda8864ebda199c2bd39381466f97b2f1fb1520bf051b199789cb4a4c3			analysis/matching/hunt1041-v52-validated-17.tsv	05383075b5e8de362905b18184a8b4b88c4b9e1310568ac1791fff170c6129d9	ps2/progress28_structural_lift_recovered.o	block-local-constant	5c6072d8d1892b2346877a2820d67d29a2040a333951ad704b9301380cb47a8c	16753135a76a1b681eab49fafb84328a2664bb7a5fbea8737269b9f7c366ee03	minimum directly accessed span; complete object/array extent and final layout unproved
DAT_0034e2cd	0x0034e2cd	DIRECT_ACCESS_PROVED	0x1	initialized	6e340b9cffb37a989ca544e6bb780a2c78901d3fb33738768511a30617afa01d	0x00153674	0x10c	0x00153680	lbu	2	0x00153678	298c4f1b21a15b1c316dc6ebd016d05e31de99f1ae4ed36aadc074c9c5c8c2fa			analysis/matching/hunt500plus-v29-validated-2.tsv	742e9515c441ab40287b23367407ddd0b5873f27ffb2f85765320899907f01e2	ps2/progress28_structural_lift_recovered.o	block-local-constant	c6231c1723e14a6e838d8e90be8de8063bf57ce75663efce607a3656c63c83f8	16753135a76a1b681eab49fafb84328a2664bb7a5fbea8737269b9f7c366ee03	minimum directly accessed span; complete object/array extent and final layout unproved
DAT_0034e2d4	0x0034e2d4	DIRECT_ACCESS_PROVED	0x1	initialized	6e340b9cffb37a989ca544e6bb780a2c78901d3fb33738768511a30617afa01d	0x00100e78	0x99c	0x0010107c	lbu	2	0x00101078	0ce5afd3bd8f10dabf8af62363c5e6300ede5f1e419f9418555de593cd49d1aa			analysis/matching/hunt1041-v81-validated-final20.tsv	31c5aad06832fadab8d0bd703531718a87ea186d279c241a41789ae0c2608e1a	ps2/progress28_structural_lift_recovered.o	block-local-constant	c0fc5e6517e952e296e6e98b6121abeb8584e1177fc09a70ece903568fe1e8a7	16753135a76a1b681eab49fafb84328a2664bb7a5fbea8737269b9f7c366ee03	minimum directly accessed span; complete object/array extent and final layout unproved
DAT_003592fc	0x003592fc	DIRECT_ACCESS_PROVED	0x4	initialized	df3f619804a92fdb4057192dc43dd748ea778adc52bc498ce80524c014b81119	0x001005ec	0x2f0	0x00100828	lw	2	0x00100804;0x00100810;0x00100818;0x00100820	e6b9759f0c6a0262408d274a26cb490ff681f42945a8024064f53b505e1fc967			analysis/matching/hunt1041-v80-validated-quickwins-23.tsv	bc64ffd5bceeb09497ff1e765080b7ca7d92f7127b9724423638bbbf4bf2160f	ps2/progress28_structural_lift_recovered.o	block-local-constant	338cfe388d6389ecce854caf39b59af0aae35b3dbbc42a55194d36a3af75e3ee	16753135a76a1b681eab49fafb84328a2664bb7a5fbea8737269b9f7c366ee03	minimum directly accessed span; complete object/array extent and final layout unproved
DAT_00359304	0x00359304	DIRECT_ACCESS_PROVED	0x4	initialized	df3f619804a92fdb4057192dc43dd748ea778adc52bc498ce80524c014b81119	0x001520b8	0x220	0x00152120	lw	2	0x00152110;0x00152114;0x00152118;0x0015211c	c0fee355c3bca0ab92edd37ead7893c5caee289abc217d54355789f987bad2fb			analysis/matching/hunt1041-v51-validated-16.tsv	f172d5ecc5c101fe2f00e42793e8577e17d8f94a789369e4a431dec9d537a293	ps2/progress28_structural_lift_recovered.o	block-local-constant	2cef082042d2e4140084afade3d05d1190c4a2e2829e0ff786b9c0e4cf5a3457	16753135a76a1b681eab49fafb84328a2664bb7a5fbea8737269b9f7c366ee03	minimum directly accessed span; complete object/array extent and final layout unproved
DAT_00359308	0x00359308	DIRECT_ACCESS_PROVED	0x4	initialized	df3f619804a92fdb4057192dc43dd748ea778adc52bc498ce80524c014b81119	0x001522d8	0x107c	0x00152888	sw	2	0x00152858;0x00152874;0x00152878;0x0015287c;0x00152884	5c6072d8d1892b2346877a2820d67d29a2040a333951ad704b9301380cb47a8c			analysis/matching/hunt1041-v52-validated-17.tsv	05383075b5e8de362905b18184a8b4b88c4b9e1310568ac1791fff170c6129d9	ps2/progress28_structural_lift_recovered.o	cfg-must-constant	5c6072d8d1892b2346877a2820d67d29a2040a333951ad704b9301380cb47a8c	16753135a76a1b681eab49fafb84328a2664bb7a5fbea8737269b9f7c366ee03	minimum directly accessed span; complete object/array extent and final layout unproved
DAT_00359314	0x00359314	NO_DIRECT_ACCESS_WITNESS															ps2/progress28_structural_lift_recovered.o				indexed/pointer/array/object bounds require separate proof
DAT_00359318	0x00359318	NO_DIRECT_ACCESS_WITNESS															ps2/progress28_structural_lift_recovered.o				indexed/pointer/array/object bounds require separate proof
DAT_0035931c	0x0035931c	NO_DIRECT_ACCESS_WITNESS															ps2/progress28_structural_lift_recovered.o				indexed/pointer/array/object bounds require separate proof
DAT_00359324	0x00359324	DIRECT_ACCESS_PROVED	0x4	initialized	df3f619804a92fdb4057192dc43dd748ea778adc52bc498ce80524c014b81119	0x0012a400	0xfe8	0x0012b32c	lw	7	0x0012b31c;0x0012b320;0x0012b324;0x0012b328	dcab40baaef174deea9bcf8e7104925ea8c16ab72c8add344779e76cf4128a0b			analysis/matching/hunt1041-v72-validated-v53-6.tsv	b47aedc105d156ff00ff74bf90753e416b3ec6a9de47b5bd3991a8cbe727c01c	ps2/progress28_structural_lift_recovered.o	block-local-constant	dd2102d989e6c94134d3272194d288cf3aa85ba2af8e5e336119fafec36f768e	16753135a76a1b681eab49fafb84328a2664bb7a5fbea8737269b9f7c366ee03	minimum directly accessed span; complete object/array extent and final layout unproved
DAT_00359328	0x00359328	NO_DIRECT_ACCESS_WITNESS															ps2/progress28_structural_lift_recovered.o				indexed/pointer/array/object bounds require separate proof
DAT_0035b738	0x0035b738	DIRECT_ACCESS_PROVED	0x1	initialized	6e340b9cffb37a989ca544e6bb780a2c78901d3fb33738768511a30617afa01d	0x0015a5f0	0x77c	0x0015a774	lbu	3	0x0015a76c	92860251f97d96147c638b5c9d01746020b54cc02634331c194f1286d3dc1d7e			analysis/matching/hunt1041-v52-validated-17.tsv	05383075b5e8de362905b18184a8b4b88c4b9e1310568ac1791fff170c6129d9	ps2/progress28_structural_lift_recovered.o	block-local-constant	665f0c485c5b840a0c6bf2adbb7270537921f4976b6dcc0c346fc65efe349850	16753135a76a1b681eab49fafb84328a2664bb7a5fbea8737269b9f7c366ee03	minimum directly accessed span; complete object/array extent and final layout unproved
DAT_0035b739	0x0035b739	DIRECT_ACCESS_PROVED	0x1	initialized	6e340b9cffb37a989ca544e6bb780a2c78901d3fb33738768511a30617afa01d	0x00156c60	0x1870	0x00157aec	sb	2	0x00157ae8	f96b5ba5e01618fb2673361aa8124d0d2e1331b17d519ed11f58eb81ba760c6f			analysis/matching/hunt1041-v52-validated-17.tsv	05383075b5e8de362905b18184a8b4b88c4b9e1310568ac1791fff170c6129d9	ps2/progress28_structural_lift_recovered.o	block-local-constant	ccd5f51a7be5548bf5a7ca28ee0ae35b4c11c0417b936de3ef1182953da43471	16753135a76a1b681eab49fafb84328a2664bb7a5fbea8737269b9f7c366ee03	minimum directly accessed span; complete object/array extent and final layout unproved
DAT_0035b73a	0x0035b73a	DIRECT_ACCESS_PROVED	0x1	initialized	6e340b9cffb37a989ca544e6bb780a2c78901d3fb33738768511a30617afa01d	0x00156c60	0x1870	0x00157b10	sb	2	0x00157b0c	6755f78a7bc131828370f1a8a19927474859284ddf378f35947cda996011aaa0			analysis/matching/hunt1041-v52-validated-17.tsv	05383075b5e8de362905b18184a8b4b88c4b9e1310568ac1791fff170c6129d9	ps2/progress28_structural_lift_recovered.o	block-local-constant	ccd5f51a7be5548bf5a7ca28ee0ae35b4c11c0417b936de3ef1182953da43471	16753135a76a1b681eab49fafb84328a2664bb7a5fbea8737269b9f7c366ee03	minimum directly accessed span; complete object/array extent and final layout unproved
DAT_0035b73b	0x0035b73b	DIRECT_ACCESS_PROVED	0x1	initialized	6e340b9cffb37a989ca544e6bb780a2c78901d3fb33738768511a30617afa01d	0x00156c60	0x1870	0x00157c3c	sb	2	0x00157c38	5a440140bde45c21d81dcf4df883d10aea92ea9be66ef13e9cbc8dfb0354f558			analysis/matching/hunt1041-v52-validated-17.tsv	05383075b5e8de362905b18184a8b4b88c4b9e1310568ac1791fff170c6129d9	ps2/progress28_structural_lift_recovered.o	block-local-constant	ccd5f51a7be5548bf5a7ca28ee0ae35b4c11c0417b936de3ef1182953da43471	16753135a76a1b681eab49fafb84328a2664bb7a5fbea8737269b9f7c366ee03	minimum directly accessed span; complete object/array extent and final layout unproved
DAT_0035b73c	0x0035b73c	DIRECT_ACCESS_PROVED	0x1	initialized	6e340b9cffb37a989ca544e6bb780a2c78901d3fb33738768511a30617afa01d	0x001522d8	0x107c	0x001525f0	sb	2	0x001525e0	849995ef4d76445b7f89deeca13dad9f93ca538fd85c035b50bde69f5577a30a			analysis/matching/hunt1041-v52-validated-17.tsv	05383075b5e8de362905b18184a8b4b88c4b9e1310568ac1791fff170c6129d9	ps2/progress28_structural_lift_recovered.o	block-local-constant	5c6072d8d1892b2346877a2820d67d29a2040a333951ad704b9301380cb47a8c	16753135a76a1b681eab49fafb84328a2664bb7a5fbea8737269b9f7c366ee03	minimum directly accessed span; complete object/array extent and final layout unproved
DAT_0035b73d	0x0035b73d	DIRECT_ACCESS_PROVED	0x1	initialized	6e340b9cffb37a989ca544e6bb780a2c78901d3fb33738768511a30617afa01d	0x00156c60	0x1870	0x00156d08	sb	2	0x00156d04	10ffeb64e6becfadc0e9c41d0c9a0d947181bbd82010561918a62772b5a3ad1a			analysis/matching/hunt1041-v52-validated-17.tsv	05383075b5e8de362905b18184a8b4b88c4b9e1310568ac1791fff170c6129d9	ps2/progress28_structural_lift_recovered.o	block-local-constant	ccd5f51a7be5548bf5a7ca28ee0ae35b4c11c0417b936de3ef1182953da43471	16753135a76a1b681eab49fafb84328a2664bb7a5fbea8737269b9f7c366ee03	minimum directly accessed span; complete object/array extent and final layout unproved
DAT_0035b73e	0x0035b73e	DIRECT_ACCESS_PROVED	0x1	initialized	6e340b9cffb37a989ca544e6bb780a2c78901d3fb33738768511a30617afa01d	0x00156c60	0x1870	0x00156ce4	sb	2	0x00156ce0	bfc8a0c4914af83a24c02f25569b061ed5b1bb1e4a3f000a515c0262e0fd46c7			analysis/matching/hunt1041-v52-validated-17.tsv	05383075b5e8de362905b18184a8b4b88c4b9e1310568ac1791fff170c6129d9	ps2/progress28_structural_lift_recovered.o	block-local-constant	ccd5f51a7be5548bf5a7ca28ee0ae35b4c11c0417b936de3ef1182953da43471	16753135a76a1b681eab49fafb84328a2664bb7a5fbea8737269b9f7c366ee03	minimum directly accessed span; complete object/array extent and final layout unproved
DAT_0035b73f	0x0035b73f	DIRECT_ACCESS_PROVED	0x1	initialized	6e340b9cffb37a989ca544e6bb780a2c78901d3fb33738768511a30617afa01d	0x00129250	0x1d0	0x0012932c	lbu	2	0x00129328	73663d7856c4d8718921d5623dbfce01dcec79f32b19dd33ab79bba758a38192			analysis/matching/hunt1000plus-v34-validated-16.tsv	3e824f63d90666b021b356df579c5d3404e23acffa3e959ea863354f4219d1f3	ps2/progress28_structural_lift_recovered.o	block-local-constant	6289b22588d7a4aa0914ba8cb3c66bb7ee22192188297d54bfe1e1a5cad4d48b	16753135a76a1b681eab49fafb84328a2664bb7a5fbea8737269b9f7c366ee03	minimum directly accessed span; complete object/array extent and final layout unproved
DAT_0035b740	0x0035b740	DIRECT_ACCESS_PROVED	0x1	initialized	6e340b9cffb37a989ca544e6bb780a2c78901d3fb33738768511a30617afa01d	0x00129250	0x1d0	0x00129324	lbu	2	0x00129320	1a21e1239d06cec315c0cc0428fc58f59ec6e84f6274e37e96116779fa96e0ef			analysis/matching/hunt1000plus-v34-validated-16.tsv	3e824f63d90666b021b356df579c5d3404e23acffa3e959ea863354f4219d1f3	ps2/progress28_structural_lift_recovered.o	block-local-constant	6289b22588d7a4aa0914ba8cb3c66bb7ee22192188297d54bfe1e1a5cad4d48b	16753135a76a1b681eab49fafb84328a2664bb7a5fbea8737269b9f7c366ee03	minimum directly accessed span; complete object/array extent and final layout unproved
DAT_0035b741	0x0035b741	DIRECT_ACCESS_PROVED	0x1	initialized	6e340b9cffb37a989ca544e6bb780a2c78901d3fb33738768511a30617afa01d	0x00129420	0x2a4	0x001294c8	sb	12	0x00129498	c888c14586c6326857b9461c509a804ff28235aca99385ceb4451abd577534ef			analysis/matching/hunt1000plus-v34-validated-16.tsv	3e824f63d90666b021b356df579c5d3404e23acffa3e959ea863354f4219d1f3	ps2/progress28_structural_lift_recovered.o	block-local-constant	934bda7461a1d4f2f601c215f9d61ae8d860838b350f4ddf3cd8c55a9781e9b6	16753135a76a1b681eab49fafb84328a2664bb7a5fbea8737269b9f7c366ee03	minimum directly accessed span; complete object/array extent and final layout unproved
DAT_0035b742	0x0035b742	DIRECT_ACCESS_PROVED	0x1	initialized	6e340b9cffb37a989ca544e6bb780a2c78901d3fb33738768511a30617afa01d	0x00129420	0x2a4	0x001295a4	lbu	2	0x001295a0	bc4a533df3dc791cf93e6b337c27cf64de943044783e93e3321716b2a7a10c02			analysis/matching/hunt1000plus-v34-validated-16.tsv	3e824f63d90666b021b356df579c5d3404e23acffa3e959ea863354f4219d1f3	ps2/progress28_structural_lift_recovered.o	block-local-constant	934bda7461a1d4f2f601c215f9d61ae8d860838b350f4ddf3cd8c55a9781e9b6	16753135a76a1b681eab49fafb84328a2664bb7a5fbea8737269b9f7c366ee03	minimum directly accessed span; complete object/array extent and final layout unproved
DAT_0035b743	0x0035b743	DIRECT_ACCESS_PROVED	0x1	initialized	6e340b9cffb37a989ca544e6bb780a2c78901d3fb33738768511a30617afa01d	0x00129420	0x2a4	0x001294d8	sb	2	0x001294d0	70501549debc4c27c08846c18422f11342507e12a5bca027fecb1d531a5be304			analysis/matching/hunt1000plus-v34-validated-16.tsv	3e824f63d90666b021b356df579c5d3404e23acffa3e959ea863354f4219d1f3	ps2/progress28_structural_lift_recovered.o	block-local-constant	934bda7461a1d4f2f601c215f9d61ae8d860838b350f4ddf3cd8c55a9781e9b6	16753135a76a1b681eab49fafb84328a2664bb7a5fbea8737269b9f7c366ee03	minimum directly accessed span; complete object/array extent and final layout unproved
DAT_0035b744	0x0035b744	DIRECT_ACCESS_PROVED	0x1	initialized	6e340b9cffb37a989ca544e6bb780a2c78901d3fb33738768511a30617afa01d	0x001296c4	0x278	0x0012975c	sb	2	0x00129748	40014d5bec60bc89adda86871b19971ec1bb8b148f634f588d8925588123967c			analysis/matching/hunt1000plus-v34-validated-16.tsv	3e824f63d90666b021b356df579c5d3404e23acffa3e959ea863354f4219d1f3	ps2/progress28_structural_lift_recovered.o	block-local-constant	784a0b6f8b4a270c64f85125adb6943722d6d9dcf0976580cb69719be95e65b8	16753135a76a1b681eab49fafb84328a2664bb7a5fbea8737269b9f7c366ee03	minimum directly accessed span; complete object/array extent and final layout unproved
DAT_0035b745	0x0035b745	DIRECT_ACCESS_PROVED	0x1	initialized	6e340b9cffb37a989ca544e6bb780a2c78901d3fb33738768511a30617afa01d	0x001296c4	0x278	0x00129780	sb	2	0x00129760	154a559bb61e8e6e90c511866da53a2245b9b9d3ac1bbfaacbc3628ec9eaf7b2			analysis/matching/hunt1000plus-v34-validated-16.tsv	3e824f63d90666b021b356df579c5d3404e23acffa3e959ea863354f4219d1f3	ps2/progress28_structural_lift_recovered.o	block-local-constant	784a0b6f8b4a270c64f85125adb6943722d6d9dcf0976580cb69719be95e65b8	16753135a76a1b681eab49fafb84328a2664bb7a5fbea8737269b9f7c366ee03	minimum directly accessed span; complete object/array extent and final layout unproved
DAT_0035b746	0x0035b746	DIRECT_ACCESS_PROVED	0x1	initialized	6e340b9cffb37a989ca544e6bb780a2c78901d3fb33738768511a30617afa01d	0x001296c4	0x278	0x00129790	sb	2	0x00129788	14825fbde99b9f977072ac2d719c07d827d199eaa3a230b8ac48a3b7ae66f38b			analysis/matching/hunt1000plus-v34-validated-16.tsv	3e824f63d90666b021b356df579c5d3404e23acffa3e959ea863354f4219d1f3	ps2/progress28_structural_lift_recovered.o	block-local-constant	784a0b6f8b4a270c64f85125adb6943722d6d9dcf0976580cb69719be95e65b8	16753135a76a1b681eab49fafb84328a2664bb7a5fbea8737269b9f7c366ee03	minimum directly accessed span; complete object/array extent and final layout unproved
DAT_0035b747	0x0035b747	DIRECT_ACCESS_PROVED	0x1	initialized	6e340b9cffb37a989ca544e6bb780a2c78901d3fb33738768511a30617afa01d	0x00129250	0x1d0	0x00129368	sb	3	0x00129358	2a764dd699c26a5c72a600207fa4f2c01b6118f170a168a65d9cb0de0215d07d			analysis/matching/hunt1000plus-v34-validated-16.tsv	3e824f63d90666b021b356df579c5d3404e23acffa3e959ea863354f4219d1f3	ps2/progress28_structural_lift_recovered.o	block-local-constant	6289b22588d7a4aa0914ba8cb3c66bb7ee22192188297d54bfe1e1a5cad4d48b	16753135a76a1b681eab49fafb84328a2664bb7a5fbea8737269b9f7c366ee03	minimum directly accessed span; complete object/array extent and final layout unproved
DAT_0035b748	0x0035b748	DIRECT_ACCESS_PROVED	0x2	initialized	96a296d224f285c67bee93c30f8a309157f0daa35dc5b87e410b78630a09cfc7	0x00129250	0x1d0	0x001293dc	sh	6	0x001293cc	a5c9951af71982e209ea8389a826a51a62af0f98ece7b442d1c21c1e1f5b94e5			analysis/matching/hunt1000plus-v34-validated-16.tsv	3e824f63d90666b021b356df579c5d3404e23acffa3e959ea863354f4219d1f3	ps2/progress28_structural_lift_recovered.o	block-local-constant	6289b22588d7a4aa0914ba8cb3c66bb7ee22192188297d54bfe1e1a5cad4d48b	16753135a76a1b681eab49fafb84328a2664bb7a5fbea8737269b9f7c366ee03	minimum directly accessed span; complete object/array extent and final layout unproved
DAT_0035b74c	0x0035b74c	DIRECT_ACCESS_PROVED	0x4	initialized	df3f619804a92fdb4057192dc43dd748ea778adc52bc498ce80524c014b81119	0x00129420	0x2a4	0x00129684	sw	6	0x0012966c	df6126e6c126d85821e34779df7cd63314db3271e0f7aced41e14d20f7757ed4			analysis/matching/hunt1000plus-v34-validated-16.tsv	3e824f63d90666b021b356df579c5d3404e23acffa3e959ea863354f4219d1f3	ps2/progress28_structural_lift_recovered.o	block-local-constant	934bda7461a1d4f2f601c215f9d61ae8d860838b350f4ddf3cd8c55a9781e9b6	16753135a76a1b681eab49fafb84328a2664bb7a5fbea8737269b9f7c366ee03	minimum directly accessed span; complete object/array extent and final layout unproved
DAT_0035b750	0x0035b750	DIRECT_ACCESS_PROVED	0x1	initialized	6e340b9cffb37a989ca544e6bb780a2c78901d3fb33738768511a30617afa01d	0x00129250	0x1d0	0x00129274	sb	3	0x00129264	92265318b212df8faf1caaf8696dda4e457f549eab600f699cad671ae2112f43			analysis/matching/hunt1000plus-v34-validated-16.tsv	3e824f63d90666b021b356df579c5d3404e23acffa3e959ea863354f4219d1f3	ps2/progress28_structural_lift_recovered.o	block-local-constant	6289b22588d7a4aa0914ba8cb3c66bb7ee22192188297d54bfe1e1a5cad4d48b	16753135a76a1b681eab49fafb84328a2664bb7a5fbea8737269b9f7c366ee03	minimum directly accessed span; complete object/array extent and final layout unproved
DAT_0035b752	0x0035b752	DIRECT_ACCESS_PROVED	0x2	initialized	96a296d224f285c67bee93c30f8a309157f0daa35dc5b87e410b78630a09cfc7	0x00129420	0x2a4	0x00129448	sh	3	0x00129438	c194dfd8e99c33d5e6c116c6297da97cb3bb7bcc657e0d7e2b998f83c32daec3			analysis/matching/hunt1000plus-v34-validated-16.tsv	3e824f63d90666b021b356df579c5d3404e23acffa3e959ea863354f4219d1f3	ps2/progress28_structural_lift_recovered.o	block-local-constant	934bda7461a1d4f2f601c215f9d61ae8d860838b350f4ddf3cd8c55a9781e9b6	16753135a76a1b681eab49fafb84328a2664bb7a5fbea8737269b9f7c366ee03	minimum directly accessed span; complete object/array extent and final layout unproved
DAT_0035b75a	0x0035b75a	DIRECT_ACCESS_PROVED	0x2	initialized	96a296d224f285c67bee93c30f8a309157f0daa35dc5b87e410b78630a09cfc7	0x0012993c	0x1b8	0x00129ab4	sh	6	0x00129aa4	32b34a0426ac68b3ae87d709f7d3084764a7239c55f01098326f1c7a5a8f7d6f			analysis/matching/hunt1000plus-v34-validated-16.tsv	3e824f63d90666b021b356df579c5d3404e23acffa3e959ea863354f4219d1f3	ps2/progress28_structural_lift_recovered.o	block-local-constant	1800a2ea5d0b0b6b3e517961b2b8bf5e92becd816f7b7e4415ea142ba27af35a	16753135a76a1b681eab49fafb84328a2664bb7a5fbea8737269b9f7c366ee03	minimum directly accessed span; complete object/array extent and final layout unproved
DAT_0035b760	0x0035b760	DIRECT_ACCESS_PROVED	0x8	initialized	af5570f5a1810b7af78caf4bc70a660f0df51e42baf91d4de5b2328de0e83dfc	0x001296c4	0x278	0x001298f8	sd	6	0x001298e8	d622447d8fecef517d5571a88b8cc9869b34133152d913d1d87f7e0dbf5a3bdd			analysis/matching/hunt1000plus-v34-validated-16.tsv	3e824f63d90666b021b356df579c5d3404e23acffa3e959ea863354f4219d1f3	ps2/progress28_structural_lift_recovered.o	block-local-constant	784a0b6f8b4a270c64f85125adb6943722d6d9dcf0976580cb69719be95e65b8	16753135a76a1b681eab49fafb84328a2664bb7a5fbea8737269b9f7c366ee03	minimum directly accessed span; complete object/array extent and final layout unproved
DAT_0035b768	0x0035b768	DIRECT_ACCESS_PROVED	0x1	initialized	6e340b9cffb37a989ca544e6bb780a2c78901d3fb33738768511a30617afa01d	0x00127b78	0x288	0x00127c68	sb	2	0x00127c60	19646487a3bd16e4c49e1ae7d8697e9f539ad6d78e14b41c51afed0a31a7f60f			analysis/matching/hunt1000plus-v46-validated-42.tsv	c13a582a9b6bc100256670dbc0d2b2bda6f10293f4359e3b2fd912dcf8c2f5db	ps2/progress28_structural_lift_recovered.o	block-local-constant	6cc956f4227aa9bebd8fa045f54a8e50c313902143136c3b064f7c92d71802c8	16753135a76a1b681eab49fafb84328a2664bb7a5fbea8737269b9f7c366ee03	minimum directly accessed span; complete object/array extent and final layout unproved
DAT_0035b780	0x0035b780	DIRECT_ACCESS_PROVED	0x4	initialized	df3f619804a92fdb4057192dc43dd748ea778adc52bc498ce80524c014b81119	0x001522d8	0x107c	0x00152330	sw	2	0x00152308	63d58a835f6aae7b2856f86f9da1ebf60bb41b567d85c5c914d42f9a4cb7be8d			analysis/matching/hunt1041-v52-validated-17.tsv	05383075b5e8de362905b18184a8b4b88c4b9e1310568ac1791fff170c6129d9	ps2/progress28_structural_lift_recovered.o	block-local-constant	5c6072d8d1892b2346877a2820d67d29a2040a333951ad704b9301380cb47a8c	16753135a76a1b681eab49fafb84328a2664bb7a5fbea8737269b9f7c366ee03	minimum directly accessed span; complete object/array extent and final layout unproved
DAT_0035b788	0x0035b788	DIRECT_ACCESS_PROVED	0x1	initialized	6e340b9cffb37a989ca544e6bb780a2c78901d3fb33738768511a30617afa01d	0x0014e140	0x6e8	0x0014e2ac	lbu	2	0x0014e2a4	abef42c8264b635f8dac68ddd6e9c584ac6c6c1ce6befe099bac973a898c41cc			analysis/matching/hunt500plus-v33-validated-204.tsv	198b46bab535289a94dc3974ab342f12191763e99b5f096294b68629f210f5a7	ps2/progress28_structural_lift_recovered.o	block-local-constant	3d8d2a8860090142a61a06c1b9eee5c1d5a2b280210dccd0462caf2f6165a068	16753135a76a1b681eab49fafb84328a2664bb7a5fbea8737269b9f7c366ee03	minimum directly accessed span; complete object/array extent and final layout unproved
DAT_0035b789	0x0035b789	DIRECT_ACCESS_PROVED	0x1	initialized	6e340b9cffb37a989ca544e6bb780a2c78901d3fb33738768511a30617afa01d	0x0014e140	0x6e8	0x0014e350	lbu	2	0x0014e340;0x0014e34c	06607dbfbf743a367e8c794ebf4f9f661ff33e17ab2ef2860d172f3d934160da			analysis/matching/hunt500plus-v33-validated-204.tsv	198b46bab535289a94dc3974ab342f12191763e99b5f096294b68629f210f5a7	ps2/progress28_structural_lift_recovered.o	block-local-constant	3d8d2a8860090142a61a06c1b9eee5c1d5a2b280210dccd0462caf2f6165a068	16753135a76a1b681eab49fafb84328a2664bb7a5fbea8737269b9f7c366ee03	minimum directly accessed span; complete object/array extent and final layout unproved
DAT_0035b78a	0x0035b78a	DIRECT_ACCESS_PROVED	0x1	initialized	6e340b9cffb37a989ca544e6bb780a2c78901d3fb33738768511a30617afa01d	0x001591a8	0xc0	0x001591ac	lbu	2	0x001591a8	8788a566a141d33ab2e7a16db26665528c6bd68c62f407e123ad449b6d023888			analysis/matching/hunt1041-v48-validated-25.tsv	ba414b327687e47cd31fb81a698f4b8bacfc290633af8809980820342985c54a	ps2/progress28_structural_lift_recovered.o	block-local-constant	31309e011a212ce11fe156e38c0ecfcec68efac5d26be4c8250bea3fce46434d	16753135a76a1b681eab49fafb84328a2664bb7a5fbea8737269b9f7c366ee03	minimum directly accessed span; complete object/array extent and final layout unproved
DAT_0035b78c	0x0035b78c	DIRECT_ACCESS_PROVED	0x1	initialized	6e340b9cffb37a989ca544e6bb780a2c78901d3fb33738768511a30617afa01d	0x0012a400	0xfe8	0x0012a488	lbu	6	0x0012a420;0x0012a424	7f4c74e1c24e0e6ee14169b2c5a1778c3c5fe43389247badfe32cd05b43376cf			analysis/matching/hunt1041-v72-validated-v53-6.tsv	b47aedc105d156ff00ff74bf90753e416b3ec6a9de47b5bd3991a8cbe727c01c	ps2/progress28_structural_lift_recovered.o	block-local-constant	dd2102d989e6c94134d3272194d288cf3aa85ba2af8e5e336119fafec36f768e	16753135a76a1b681eab49fafb84328a2664bb7a5fbea8737269b9f7c366ee03	minimum directly accessed span; complete object/array extent and final layout unproved
DAT_0035b78d	0x0035b78d	DIRECT_ACCESS_PROVED	0x1	initialized	6e340b9cffb37a989ca544e6bb780a2c78901d3fb33738768511a30617afa01d	0x00159268	0x1388	0x001599d4	sb	2	0x001599c0;0x001599c4	0dbbe1288a8ad801839e1b582f6796fcb3902ef9326a2e65e84ad3cd5a8825ef			analysis/matching/hunt1000plus-v46-validated-42.tsv	c13a582a9b6bc100256670dbc0d2b2bda6f10293f4359e3b2fd912dcf8c2f5db	ps2/progress28_structural_lift_recovered.o	block-local-constant	c3159c2619767a4e145c394f8d9a2964fa20e2e0a3412f3511ab20a4abaf9782	16753135a76a1b681eab49fafb84328a2664bb7a5fbea8737269b9f7c366ee03	minimum directly accessed span; complete object/array extent and final layout unproved
DAT_0035b78e	0x0035b78e	DIRECT_ACCESS_PROVED	0x2	initialized	96a296d224f285c67bee93c30f8a309157f0daa35dc5b87e410b78630a09cfc7	0x0015a5f0	0x77c	0x0015a84c	lhu	2	0x0015a844	5d4eecdd58728488e8dc6bb633ab3c84a565d97f95437a7f44772f6223439ff6			analysis/matching/hunt1041-v52-validated-17.tsv	05383075b5e8de362905b18184a8b4b88c4b9e1310568ac1791fff170c6129d9	ps2/progress28_structural_lift_recovered.o	block-local-constant	665f0c485c5b840a0c6bf2adbb7270537921f4976b6dcc0c346fc65efe349850	16753135a76a1b681eab49fafb84328a2664bb7a5fbea8737269b9f7c366ee03	minimum directly accessed span; complete object/array extent and final layout unproved
DAT_0035b790	0x0035b790	DIRECT_ACCESS_PROVED	0x2	initialized	96a296d224f285c67bee93c30f8a309157f0daa35dc5b87e410b78630a09cfc7	0x0012a400	0xfe8	0x0012a5f4	lhu	10	0x0012a5d4;0x0012a5dc	f371015f083a1861b04ba4da436d65c55b86091bbbfb40711bca8ea8e3df9bdf			analysis/matching/hunt1041-v72-validated-v53-6.tsv	b47aedc105d156ff00ff74bf90753e416b3ec6a9de47b5bd3991a8cbe727c01c	ps2/progress28_structural_lift_recovered.o	block-local-constant	dd2102d989e6c94134d3272194d288cf3aa85ba2af8e5e336119fafec36f768e	16753135a76a1b681eab49fafb84328a2664bb7a5fbea8737269b9f7c366ee03	minimum directly accessed span; complete object/array extent and final layout unproved
DAT_0035b792	0x0035b792	DIRECT_ACCESS_PROVED	0x2	initialized	96a296d224f285c67bee93c30f8a309157f0daa35dc5b87e410b78630a09cfc7	0x0012a400	0xfe8	0x0012a404	lhu	2	0x0012a400	5552a7f2b74492e9d21d106c0a27510c70b5b26964ec2913af39f23c1c7854dc			analysis/matching/hunt1041-v72-validated-v53-6.tsv	b47aedc105d156ff00ff74bf90753e416b3ec6a9de47b5bd3991a8cbe727c01c	ps2/progress28_structural_lift_recovered.o	block-local-constant	dd2102d989e6c94134d3272194d288cf3aa85ba2af8e5e336119fafec36f768e	16753135a76a1b681eab49fafb84328a2664bb7a5fbea8737269b9f7c366ee03	minimum directly accessed span; complete object/array extent and final layout unproved
DAT_0035b794	0x0035b794	DIRECT_ACCESS_PROVED	0x2	initialized	96a296d224f285c67bee93c30f8a309157f0daa35dc5b87e410b78630a09cfc7	0x0012a400	0xfe8	0x0012a5fc	lhu	10	0x0012a5d4;0x0012a5dc	847f596fd92a0f718562275c31eb80bc53153ba96b64613cb06d321ca316af29			analysis/matching/hunt1041-v72-validated-v53-6.tsv	b47aedc105d156ff00ff74bf90753e416b3ec6a9de47b5bd3991a8cbe727c01c	ps2/progress28_structural_lift_recovered.o	block-local-constant	dd2102d989e6c94134d3272194d288cf3aa85ba2af8e5e336119fafec36f768e	16753135a76a1b681eab49fafb84328a2664bb7a5fbea8737269b9f7c366ee03	minimum directly accessed span; complete object/array extent and final layout unproved
DAT_0035b796	0x0035b796	DIRECT_ACCESS_PROVED	0x2	initialized	96a296d224f285c67bee93c30f8a309157f0daa35dc5b87e410b78630a09cfc7	0x00159268	0x1388	0x001596a8	sh	3	0x00159698;0x0015969c	d637a4753606eb23390cd107e9e1920203132d22824c58dfde20af07dbfd4492			analysis/matching/hunt1000plus-v46-validated-42.tsv	c13a582a9b6bc100256670dbc0d2b2bda6f10293f4359e3b2fd912dcf8c2f5db	ps2/progress28_structural_lift_recovered.o	block-local-constant	c3159c2619767a4e145c394f8d9a2964fa20e2e0a3412f3511ab20a4abaf9782	16753135a76a1b681eab49fafb84328a2664bb7a5fbea8737269b9f7c366ee03	minimum directly accessed span; complete object/array extent and final layout unproved
DAT_0035b798	0x0035b798	DIRECT_ACCESS_PROVED	0x2	initialized	96a296d224f285c67bee93c30f8a309157f0daa35dc5b87e410b78630a09cfc7	0x00159268	0x1388	0x00159890	sh	3	0x00159874;0x0015987c	c1f0e4713be2cf5b1bcc6fc1fc0855ce7ca4e2f4c6eb51814179dc8fa9f65165			analysis/matching/hunt1000plus-v46-validated-42.tsv	c13a582a9b6bc100256670dbc0d2b2bda6f10293f4359e3b2fd912dcf8c2f5db	ps2/progress28_structural_lift_recovered.o	block-local-constant	c3159c2619767a4e145c394f8d9a2964fa20e2e0a3412f3511ab20a4abaf9782	16753135a76a1b681eab49fafb84328a2664bb7a5fbea8737269b9f7c366ee03	minimum directly accessed span; complete object/array extent and final layout unproved
DAT_0035b79a	0x0035b79a	DIRECT_ACCESS_PROVED	0x2	initialized	96a296d224f285c67bee93c30f8a309157f0daa35dc5b87e410b78630a09cfc7	0x00159268	0x1388	0x00159870	sh	3	0x00159854;0x0015985c	f5f199c8309ba1269757cb97dd1ea1316c56f073c3286f86839001f7850dcea8			analysis/matching/hunt1000plus-v46-validated-42.tsv	c13a582a9b6bc100256670dbc0d2b2bda6f10293f4359e3b2fd912dcf8c2f5db	ps2/progress28_structural_lift_recovered.o	block-local-constant	c3159c2619767a4e145c394f8d9a2964fa20e2e0a3412f3511ab20a4abaf9782	16753135a76a1b681eab49fafb84328a2664bb7a5fbea8737269b9f7c366ee03	minimum directly accessed span; complete object/array extent and final layout unproved
DAT_0035b79c	0x0035b79c	NO_DIRECT_ACCESS_WITNESS															ps2/progress28_structural_lift_recovered.o				indexed/pointer/array/object bounds require separate proof
DAT_0035b79e	0x0035b79e	DIRECT_ACCESS_PROVED	0x2	initialized	96a296d224f285c67bee93c30f8a309157f0daa35dc5b87e410b78630a09cfc7	0x00159268	0x1388	0x001597f0	sh	2	0x001597e0;0x001597e4	3ca077c4b5fbfb4dd2d525442c0cb270659668fa4e6c83a740fca620bcfa071a			analysis/matching/hunt1000plus-v46-validated-42.tsv	c13a582a9b6bc100256670dbc0d2b2bda6f10293f4359e3b2fd912dcf8c2f5db	ps2/progress28_structural_lift_recovered.o	block-local-constant	c3159c2619767a4e145c394f8d9a2964fa20e2e0a3412f3511ab20a4abaf9782	16753135a76a1b681eab49fafb84328a2664bb7a5fbea8737269b9f7c366ee03	minimum directly accessed span; complete object/array extent and final layout unproved
DAT_0035b7a0	0x0035b7a0	DIRECT_ACCESS_PROVED	0x2	initialized	96a296d224f285c67bee93c30f8a309157f0daa35dc5b87e410b78630a09cfc7	0x00159268	0x1388	0x001596b0	sh	3	0x00159698;0x0015969c	01f51cf28d8d2646966a4b064bc22b56e9e82a41664c1c01ed30df4070e1530d			analysis/matching/hunt1000plus-v46-validated-42.tsv	c13a582a9b6bc100256670dbc0d2b2bda6f10293f4359e3b2fd912dcf8c2f5db	ps2/progress28_structural_lift_recovered.o	block-local-constant	c3159c2619767a4e145c394f8d9a2964fa20e2e0a3412f3511ab20a4abaf9782	16753135a76a1b681eab49fafb84328a2664bb7a5fbea8737269b9f7c366ee03	minimum directly accessed span; complete object/array extent and final layout unproved
DAT_0035b7a2	0x0035b7a2	DIRECT_ACCESS_PROVED	0x2	initialized	96a296d224f285c67bee93c30f8a309157f0daa35dc5b87e410b78630a09cfc7	0x00159268	0x1388	0x001596f8	sh	3	0x001596e8;0x001596ec	89e8261768235c0a4c7f8c8ec7724412dba254978360120e2cedeef7fcd888c2			analysis/matching/hunt1000plus-v46-validated-42.tsv	c13a582a9b6bc100256670dbc0d2b2bda6f10293f4359e3b2fd912dcf8c2f5db	ps2/progress28_structural_lift_recovered.o	block-local-constant	c3159c2619767a4e145c394f8d9a2964fa20e2e0a3412f3511ab20a4abaf9782	16753135a76a1b681eab49fafb84328a2664bb7a5fbea8737269b9f7c366ee03	minimum directly accessed span; complete object/array extent and final layout unproved
DAT_0035b7a4	0x0035b7a4	DIRECT_ACCESS_PROVED	0x2	initialized	96a296d224f285c67bee93c30f8a309157f0daa35dc5b87e410b78630a09cfc7	0x00159268	0x1388	0x001598d0	sh	3	0x001598b4;0x001598bc	946c04ba93ea981af93467f3466e01ab36f00e7ed037d972c16a0cdd46fd4fbd			analysis/matching/hunt1000plus-v46-validated-42.tsv	c13a582a9b6bc100256670dbc0d2b2bda6f10293f4359e3b2fd912dcf8c2f5db	ps2/progress28_structural_lift_recovered.o	block-local-constant	c3159c2619767a4e145c394f8d9a2964fa20e2e0a3412f3511ab20a4abaf9782	16753135a76a1b681eab49fafb84328a2664bb7a5fbea8737269b9f7c366ee03	minimum directly accessed span; complete object/array extent and final layout unproved
DAT_0035b7a6	0x0035b7a6	DIRECT_ACCESS_PROVED	0x2	initialized	96a296d224f285c67bee93c30f8a309157f0daa35dc5b87e410b78630a09cfc7	0x00159268	0x1388	0x001598b0	sh	3	0x00159894;0x0015989c	1f3f1cabbe5dc59c1e2149cfdb315f874d8897748e46d1ca1e3a5af00a706399			analysis/matching/hunt1000plus-v46-validated-42.tsv	c13a582a9b6bc100256670dbc0d2b2bda6f10293f4359e3b2fd912dcf8c2f5db	ps2/progress28_structural_lift_recovered.o	block-local-constant	c3159c2619767a4e145c394f8d9a2964fa20e2e0a3412f3511ab20a4abaf9782	16753135a76a1b681eab49fafb84328a2664bb7a5fbea8737269b9f7c366ee03	minimum directly accessed span; complete object/array extent and final layout unproved
DAT_0035b7a8	0x0035b7a8	NO_DIRECT_ACCESS_WITNESS															ps2/progress28_structural_lift_recovered.o				indexed/pointer/array/object bounds require separate proof
DAT_0035b7aa	0x0035b7aa	DIRECT_ACCESS_PROVED	0x2	initialized	96a296d224f285c67bee93c30f8a309157f0daa35dc5b87e410b78630a09cfc7	0x00159268	0x1388	0x001597f8	sh	2	0x001597e0;0x001597e4	7949bbbc82688c864949c6642174a47f2047ea2d85ee0903e99b7f927ed85c27			analysis/matching/hunt1000plus-v46-validated-42.tsv	c13a582a9b6bc100256670dbc0d2b2bda6f10293f4359e3b2fd912dcf8c2f5db	ps2/progress28_structural_lift_recovered.o	block-local-constant	c3159c2619767a4e145c394f8d9a2964fa20e2e0a3412f3511ab20a4abaf9782	16753135a76a1b681eab49fafb84328a2664bb7a5fbea8737269b9f7c366ee03	minimum directly accessed span; complete object/array extent and final layout unproved
DAT_0035b7ac	0x0035b7ac	DIRECT_ACCESS_PROVED	0x2	initialized	96a296d224f285c67bee93c30f8a309157f0daa35dc5b87e410b78630a09cfc7	0x00159268	0x1388	0x00159700	sh	3	0x001596e8;0x001596ec	d24601e3baf57db4e3e88b6b684671b5f4c2b7bf9370a231a92bfde9fd9943e3			analysis/matching/hunt1000plus-v46-validated-42.tsv	c13a582a9b6bc100256670dbc0d2b2bda6f10293f4359e3b2fd912dcf8c2f5db	ps2/progress28_structural_lift_recovered.o	block-local-constant	c3159c2619767a4e145c394f8d9a2964fa20e2e0a3412f3511ab20a4abaf9782	16753135a76a1b681eab49fafb84328a2664bb7a5fbea8737269b9f7c366ee03	minimum directly accessed span; complete object/array extent and final layout unproved
DAT_0035b7ae	0x0035b7ae	DIRECT_ACCESS_PROVED	0x2	initialized	96a296d224f285c67bee93c30f8a309157f0daa35dc5b87e410b78630a09cfc7	0x001443ec	0x6ec	0x00144444	lhu	3	0x00144400;0x00144408	09088367e45e883f736608a3f1190d8e88c0102f7361c9c0b912f04f8ef5ccf0			analysis/matching/hunt500plus-v33-validated-204.tsv	198b46bab535289a94dc3974ab342f12191763e99b5f096294b68629f210f5a7	ps2/progress28_structural_lift_recovered.o	block-local-constant	011136ea613e3c1e7d5ac49792fd6d3bb0265f9cf61cab0a0239a226eead9fc7	16753135a76a1b681eab49fafb84328a2664bb7a5fbea8737269b9f7c366ee03	minimum directly accessed span; complete object/array extent and final layout unproved
DAT_0035b7b0	0x0035b7b0	DIRECT_ACCESS_PROVED	0x4	initialized	df3f619804a92fdb4057192dc43dd748ea778adc52bc498ce80524c014b81119	0x00143390	0x11c	0x00143420	lw	10	0x00143394;0x0014339c	259fe275da0ff89e9114a709118fe6e4579d9c0b784bf1828683addc840cc580			analysis/matching/hunt500plus-v33-validated-204.tsv	198b46bab535289a94dc3974ab342f12191763e99b5f096294b68629f210f5a7	ps2/progress28_structural_lift_recovered.o	cfg-must-constant	259fe275da0ff89e9114a709118fe6e4579d9c0b784bf1828683addc840cc580	16753135a76a1b681eab49fafb84328a2664bb7a5fbea8737269b9f7c366ee03	minimum directly accessed span; complete object/array extent and final layout unproved
DAT_0035b7b2	0x0035b7b2	DIRECT_ACCESS_PROVED	0x2	initialized	96a296d224f285c67bee93c30f8a309157f0daa35dc5b87e410b78630a09cfc7	0x00159268	0x1388	0x001598f0	sh	3	0x001598d4;0x001598dc	f201a1cde71fc9c11a85a500957115ae3330cdf0ac50b669235d697cf349ee90			analysis/matching/hunt1000plus-v46-validated-42.tsv	c13a582a9b6bc100256670dbc0d2b2bda6f10293f4359e3b2fd912dcf8c2f5db	ps2/progress28_structural_lift_recovered.o	block-local-constant	c3159c2619767a4e145c394f8d9a2964fa20e2e0a3412f3511ab20a4abaf9782	16753135a76a1b681eab49fafb84328a2664bb7a5fbea8737269b9f7c366ee03	minimum directly accessed span; complete object/array extent and final layout unproved
DAT_0035b7b4	0x0035b7b4	NO_DIRECT_ACCESS_WITNESS															ps2/progress28_structural_lift_recovered.o				indexed/pointer/array/object bounds require separate proof
DAT_0035b7b6	0x0035b7b6	DIRECT_ACCESS_PROVED	0x2	initialized	96a296d224f285c67bee93c30f8a309157f0daa35dc5b87e410b78630a09cfc7	0x00159268	0x1388	0x00159848	sh	2	0x00159838;0x0015983c	7a7cea687c19176a6c6c00c9e6782e18fa99c06940674ae02eb58a12c9065df4			analysis/matching/hunt1000plus-v46-validated-42.tsv	c13a582a9b6bc100256670dbc0d2b2bda6f10293f4359e3b2fd912dcf8c2f5db	ps2/progress28_structural_lift_recovered.o	block-local-constant	c3159c2619767a4e145c394f8d9a2964fa20e2e0a3412f3511ab20a4abaf9782	16753135a76a1b681eab49fafb84328a2664bb7a5fbea8737269b9f7c366ee03	minimum directly accessed span; complete object/array extent and final layout unproved
DAT_0035b7b8	0x0035b7b8	DIRECT_ACCESS_PROVED	0x2	initialized	96a296d224f285c67bee93c30f8a309157f0daa35dc5b87e410b78630a09cfc7	0x001443ec	0x6ec	0x00144450	lhu	3	0x00144400;0x00144408	ac059614ffe8c156b166e3b3d20b8f13a82486fe5e51b75296d9fb4b74ce6376			analysis/matching/hunt500plus-v33-validated-204.tsv	198b46bab535289a94dc3974ab342f12191763e99b5f096294b68629f210f5a7	ps2/progress28_structural_lift_recovered.o	block-local-constant	011136ea613e3c1e7d5ac49792fd6d3bb0265f9cf61cab0a0239a226eead9fc7	16753135a76a1b681eab49fafb84328a2664bb7a5fbea8737269b9f7c366ee03	minimum directly accessed span; complete object/array extent and final layout unproved
DAT_0035b7ba	0x0035b7ba	DIRECT_ACCESS_PROVED	0x2	initialized	96a296d224f285c67bee93c30f8a309157f0daa35dc5b87e410b78630a09cfc7	0x00159268	0x1388	0x00159798	sh	3	0x00159788;0x0015978c	a58455ecc69b331a2fd83369c3f394f985af74fb66e19cfba84db43020f15d4a			analysis/matching/hunt1000plus-v46-validated-42.tsv	c13a582a9b6bc100256670dbc0d2b2bda6f10293f4359e3b2fd912dcf8c2f5db	ps2/progress28_structural_lift_recovered.o	block-local-constant	c3159c2619767a4e145c394f8d9a2964fa20e2e0a3412f3511ab20a4abaf9782	16753135a76a1b681eab49fafb84328a2664bb7a5fbea8737269b9f7c366ee03	minimum directly accessed span; complete object/array extent and final layout unproved
DAT_0035b7bc	0x0035b7bc	DIRECT_ACCESS_PROVED	0x2	initialized	96a296d224f285c67bee93c30f8a309157f0daa35dc5b87e410b78630a09cfc7	0x00159268	0x1388	0x00159950	sh	3	0x00159934;0x0015993c	b57455028465eb34ca5100d7e92f95a2570dbbe75a930b42c1784e78eb17f0d5			analysis/matching/hunt1000plus-v46-validated-42.tsv	c13a582a9b6bc100256670dbc0d2b2bda6f10293f4359e3b2fd912dcf8c2f5db	ps2/progress28_structural_lift_recovered.o	block-local-constant	c3159c2619767a4e145c394f8d9a2964fa20e2e0a3412f3511ab20a4abaf9782	16753135a76a1b681eab49fafb84328a2664bb7a5fbea8737269b9f7c366ee03	minimum directly accessed span; complete object/array extent and final layout unproved
DAT_0035b7be	0x0035b7be	DIRECT_ACCESS_PROVED	0x2	initialized	96a296d224f285c67bee93c30f8a309157f0daa35dc5b87e410b78630a09cfc7	0x00159268	0x1388	0x00159930	sh	3	0x00159914;0x0015991c	31106f492db9b0c5cafd3ea8c0a9cbc888f9c5b64b70355bad0f81b01ac9c210			analysis/matching/hunt1000plus-v46-validated-42.tsv	c13a582a9b6bc100256670dbc0d2b2bda6f10293f4359e3b2fd912dcf8c2f5db	ps2/progress28_structural_lift_recovered.o	block-local-constant	c3159c2619767a4e145c394f8d9a2964fa20e2e0a3412f3511ab20a4abaf9782	16753135a76a1b681eab49fafb84328a2664bb7a5fbea8737269b9f7c366ee03	minimum directly accessed span; complete object/array extent and final layout unproved
DAT_0035b7c0	0x0035b7c0	NO_DIRECT_ACCESS_WITNESS															ps2/progress28_structural_lift_recovered.o				indexed/pointer/array/object bounds require separate proof
DAT_0035b7c2	0x0035b7c2	DIRECT_ACCESS_PROVED	0x2	initialized	96a296d224f285c67bee93c30f8a309157f0daa35dc5b87e410b78630a09cfc7	0x00159268	0x1388	0x00159850	sh	2	0x00159838;0x0015983c	241aa2841a5d95b6fcf781f90c89e3cfdb684e26582b4adced71d77f4d6bae59			analysis/matching/hunt1000plus-v46-validated-42.tsv	c13a582a9b6bc100256670dbc0d2b2bda6f10293f4359e3b2fd912dcf8c2f5db	ps2/progress28_structural_lift_recovered.o	block-local-constant	c3159c2619767a4e145c394f8d9a2964fa20e2e0a3412f3511ab20a4abaf9782	16753135a76a1b681eab49fafb84328a2664bb7a5fbea8737269b9f7c366ee03	minimum directly accessed span; complete object/array extent and final layout unproved
DAT_0035b7c4	0x0035b7c4	DIRECT_ACCESS_PROVED	0x2	initialized	96a296d224f285c67bee93c30f8a309157f0daa35dc5b87e410b78630a09cfc7	0x00159268	0x1388	0x001597a0	sh	3	0x00159788;0x0015978c	a4d7532bcc744091d6db5e4796ad10c82b8fec0d750d8982397ee9d6133a6b36			analysis/matching/hunt1000plus-v46-validated-42.tsv	c13a582a9b6bc100256670dbc0d2b2bda6f10293f4359e3b2fd912dcf8c2f5db	ps2/progress28_structural_lift_recovered.o	block-local-constant	c3159c2619767a4e145c394f8d9a2964fa20e2e0a3412f3511ab20a4abaf9782	16753135a76a1b681eab49fafb84328a2664bb7a5fbea8737269b9f7c366ee03	minimum directly accessed span; complete object/array extent and final layout unproved
DAT_0035b7c6	0x0035b7c6	DIRECT_ACCESS_PROVED	0x1	initialized	6e340b9cffb37a989ca544e6bb780a2c78901d3fb33738768511a30617afa01d	0x0012bd48	0x214	0x0012bd60	lbu	3	0x0012bd4c;0x0012bd54	90f8ee55bb56608e982700fee27bf7c2c2327d2a98e6666b149244234dc46dda			analysis/matching/hunt1041-v49-validated-20.tsv	d4fa3387ca1f39cdaf967b664e19682d448b402749ad07ae854873a782cfc045	ps2/progress28_structural_lift_recovered.o	block-local-constant	b6f6d33c2c930eed15a938f4cf28a230404ace5cafffeaee081c5f054114a67c	16753135a76a1b681eab49fafb84328a2664bb7a5fbea8737269b9f7c366ee03	minimum directly accessed span; complete object/array extent and final layout unproved
DAT_0035b7c8	0x0035b7c8	DIRECT_ACCESS_PROVED	0x2	initialized	96a296d224f285c67bee93c30f8a309157f0daa35dc5b87e410b78630a09cfc7	0x001434ac	0x1e0	0x0014353c	sh	2	0x00143538	760816b43bd43adbb2dce7c372e8bdd65238afcaed08ee97cf8d83600126148d			analysis/matching/hunt1041-v52-validated-17.tsv	05383075b5e8de362905b18184a8b4b88c4b9e1310568ac1791fff170c6129d9	ps2/progress28_structural_lift_recovered.o	block-local-constant	8e1600ec60e2e496eb0a915feb6fe1639da6a7f00e795fea2dbcf0edb796792d	16753135a76a1b681eab49fafb84328a2664bb7a5fbea8737269b9f7c366ee03	minimum directly accessed span; complete object/array extent and final layout unproved
DAT_0035b9c8	0x0035b9c8	DIRECT_ACCESS_PROVED	0x1	initialized	6e340b9cffb37a989ca544e6bb780a2c78901d3fb33738768511a30617afa01d	0x0014368c	0xf4	0x001436cc	lbu	2	0x001436c4	25666f19bc53d5b5fcc490ab5f88a4da79fcf7ad18c9ee9a471c0818019e0bd9			analysis/matching/hunt1041-v49-validated-20.tsv	d4fa3387ca1f39cdaf967b664e19682d448b402749ad07ae854873a782cfc045	ps2/progress28_structural_lift_recovered.o	block-local-constant	926946e29ed3d49aebd0a11c1e88db845c6376b53ad4bc3381af8e07ea72b925	16753135a76a1b681eab49fafb84328a2664bb7a5fbea8737269b9f7c366ee03	minimum directly accessed span; complete object/array extent and final layout unproved
DAT_0035b9c9	0x0035b9c9	DIRECT_ACCESS_PROVED	0x1	initialized	6e340b9cffb37a989ca544e6bb780a2c78901d3fb33738768511a30617afa01d	0x0015c124	0x500	0x0015c280	sb	7	0x0015c244;0x0015c24c	5a733a721624194a1d7add51c7541cc2ae44db590773b24e060ab78ec4c3b6ae			analysis/matching/hunt500plus-v33-validated-204.tsv	198b46bab535289a94dc3974ab342f12191763e99b5f096294b68629f210f5a7	ps2/progress28_structural_lift_recovered.o	cfg-must-constant	5a733a721624194a1d7add51c7541cc2ae44db590773b24e060ab78ec4c3b6ae	16753135a76a1b681eab49fafb84328a2664bb7a5fbea8737269b9f7c366ee03	minimum directly accessed span; complete object/array extent and final layout unproved
DAT_0035b9ca	0x0035b9ca	NO_DIRECT_ACCESS_WITNESS															ps2/progress28_structural_lift_recovered.o				indexed/pointer/array/object bounds require separate proof
DAT_0035b9cc	0x0035b9cc	NO_DIRECT_ACCESS_WITNESS															ps2/progress28_structural_lift_recovered.o				indexed/pointer/array/object bounds require separate proof
DAT_0035b9ce	0x0035b9ce	NO_DIRECT_ACCESS_WITNESS															ps2/progress28_structural_lift_recovered.o				indexed/pointer/array/object bounds require separate proof
DAT_0035b9d0	0x0035b9d0	NO_DIRECT_ACCESS_WITNESS															ps2/progress28_structural_lift_recovered.o				indexed/pointer/array/object bounds require separate proof
DAT_0035b9d1	0x0035b9d1	NO_DIRECT_ACCESS_WITNESS															ps2/progress28_structural_lift_recovered.o				indexed/pointer/array/object bounds require separate proof
DAT_0035b9d2	0x0035b9d2	NO_DIRECT_ACCESS_WITNESS															ps2/progress28_structural_lift_recovered.o				indexed/pointer/array/object bounds require separate proof
DAT_0035b9d3	0x0035b9d3	NO_DIRECT_ACCESS_WITNESS															ps2/progress28_structural_lift_recovered.o				indexed/pointer/array/object bounds require separate proof
DAT_0035b9d4	0x0035b9d4	NO_DIRECT_ACCESS_WITNESS															ps2/progress28_structural_lift_recovered.o				indexed/pointer/array/object bounds require separate proof
DAT_0035b9d6	0x0035b9d6	NO_DIRECT_ACCESS_WITNESS															ps2/progress28_structural_lift_recovered.o				indexed/pointer/array/object bounds require separate proof
DAT_0035b9e0	0x0035b9e0	NO_DIRECT_ACCESS_WITNESS															ps2/progress28_structural_lift_recovered.o				indexed/pointer/array/object bounds require separate proof
DAT_0035b9e2	0x0035b9e2	NO_DIRECT_ACCESS_WITNESS															ps2/progress28_structural_lift_recovered.o				indexed/pointer/array/object bounds require separate proof
DAT_0035b9ec	0x0035b9ec	NO_DIRECT_ACCESS_WITNESS															ps2/progress28_structural_lift_recovered.o				indexed/pointer/array/object bounds require separate proof
DAT_0035b9ee	0x0035b9ee	NO_DIRECT_ACCESS_WITNESS															ps2/progress28_structural_lift_recovered.o				indexed/pointer/array/object bounds require separate proof
DAT_0035b9f8	0x0035b9f8	NO_DIRECT_ACCESS_WITNESS															ps2/progress28_structural_lift_recovered.o				indexed/pointer/array/object bounds require separate proof
DAT_0035bfca	0x0035bfca	DIRECT_ACCESS_PROVED	0x1	initialized	6e340b9cffb37a989ca544e6bb780a2c78901d3fb33738768511a30617afa01d	0x00159268	0x1388	0x00159414	lbu	6	0x001593fc;0x00159400	01fa8fb4c5849f83bc1a9d546981815ac46e88ee1c1abccf1f207ffc3d1cfbb6			analysis/matching/hunt1000plus-v46-validated-42.tsv	c13a582a9b6bc100256670dbc0d2b2bda6f10293f4359e3b2fd912dcf8c2f5db	ps2/progress28_structural_lift_recovered.o	block-local-constant	c3159c2619767a4e145c394f8d9a2964fa20e2e0a3412f3511ab20a4abaf9782	16753135a76a1b681eab49fafb84328a2664bb7a5fbea8737269b9f7c366ee03	minimum directly accessed span; complete object/array extent and final layout unproved
DAT_0035bfcc	0x0035bfcc	DIRECT_ACCESS_PROVED	0x2	initialized	96a296d224f285c67bee93c30f8a309157f0daa35dc5b87e410b78630a09cfc7	0x0012b498	0x50c	0x0012b824	sh	2	0x0012b818;0x0012b820	4fe8a37a620993c697c1b9fadc78fe454dfe049b60d2eb5800689b886d63f063			analysis/matching/hunt500plus-v33-validated-204.tsv	198b46bab535289a94dc3974ab342f12191763e99b5f096294b68629f210f5a7	ps2/progress28_structural_lift_recovered.o	block-local-constant	a13b7aa6e7616cb0d4232f01ced00d6e7e009a03c8b06b59fcf7b8858c458bbf	16753135a76a1b681eab49fafb84328a2664bb7a5fbea8737269b9f7c366ee03	minimum directly accessed span; complete object/array extent and final layout unproved
DAT_0035bfce	0x0035bfce	DIRECT_ACCESS_PROVED	0x1	initialized	6e340b9cffb37a989ca544e6bb780a2c78901d3fb33738768511a30617afa01d	0x0015c124	0x500	0x0015c2f0	sb	18	0x0015c288;0x0015c28c	5a733a721624194a1d7add51c7541cc2ae44db590773b24e060ab78ec4c3b6ae			analysis/matching/hunt500plus-v33-validated-204.tsv	198b46bab535289a94dc3974ab342f12191763e99b5f096294b68629f210f5a7	ps2/progress28_structural_lift_recovered.o	cfg-must-constant	5a733a721624194a1d7add51c7541cc2ae44db590773b24e060ab78ec4c3b6ae	16753135a76a1b681eab49fafb84328a2664bb7a5fbea8737269b9f7c366ee03	minimum directly accessed span; complete object/array extent and final layout unproved
DAT_0035bfcf	0x0035bfcf	DIRECT_ACCESS_PROVED	0x1	initialized	6e340b9cffb37a989ca544e6bb780a2c78901d3fb33738768511a30617afa01d	0x0012b498	0x50c	0x0012b82c	sb	2	0x0012b818;0x0012b820	78dae23aae22d66de21522e351ab0d30281aa89732911993340245d6962861a8			analysis/matching/hunt500plus-v33-validated-204.tsv	198b46bab535289a94dc3974ab342f12191763e99b5f096294b68629f210f5a7	ps2/progress28_structural_lift_recovered.o	block-local-constant	a13b7aa6e7616cb0d4232f01ced00d6e7e009a03c8b06b59fcf7b8858c458bbf	16753135a76a1b681eab49fafb84328a2664bb7a5fbea8737269b9f7c366ee03	minimum directly accessed span; complete object/array extent and final layout unproved
DAT_0035bfd0	0x0035bfd0	DIRECT_ACCESS_PROVED	0x2	initialized	96a296d224f285c67bee93c30f8a309157f0daa35dc5b87e410b78630a09cfc7	0x0015c124	0x500	0x0015c2fc	sh	18	0x0015c288;0x0015c28c	5a733a721624194a1d7add51c7541cc2ae44db590773b24e060ab78ec4c3b6ae			analysis/matching/hunt500plus-v33-validated-204.tsv	198b46bab535289a94dc3974ab342f12191763e99b5f096294b68629f210f5a7	ps2/progress28_structural_lift_recovered.o	cfg-must-constant	5a733a721624194a1d7add51c7541cc2ae44db590773b24e060ab78ec4c3b6ae	16753135a76a1b681eab49fafb84328a2664bb7a5fbea8737269b9f7c366ee03	minimum directly accessed span; complete object/array extent and final layout unproved
DAT_0035bfd2	0x0035bfd2	DIRECT_ACCESS_PROVED	0x2	initialized	96a296d224f285c67bee93c30f8a309157f0daa35dc5b87e410b78630a09cfc7	0x0015ad6c	0xf04	0x0015b290	lhu	5	0x0015b288;0x0015b28c	626b2e1d19d91bceaab0d2b0c8d332aad6abec1c42d212729efde879067fcb94			analysis/matching/hunt1041-v52-validated-17.tsv	05383075b5e8de362905b18184a8b4b88c4b9e1310568ac1791fff170c6129d9	ps2/progress28_structural_lift_recovered.o	block-local-constant	3990a1e071cda330fd6b538ed2f2a3aaadf72a68801f02b275ea1fd1e8bd411f	16753135a76a1b681eab49fafb84328a2664bb7a5fbea8737269b9f7c366ee03	minimum directly accessed span; complete object/array extent and final layout unproved
DAT_0035bfd4	0x0035bfd4	DIRECT_ACCESS_PROVED	0x2	initialized	96a296d224f285c67bee93c30f8a309157f0daa35dc5b87e410b78630a09cfc7	0x0015ad6c	0xf04	0x0015b44c	lhu	2	0x0015b444;0x0015b448	301dda650bc925cd5c28b0f0bbd95263a8c445d0e044be39cb9d1fc7597b3d44			analysis/matching/hunt1041-v52-validated-17.tsv	05383075b5e8de362905b18184a8b4b88c4b9e1310568ac1791fff170c6129d9	ps2/progress28_structural_lift_recovered.o	block-local-constant	3990a1e071cda330fd6b538ed2f2a3aaadf72a68801f02b275ea1fd1e8bd411f	16753135a76a1b681eab49fafb84328a2664bb7a5fbea8737269b9f7c366ee03	minimum directly accessed span; complete object/array extent and final layout unproved
DAT_0035bfd6	0x0035bfd6	DIRECT_ACCESS_PROVED	0x2	initialized	96a296d224f285c67bee93c30f8a309157f0daa35dc5b87e410b78630a09cfc7	0x0015a5f0	0x77c	0x0015a754	sh	16	0x0015a72c;0x0015a734	e3bc300c6b43fa22754190fef6f8850095a41ef23869ae9855c4038073b31c46			analysis/matching/hunt1041-v52-validated-17.tsv	05383075b5e8de362905b18184a8b4b88c4b9e1310568ac1791fff170c6129d9	ps2/progress28_structural_lift_recovered.o	block-local-constant	665f0c485c5b840a0c6bf2adbb7270537921f4976b6dcc0c346fc65efe349850	16753135a76a1b681eab49fafb84328a2664bb7a5fbea8737269b9f7c366ee03	minimum directly accessed span; complete object/array extent and final layout unproved
DAT_0035bfd8	0x0035bfd8	DIRECT_ACCESS_PROVED	0x2	initialized	96a296d224f285c67bee93c30f8a309157f0daa35dc5b87e410b78630a09cfc7	0x0015cea4	0x218	0x0015d040	sh	4	0x0015d024;0x0015d028	b1961c45d246860f7903edcbb0021710b04aaceb3434dd0ff469ad245078e7f4			analysis/matching/hunt500plus-v33-validated-204.tsv	198b46bab535289a94dc3974ab342f12191763e99b5f096294b68629f210f5a7	ps2/progress28_structural_lift_recovered.o	block-local-constant	a7de07f8e99b6c848bde79e50a16f51242dfbbca80cd820d029af979484410d1	16753135a76a1b681eab49fafb84328a2664bb7a5fbea8737269b9f7c366ee03	minimum directly accessed span; complete object/array extent and final layout unproved
DAT_0035bfda	0x0035bfda	DIRECT_ACCESS_PROVED	0x1	initialized	6e340b9cffb37a989ca544e6bb780a2c78901d3fb33738768511a30617afa01d	0x0015a5f0	0x77c	0x0015aa10	lbu	3	0x0015aa08;0x0015aa0c	1fd48e5195fe35344987673fa18b421b94b2f6018445075f82f30ac92b14e9ee			analysis/matching/hunt1041-v52-validated-17.tsv	05383075b5e8de362905b18184a8b4b88c4b9e1310568ac1791fff170c6129d9	ps2/progress28_structural_lift_recovered.o	block-local-constant	665f0c485c5b840a0c6bf2adbb7270537921f4976b6dcc0c346fc65efe349850	16753135a76a1b681eab49fafb84328a2664bb7a5fbea8737269b9f7c366ee03	minimum directly accessed span; complete object/array extent and final layout unproved
DAT_0035bfdb	0x0035bfdb	DIRECT_ACCESS_PROVED	0x1	initialized	6e340b9cffb37a989ca544e6bb780a2c78901d3fb33738768511a30617afa01d	0x0015a5f0	0x77c	0x0015aa44	lbu	3	0x0015aa3c;0x0015aa40	d82b55f150e7594cf619282047f9910b794782f401686f8c1587facdf929ee53			analysis/matching/hunt1041-v52-validated-17.tsv	05383075b5e8de362905b18184a8b4b88c4b9e1310568ac1791fff170c6129d9	ps2/progress28_structural_lift_recovered.o	block-local-constant	665f0c485c5b840a0c6bf2adbb7270537921f4976b6dcc0c346fc65efe349850	16753135a76a1b681eab49fafb84328a2664bb7a5fbea8737269b9f7c366ee03	minimum directly accessed span; complete object/array extent and final layout unproved
DAT_0035bfdc	0x0035bfdc	DIRECT_ACCESS_PROVED	0x1	initialized	6e340b9cffb37a989ca544e6bb780a2c78901d3fb33738768511a30617afa01d	0x001161a8	0x598	0x00116414	sb	2	0x0011640c	12019c4bcfecf510225b34dd94a7093a39937cc72da505abe3a1a739d5cb1b27			analysis/matching/hunt1000plus-v46-validated-42.tsv	c13a582a9b6bc100256670dbc0d2b2bda6f10293f4359e3b2fd912dcf8c2f5db	ps2/progress28_structural_lift_recovered.o	block-local-constant	2ec6ebb4a8a8934817467f937fb7c8ac4215349a0e006c0ecb949c52c3bd90f7	16753135a76a1b681eab49fafb84328a2664bb7a5fbea8737269b9f7c366ee03	minimum directly accessed span; complete object/array extent and final layout unproved
DAT_0035bfde	0x0035bfde	DIRECT_ACCESS_PROVED	0x2	initialized	96a296d224f285c67bee93c30f8a309157f0daa35dc5b87e410b78630a09cfc7	0x00159268	0x1388	0x00159cac	sh	2	0x00159c8c;0x00159c94	e94566c689ef1f2b6486c17ae13a59da46f277f1b8a12dbedd9cfd9bcb5db36f			analysis/matching/hunt1000plus-v46-validated-42.tsv	c13a582a9b6bc100256670dbc0d2b2bda6f10293f4359e3b2fd912dcf8c2f5db	ps2/progress28_structural_lift_recovered.o	block-local-constant	c3159c2619767a4e145c394f8d9a2964fa20e2e0a3412f3511ab20a4abaf9782	16753135a76a1b681eab49fafb84328a2664bb7a5fbea8737269b9f7c366ee03	minimum directly accessed span; complete object/array extent and final layout unproved
DAT_0035bfe0	0x0035bfe0	DIRECT_ACCESS_PROVED	0x2	initialized	96a296d224f285c67bee93c30f8a309157f0daa35dc5b87e410b78630a09cfc7	0x00159268	0x1388	0x00159cd0	sh	2	0x00159cb0;0x00159cb8	e181b1fb5ea04d71abb7a26b31b624ea9b1a508ac8d812963f0dfb2495fbb8e6			analysis/matching/hunt1000plus-v46-validated-42.tsv	c13a582a9b6bc100256670dbc0d2b2bda6f10293f4359e3b2fd912dcf8c2f5db	ps2/progress28_structural_lift_recovered.o	block-local-constant	c3159c2619767a4e145c394f8d9a2964fa20e2e0a3412f3511ab20a4abaf9782	16753135a76a1b681eab49fafb84328a2664bb7a5fbea8737269b9f7c366ee03	minimum directly accessed span; complete object/array extent and final layout unproved
DAT_0035bfe2	0x0035bfe2	DIRECT_ACCESS_PROVED	0x2	initialized	96a296d224f285c67bee93c30f8a309157f0daa35dc5b87e410b78630a09cfc7	0x00159268	0x1388	0x00159cec	sh	3	0x00159cd4;0x00159cdc	95b15f0919f696aaf0eca8fd75aeffaa288fff6ab1631f6972a4023d1b65c447			analysis/matching/hunt1000plus-v46-validated-42.tsv	c13a582a9b6bc100256670dbc0d2b2bda6f10293f4359e3b2fd912dcf8c2f5db	ps2/progress28_structural_lift_recovered.o	block-local-constant	c3159c2619767a4e145c394f8d9a2964fa20e2e0a3412f3511ab20a4abaf9782	16753135a76a1b681eab49fafb84328a2664bb7a5fbea8737269b9f7c366ee03	minimum directly accessed span; complete object/array extent and final layout unproved
DAT_0035bfe4	0x0035bfe4	DIRECT_ACCESS_PROVED	0x2	initialized	96a296d224f285c67bee93c30f8a309157f0daa35dc5b87e410b78630a09cfc7	0x00159268	0x1388	0x00159d08	sh	3	0x00159cf0;0x00159cf8	4ed18edc3d23ee04f6315fae1e0ea0c6ce6a7e3954090f1a43af36203bc0f3b9			analysis/matching/hunt1000plus-v46-validated-42.tsv	c13a582a9b6bc100256670dbc0d2b2bda6f10293f4359e3b2fd912dcf8c2f5db	ps2/progress28_structural_lift_recovered.o	block-local-constant	c3159c2619767a4e145c394f8d9a2964fa20e2e0a3412f3511ab20a4abaf9782	16753135a76a1b681eab49fafb84328a2664bb7a5fbea8737269b9f7c366ee03	minimum directly accessed span; complete object/array extent and final layout unproved
DAT_0035bfe6	0x0035bfe6	DIRECT_ACCESS_PROVED	0x2	initialized	96a296d224f285c67bee93c30f8a309157f0daa35dc5b87e410b78630a09cfc7	0x00159268	0x1388	0x00159d24	sh	3	0x00159d0c;0x00159d14	cc3b86afeb37e2a1685311ec39f0d638438bc8745520608d9b674a5858a71035			analysis/matching/hunt1000plus-v46-validated-42.tsv	c13a582a9b6bc100256670dbc0d2b2bda6f10293f4359e3b2fd912dcf8c2f5db	ps2/progress28_structural_lift_recovered.o	block-local-constant	c3159c2619767a4e145c394f8d9a2964fa20e2e0a3412f3511ab20a4abaf9782	16753135a76a1b681eab49fafb84328a2664bb7a5fbea8737269b9f7c366ee03	minimum directly accessed span; complete object/array extent and final layout unproved
DAT_0035bfe8	0x0035bfe8	DIRECT_ACCESS_PROVED	0x2	initialized	96a296d224f285c67bee93c30f8a309157f0daa35dc5b87e410b78630a09cfc7	0x00159268	0x1388	0x00159d40	sh	3	0x00159d28;0x00159d30	612611bacc2ff380f4c8c23e4e3738481a38916b172f5fc2264736aefd99af74			analysis/matching/hunt1000plus-v46-validated-42.tsv	c13a582a9b6bc100256670dbc0d2b2bda6f10293f4359e3b2fd912dcf8c2f5db	ps2/progress28_structural_lift_recovered.o	block-local-constant	c3159c2619767a4e145c394f8d9a2964fa20e2e0a3412f3511ab20a4abaf9782	16753135a76a1b681eab49fafb84328a2664bb7a5fbea8737269b9f7c366ee03	minimum directly accessed span; complete object/array extent and final layout unproved
DAT_0035bfea	0x0035bfea	DIRECT_ACCESS_PROVED	0x1	initialized	6e340b9cffb37a989ca544e6bb780a2c78901d3fb33738768511a30617afa01d	0x0015ad6c	0xf04	0x0015ae0c	sb	2	0x0015ae00;0x0015ae04	a6d30d96ccbad7c11c517aa9ec3e5526d980bac5e81900aa3bd351f851a2b257			analysis/matching/hunt1041-v52-validated-17.tsv	05383075b5e8de362905b18184a8b4b88c4b9e1310568ac1791fff170c6129d9	ps2/progress28_structural_lift_recovered.o	block-local-constant	3990a1e071cda330fd6b538ed2f2a3aaadf72a68801f02b275ea1fd1e8bd411f	16753135a76a1b681eab49fafb84328a2664bb7a5fbea8737269b9f7c366ee03	minimum directly accessed span; complete object/array extent and final layout unproved
DAT_0035bfeb	0x0035bfeb	DIRECT_ACCESS_PROVED	0x1	initialized	6e340b9cffb37a989ca544e6bb780a2c78901d3fb33738768511a30617afa01d	0x0015ad6c	0xf04	0x0015ae14	sb	2	0x0015ae00;0x0015ae04	81f1c8857ce3edc4a4522f2eac9bc5e2cf285efe585b1d11007c8863b93f5b7e			analysis/matching/hunt1041-v52-validated-17.tsv	05383075b5e8de362905b18184a8b4b88c4b9e1310568ac1791fff170c6129d9	ps2/progress28_structural_lift_recovered.o	block-local-constant	3990a1e071cda330fd6b538ed2f2a3aaadf72a68801f02b275ea1fd1e8bd411f	16753135a76a1b681eab49fafb84328a2664bb7a5fbea8737269b9f7c366ee03	minimum directly accessed span; complete object/array extent and final layout unproved
DAT_0035bfec	0x0035bfec	DIRECT_ACCESS_PROVED	0x4	initialized	df3f619804a92fdb4057192dc43dd748ea778adc52bc498ce80524c014b81119	0x001434ac	0x1e0	0x00143528	lw	5	0x00143500;0x00143504	8e1600ec60e2e496eb0a915feb6fe1639da6a7f00e795fea2dbcf0edb796792d			analysis/matching/hunt1041-v52-validated-17.tsv	05383075b5e8de362905b18184a8b4b88c4b9e1310568ac1791fff170c6129d9	ps2/progress28_structural_lift_recovered.o	cfg-must-constant	8e1600ec60e2e496eb0a915feb6fe1639da6a7f00e795fea2dbcf0edb796792d	16753135a76a1b681eab49fafb84328a2664bb7a5fbea8737269b9f7c366ee03	minimum directly accessed span; complete object/array extent and final layout unproved
DAT_0035bfed	0x0035bfed	DIRECT_ACCESS_PROVED	0x1	initialized	6e340b9cffb37a989ca544e6bb780a2c78901d3fb33738768511a30617afa01d	0x00159268	0x1388	0x0015a2cc	sb	2	0x0015a2c4	f0c76800bd935b42abce5bf2c52a96ea9a111bdf7c5fbf437114492cd97e08c7			analysis/matching/hunt1000plus-v46-validated-42.tsv	c13a582a9b6bc100256670dbc0d2b2bda6f10293f4359e3b2fd912dcf8c2f5db	ps2/progress28_structural_lift_recovered.o	block-local-constant	c3159c2619767a4e145c394f8d9a2964fa20e2e0a3412f3511ab20a4abaf9782	16753135a76a1b681eab49fafb84328a2664bb7a5fbea8737269b9f7c366ee03	minimum directly accessed span; complete object/array extent and final layout unproved
DAT_0035bfee	0x0035bfee	DIRECT_ACCESS_PROVED	0x1	initialized	6e340b9cffb37a989ca544e6bb780a2c78901d3fb33738768511a30617afa01d	0x00159268	0x1388	0x0015a2b0	sb	2	0x0015a2ac	04090186f78f6f0e2bb7c8b0e2be03083388ec3fdd8dbdeea832fc279848f26d			analysis/matching/hunt1000plus-v46-validated-42.tsv	c13a582a9b6bc100256670dbc0d2b2bda6f10293f4359e3b2fd912dcf8c2f5db	ps2/progress28_structural_lift_recovered.o	block-local-constant	c3159c2619767a4e145c394f8d9a2964fa20e2e0a3412f3511ab20a4abaf9782	16753135a76a1b681eab49fafb84328a2664bb7a5fbea8737269b9f7c366ee03	minimum directly accessed span; complete object/array extent and final layout unproved
DAT_0035bfef	0x0035bfef	DIRECT_ACCESS_PROVED	0x1	initialized	6e340b9cffb37a989ca544e6bb780a2c78901d3fb33738768511a30617afa01d	0x00159268	0x1388	0x0015a298	sb	2	0x0015a294	97ba0ee07ee9af092d5dd4c92f11a67763012e08238f741da2cb8df71ed05bca			analysis/matching/hunt1000plus-v46-validated-42.tsv	c13a582a9b6bc100256670dbc0d2b2bda6f10293f4359e3b2fd912dcf8c2f5db	ps2/progress28_structural_lift_recovered.o	block-local-constant	c3159c2619767a4e145c394f8d9a2964fa20e2e0a3412f3511ab20a4abaf9782	16753135a76a1b681eab49fafb84328a2664bb7a5fbea8737269b9f7c366ee03	minimum directly accessed span; complete object/array extent and final layout unproved
DAT_0035bff0	0x0035bff0	DIRECT_ACCESS_PROVED	0x2	initialized	96a296d224f285c67bee93c30f8a309157f0daa35dc5b87e410b78630a09cfc7	0x00159268	0x1388	0x0015940c	lhu	6	0x001593fc;0x00159400	03db82c973eac2224fc88714a063a1a60aeb01d8feecc46960b5d5e40bacddf8			analysis/matching/hunt1000plus-v46-validated-42.tsv	c13a582a9b6bc100256670dbc0d2b2bda6f10293f4359e3b2fd912dcf8c2f5db	ps2/progress28_structural_lift_recovered.o	block-local-constant	c3159c2619767a4e145c394f8d9a2964fa20e2e0a3412f3511ab20a4abaf9782	16753135a76a1b681eab49fafb84328a2664bb7a5fbea8737269b9f7c366ee03	minimum directly accessed span; complete object/array extent and final layout unproved
DAT_0035bff2	0x0035bff2	DIRECT_ACCESS_PROVED	0x2	initialized	96a296d224f285c67bee93c30f8a309157f0daa35dc5b87e410b78630a09cfc7	0x001161a8	0x598	0x00116324	lhu	2	0x0011631c	003bb4f593316acb90432b04bbd42efd01bc9cd73dd9f278f5bc66623f252d74			analysis/matching/hunt1000plus-v46-validated-42.tsv	c13a582a9b6bc100256670dbc0d2b2bda6f10293f4359e3b2fd912dcf8c2f5db	ps2/progress28_structural_lift_recovered.o	block-local-constant	2ec6ebb4a8a8934817467f937fb7c8ac4215349a0e006c0ecb949c52c3bd90f7	16753135a76a1b681eab49fafb84328a2664bb7a5fbea8737269b9f7c366ee03	minimum directly accessed span; complete object/array extent and final layout unproved
DAT_0035bff4	0x0035bff4	DIRECT_ACCESS_PROVED	0x4	initialized	df3f619804a92fdb4057192dc43dd748ea778adc52bc498ce80524c014b81119	0x0012a400	0xfe8	0x0012aa34	lw	6	0x0012aa24;0x0012aa2c	cb50191796089f148dd0804accde6a4e1fa958d7a6fa56128277d8d1cbb958f1			analysis/matching/hunt1041-v72-validated-v53-6.tsv	b47aedc105d156ff00ff74bf90753e416b3ec6a9de47b5bd3991a8cbe727c01c	ps2/progress28_structural_lift_recovered.o	block-local-constant	dd2102d989e6c94134d3272194d288cf3aa85ba2af8e5e336119fafec36f768e	16753135a76a1b681eab49fafb84328a2664bb7a5fbea8737269b9f7c366ee03	minimum directly accessed span; complete object/array extent and final layout unproved
DAT_0035bff8	0x0035bff8	DIRECT_ACCESS_PROVED	0x1	initialized	6e340b9cffb37a989ca544e6bb780a2c78901d3fb33738768511a30617afa01d	0x00142a78	0x59c	0x00142c3c	sb	2	0x00142c34	98600d90cc0f382378553cc21aec7b327d864880347a602c2f8c2d71152eed4e			analysis/matching/hunt1041-v49-validated-20.tsv	d4fa3387ca1f39cdaf967b664e19682d448b402749ad07ae854873a782cfc045	ps2/progress28_structural_lift_recovered.o	block-local-constant	65e4cad2f6ee64877d52f870f6c674fb3fb60c85d27e5a2d1343de3748a33895	16753135a76a1b681eab49fafb84328a2664bb7a5fbea8737269b9f7c366ee03	minimum directly accessed span; complete object/array extent and final layout unproved
DAT_0035bff9	0x0035bff9	DIRECT_ACCESS_PROVED	0x1	initialized	6e340b9cffb37a989ca544e6bb780a2c78901d3fb33738768511a30617afa01d	0x0014ec54	0x1a38	0x0014fce4	lbu	3	0x0014fcdc	990cd4b56b6e5274265435f39768ea66361c5269d9583d852186495c1fb92a1f			analysis/matching/hunt1041-v52-validated-17.tsv	05383075b5e8de362905b18184a8b4b88c4b9e1310568ac1791fff170c6129d9	ps2/progress28_structural_lift_recovered.o	block-local-constant	27920e8bbaf675d37d956c24879afac063df389ed960770ee639320c48d3779e	16753135a76a1b681eab49fafb84328a2664bb7a5fbea8737269b9f7c366ee03	minimum directly accessed span; complete object/array extent and final layout unproved
DAT_0035bffa	0x0035bffa	DIRECT_ACCESS_PROVED	0x1	initialized	6e340b9cffb37a989ca544e6bb780a2c78901d3fb33738768511a30617afa01d	0x0015c124	0x500	0x0015c368	sb	18	0x0015c288;0x0015c28c	5a733a721624194a1d7add51c7541cc2ae44db590773b24e060ab78ec4c3b6ae			analysis/matching/hunt500plus-v33-validated-204.tsv	198b46bab535289a94dc3974ab342f12191763e99b5f096294b68629f210f5a7	ps2/progress28_structural_lift_recovered.o	cfg-must-constant	5a733a721624194a1d7add51c7541cc2ae44db590773b24e060ab78ec4c3b6ae	16753135a76a1b681eab49fafb84328a2664bb7a5fbea8737269b9f7c366ee03	minimum directly accessed span; complete object/array extent and final layout unproved
DAT_0035bffb	0x0035bffb	DIRECT_ACCESS_PROVED	0x1	initialized	6e340b9cffb37a989ca544e6bb780a2c78901d3fb33738768511a30617afa01d	0x0015c124	0x500	0x0015c36c	sb	18	0x0015c288;0x0015c28c	5a733a721624194a1d7add51c7541cc2ae44db590773b24e060ab78ec4c3b6ae			analysis/matching/hunt500plus-v33-validated-204.tsv	198b46bab535289a94dc3974ab342f12191763e99b5f096294b68629f210f5a7	ps2/progress28_structural_lift_recovered.o	cfg-must-constant	5a733a721624194a1d7add51c7541cc2ae44db590773b24e060ab78ec4c3b6ae	16753135a76a1b681eab49fafb84328a2664bb7a5fbea8737269b9f7c366ee03	minimum directly accessed span; complete object/array extent and final layout unproved
DAT_0035bffc	0x0035bffc	DIRECT_ACCESS_PROVED	0x1	initialized	6e340b9cffb37a989ca544e6bb780a2c78901d3fb33738768511a30617afa01d	0x0014368c	0xf4	0x00143690	lbu	2	0x0014368c	ff21e8a19e2e102056afc4167feba7e98687ab9ac1c39ccb20504e4d385c6579			analysis/matching/hunt1041-v49-validated-20.tsv	d4fa3387ca1f39cdaf967b664e19682d448b402749ad07ae854873a782cfc045	ps2/progress28_structural_lift_recovered.o	block-local-constant	926946e29ed3d49aebd0a11c1e88db845c6376b53ad4bc3381af8e07ea72b925	16753135a76a1b681eab49fafb84328a2664bb7a5fbea8737269b9f7c366ee03	minimum directly accessed span; complete object/array extent and final layout unproved
DAT_0035bffe	0x0035bffe	DIRECT_ACCESS_PROVED	0x2	initialized	96a296d224f285c67bee93c30f8a309157f0daa35dc5b87e410b78630a09cfc7	0x001437d8	0x6a4	0x00143838	lhu	2	0x001437f4;0x00143804	cac70f838df3062e41397673b5f86871d5a2fa274054bf38a8e865646c8e7e4a			analysis/matching/hunt500plus-v33-validated-204.tsv	198b46bab535289a94dc3974ab342f12191763e99b5f096294b68629f210f5a7	ps2/progress28_structural_lift_recovered.o	block-local-constant	74ff9293292906f1f82017e51146fd4e434763f73b6331af16556e034c9eeec3	16753135a76a1b681eab49fafb84328a2664bb7a5fbea8737269b9f7c366ee03	minimum directly accessed span; complete object/array extent and final layout unproved
DAT_0035c000	0x0035c000	DIRECT_ACCESS_PROVED	0x1	initialized	6e340b9cffb37a989ca544e6bb780a2c78901d3fb33738768511a30617afa01d	0x0015c124	0x500	0x0015c37c	sb	18	0x0015c288;0x0015c28c	5a733a721624194a1d7add51c7541cc2ae44db590773b24e060ab78ec4c3b6ae			analysis/matching/hunt500plus-v33-validated-204.tsv	198b46bab535289a94dc3974ab342f12191763e99b5f096294b68629f210f5a7	ps2/progress28_structural_lift_recovered.o	cfg-must-constant	5a733a721624194a1d7add51c7541cc2ae44db590773b24e060ab78ec4c3b6ae	16753135a76a1b681eab49fafb84328a2664bb7a5fbea8737269b9f7c366ee03	minimum directly accessed span; complete object/array extent and final layout unproved
DAT_0035c001	0x0035c001	DIRECT_ACCESS_PROVED	0x1	initialized	6e340b9cffb37a989ca544e6bb780a2c78901d3fb33738768511a30617afa01d	0x00159268	0x1388	0x00159428	sb	6	0x001593fc;0x00159400	b35dbd5dc86ec88cae471d6811adb3fb86f91f33c63fc997022ed0b3baa5f736			analysis/matching/hunt1000plus-v46-validated-42.tsv	c13a582a9b6bc100256670dbc0d2b2bda6f10293f4359e3b2fd912dcf8c2f5db	ps2/progress28_structural_lift_recovered.o	block-local-constant	c3159c2619767a4e145c394f8d9a2964fa20e2e0a3412f3511ab20a4abaf9782	16753135a76a1b681eab49fafb84328a2664bb7a5fbea8737269b9f7c366ee03	minimum directly accessed span; complete object/array extent and final layout unproved
DAT_0035c002	0x0035c002	DIRECT_ACCESS_PROVED	0x220	initialized	44ddd2f478477ebd1c1cd5b99400af48cd46033c59173195f48870e608cec810	0x0015c124	0x500	0x0015c388	memset.write	4	0x0015c288;0x0015c28c;0x0015c2d0;0x0015c2d8;0x0015c384	5a733a721624194a1d7add51c7541cc2ae44db590773b24e060ab78ec4c3b6ae	0x0019c39c	cecbe61c3a5bab20064a2941574a50bd6e9c1727fc5c161be546310cd045a731	analysis/matching/hunt500plus-v33-validated-204.tsv	198b46bab535289a94dc3974ab342f12191763e99b5f096294b68629f210f5a7	ps2/progress28_structural_lift_recovered.o	cfg-must-constant	5a733a721624194a1d7add51c7541cc2ae44db590773b24e060ab78ec4c3b6ae	16753135a76a1b681eab49fafb84328a2664bb7a5fbea8737269b9f7c366ee03	minimum directly accessed span; complete object/array extent and final layout unproved
DAT_0035c003	0x0035c003	NO_DIRECT_ACCESS_WITNESS															ps2/progress28_structural_lift_recovered.o				indexed/pointer/array/object bounds require separate proof
DAT_0035c222	0x0035c222	DIRECT_ACCESS_PROVED	0x1	initialized	6e340b9cffb37a989ca544e6bb780a2c78901d3fb33738768511a30617afa01d	0x00159058	0x150	0x001590c8	lbu	4	0x001590c0;0x001590c4	02ab9f1550c5d4f9536e054f9fb3acda48be37b5e601c2a021b6f961db916d7a			analysis/matching/hunt500plus-v33-validated-204.tsv	198b46bab535289a94dc3974ab342f12191763e99b5f096294b68629f210f5a7	ps2/progress28_structural_lift_recovered.o	block-local-constant	c0e7e6523b857dc491c85dfed8c3d7628a08c1153896e394a14f31d572e1303f	16753135a76a1b681eab49fafb84328a2664bb7a5fbea8737269b9f7c366ee03	minimum directly accessed span; complete object/array extent and final layout unproved
DAT_0035c223	0x0035c223	DIRECT_ACCESS_PROVED	0x1	initialized	6e340b9cffb37a989ca544e6bb780a2c78901d3fb33738768511a30617afa01d	0x001161a8	0x598	0x001161f8	lbu	3	0x001161f0;0x001161f4	1fe9ad2634a85a4eac8de4da2cf3ab09ae28841545bc7642bb36d3578bf04c4b			analysis/matching/hunt1000plus-v46-validated-42.tsv	c13a582a9b6bc100256670dbc0d2b2bda6f10293f4359e3b2fd912dcf8c2f5db	ps2/progress28_structural_lift_recovered.o	block-local-constant	2ec6ebb4a8a8934817467f937fb7c8ac4215349a0e006c0ecb949c52c3bd90f7	16753135a76a1b681eab49fafb84328a2664bb7a5fbea8737269b9f7c366ee03	minimum directly accessed span; complete object/array extent and final layout unproved
DAT_0035c224	0x0035c224	DIRECT_ACCESS_PROVED	0x2	initialized	96a296d224f285c67bee93c30f8a309157f0daa35dc5b87e410b78630a09cfc7	0x0015ad6c	0xf04	0x0015b014	sh	3	0x0015aff8;0x0015b000	730c8849bc502a5031e73a085dd8a7179a604c886b0ed6e931c1281e84a6a2bf			analysis/matching/hunt1041-v52-validated-17.tsv	05383075b5e8de362905b18184a8b4b88c4b9e1310568ac1791fff170c6129d9	ps2/progress28_structural_lift_recovered.o	block-local-constant	3990a1e071cda330fd6b538ed2f2a3aaadf72a68801f02b275ea1fd1e8bd411f	16753135a76a1b681eab49fafb84328a2664bb7a5fbea8737269b9f7c366ee03	minimum directly accessed span; complete object/array extent and final layout unproved
DAT_0035c226	0x0035c226	DIRECT_ACCESS_PROVED	0x1	initialized	6e340b9cffb37a989ca544e6bb780a2c78901d3fb33738768511a30617afa01d	0x00143e7c	0x570	0x001440e4	lbu	2	0x001440e0	6ac3c9a261a8dd417ec99875f26aba41af82e2b9472aa511478fa7263ccb74e6			analysis/matching/hunt500plus-v33-validated-204.tsv	198b46bab535289a94dc3974ab342f12191763e99b5f096294b68629f210f5a7	ps2/progress28_structural_lift_recovered.o	block-local-constant	0b62dd98640f6ee118839dcb7df87f605c553a76411344eb12f997382db18d44	16753135a76a1b681eab49fafb84328a2664bb7a5fbea8737269b9f7c366ee03	minimum directly accessed span; complete object/array extent and final layout unproved
DAT_0035c227	0x0035c227	NO_DIRECT_ACCESS_WITNESS															ps2/progress28_structural_lift_recovered.o				indexed/pointer/array/object bounds require separate proof
DAT_0035c228	0x0035c228	NO_DIRECT_ACCESS_WITNESS															ps2/progress28_structural_lift_recovered.o				indexed/pointer/array/object bounds require separate proof
DAT_0035c229	0x0035c229	NO_DIRECT_ACCESS_WITNESS															ps2/progress28_structural_lift_recovered.o				indexed/pointer/array/object bounds require separate proof
DAT_0035c22a	0x0035c22a	NO_DIRECT_ACCESS_WITNESS															ps2/progress28_structural_lift_recovered.o				indexed/pointer/array/object bounds require separate proof
DAT_0035c22b	0x0035c22b	DIRECT_ACCESS_PROVED	0x1	initialized	6e340b9cffb37a989ca544e6bb780a2c78901d3fb33738768511a30617afa01d	0x00148394	0x1014	0x00148648	lbu	3	0x00148638	3340268f6fac823b912417d293a436e22694a1d83b08131d067180a2766e55cf			analysis/matching/hunt1000plus-v47-validated-79.tsv	fce375f4f3738af37cd57537ff374d0a7dbe0ca85559ecca8691858bce0bc623	ps2/progress28_structural_lift_recovered.o	block-local-constant	a023ae34d6b406f5763c46057137464ed92262e207f252b7777a9c8cd2bcac7d	16753135a76a1b681eab49fafb84328a2664bb7a5fbea8737269b9f7c366ee03	minimum directly accessed span; complete object/array extent and final layout unproved
DAT_0035c22c	0x0035c22c	DIRECT_ACCESS_PROVED	0x1	initialized	6e340b9cffb37a989ca544e6bb780a2c78901d3fb33738768511a30617afa01d	0x00145c08	0x5a0	0x00145d1c	lbu	2	0x00145d10	08e239594e57ec7d6ea4a97dd203c6262126110dd835010d9858869106cd223a			analysis/matching/hunt500plus-v33-validated-204.tsv	198b46bab535289a94dc3974ab342f12191763e99b5f096294b68629f210f5a7	ps2/progress28_structural_lift_recovered.o	block-local-constant	38422b730a8518b9164c15779771b4c0cd21efb8041e606ebe161f5284e4e3dd	16753135a76a1b681eab49fafb84328a2664bb7a5fbea8737269b9f7c366ee03	minimum directly accessed span; complete object/array extent and final layout unproved
DAT_0035c22d	0x0035c22d	DIRECT_ACCESS_PROVED	0x1	initialized	6e340b9cffb37a989ca544e6bb780a2c78901d3fb33738768511a30617afa01d	0x00145c08	0x5a0	0x00145e40	lbu	4	0x00145e38	c6e84afd60afca4e7a02c9c832c5438baaf246089e7c72e20742ea630bd12640			analysis/matching/hunt500plus-v33-validated-204.tsv	198b46bab535289a94dc3974ab342f12191763e99b5f096294b68629f210f5a7	ps2/progress28_structural_lift_recovered.o	block-local-constant	38422b730a8518b9164c15779771b4c0cd21efb8041e606ebe161f5284e4e3dd	16753135a76a1b681eab49fafb84328a2664bb7a5fbea8737269b9f7c366ee03	minimum directly accessed span; complete object/array extent and final layout unproved
DAT_0035c22e	0x0035c22e	DIRECT_ACCESS_PROVED	0x1	initialized	6e340b9cffb37a989ca544e6bb780a2c78901d3fb33738768511a30617afa01d	0x00114818	0x11dc	0x00114924	lbu	5	0x001148f8;0x001148fc	6e8218f0344f7df2d2002cdda3a01bab68e06dec7fa3230659f08d7249b50a56			analysis/matching/hunt500plus-v33-validated-204.tsv	198b46bab535289a94dc3974ab342f12191763e99b5f096294b68629f210f5a7	ps2/progress28_structural_lift_recovered.o	cfg-must-constant	6e8218f0344f7df2d2002cdda3a01bab68e06dec7fa3230659f08d7249b50a56	16753135a76a1b681eab49fafb84328a2664bb7a5fbea8737269b9f7c366ee03	minimum directly accessed span; complete object/array extent and final layout unproved
DAT_0035c22f	0x0035c22f	DIRECT_ACCESS_PROVED	0x1	initialized	6e340b9cffb37a989ca544e6bb780a2c78901d3fb33738768511a30617afa01d	0x00114818	0x11dc	0x00114918	lbu	5	0x001148f8;0x001148fc	6e8218f0344f7df2d2002cdda3a01bab68e06dec7fa3230659f08d7249b50a56			analysis/matching/hunt500plus-v33-validated-204.tsv	198b46bab535289a94dc3974ab342f12191763e99b5f096294b68629f210f5a7	ps2/progress28_structural_lift_recovered.o	cfg-must-constant	6e8218f0344f7df2d2002cdda3a01bab68e06dec7fa3230659f08d7249b50a56	16753135a76a1b681eab49fafb84328a2664bb7a5fbea8737269b9f7c366ee03	minimum directly accessed span; complete object/array extent and final layout unproved
DAT_0035c230	0x0035c230	DIRECT_ACCESS_PROVED	0x1	initialized	6e340b9cffb37a989ca544e6bb780a2c78901d3fb33738768511a30617afa01d	0x00114818	0x11dc	0x00114960	lbu	5	0x0011490c;0x00114934;0x00114938;0x00115894	6e8218f0344f7df2d2002cdda3a01bab68e06dec7fa3230659f08d7249b50a56			analysis/matching/hunt500plus-v33-validated-204.tsv	198b46bab535289a94dc3974ab342f12191763e99b5f096294b68629f210f5a7	ps2/progress28_structural_lift_recovered.o	cfg-must-constant	6e8218f0344f7df2d2002cdda3a01bab68e06dec7fa3230659f08d7249b50a56	16753135a76a1b681eab49fafb84328a2664bb7a5fbea8737269b9f7c366ee03	minimum directly accessed span; complete object/array extent and final layout unproved
DAT_0035c231	0x0035c231	DIRECT_ACCESS_PROVED	0x1	initialized	6e340b9cffb37a989ca544e6bb780a2c78901d3fb33738768511a30617afa01d	0x00114818	0x11dc	0x00114954	lbu	5	0x0011490c;0x00114934;0x00114938;0x00115894	6e8218f0344f7df2d2002cdda3a01bab68e06dec7fa3230659f08d7249b50a56			analysis/matching/hunt500plus-v33-validated-204.tsv	198b46bab535289a94dc3974ab342f12191763e99b5f096294b68629f210f5a7	ps2/progress28_structural_lift_recovered.o	cfg-must-constant	6e8218f0344f7df2d2002cdda3a01bab68e06dec7fa3230659f08d7249b50a56	16753135a76a1b681eab49fafb84328a2664bb7a5fbea8737269b9f7c366ee03	minimum directly accessed span; complete object/array extent and final layout unproved
DAT_0035c232	0x0035c232	NO_DIRECT_ACCESS_WITNESS															ps2/progress28_structural_lift_recovered.o				indexed/pointer/array/object bounds require separate proof
DAT_0035c236	0x0035c236	DIRECT_ACCESS_PROVED	0x1	initialized	6e340b9cffb37a989ca544e6bb780a2c78901d3fb33738768511a30617afa01d	0x0015c124	0x500	0x0015c1dc	sb	6	0x0015c16c;0x0015c174	5a733a721624194a1d7add51c7541cc2ae44db590773b24e060ab78ec4c3b6ae			analysis/matching/hunt500plus-v33-validated-204.tsv	198b46bab535289a94dc3974ab342f12191763e99b5f096294b68629f210f5a7	ps2/progress28_structural_lift_recovered.o	cfg-must-constant	5a733a721624194a1d7add51c7541cc2ae44db590773b24e060ab78ec4c3b6ae	16753135a76a1b681eab49fafb84328a2664bb7a5fbea8737269b9f7c366ee03	minimum directly accessed span; complete object/array extent and final layout unproved
DAT_0035c237	0x0035c237	DIRECT_ACCESS_PROVED	0x1	initialized	6e340b9cffb37a989ca544e6bb780a2c78901d3fb33738768511a30617afa01d	0x0015c124	0x500	0x0015c1e0	sb	6	0x0015c16c;0x0015c174	5a733a721624194a1d7add51c7541cc2ae44db590773b24e060ab78ec4c3b6ae			analysis/matching/hunt500plus-v33-validated-204.tsv	198b46bab535289a94dc3974ab342f12191763e99b5f096294b68629f210f5a7	ps2/progress28_structural_lift_recovered.o	cfg-must-constant	5a733a721624194a1d7add51c7541cc2ae44db590773b24e060ab78ec4c3b6ae	16753135a76a1b681eab49fafb84328a2664bb7a5fbea8737269b9f7c366ee03	minimum directly accessed span; complete object/array extent and final layout unproved
DAT_0035c238	0x0035c238	NO_DIRECT_ACCESS_WITNESS															ps2/progress28_structural_lift_recovered.o				indexed/pointer/array/object bounds require separate proof
DAT_0035c239	0x0035c239	NO_DIRECT_ACCESS_WITNESS															ps2/progress28_structural_lift_recovered.o				indexed/pointer/array/object bounds require separate proof
DAT_0035c23a	0x0035c23a	NO_DIRECT_ACCESS_WITNESS															ps2/progress28_structural_lift_recovered.o				indexed/pointer/array/object bounds require separate proof
DAT_0035c23b	0x0035c23b	NO_DIRECT_ACCESS_WITNESS															ps2/progress28_structural_lift_recovered.o				indexed/pointer/array/object bounds require separate proof
DAT_0035c23c	0x0035c23c	DIRECT_ACCESS_PROVED	0x1	initialized	6e340b9cffb37a989ca544e6bb780a2c78901d3fb33738768511a30617afa01d	0x00159268	0x1388	0x0015a148	sb	3	0x0015a130;0x0015a134	a0e2d9aa105c98b776ecb78b26fd8a9f514d22e56ab25e0e3cce4682acef3f52			analysis/matching/hunt1000plus-v46-validated-42.tsv	c13a582a9b6bc100256670dbc0d2b2bda6f10293f4359e3b2fd912dcf8c2f5db	ps2/progress28_structural_lift_recovered.o	block-local-constant	c3159c2619767a4e145c394f8d9a2964fa20e2e0a3412f3511ab20a4abaf9782	16753135a76a1b681eab49fafb84328a2664bb7a5fbea8737269b9f7c366ee03	minimum directly accessed span; complete object/array extent and final layout unproved
DAT_0035c23d	0x0035c23d	DIRECT_ACCESS_PROVED	0x1	initialized	6e340b9cffb37a989ca544e6bb780a2c78901d3fb33738768511a30617afa01d	0x00159268	0x1388	0x0015a150	sb	3	0x0015a130;0x0015a134	545f1b8e5f4190bf373accb4f3f43eb935a7cfc0c9ba79204f92fc29e8b62f02			analysis/matching/hunt1000plus-v46-validated-42.tsv	c13a582a9b6bc100256670dbc0d2b2bda6f10293f4359e3b2fd912dcf8c2f5db	ps2/progress28_structural_lift_recovered.o	block-local-constant	c3159c2619767a4e145c394f8d9a2964fa20e2e0a3412f3511ab20a4abaf9782	16753135a76a1b681eab49fafb84328a2664bb7a5fbea8737269b9f7c366ee03	minimum directly accessed span; complete object/array extent and final layout unproved
DAT_0035c23e	0x0035c23e	DIRECT_ACCESS_PROVED	0x1	initialized	6e340b9cffb37a989ca544e6bb780a2c78901d3fb33738768511a30617afa01d	0x00159268	0x1388	0x00159dec	sb	3	0x00159dac;0x00159db4	268cbcc29cb9499c60303039a3e80d8eb6c3500fc67f21705c55499e5aaaf423			analysis/matching/hunt1000plus-v46-validated-42.tsv	c13a582a9b6bc100256670dbc0d2b2bda6f10293f4359e3b2fd912dcf8c2f5db	ps2/progress28_structural_lift_recovered.o	block-local-constant	c3159c2619767a4e145c394f8d9a2964fa20e2e0a3412f3511ab20a4abaf9782	16753135a76a1b681eab49fafb84328a2664bb7a5fbea8737269b9f7c366ee03	minimum directly accessed span; complete object/array extent and final layout unproved
DAT_0035c23f	0x0035c23f	DIRECT_ACCESS_PROVED	0x1	initialized	6e340b9cffb37a989ca544e6bb780a2c78901d3fb33738768511a30617afa01d	0x00159268	0x1388	0x00159df8	sb	3	0x00159dac;0x00159db4	694c9b0cfc4250e8eec7b4a35b91fc5bdbdddce2bde696b8dddff6a70f6e02de			analysis/matching/hunt1000plus-v46-validated-42.tsv	c13a582a9b6bc100256670dbc0d2b2bda6f10293f4359e3b2fd912dcf8c2f5db	ps2/progress28_structural_lift_recovered.o	block-local-constant	c3159c2619767a4e145c394f8d9a2964fa20e2e0a3412f3511ab20a4abaf9782	16753135a76a1b681eab49fafb84328a2664bb7a5fbea8737269b9f7c366ee03	minimum directly accessed span; complete object/array extent and final layout unproved
DAT_0035c240	0x0035c240	DIRECT_ACCESS_PROVED	0x1	initialized	6e340b9cffb37a989ca544e6bb780a2c78901d3fb33738768511a30617afa01d	0x00159268	0x1388	0x00159e98	sb	3	0x00159e58;0x00159e60	7c4e02eea1e7f9bac8b0a4ec436abea3d4af8ca23a941801bb36bdf01603cd85			analysis/matching/hunt1000plus-v46-validated-42.tsv	c13a582a9b6bc100256670dbc0d2b2bda6f10293f4359e3b2fd912dcf8c2f5db	ps2/progress28_structural_lift_recovered.o	block-local-constant	c3159c2619767a4e145c394f8d9a2964fa20e2e0a3412f3511ab20a4abaf9782	16753135a76a1b681eab49fafb84328a2664bb7a5fbea8737269b9f7c366ee03	minimum directly accessed span; complete object/array extent and final layout unproved
DAT_0035c241	0x0035c241	DIRECT_ACCESS_PROVED	0x1	initialized	6e340b9cffb37a989ca544e6bb780a2c78901d3fb33738768511a30617afa01d	0x00159268	0x1388	0x00159ea4	sb	3	0x00159e58;0x00159e60	38a4b67c2405f787fc327397fbae2febb9a46b66d6080535c4283e8a8ea00e28			analysis/matching/hunt1000plus-v46-validated-42.tsv	c13a582a9b6bc100256670dbc0d2b2bda6f10293f4359e3b2fd912dcf8c2f5db	ps2/progress28_structural_lift_recovered.o	block-local-constant	c3159c2619767a4e145c394f8d9a2964fa20e2e0a3412f3511ab20a4abaf9782	16753135a76a1b681eab49fafb84328a2664bb7a5fbea8737269b9f7c366ee03	minimum directly accessed span; complete object/array extent and final layout unproved
DAT_0035c242	0x0035c242	DIRECT_ACCESS_PROVED	0x1	initialized	6e340b9cffb37a989ca544e6bb780a2c78901d3fb33738768511a30617afa01d	0x00159268	0x1388	0x00159f44	sb	3	0x00159f04;0x00159f0c	c99830dd2f08effa28067e3660ec0adb4008cfc66618b04cebbe6798e3fb0d69			analysis/matching/hunt1000plus-v46-validated-42.tsv	c13a582a9b6bc100256670dbc0d2b2bda6f10293f4359e3b2fd912dcf8c2f5db	ps2/progress28_structural_lift_recovered.o	block-local-constant	c3159c2619767a4e145c394f8d9a2964fa20e2e0a3412f3511ab20a4abaf9782	16753135a76a1b681eab49fafb84328a2664bb7a5fbea8737269b9f7c366ee03	minimum directly accessed span; complete object/array extent and final layout unproved
DAT_0035c243	0x0035c243	DIRECT_ACCESS_PROVED	0x1	initialized	6e340b9cffb37a989ca544e6bb780a2c78901d3fb33738768511a30617afa01d	0x00159268	0x1388	0x00159f50	sb	3	0x00159f04;0x00159f0c	edf3f6aeeb703456e08d4e77081f2e77893c48956a29e52fb939567cab0aa519			analysis/matching/hunt1000plus-v46-validated-42.tsv	c13a582a9b6bc100256670dbc0d2b2bda6f10293f4359e3b2fd912dcf8c2f5db	ps2/progress28_structural_lift_recovered.o	block-local-constant	c3159c2619767a4e145c394f8d9a2964fa20e2e0a3412f3511ab20a4abaf9782	16753135a76a1b681eab49fafb84328a2664bb7a5fbea8737269b9f7c366ee03	minimum directly accessed span; complete object/array extent and final layout unproved
DAT_0035c244	0x0035c244	DIRECT_ACCESS_PROVED	0x1	initialized	6e340b9cffb37a989ca544e6bb780a2c78901d3fb33738768511a30617afa01d	0x00159268	0x1388	0x00159dfc	sb	3	0x00159dac;0x00159db4	4e2b045621dc2b9459dee810b52e7e9d13cc874474ee52a2bbaa4140dbd04e9d			analysis/matching/hunt1000plus-v46-validated-42.tsv	c13a582a9b6bc100256670dbc0d2b2bda6f10293f4359e3b2fd912dcf8c2f5db	ps2/progress28_structural_lift_recovered.o	block-local-constant	c3159c2619767a4e145c394f8d9a2964fa20e2e0a3412f3511ab20a4abaf9782	16753135a76a1b681eab49fafb84328a2664bb7a5fbea8737269b9f7c366ee03	minimum directly accessed span; complete object/array extent and final layout unproved
DAT_0035c245	0x0035c245	DIRECT_ACCESS_PROVED	0x1	initialized	6e340b9cffb37a989ca544e6bb780a2c78901d3fb33738768511a30617afa01d	0x00159268	0x1388	0x00159e00	sb	3	0x00159dac;0x00159db4	f6654769b9646638a9924e0b42488d8ed79ac481c5ea0d1ceb9311ec8f798a9b			analysis/matching/hunt1000plus-v46-validated-42.tsv	c13a582a9b6bc100256670dbc0d2b2bda6f10293f4359e3b2fd912dcf8c2f5db	ps2/progress28_structural_lift_recovered.o	block-local-constant	c3159c2619767a4e145c394f8d9a2964fa20e2e0a3412f3511ab20a4abaf9782	16753135a76a1b681eab49fafb84328a2664bb7a5fbea8737269b9f7c366ee03	minimum directly accessed span; complete object/array extent and final layout unproved
DAT_0035c246	0x0035c246	DIRECT_ACCESS_PROVED	0x1	initialized	6e340b9cffb37a989ca544e6bb780a2c78901d3fb33738768511a30617afa01d	0x00159268	0x1388	0x00159ea8	sb	3	0x00159e58;0x00159e60	925c1d62571f5e12044102968368481a88139429a3ffcce04652edbe2d2cf4ae			analysis/matching/hunt1000plus-v46-validated-42.tsv	c13a582a9b6bc100256670dbc0d2b2bda6f10293f4359e3b2fd912dcf8c2f5db	ps2/progress28_structural_lift_recovered.o	block-local-constant	c3159c2619767a4e145c394f8d9a2964fa20e2e0a3412f3511ab20a4abaf9782	16753135a76a1b681eab49fafb84328a2664bb7a5fbea8737269b9f7c366ee03	minimum directly accessed span; complete object/array extent and final layout unproved
DAT_0035c247	0x0035c247	DIRECT_ACCESS_PROVED	0x1	initialized	6e340b9cffb37a989ca544e6bb780a2c78901d3fb33738768511a30617afa01d	0x00159268	0x1388	0x00159eac	sb	3	0x00159e58;0x00159e60	d896c5b1bb9c9b27080d984cb333fdd65ec3381fe227417c2c0c853cf83ace26			analysis/matching/hunt1000plus-v46-validated-42.tsv	c13a582a9b6bc100256670dbc0d2b2bda6f10293f4359e3b2fd912dcf8c2f5db	ps2/progress28_structural_lift_recovered.o	block-local-constant	c3159c2619767a4e145c394f8d9a2964fa20e2e0a3412f3511ab20a4abaf9782	16753135a76a1b681eab49fafb84328a2664bb7a5fbea8737269b9f7c366ee03	minimum directly accessed span; complete object/array extent and final layout unproved
DAT_0035c248	0x0035c248	DIRECT_ACCESS_PROVED	0x1	initialized	6e340b9cffb37a989ca544e6bb780a2c78901d3fb33738768511a30617afa01d	0x00159268	0x1388	0x00159f54	sb	3	0x00159f04;0x00159f0c	e7062d15473d21f0912e8f1017b913ce9b8d68b9cbc378089e88f32c865956af			analysis/matching/hunt1000plus-v46-validated-42.tsv	c13a582a9b6bc100256670dbc0d2b2bda6f10293f4359e3b2fd912dcf8c2f5db	ps2/progress28_structural_lift_recovered.o	block-local-constant	c3159c2619767a4e145c394f8d9a2964fa20e2e0a3412f3511ab20a4abaf9782	16753135a76a1b681eab49fafb84328a2664bb7a5fbea8737269b9f7c366ee03	minimum directly accessed span; complete object/array extent and final layout unproved
DAT_0035c249	0x0035c249	DIRECT_ACCESS_PROVED	0x1	initialized	6e340b9cffb37a989ca544e6bb780a2c78901d3fb33738768511a30617afa01d	0x00159268	0x1388	0x00159f58	sb	3	0x00159f04;0x00159f0c	aeb6df97fbce5cd223a79e9edebf13abb39bbc92a7a548a336882866248bae70			analysis/matching/hunt1000plus-v46-validated-42.tsv	c13a582a9b6bc100256670dbc0d2b2bda6f10293f4359e3b2fd912dcf8c2f5db	ps2/progress28_structural_lift_recovered.o	block-local-constant	c3159c2619767a4e145c394f8d9a2964fa20e2e0a3412f3511ab20a4abaf9782	16753135a76a1b681eab49fafb84328a2664bb7a5fbea8737269b9f7c366ee03	minimum directly accessed span; complete object/array extent and final layout unproved
DAT_0035c24a	0x0035c24a	DIRECT_ACCESS_PROVED	0x1	initialized	6e340b9cffb37a989ca544e6bb780a2c78901d3fb33738768511a30617afa01d	0x00159268	0x1388	0x00159e04	sb	3	0x00159dac;0x00159db4	49acc56391309d0d0b9c67ba605083e15d9329c369aeccb0577e8a4ce4275587			analysis/matching/hunt1000plus-v46-validated-42.tsv	c13a582a9b6bc100256670dbc0d2b2bda6f10293f4359e3b2fd912dcf8c2f5db	ps2/progress28_structural_lift_recovered.o	block-local-constant	c3159c2619767a4e145c394f8d9a2964fa20e2e0a3412f3511ab20a4abaf9782	16753135a76a1b681eab49fafb84328a2664bb7a5fbea8737269b9f7c366ee03	minimum directly accessed span; complete object/array extent and final layout unproved
DAT_0035c24b	0x0035c24b	DIRECT_ACCESS_PROVED	0x1	initialized	6e340b9cffb37a989ca544e6bb780a2c78901d3fb33738768511a30617afa01d	0x00159268	0x1388	0x00159e08	sb	3	0x00159dac;0x00159db4	1a68f0d679b6a424c791b63dfc2248f0dd038e8d80ca4313958c36b44260bad1			analysis/matching/hunt1000plus-v46-validated-42.tsv	c13a582a9b6bc100256670dbc0d2b2bda6f10293f4359e3b2fd912dcf8c2f5db	ps2/progress28_structural_lift_recovered.o	block-local-constant	c3159c2619767a4e145c394f8d9a2964fa20e2e0a3412f3511ab20a4abaf9782	16753135a76a1b681eab49fafb84328a2664bb7a5fbea8737269b9f7c366ee03	minimum directly accessed span; complete object/array extent and final layout unproved
DAT_0035c24c	0x0035c24c	DIRECT_ACCESS_PROVED	0x1	initialized	6e340b9cffb37a989ca544e6bb780a2c78901d3fb33738768511a30617afa01d	0x00159268	0x1388	0x00159eb0	sb	3	0x00159e58;0x00159e60	fa4c10d006370f58dfb57e96627e72e3e08ae3d63d4e3f037b9c3092bb8432b2			analysis/matching/hunt1000plus-v46-validated-42.tsv	c13a582a9b6bc100256670dbc0d2b2bda6f10293f4359e3b2fd912dcf8c2f5db	ps2/progress28_structural_lift_recovered.o	block-local-constant	c3159c2619767a4e145c394f8d9a2964fa20e2e0a3412f3511ab20a4abaf9782	16753135a76a1b681eab49fafb84328a2664bb7a5fbea8737269b9f7c366ee03	minimum directly accessed span; complete object/array extent and final layout unproved
DAT_0035c24d	0x0035c24d	DIRECT_ACCESS_PROVED	0x1	initialized	6e340b9cffb37a989ca544e6bb780a2c78901d3fb33738768511a30617afa01d	0x00159268	0x1388	0x00159eb4	sb	3	0x00159e58;0x00159e60	8d812f2e3a534f06df6357f1216cf6e49080ddbe15af245943f780aca0180479			analysis/matching/hunt1000plus-v46-validated-42.tsv	c13a582a9b6bc100256670dbc0d2b2bda6f10293f4359e3b2fd912dcf8c2f5db	ps2/progress28_structural_lift_recovered.o	block-local-constant	c3159c2619767a4e145c394f8d9a2964fa20e2e0a3412f3511ab20a4abaf9782	16753135a76a1b681eab49fafb84328a2664bb7a5fbea8737269b9f7c366ee03	minimum directly accessed span; complete object/array extent and final layout unproved
DAT_0035c24e	0x0035c24e	DIRECT_ACCESS_PROVED	0x1	initialized	6e340b9cffb37a989ca544e6bb780a2c78901d3fb33738768511a30617afa01d	0x00159268	0x1388	0x00159f5c	sb	3	0x00159f04;0x00159f0c	9fdec8390ee083c517fbb47bb1c3be14678b8d48be37a91eb7abfc4601011ce8			analysis/matching/hunt1000plus-v46-validated-42.tsv	c13a582a9b6bc100256670dbc0d2b2bda6f10293f4359e3b2fd912dcf8c2f5db	ps2/progress28_structural_lift_recovered.o	block-local-constant	c3159c2619767a4e145c394f8d9a2964fa20e2e0a3412f3511ab20a4abaf9782	16753135a76a1b681eab49fafb84328a2664bb7a5fbea8737269b9f7c366ee03	minimum directly accessed span; complete object/array extent and final layout unproved
DAT_0035c24f	0x0035c24f	DIRECT_ACCESS_PROVED	0x1	initialized	6e340b9cffb37a989ca544e6bb780a2c78901d3fb33738768511a30617afa01d	0x00159268	0x1388	0x00159f60	sb	3	0x00159f04;0x00159f0c	96ed37922ebf1f8b152383bb106ae8b2dc040d0dcf05d5fff0d7c7118eb83fef			analysis/matching/hunt1000plus-v46-validated-42.tsv	c13a582a9b6bc100256670dbc0d2b2bda6f10293f4359e3b2fd912dcf8c2f5db	ps2/progress28_structural_lift_recovered.o	block-local-constant	c3159c2619767a4e145c394f8d9a2964fa20e2e0a3412f3511ab20a4abaf9782	16753135a76a1b681eab49fafb84328a2664bb7a5fbea8737269b9f7c366ee03	minimum directly accessed span; complete object/array extent and final layout unproved
DAT_0035c250	0x0035c250	DIRECT_ACCESS_PROVED	0x1	initialized	6e340b9cffb37a989ca544e6bb780a2c78901d3fb33738768511a30617afa01d	0x00159268	0x1388	0x00159e0c	sb	3	0x00159dac;0x00159db4	e1cbec8eb8e8e77f0a621990e3600d2460cf5e60bec82300dbff3327c43ca278			analysis/matching/hunt1000plus-v46-validated-42.tsv	c13a582a9b6bc100256670dbc0d2b2bda6f10293f4359e3b2fd912dcf8c2f5db	ps2/progress28_structural_lift_recovered.o	block-local-constant	c3159c2619767a4e145c394f8d9a2964fa20e2e0a3412f3511ab20a4abaf9782	16753135a76a1b681eab49fafb84328a2664bb7a5fbea8737269b9f7c366ee03	minimum directly accessed span; complete object/array extent and final layout unproved
DAT_0035c251	0x0035c251	DIRECT_ACCESS_PROVED	0x1	initialized	6e340b9cffb37a989ca544e6bb780a2c78901d3fb33738768511a30617afa01d	0x00159268	0x1388	0x00159e14	sb	3	0x00159dac;0x00159db4	3a8850869eb27c76a0e1e15824e2ed997c62f80bf1d392ac39b5852bdee97b14			analysis/matching/hunt1000plus-v46-validated-42.tsv	c13a582a9b6bc100256670dbc0d2b2bda6f10293f4359e3b2fd912dcf8c2f5db	ps2/progress28_structural_lift_recovered.o	block-local-constant	c3159c2619767a4e145c394f8d9a2964fa20e2e0a3412f3511ab20a4abaf9782	16753135a76a1b681eab49fafb84328a2664bb7a5fbea8737269b9f7c366ee03	minimum directly accessed span; complete object/array extent and final layout unproved
DAT_0035c252	0x0035c252	DIRECT_ACCESS_PROVED	0x1	initialized	6e340b9cffb37a989ca544e6bb780a2c78901d3fb33738768511a30617afa01d	0x00159268	0x1388	0x00159eb8	sb	3	0x00159e58;0x00159e60	891ae3a69af9a547533de32eeaae3792ba773c10aca14581b74f76d56ff47d5d			analysis/matching/hunt1000plus-v46-validated-42.tsv	c13a582a9b6bc100256670dbc0d2b2bda6f10293f4359e3b2fd912dcf8c2f5db	ps2/progress28_structural_lift_recovered.o	block-local-constant	c3159c2619767a4e145c394f8d9a2964fa20e2e0a3412f3511ab20a4abaf9782	16753135a76a1b681eab49fafb84328a2664bb7a5fbea8737269b9f7c366ee03	minimum directly accessed span; complete object/array extent and final layout unproved
DAT_0035c253	0x0035c253	DIRECT_ACCESS_PROVED	0x1	initialized	6e340b9cffb37a989ca544e6bb780a2c78901d3fb33738768511a30617afa01d	0x00159268	0x1388	0x00159ec0	sb	3	0x00159e58;0x00159e60	62972a39b50e0058a58b5ae224e7441718307e0b0921be6b8883017703a30b31			analysis/matching/hunt1000plus-v46-validated-42.tsv	c13a582a9b6bc100256670dbc0d2b2bda6f10293f4359e3b2fd912dcf8c2f5db	ps2/progress28_structural_lift_recovered.o	block-local-constant	c3159c2619767a4e145c394f8d9a2964fa20e2e0a3412f3511ab20a4abaf9782	16753135a76a1b681eab49fafb84328a2664bb7a5fbea8737269b9f7c366ee03	minimum directly accessed span; complete object/array extent and final layout unproved
DAT_0035c254	0x0035c254	DIRECT_ACCESS_PROVED	0x1	initialized	6e340b9cffb37a989ca544e6bb780a2c78901d3fb33738768511a30617afa01d	0x00159268	0x1388	0x00159f64	sb	3	0x00159f04;0x00159f0c	fe42236f3b3ecad78a750c2c7d79c3d2de3bbc5bba982e08ca94eabda6b7c6c2			analysis/matching/hunt1000plus-v46-validated-42.tsv	c13a582a9b6bc100256670dbc0d2b2bda6f10293f4359e3b2fd912dcf8c2f5db	ps2/progress28_structural_lift_recovered.o	block-local-constant	c3159c2619767a4e145c394f8d9a2964fa20e2e0a3412f3511ab20a4abaf9782	16753135a76a1b681eab49fafb84328a2664bb7a5fbea8737269b9f7c366ee03	minimum directly accessed span; complete object/array extent and final layout unproved
DAT_0035c255	0x0035c255	DIRECT_ACCESS_PROVED	0x1	initialized	6e340b9cffb37a989ca544e6bb780a2c78901d3fb33738768511a30617afa01d	0x00159268	0x1388	0x00159f6c	sb	3	0x00159f04;0x00159f0c	c97888389570a5ab6b4d323b23e832ad9552a44efda89c13e99d3fe12f2f3374			analysis/matching/hunt1000plus-v46-validated-42.tsv	c13a582a9b6bc100256670dbc0d2b2bda6f10293f4359e3b2fd912dcf8c2f5db	ps2/progress28_structural_lift_recovered.o	block-local-constant	c3159c2619767a4e145c394f8d9a2964fa20e2e0a3412f3511ab20a4abaf9782	16753135a76a1b681eab49fafb84328a2664bb7a5fbea8737269b9f7c366ee03	minimum directly accessed span; complete object/array extent and final layout unproved
DAT_0035c256	0x0035c256	DIRECT_ACCESS_PROVED	0x1	initialized	6e340b9cffb37a989ca544e6bb780a2c78901d3fb33738768511a30617afa01d	0x0014311c	0x274	0x001432c8	sb	2	0x001432c0	d9b43cc0fa3084dd3b6a8852131db6f0045bab2a86aefd91ea1a2498404c9499			analysis/matching/hunt500plus-v33-validated-204.tsv	198b46bab535289a94dc3974ab342f12191763e99b5f096294b68629f210f5a7	ps2/progress28_structural_lift_recovered.o	block-local-constant	7680dc00fdde42f602754a294a8e382d083349750549a360e664bbacdc9ed264	16753135a76a1b681eab49fafb84328a2664bb7a5fbea8737269b9f7c366ee03	minimum directly accessed span; complete object/array extent and final layout unproved
DAT_0035c257	0x0035c257	DIRECT_ACCESS_PROVED	0x1	initialized	6e340b9cffb37a989ca544e6bb780a2c78901d3fb33738768511a30617afa01d	0x00159268	0x1388	0x00159d58	sb	2	0x00159d44;0x00159d48	f71adbc9eb877beda0866a9526a87c1025ad8ba91847759e91c5015491dadd5c			analysis/matching/hunt1000plus-v46-validated-42.tsv	c13a582a9b6bc100256670dbc0d2b2bda6f10293f4359e3b2fd912dcf8c2f5db	ps2/progress28_structural_lift_recovered.o	block-local-constant	c3159c2619767a4e145c394f8d9a2964fa20e2e0a3412f3511ab20a4abaf9782	16753135a76a1b681eab49fafb84328a2664bb7a5fbea8737269b9f7c366ee03	minimum directly accessed span; complete object/array extent and final layout unproved
DAT_0035c258	0x0035c258	DIRECT_ACCESS_PROVED	0x2	initialized	96a296d224f285c67bee93c30f8a309157f0daa35dc5b87e410b78630a09cfc7	0x001437d8	0x6a4	0x00143834	lhu	2	0x001437f4;0x00143804	4f841fdcedc23415a9d909f32ce5295ffa663199aba1e110550d034632422d68			analysis/matching/hunt500plus-v33-validated-204.tsv	198b46bab535289a94dc3974ab342f12191763e99b5f096294b68629f210f5a7	ps2/progress28_structural_lift_recovered.o	block-local-constant	74ff9293292906f1f82017e51146fd4e434763f73b6331af16556e034c9eeec3	16753135a76a1b681eab49fafb84328a2664bb7a5fbea8737269b9f7c366ee03	minimum directly accessed span; complete object/array extent and final layout unproved
DAT_0035c25a	0x0035c25a	DIRECT_ACCESS_PROVED	0x1	initialized	6e340b9cffb37a989ca544e6bb780a2c78901d3fb33738768511a30617afa01d	0x00159268	0x1388	0x00159ca0	sb	2	0x00159c8c;0x00159c94	ed1cc419c764b06841e0432790d676704842cff221de5fd16eb6dfe8f69f37c5			analysis/matching/hunt1000plus-v46-validated-42.tsv	c13a582a9b6bc100256670dbc0d2b2bda6f10293f4359e3b2fd912dcf8c2f5db	ps2/progress28_structural_lift_recovered.o	block-local-constant	c3159c2619767a4e145c394f8d9a2964fa20e2e0a3412f3511ab20a4abaf9782	16753135a76a1b681eab49fafb84328a2664bb7a5fbea8737269b9f7c366ee03	minimum directly accessed span; complete object/array extent and final layout unproved
DAT_0035c25b	0x0035c25b	DIRECT_ACCESS_PROVED	0x1	initialized	6e340b9cffb37a989ca544e6bb780a2c78901d3fb33738768511a30617afa01d	0x0015ad6c	0xf04	0x0015ae08	sb	2	0x0015ae00;0x0015ae04	b620ecdedc89d123d9dc356ae1ee9d310cbdbe5d74f0b77a80b704002968a1fa			analysis/matching/hunt1041-v52-validated-17.tsv	05383075b5e8de362905b18184a8b4b88c4b9e1310568ac1791fff170c6129d9	ps2/progress28_structural_lift_recovered.o	block-local-constant	3990a1e071cda330fd6b538ed2f2a3aaadf72a68801f02b275ea1fd1e8bd411f	16753135a76a1b681eab49fafb84328a2664bb7a5fbea8737269b9f7c366ee03	minimum directly accessed span; complete object/array extent and final layout unproved
DAT_0035c25c	0x0035c25c	NO_DIRECT_ACCESS_WITNESS															ps2/progress28_structural_lift_recovered.o				indexed/pointer/array/object bounds require separate proof
DAT_0035c25d	0x0035c25d	NO_DIRECT_ACCESS_WITNESS															ps2/progress28_structural_lift_recovered.o				indexed/pointer/array/object bounds require separate proof
DAT_0035c25e	0x0035c25e	DIRECT_ACCESS_PROVED	0x2	initialized	96a296d224f285c67bee93c30f8a309157f0daa35dc5b87e410b78630a09cfc7	0x00159268	0x1388	0x0015941c	sh	6	0x001593fc;0x00159400	a02fca77b12564e2b714ab34548cf2497df750ed65b220b0ba4e31f01e842110			analysis/matching/hunt1000plus-v46-validated-42.tsv	c13a582a9b6bc100256670dbc0d2b2bda6f10293f4359e3b2fd912dcf8c2f5db	ps2/progress28_structural_lift_recovered.o	block-local-constant	c3159c2619767a4e145c394f8d9a2964fa20e2e0a3412f3511ab20a4abaf9782	16753135a76a1b681eab49fafb84328a2664bb7a5fbea8737269b9f7c366ee03	minimum directly accessed span; complete object/array extent and final layout unproved
DAT_0035c260	0x0035c260	DIRECT_ACCESS_PROVED	0x2	initialized	96a296d224f285c67bee93c30f8a309157f0daa35dc5b87e410b78630a09cfc7	0x0012ba5c	0x2ec	0x0012bc14	lhu	17	0x0012ba60;0x0012ba68	9d24ac102fca82c1e51176fcb0c7c8bcb079aaff1885cef714a28d94cfa10661			analysis/matching/hunt500plus-v33-validated-204.tsv	198b46bab535289a94dc3974ab342f12191763e99b5f096294b68629f210f5a7	ps2/progress28_structural_lift_recovered.o	cfg-must-constant	9d24ac102fca82c1e51176fcb0c7c8bcb079aaff1885cef714a28d94cfa10661	16753135a76a1b681eab49fafb84328a2664bb7a5fbea8737269b9f7c366ee03	minimum directly accessed span; complete object/array extent and final layout unproved
DAT_0035c262	0x0035c262	DIRECT_ACCESS_PROVED	0x1	initialized	6e340b9cffb37a989ca544e6bb780a2c78901d3fb33738768511a30617afa01d	0x00159268	0x1388	0x00159860	lbu	3	0x00159854;0x0015985c	a7f4bea3cda1145ec57e24e8eb183f6c74c7d71971645e26b123ca7cee0e7c11			analysis/matching/hunt1000plus-v46-validated-42.tsv	c13a582a9b6bc100256670dbc0d2b2bda6f10293f4359e3b2fd912dcf8c2f5db	ps2/progress28_structural_lift_recovered.o	block-local-constant	c3159c2619767a4e145c394f8d9a2964fa20e2e0a3412f3511ab20a4abaf9782	16753135a76a1b681eab49fafb84328a2664bb7a5fbea8737269b9f7c366ee03	minimum directly accessed span; complete object/array extent and final layout unproved
DAT_0035c263	0x0035c263	DIRECT_ACCESS_PROVED	0x1	initialized	6e340b9cffb37a989ca544e6bb780a2c78901d3fb33738768511a30617afa01d	0x0015a5f0	0x77c	0x0015a68c	lbu	2	0x0015a684	99334cc2446bdbadf3188575bd8b771bec22dfc44cca7704e8400c80bfb2191c			analysis/matching/hunt1041-v52-validated-17.tsv	05383075b5e8de362905b18184a8b4b88c4b9e1310568ac1791fff170c6129d9	ps2/progress28_structural_lift_recovered.o	block-local-constant	665f0c485c5b840a0c6bf2adbb7270537921f4976b6dcc0c346fc65efe349850	16753135a76a1b681eab49fafb84328a2664bb7a5fbea8737269b9f7c366ee03	minimum directly accessed span; complete object/array extent and final layout unproved
DAT_0035c268	0x0035c268	DIRECT_ACCESS_PROVED	0x1	initialized	6e340b9cffb37a989ca544e6bb780a2c78901d3fb33738768511a30617afa01d	0x0012bd48	0x214	0x0012bde4	sb	4	0x0012bdc4	7587dbecc942a2e4054f3d8ba2c57eda6ca8ab71b390c12233f96fb2aea54a8b			analysis/matching/hunt1041-v49-validated-20.tsv	d4fa3387ca1f39cdaf967b664e19682d448b402749ad07ae854873a782cfc045	ps2/progress28_structural_lift_recovered.o	block-local-constant	b6f6d33c2c930eed15a938f4cf28a230404ace5cafffeaee081c5f054114a67c	16753135a76a1b681eab49fafb84328a2664bb7a5fbea8737269b9f7c366ee03	minimum directly accessed span; complete object/array extent and final layout unproved
DAT_0035c269	0x0035c269	DIRECT_ACCESS_PROVED	0x1	initialized	6e340b9cffb37a989ca544e6bb780a2c78901d3fb33738768511a30617afa01d	0x0012b3e8	0xb0	0x0012b3fc	sb	2	0x0012b3f8	da203faf95ed96c3af2930e620f1ae18a6b39f3a848ddc5f911f8e257596e98a			analysis/matching/hunt500plus-v33-validated-204.tsv	198b46bab535289a94dc3974ab342f12191763e99b5f096294b68629f210f5a7	ps2/progress28_structural_lift_recovered.o	block-local-constant	fbfdf9897ffaf143e97cfc59f77a3005dd853a3c2322abea20dde61d7a28056c	16753135a76a1b681eab49fafb84328a2664bb7a5fbea8737269b9f7c366ee03	minimum directly accessed span; complete object/array extent and final layout unproved
DAT_0035c26a	0x0035c26a	DIRECT_ACCESS_PROVED	0x1	initialized	6e340b9cffb37a989ca544e6bb780a2c78901d3fb33738768511a30617afa01d	0x0012b3e8	0xb0	0x0012b408	sb	2	0x0012b404	ff95e6fafc89541adaffda7e2eeac6ffad78e3493643a1a6ece12a2b0e91cd68			analysis/matching/hunt500plus-v33-validated-204.tsv	198b46bab535289a94dc3974ab342f12191763e99b5f096294b68629f210f5a7	ps2/progress28_structural_lift_recovered.o	block-local-constant	fbfdf9897ffaf143e97cfc59f77a3005dd853a3c2322abea20dde61d7a28056c	16753135a76a1b681eab49fafb84328a2664bb7a5fbea8737269b9f7c366ee03	minimum directly accessed span; complete object/array extent and final layout unproved
DAT_0035c26b	0x0035c26b	DIRECT_ACCESS_PROVED	0x1	initialized	6e340b9cffb37a989ca544e6bb780a2c78901d3fb33738768511a30617afa01d	0x001161a8	0x598	0x00116680	sb	2	0x00116670;0x00116678	802ed3597f8b664df77f3203ffabeb74cd2281c287fc4d96b9f25bb7ff3f33bc			analysis/matching/hunt1000plus-v46-validated-42.tsv	c13a582a9b6bc100256670dbc0d2b2bda6f10293f4359e3b2fd912dcf8c2f5db	ps2/progress28_structural_lift_recovered.o	block-local-constant	2ec6ebb4a8a8934817467f937fb7c8ac4215349a0e006c0ecb949c52c3bd90f7	16753135a76a1b681eab49fafb84328a2664bb7a5fbea8737269b9f7c366ee03	minimum directly accessed span; complete object/array extent and final layout unproved
DAT_0035c26c	0x0035c26c	DIRECT_ACCESS_PROVED	0x1	initialized	6e340b9cffb37a989ca544e6bb780a2c78901d3fb33738768511a30617afa01d	0x0015c124	0x500	0x0015c410	sb	16	0x0015c390;0x0015c398	809cbe585ec951b3cd01812361e58ad64d7bad0cef2640ab42f9a9fd63dad527			analysis/matching/hunt500plus-v33-validated-204.tsv	198b46bab535289a94dc3974ab342f12191763e99b5f096294b68629f210f5a7	ps2/progress28_structural_lift_recovered.o	block-local-constant	5a733a721624194a1d7add51c7541cc2ae44db590773b24e060ab78ec4c3b6ae	16753135a76a1b681eab49fafb84328a2664bb7a5fbea8737269b9f7c366ee03	minimum directly accessed span; complete object/array extent and final layout unproved
DAT_0035c26d	0x0035c26d	DIRECT_ACCESS_PROVED	0x1	initialized	6e340b9cffb37a989ca544e6bb780a2c78901d3fb33738768511a30617afa01d	0x00143780	0x58	0x001437a4	sb	2	0x0014379c	99a1f46e6577db491c0a59bfea9a64b7606902e6af38058ed8b0dfa5528e67af			analysis/matching/hunt1041-v49-validated-20.tsv	d4fa3387ca1f39cdaf967b664e19682d448b402749ad07ae854873a782cfc045	ps2/progress28_structural_lift_recovered.o	block-local-constant	771c724f042a738a724b1c81081abe0e6a7a278e5d76f99511b4869298268b30	16753135a76a1b681eab49fafb84328a2664bb7a5fbea8737269b9f7c366ee03	minimum directly accessed span; complete object/array extent and final layout unproved
DAT_0035c26e	0x0035c26e	DIRECT_ACCESS_PROVED	0x1	initialized	6e340b9cffb37a989ca544e6bb780a2c78901d3fb33738768511a30617afa01d	0x00143390	0x11c	0x00143398	lbu	2	0x00143390	e7124b9299b35dbb971dfe9227547e383470cc340c160d2d945b20a482c9223e			analysis/matching/hunt500plus-v33-validated-204.tsv	198b46bab535289a94dc3974ab342f12191763e99b5f096294b68629f210f5a7	ps2/progress28_structural_lift_recovered.o	block-local-constant	259fe275da0ff89e9114a709118fe6e4579d9c0b784bf1828683addc840cc580	16753135a76a1b681eab49fafb84328a2664bb7a5fbea8737269b9f7c366ee03	minimum directly accessed span; complete object/array extent and final layout unproved
DAT_0035c26f	0x0035c26f	DIRECT_ACCESS_PROVED	0x1	initialized	6e340b9cffb37a989ca544e6bb780a2c78901d3fb33738768511a30617afa01d	0x0014308c	0x90	0x00143118	sb	2	0x00143110	083787f4c8170d82c06c3ba2e7b45da27990c0ba2224692db600821e891ab25c			analysis/matching/hunt1041-v48-validated-25.tsv	ba414b327687e47cd31fb81a698f4b8bacfc290633af8809980820342985c54a	ps2/progress28_structural_lift_recovered.o	block-local-constant	867422e025ce52f8f36c60b13e8742959b21c4c3c67b9dc5a8c5f1a59ba3f872	16753135a76a1b681eab49fafb84328a2664bb7a5fbea8737269b9f7c366ee03	minimum directly accessed span; complete object/array extent and final layout unproved
DAT_0035c270	0x0035c270	DIRECT_ACCESS_PROVED	0x4	initialized	df3f619804a92fdb4057192dc43dd748ea778adc52bc498ce80524c014b81119	0x0014311c	0x274	0x00143174	lw	5	0x00143160;0x00143168	7d47f40d467faad5a6a3ffc6737d192a596810959377a0db3fc04c15cc3b6e46			analysis/matching/hunt500plus-v33-validated-204.tsv	198b46bab535289a94dc3974ab342f12191763e99b5f096294b68629f210f5a7	ps2/progress28_structural_lift_recovered.o	block-local-constant	7680dc00fdde42f602754a294a8e382d083349750549a360e664bbacdc9ed264	16753135a76a1b681eab49fafb84328a2664bb7a5fbea8737269b9f7c366ee03	minimum directly accessed span; complete object/array extent and final layout unproved
DAT_0035c274	0x0035c274	DIRECT_ACCESS_PROVED	0x4	initialized	df3f619804a92fdb4057192dc43dd748ea778adc52bc498ce80524c014b81119	0x0015c124	0x500	0x0015c420	sw	16	0x0015c390;0x0015c398	09af27b883b0188975a354e579850be012c513e693b5b56780308e7bc1650bcb			analysis/matching/hunt500plus-v33-validated-204.tsv	198b46bab535289a94dc3974ab342f12191763e99b5f096294b68629f210f5a7	ps2/progress28_structural_lift_recovered.o	block-local-constant	5a733a721624194a1d7add51c7541cc2ae44db590773b24e060ab78ec4c3b6ae	16753135a76a1b681eab49fafb84328a2664bb7a5fbea8737269b9f7c366ee03	minimum directly accessed span; complete object/array extent and final layout unproved
DAT_0035c278	0x0035c278	DIRECT_ACCESS_PROVED	0x4	initialized	df3f619804a92fdb4057192dc43dd748ea778adc52bc498ce80524c014b81119	0x0015c124	0x500	0x0015c424	sw	16	0x0015c390;0x0015c398	916c036b508d91881e5a0d6ddc2e2379adc62ff3dd27184b4e44a170e54feeca			analysis/matching/hunt500plus-v33-validated-204.tsv	198b46bab535289a94dc3974ab342f12191763e99b5f096294b68629f210f5a7	ps2/progress28_structural_lift_recovered.o	block-local-constant	5a733a721624194a1d7add51c7541cc2ae44db590773b24e060ab78ec4c3b6ae	16753135a76a1b681eab49fafb84328a2664bb7a5fbea8737269b9f7c366ee03	minimum directly accessed span; complete object/array extent and final layout unproved
DAT_0035c27c	0x0035c27c	DIRECT_ACCESS_PROVED	0x4	initialized	df3f619804a92fdb4057192dc43dd748ea778adc52bc498ce80524c014b81119	0x00105898	0x134	0x001059b8	lw	3	0x001059b0;0x001059b4	e605d37e6e022c397f0553bc33dbd943eea947fe3f7a15cac2677c9a911aaaef			analysis/matching/hunt1041-v80-validated-quickwins-23.tsv	bc64ffd5bceeb09497ff1e765080b7ca7d92f7127b9724423638bbbf4bf2160f	ps2/progress28_structural_lift_recovered.o	block-local-constant	97f27ff6ebd90ddea7e212e46e68280119cbf4e12cec400501f725f737ce82d5	16753135a76a1b681eab49fafb84328a2664bb7a5fbea8737269b9f7c366ee03	minimum directly accessed span; complete object/array extent and final layout unproved
DAT_0035c280	0x0035c280	DIRECT_ACCESS_PROVED	0x4	initialized	df3f619804a92fdb4057192dc43dd748ea778adc52bc498ce80524c014b81119	0x0015c124	0x500	0x0015c42c	sw	16	0x0015c390;0x0015c398	af588b4c5a206a8949c36723d4a6f53939c1987db2eb2c07affed60941e02171			analysis/matching/hunt500plus-v33-validated-204.tsv	198b46bab535289a94dc3974ab342f12191763e99b5f096294b68629f210f5a7	ps2/progress28_structural_lift_recovered.o	block-local-constant	5a733a721624194a1d7add51c7541cc2ae44db590773b24e060ab78ec4c3b6ae	16753135a76a1b681eab49fafb84328a2664bb7a5fbea8737269b9f7c366ee03	minimum directly accessed span; complete object/array extent and final layout unproved
DAT_0035c284	0x0035c284	DIRECT_ACCESS_PROVED	0x4	initialized	df3f619804a92fdb4057192dc43dd748ea778adc52bc498ce80524c014b81119	0x00151074	0x2bc	0x001510ec	lw	17	0x001510e0;0x001510e8	bb0581a35b070763d956244116740933d5e03b3ed30e3bdfb97a05d180fa0588			analysis/matching/hunt1041-v80-validated-quickwins-23.tsv	bc64ffd5bceeb09497ff1e765080b7ca7d92f7127b9724423638bbbf4bf2160f	ps2/progress28_structural_lift_recovered.o	block-local-constant	2e0e6aa18847dc3daa08c9da2749c4ea2d67e41645566e005bf32c029487a102	16753135a76a1b681eab49fafb84328a2664bb7a5fbea8737269b9f7c366ee03	minimum directly accessed span; complete object/array extent and final layout unproved
DAT_0035c288	0x0035c288	DIRECT_ACCESS_PROVED	0x4	initialized	df3f619804a92fdb4057192dc43dd748ea778adc52bc498ce80524c014b81119	0x001437d8	0x6a4	0x00143830	lw	13	0x001437dc;0x001437e0	30d51d90c4b68578f71a6ea9f761ea28cb76e1c5d3f64fc843859a668ad29494			analysis/matching/hunt500plus-v33-validated-204.tsv	198b46bab535289a94dc3974ab342f12191763e99b5f096294b68629f210f5a7	ps2/progress28_structural_lift_recovered.o	block-local-constant	74ff9293292906f1f82017e51146fd4e434763f73b6331af16556e034c9eeec3	16753135a76a1b681eab49fafb84328a2664bb7a5fbea8737269b9f7c366ee03	minimum directly accessed span; complete object/array extent and final layout unproved
DAT_0035c290	0x0035c290	DIRECT_ACCESS_PROVED	0x4	initialized	df3f619804a92fdb4057192dc43dd748ea778adc52bc498ce80524c014b81119	0x0012a400	0xfe8	0x0012a464	lw	7	0x0012a448;0x0012a450	e5da67dc8011062b3226c39541f5c5bc1fbc6e0b9855786045b24c934a60589d			analysis/matching/hunt1041-v72-validated-v53-6.tsv	b47aedc105d156ff00ff74bf90753e416b3ec6a9de47b5bd3991a8cbe727c01c	ps2/progress28_structural_lift_recovered.o	block-local-constant	dd2102d989e6c94134d3272194d288cf3aa85ba2af8e5e336119fafec36f768e	16753135a76a1b681eab49fafb84328a2664bb7a5fbea8737269b9f7c366ee03	minimum directly accessed span; complete object/array extent and final layout unproved
DAT_0035c294	0x0035c294	DIRECT_ACCESS_PROVED	0x4	initialized	df3f619804a92fdb4057192dc43dd748ea778adc52bc498ce80524c014b81119	0x0012a400	0xfe8	0x0012a470	lw	7	0x0012a448;0x0012a450	62818c6e042123cde09dedd1228f948e94f7e3016f1a57b7145c307793a0f91c			analysis/matching/hunt1041-v72-validated-v53-6.tsv	b47aedc105d156ff00ff74bf90753e416b3ec6a9de47b5bd3991a8cbe727c01c	ps2/progress28_structural_lift_recovered.o	block-local-constant	dd2102d989e6c94134d3272194d288cf3aa85ba2af8e5e336119fafec36f768e	16753135a76a1b681eab49fafb84328a2664bb7a5fbea8737269b9f7c366ee03	minimum directly accessed span; complete object/array extent and final layout unproved
DAT_0035c298	0x0035c298	DIRECT_ACCESS_PROVED	0x4	initialized	df3f619804a92fdb4057192dc43dd748ea778adc52bc498ce80524c014b81119	0x0012a400	0xfe8	0x0012a47c	lw	7	0x0012a448;0x0012a450	3704e7308b279ffcbea68162902daab528b5f34ac050bdad5e11555e4d18e38a			analysis/matching/hunt1041-v72-validated-v53-6.tsv	b47aedc105d156ff00ff74bf90753e416b3ec6a9de47b5bd3991a8cbe727c01c	ps2/progress28_structural_lift_recovered.o	block-local-constant	dd2102d989e6c94134d3272194d288cf3aa85ba2af8e5e336119fafec36f768e	16753135a76a1b681eab49fafb84328a2664bb7a5fbea8737269b9f7c366ee03	minimum directly accessed span; complete object/array extent and final layout unproved
DAT_0035c29c	0x0035c29c	DIRECT_ACCESS_PROVED	0x1	initialized	6e340b9cffb37a989ca544e6bb780a2c78901d3fb33738768511a30617afa01d	0x0012a400	0xfe8	0x0012a410	sb	2	0x0012a408	be35d84eb12713713d8c89eaf36839d6a90e274752161901cfaab81a8faedc2a			analysis/matching/hunt1041-v72-validated-v53-6.tsv	b47aedc105d156ff00ff74bf90753e416b3ec6a9de47b5bd3991a8cbe727c01c	ps2/progress28_structural_lift_recovered.o	block-local-constant	dd2102d989e6c94134d3272194d288cf3aa85ba2af8e5e336119fafec36f768e	16753135a76a1b681eab49fafb84328a2664bb7a5fbea8737269b9f7c366ee03	minimum directly accessed span; complete object/array extent and final layout unproved
DAT_0035c29d	0x0035c29d	DIRECT_ACCESS_PROVED	0x1	initialized	6e340b9cffb37a989ca544e6bb780a2c78901d3fb33738768511a30617afa01d	0x00144ad8	0x768	0x001450e4	lbu	2	0x001450dc	8d02d2e06c5f0ad7d515c1637829e19d5e33a892142f2e615ae0de092f263fdd			analysis/matching/hunt1041-v49-validated-20.tsv	d4fa3387ca1f39cdaf967b664e19682d448b402749ad07ae854873a782cfc045	ps2/progress28_structural_lift_recovered.o	block-local-constant	9c17ea336653b82e17c1ce712a39493e2b97cae0d262e45d8a0d88b502eafaea	16753135a76a1b681eab49fafb84328a2664bb7a5fbea8737269b9f7c366ee03	minimum directly accessed span; complete object/array extent and final layout unproved
DAT_0035c29e	0x0035c29e	DIRECT_ACCESS_PROVED	0x1	initialized	6e340b9cffb37a989ca544e6bb780a2c78901d3fb33738768511a30617afa01d	0x00144ad8	0x768	0x00144b10	lbu	2	0x00144adc	9af526977317f351698cb6f014aa481cc8c29087ff8088baeff2958317197580			analysis/matching/hunt1041-v49-validated-20.tsv	d4fa3387ca1f39cdaf967b664e19682d448b402749ad07ae854873a782cfc045	ps2/progress28_structural_lift_recovered.o	block-local-constant	9c17ea336653b82e17c1ce712a39493e2b97cae0d262e45d8a0d88b502eafaea	16753135a76a1b681eab49fafb84328a2664bb7a5fbea8737269b9f7c366ee03	minimum directly accessed span; complete object/array extent and final layout unproved
DAT_0035c29f	0x0035c29f	NO_DIRECT_ACCESS_WITNESS															ps2/progress28_structural_lift_recovered.o				indexed/pointer/array/object bounds require separate proof
DAT_0035c2a0	0x0035c2a0	DIRECT_ACCESS_PROVED	0x1	initialized	6e340b9cffb37a989ca544e6bb780a2c78901d3fb33738768511a30617afa01d	0x0014ec54	0x1a38	0x0014ee60	sb	2	0x0014ee5c	975b90987fb831cf021076e58036086afcf88b77a7de0f99c94db110e10d6402			analysis/matching/hunt1041-v52-validated-17.tsv	05383075b5e8de362905b18184a8b4b88c4b9e1310568ac1791fff170c6129d9	ps2/progress28_structural_lift_recovered.o	block-local-constant	27920e8bbaf675d37d956c24879afac063df389ed960770ee639320c48d3779e	16753135a76a1b681eab49fafb84328a2664bb7a5fbea8737269b9f7c366ee03	minimum directly accessed span; complete object/array extent and final layout unproved
DAT_0035c2a4	0x0035c2a4	DIRECT_ACCESS_PROVED	0x4	initialized	df3f619804a92fdb4057192dc43dd748ea778adc52bc498ce80524c014b81119	0x0014eaa4	0x1b0	0x0014eb98	lw	2	0x0014eb94	2346f701a47ccc306ffb7021a24f521e7eb711f36e8c671d62932248011df835			analysis/matching/hunt500plus-v33-validated-204.tsv	198b46bab535289a94dc3974ab342f12191763e99b5f096294b68629f210f5a7	ps2/progress28_structural_lift_recovered.o	block-local-constant	f28cd07af53a821c71693524f9790c95d2a519faecec0b16b0e7bda6db85c10a	16753135a76a1b681eab49fafb84328a2664bb7a5fbea8737269b9f7c366ee03	minimum directly accessed span; complete object/array extent and final layout unproved
DAT_0035c2a8	0x0035c2a8	DIRECT_ACCESS_PROVED	0x4	initialized	df3f619804a92fdb4057192dc43dd748ea778adc52bc498ce80524c014b81119	0x0014ec54	0x1a38	0x0014f0bc	lw	2	0x0014f0b4	bb7711c9fcd23e53ffc08599c27e8489bf50adfbcc79dcdd95e09f96c90fcaee			analysis/matching/hunt1041-v52-validated-17.tsv	05383075b5e8de362905b18184a8b4b88c4b9e1310568ac1791fff170c6129d9	ps2/progress28_structural_lift_recovered.o	block-local-constant	27920e8bbaf675d37d956c24879afac063df389ed960770ee639320c48d3779e	16753135a76a1b681eab49fafb84328a2664bb7a5fbea8737269b9f7c366ee03	minimum directly accessed span; complete object/array extent and final layout unproved
DAT_0035c2ac	0x0035c2ac	NO_DIRECT_ACCESS_WITNESS															ps2/progress28_structural_lift_recovered.o				indexed/pointer/array/object bounds require separate proof
DAT_0035c6ac	0x0035c6ac	NO_DIRECT_ACCESS_WITNESS															ps2/progress28_structural_lift_recovered.o				indexed/pointer/array/object bounds require separate proof
DAT_0035caac	0x0035caac	NO_DIRECT_ACCESS_WITNESS															ps2/progress28_structural_lift_recovered.o				indexed/pointer/array/object bounds require separate proof
DAT_0035ceac	0x0035ceac	DIRECT_ACCESS_PROVED	0x4	initialized	df3f619804a92fdb4057192dc43dd748ea778adc52bc498ce80524c014b81119	0x001591a8	0xc0	0x001591d0	sw	2	0x001591c8	d34ed85069c61aa2ae10218000080c5ae13666ade43980d79a3ee176a903fe46			analysis/matching/hunt1041-v48-validated-25.tsv	ba414b327687e47cd31fb81a698f4b8bacfc290633af8809980820342985c54a	ps2/progress28_structural_lift_recovered.o	block-local-constant	31309e011a212ce11fe156e38c0ecfcec68efac5d26be4c8250bea3fce46434d	16753135a76a1b681eab49fafb84328a2664bb7a5fbea8737269b9f7c366ee03	minimum directly accessed span; complete object/array extent and final layout unproved
DAT_0035ceb0	0x0035ceb0	DIRECT_ACCESS_PROVED	0x2	initialized	96a296d224f285c67bee93c30f8a309157f0daa35dc5b87e410b78630a09cfc7	0x0014ec54	0x1a38	0x0014ff38	lhu	2	0x0014ff34	c99841667c57ad5f42483d2b3ff459daae0eada9a54025a7b7be573b8ce839a6			analysis/matching/hunt1041-v52-validated-17.tsv	05383075b5e8de362905b18184a8b4b88c4b9e1310568ac1791fff170c6129d9	ps2/progress28_structural_lift_recovered.o	block-local-constant	27920e8bbaf675d37d956c24879afac063df389ed960770ee639320c48d3779e	16753135a76a1b681eab49fafb84328a2664bb7a5fbea8737269b9f7c366ee03	minimum directly accessed span; complete object/array extent and final layout unproved
DAT_0035d0b0	0x0035d0b0	DIRECT_ACCESS_PROVED	0x4	initialized	df3f619804a92fdb4057192dc43dd748ea778adc52bc498ce80524c014b81119	0x0012bd48	0x214	0x0012bda4	lw	2	0x0012bd98;0x0012bd9c	5b6acc4eea3af5df51c9c658000e1b566d0a697f53273a0e831966368538a43c			analysis/matching/hunt1041-v49-validated-20.tsv	d4fa3387ca1f39cdaf967b664e19682d448b402749ad07ae854873a782cfc045	ps2/progress28_structural_lift_recovered.o	block-local-constant	b6f6d33c2c930eed15a938f4cf28a230404ace5cafffeaee081c5f054114a67c	16753135a76a1b681eab49fafb84328a2664bb7a5fbea8737269b9f7c366ee03	minimum directly accessed span; complete object/array extent and final layout unproved
DAT_0035d0b4	0x0035d0b4	DIRECT_ACCESS_PROVED	0x4	initialized	df3f619804a92fdb4057192dc43dd748ea778adc52bc498ce80524c014b81119	0x00143390	0x11c	0x00143460	sw	2	0x0014345c	05b11e4ee80ffa4d9c15595a455b450a07d13144f1d78c3a07b1904294b47b1b			analysis/matching/hunt500plus-v33-validated-204.tsv	198b46bab535289a94dc3974ab342f12191763e99b5f096294b68629f210f5a7	ps2/progress28_structural_lift_recovered.o	block-local-constant	259fe275da0ff89e9114a709118fe6e4579d9c0b784bf1828683addc840cc580	16753135a76a1b681eab49fafb84328a2664bb7a5fbea8737269b9f7c366ee03	minimum directly accessed span; complete object/array extent and final layout unproved
DAT_0035d0b8	0x0035d0b8	DIRECT_ACCESS_PROVED	0x4	initialized	df3f619804a92fdb4057192dc43dd748ea778adc52bc498ce80524c014b81119	0x0015bc70	0x4b4	0x0015bd18	lw	2	0x0015bd14	3e89b8e0bc3bcc4ca8543f3b7379082dc5b68f20a7df85396c8ef62707b2845c			analysis/matching/hunt500plus-v33-validated-204.tsv	198b46bab535289a94dc3974ab342f12191763e99b5f096294b68629f210f5a7	ps2/progress28_structural_lift_recovered.o	block-local-constant	ae627c8c72b1daf4f073bba5b6dfb73c2d002bb109ed710f743e3d51734b92af	16753135a76a1b681eab49fafb84328a2664bb7a5fbea8737269b9f7c366ee03	minimum directly accessed span; complete object/array extent and final layout unproved
DAT_0035d0bc	0x0035d0bc	DIRECT_ACCESS_PROVED	0x4	initialized	df3f619804a92fdb4057192dc43dd748ea778adc52bc498ce80524c014b81119	0x0015cae0	0x204	0x0015cc44	sw	4	0x0015cc10;0x0015cc14	c8f37f15e213ed8870a8576b5068efc7547f43362dcc44965800dc47f8138620			analysis/matching/hunt500plus-v33-validated-204.tsv	198b46bab535289a94dc3974ab342f12191763e99b5f096294b68629f210f5a7	ps2/progress28_structural_lift_recovered.o	cfg-must-constant	c8f37f15e213ed8870a8576b5068efc7547f43362dcc44965800dc47f8138620	16753135a76a1b681eab49fafb84328a2664bb7a5fbea8737269b9f7c366ee03	minimum directly accessed span; complete object/array extent and final layout unproved
DAT_0035d0c0	0x0035d0c0	DIRECT_ACCESS_PROVED	0x4	initialized	df3f619804a92fdb4057192dc43dd748ea778adc52bc498ce80524c014b81119	0x0015cce4	0x114	0x0015cdf4	sw	2	0x0015cdec	7f9e35275c8780ecf83049e3c8167de0c2af527884279ed5277f31df0611309c			analysis/matching/hunt500plus-v33-validated-204.tsv	198b46bab535289a94dc3974ab342f12191763e99b5f096294b68629f210f5a7	ps2/progress28_structural_lift_recovered.o	block-local-constant	ef2d087723e147dc059ca4f618baf3eece27e132035e341afd8da1b80aa1d36c	16753135a76a1b681eab49fafb84328a2664bb7a5fbea8737269b9f7c366ee03	minimum directly accessed span; complete object/array extent and final layout unproved
DAT_0035d0c4	0x0035d0c4	DIRECT_ACCESS_PROVED	0x4	initialized	df3f619804a92fdb4057192dc43dd748ea778adc52bc498ce80524c014b81119	0x0015d0bc	0x278	0x0015d274	lw	7	0x0015d1dc;0x0015d1e0	8cd72d9d056f3409721392d9ec02266f3592b022f5f05f2c0d47ba8a97222d27			analysis/matching/hunt1041-v51-validated-16.tsv	f172d5ecc5c101fe2f00e42793e8577e17d8f94a789369e4a431dec9d537a293	ps2/progress28_structural_lift_recovered.o	cfg-must-constant	8cd72d9d056f3409721392d9ec02266f3592b022f5f05f2c0d47ba8a97222d27	16753135a76a1b681eab49fafb84328a2664bb7a5fbea8737269b9f7c366ee03	minimum directly accessed span; complete object/array extent and final layout unproved
DAT_0035d0c8	0x0035d0c8	DIRECT_ACCESS_PROVED	0x4	initialized	df3f619804a92fdb4057192dc43dd748ea778adc52bc498ce80524c014b81119	0x0015d0bc	0x278	0x0015d2e0	lw	7	0x0015d1dc;0x0015d1e0	8cd72d9d056f3409721392d9ec02266f3592b022f5f05f2c0d47ba8a97222d27			analysis/matching/hunt1041-v51-validated-16.tsv	f172d5ecc5c101fe2f00e42793e8577e17d8f94a789369e4a431dec9d537a293	ps2/progress28_structural_lift_recovered.o	cfg-must-constant	8cd72d9d056f3409721392d9ec02266f3592b022f5f05f2c0d47ba8a97222d27	16753135a76a1b681eab49fafb84328a2664bb7a5fbea8737269b9f7c366ee03	minimum directly accessed span; complete object/array extent and final layout unproved
DAT_0035d0cc	0x0035d0cc	DIRECT_ACCESS_PROVED	0x4	initialized	df3f619804a92fdb4057192dc43dd748ea778adc52bc498ce80524c014b81119	0x0015d0bc	0x278	0x0015d300	lw	7	0x0015d1dc;0x0015d1e0	8cd72d9d056f3409721392d9ec02266f3592b022f5f05f2c0d47ba8a97222d27			analysis/matching/hunt1041-v51-validated-16.tsv	f172d5ecc5c101fe2f00e42793e8577e17d8f94a789369e4a431dec9d537a293	ps2/progress28_structural_lift_recovered.o	cfg-must-constant	8cd72d9d056f3409721392d9ec02266f3592b022f5f05f2c0d47ba8a97222d27	16753135a76a1b681eab49fafb84328a2664bb7a5fbea8737269b9f7c366ee03	minimum directly accessed span; complete object/array extent and final layout unproved
DAT_0035d0d0	0x0035d0d0	NO_DIRECT_ACCESS_WITNESS															ps2/progress28_structural_lift_recovered.o				indexed/pointer/array/object bounds require separate proof
DAT_0035d0d4	0x0035d0d4	NO_DIRECT_ACCESS_WITNESS															ps2/progress28_structural_lift_recovered.o				indexed/pointer/array/object bounds require separate proof
DAT_0035d0d8	0x0035d0d8	NO_DIRECT_ACCESS_WITNESS															ps2/progress28_structural_lift_recovered.o				indexed/pointer/array/object bounds require separate proof
DAT_0035d0dc	0x0035d0dc	NO_DIRECT_ACCESS_WITNESS															ps2/progress28_structural_lift_recovered.o				indexed/pointer/array/object bounds require separate proof
DAT_0035d0e0	0x0035d0e0	NO_DIRECT_ACCESS_WITNESS															ps2/progress28_structural_lift_recovered.o				indexed/pointer/array/object bounds require separate proof
DAT_0035d0e4	0x0035d0e4	NO_DIRECT_ACCESS_WITNESS															ps2/progress28_structural_lift_recovered.o				indexed/pointer/array/object bounds require separate proof
DAT_0035d0e8	0x0035d0e8	NO_DIRECT_ACCESS_WITNESS															ps2/progress28_structural_lift_recovered.o				indexed/pointer/array/object bounds require separate proof
DAT_0035d0ec	0x0035d0ec	NO_DIRECT_ACCESS_WITNESS															ps2/progress28_structural_lift_recovered.o				indexed/pointer/array/object bounds require separate proof
DAT_0035d100	0x0035d100	DIRECT_ACCESS_PROVED	0x4	initialized	df3f619804a92fdb4057192dc43dd748ea778adc52bc498ce80524c014b81119	0x0014ec54	0x1a38	0x0014fb8c	lw	2	0x0014fb88	d32f91f6ea812334d06171c4fcbec2eb0c7128c835e4108a4b867f753bb73fd8			analysis/matching/hunt1041-v52-validated-17.tsv	05383075b5e8de362905b18184a8b4b88c4b9e1310568ac1791fff170c6129d9	ps2/progress28_structural_lift_recovered.o	block-local-constant	27920e8bbaf675d37d956c24879afac063df389ed960770ee639320c48d3779e	16753135a76a1b681eab49fafb84328a2664bb7a5fbea8737269b9f7c366ee03	minimum directly accessed span; complete object/array extent and final layout unproved
DAT_0035d104	0x0035d104	NO_DIRECT_ACCESS_WITNESS															ps2/progress28_structural_lift_recovered.o				indexed/pointer/array/object bounds require separate proof
DAT_0035d118	0x0035d118	NO_DIRECT_ACCESS_WITNESS															ps2/progress28_structural_lift_recovered.o				indexed/pointer/array/object bounds require separate proof
DAT_0035d194	0x0035d194	NO_DIRECT_ACCESS_WITNESS															ps2/progress28_structural_lift_recovered.o				indexed/pointer/array/object bounds require separate proof
DAT_0035d1a8	0x0035d1a8	NO_DIRECT_ACCESS_WITNESS															ps2/progress28_structural_lift_recovered.o				indexed/pointer/array/object bounds require separate proof
DAT_0035d224	0x0035d224	NO_DIRECT_ACCESS_WITNESS															ps2/progress28_structural_lift_recovered.o				indexed/pointer/array/object bounds require separate proof
DAT_0035d238	0x0035d238	DIRECT_ACCESS_PROVED	0x4	initialized	df3f619804a92fdb4057192dc43dd748ea778adc52bc498ce80524c014b81119	0x0014ec54	0x1a38	0x0014fccc	lw	2	0x0014f000	27920e8bbaf675d37d956c24879afac063df389ed960770ee639320c48d3779e			analysis/matching/hunt1041-v52-validated-17.tsv	05383075b5e8de362905b18184a8b4b88c4b9e1310568ac1791fff170c6129d9	ps2/progress28_structural_lift_recovered.o	cfg-must-constant	27920e8bbaf675d37d956c24879afac063df389ed960770ee639320c48d3779e	16753135a76a1b681eab49fafb84328a2664bb7a5fbea8737269b9f7c366ee03	minimum directly accessed span; complete object/array extent and final layout unproved
DAT_0035d23c	0x0035d23c	NO_DIRECT_ACCESS_WITNESS															ps2/progress28_structural_lift_recovered.o				indexed/pointer/array/object bounds require separate proof
DAT_0035d250	0x0035d250	NO_DIRECT_ACCESS_WITNESS															ps2/progress28_structural_lift_recovered.o				indexed/pointer/array/object bounds require separate proof
DAT_0035d2cc	0x0035d2cc	NO_DIRECT_ACCESS_WITNESS															ps2/progress28_structural_lift_recovered.o				indexed/pointer/array/object bounds require separate proof
DAT_0035d2e0	0x0035d2e0	NO_DIRECT_ACCESS_WITNESS															ps2/progress28_structural_lift_recovered.o				indexed/pointer/array/object bounds require separate proof
DAT_0035d360	0x0035d360	NO_DIRECT_ACCESS_WITNESS															ps2/progress28_structural_lift_recovered.o				indexed/pointer/array/object bounds require separate proof
DAT_0035d361	0x0035d361	NO_DIRECT_ACCESS_WITNESS															ps2/progress28_structural_lift_recovered.o				indexed/pointer/array/object bounds require separate proof
DAT_0035d362	0x0035d362	NO_DIRECT_ACCESS_WITNESS															ps2/progress28_structural_lift_recovered.o				indexed/pointer/array/object bounds require separate proof
DAT_0035d363	0x0035d363	NO_DIRECT_ACCESS_WITNESS															ps2/progress28_structural_lift_recovered.o				indexed/pointer/array/object bounds require separate proof
DAT_0035d364	0x0035d364	NO_DIRECT_ACCESS_WITNESS															ps2/progress28_structural_lift_recovered.o				indexed/pointer/array/object bounds require separate proof
DAT_0035d366	0x0035d366	NO_DIRECT_ACCESS_WITNESS															ps2/progress28_structural_lift_recovered.o				indexed/pointer/array/object bounds require separate proof
DAT_0035d368	0x0035d368	NO_DIRECT_ACCESS_WITNESS															ps2/progress28_structural_lift_recovered.o				indexed/pointer/array/object bounds require separate proof
DAT_0035d36a	0x0035d36a	NO_DIRECT_ACCESS_WITNESS															ps2/progress28_structural_lift_recovered.o				indexed/pointer/array/object bounds require separate proof
DAT_0035d36c	0x0035d36c	NO_DIRECT_ACCESS_WITNESS															ps2/progress28_structural_lift_recovered.o				indexed/pointer/array/object bounds require separate proof
DAT_0035d36e	0x0035d36e	NO_DIRECT_ACCESS_WITNESS															ps2/progress28_structural_lift_recovered.o				indexed/pointer/array/object bounds require separate proof
DAT_0035d370	0x0035d370	NO_DIRECT_ACCESS_WITNESS															ps2/progress28_structural_lift_recovered.o				indexed/pointer/array/object bounds require separate proof
DAT_0035d372	0x0035d372	NO_DIRECT_ACCESS_WITNESS															ps2/progress28_structural_lift_recovered.o				indexed/pointer/array/object bounds require separate proof
DAT_0035d373	0x0035d373	NO_DIRECT_ACCESS_WITNESS															ps2/progress28_structural_lift_recovered.o				indexed/pointer/array/object bounds require separate proof
DAT_0035d374	0x0035d374	NO_DIRECT_ACCESS_WITNESS															ps2/progress28_structural_lift_recovered.o				indexed/pointer/array/object bounds require separate proof
DAT_0035d375	0x0035d375	NO_DIRECT_ACCESS_WITNESS															ps2/progress28_structural_lift_recovered.o				indexed/pointer/array/object bounds require separate proof
DAT_0035d410	0x0035d410	NO_DIRECT_ACCESS_WITNESS															ps2/progress28_structural_lift_recovered.o				indexed/pointer/array/object bounds require separate proof
DAT_0035d430	0x0035d430	NO_DIRECT_ACCESS_WITNESS															ps2/progress28_structural_lift_recovered.o				indexed/pointer/array/object bounds require separate proof
DAT_0035d450	0x0035d450	DIRECT_ACCESS_PROVED	0x4	initialized	df3f619804a92fdb4057192dc43dd748ea778adc52bc498ce80524c014b81119	0x00143e7c	0x570	0x00143f84	lw	2	0x00143f80	48598d321203ad168ba6d07b18859b2d9007f7eac09ad0b0913b6cad63099da9			analysis/matching/hunt500plus-v33-validated-204.tsv	198b46bab535289a94dc3974ab342f12191763e99b5f096294b68629f210f5a7	ps2/progress28_structural_lift_recovered.o	block-local-constant	0b62dd98640f6ee118839dcb7df87f605c553a76411344eb12f997382db18d44	16753135a76a1b681eab49fafb84328a2664bb7a5fbea8737269b9f7c366ee03	minimum directly accessed span; complete object/array extent and final layout unproved
DAT_0035d454	0x0035d454	DIRECT_ACCESS_PROVED	0x4	initialized	df3f619804a92fdb4057192dc43dd748ea778adc52bc498ce80524c014b81119	0x00183e04	0x488	0x00183e18	lw	2	0x00183e14	f72746811803bf4bd2827d85ae5f9769ee3df3a58eaf04c8e706f5141a4b1dba			analysis/matching/hunt400-v9-validated-64.tsv	b3f060b4eb6026892fe5c21b010273bd806125d898cc7d50bf05631d6d64e6f8	ps2/progress28_structural_lift_recovered.o	block-local-constant	1f104d2c512d024c2aca5eb86a3b7a638a0b5a5ff214ac85c6f4ee5a1a2be085	16753135a76a1b681eab49fafb84328a2664bb7a5fbea8737269b9f7c366ee03	minimum directly accessed span; complete object/array extent and final layout unproved
DAT_0035d458	0x0035d458	DIRECT_ACCESS_PROVED	0x4	initialized	df3f619804a92fdb4057192dc43dd748ea778adc52bc498ce80524c014b81119	0x001437d8	0x6a4	0x00143850	sw	3	0x0014380c;0x00143814	992ec4dafca406ed7e341dc74cc947b16b413762e03eb860998b503c31120bfd			analysis/matching/hunt500plus-v33-validated-204.tsv	198b46bab535289a94dc3974ab342f12191763e99b5f096294b68629f210f5a7	ps2/progress28_structural_lift_recovered.o	block-local-constant	74ff9293292906f1f82017e51146fd4e434763f73b6331af16556e034c9eeec3	16753135a76a1b681eab49fafb84328a2664bb7a5fbea8737269b9f7c366ee03	minimum directly accessed span; complete object/array extent and final layout unproved
DAT_0035d45c	0x0035d45c	DIRECT_ACCESS_PROVED	0x4	initialized	df3f619804a92fdb4057192dc43dd748ea778adc52bc498ce80524c014b81119	0x001437d8	0x6a4	0x0014386c	sw	3	0x0014380c;0x00143814	e9e42aa6561a156614f4d46f14146ecd17c6a7768c13785ce72296ebfd1ba199			analysis/matching/hunt500plus-v33-validated-204.tsv	198b46bab535289a94dc3974ab342f12191763e99b5f096294b68629f210f5a7	ps2/progress28_structural_lift_recovered.o	block-local-constant	74ff9293292906f1f82017e51146fd4e434763f73b6331af16556e034c9eeec3	16753135a76a1b681eab49fafb84328a2664bb7a5fbea8737269b9f7c366ee03	minimum directly accessed span; complete object/array extent and final layout unproved
DAT_0035d460	0x0035d460	DIRECT_ACCESS_PROVED	0x4	initialized	df3f619804a92fdb4057192dc43dd748ea778adc52bc498ce80524c014b81119	0x001437d8	0x6a4	0x00143880	sw	3	0x0014380c;0x00143814	80a3459cbf4514394b5aa2a27e770347d9121cadeacb98ddfa5a1c5f2c236021			analysis/matching/hunt500plus-v33-validated-204.tsv	198b46bab535289a94dc3974ab342f12191763e99b5f096294b68629f210f5a7	ps2/progress28_structural_lift_recovered.o	block-local-constant	74ff9293292906f1f82017e51146fd4e434763f73b6331af16556e034c9eeec3	16753135a76a1b681eab49fafb84328a2664bb7a5fbea8737269b9f7c366ee03	minimum directly accessed span; complete object/array extent and final layout unproved
DAT_0035d468	0x0035d468	DIRECT_ACCESS_PROVED	0x4	initialized	df3f619804a92fdb4057192dc43dd748ea778adc52bc498ce80524c014b81119	0x00143e7c	0x570	0x00143ec0	sw	2	0x00143ebc	6f0bcc2f975c217904d078b51f3020a46ed0ebc1bdaf3f4ad0b85d0dc2a986f6			analysis/matching/hunt500plus-v33-validated-204.tsv	198b46bab535289a94dc3974ab342f12191763e99b5f096294b68629f210f5a7	ps2/progress28_structural_lift_recovered.o	block-local-constant	0b62dd98640f6ee118839dcb7df87f605c553a76411344eb12f997382db18d44	16753135a76a1b681eab49fafb84328a2664bb7a5fbea8737269b9f7c366ee03	minimum directly accessed span; complete object/array extent and final layout unproved
DAT_0035d46c	0x0035d46c	DIRECT_ACCESS_PROVED	0x4	initialized	df3f619804a92fdb4057192dc43dd748ea778adc52bc498ce80524c014b81119	0x001437d8	0x6a4	0x00143874	sw	3	0x0014380c;0x00143814	b44510ea9b8888f8c496943d6482463c426a4d8ab18c05b25c5ca799c4aba44e			analysis/matching/hunt500plus-v33-validated-204.tsv	198b46bab535289a94dc3974ab342f12191763e99b5f096294b68629f210f5a7	ps2/progress28_structural_lift_recovered.o	block-local-constant	74ff9293292906f1f82017e51146fd4e434763f73b6331af16556e034c9eeec3	16753135a76a1b681eab49fafb84328a2664bb7a5fbea8737269b9f7c366ee03	minimum directly accessed span; complete object/array extent and final layout unproved
DAT_0035d470	0x0035d470	DIRECT_ACCESS_PROVED	0x4	initialized	df3f619804a92fdb4057192dc43dd748ea778adc52bc498ce80524c014b81119	0x001437d8	0x6a4	0x00143860	sw	3	0x0014380c;0x00143814	c02b3a8cbfbc0614b8fe9e9cafe2242fe055b9e44382cf4d8eda09e3a9c965f6			analysis/matching/hunt500plus-v33-validated-204.tsv	198b46bab535289a94dc3974ab342f12191763e99b5f096294b68629f210f5a7	ps2/progress28_structural_lift_recovered.o	block-local-constant	74ff9293292906f1f82017e51146fd4e434763f73b6331af16556e034c9eeec3	16753135a76a1b681eab49fafb84328a2664bb7a5fbea8737269b9f7c366ee03	minimum directly accessed span; complete object/array extent and final layout unproved
DAT_0035d474	0x0035d474	DIRECT_ACCESS_PROVED	0x4	initialized	df3f619804a92fdb4057192dc43dd748ea778adc52bc498ce80524c014b81119	0x001437d8	0x6a4	0x00143878	sw	3	0x0014380c;0x00143814	35de1524b5d40558f8d2e98aed88888c5f382df90b607348ec8d64d581d6475f			analysis/matching/hunt500plus-v33-validated-204.tsv	198b46bab535289a94dc3974ab342f12191763e99b5f096294b68629f210f5a7	ps2/progress28_structural_lift_recovered.o	block-local-constant	74ff9293292906f1f82017e51146fd4e434763f73b6331af16556e034c9eeec3	16753135a76a1b681eab49fafb84328a2664bb7a5fbea8737269b9f7c366ee03	minimum directly accessed span; complete object/array extent and final layout unproved
DAT_0035d478	0x0035d478	DIRECT_ACCESS_PROVED	0x4	initialized	df3f619804a92fdb4057192dc43dd748ea778adc52bc498ce80524c014b81119	0x001437d8	0x6a4	0x0014387c	sw	3	0x0014380c;0x00143814	e19d9aedb5557a5392a86b280c3d24ef208fdff5b1c24d4810d4d78bae269c23			analysis/matching/hunt500plus-v33-validated-204.tsv	198b46bab535289a94dc3974ab342f12191763e99b5f096294b68629f210f5a7	ps2/progress28_structural_lift_recovered.o	block-local-constant	74ff9293292906f1f82017e51146fd4e434763f73b6331af16556e034c9eeec3	16753135a76a1b681eab49fafb84328a2664bb7a5fbea8737269b9f7c366ee03	minimum directly accessed span; complete object/array extent and final layout unproved
DAT_0035d47c	0x0035d47c	DIRECT_ACCESS_PROVED	0x1	initialized	6e340b9cffb37a989ca544e6bb780a2c78901d3fb33738768511a30617afa01d	0x001437d8	0x6a4	0x00143884	sb	3	0x0014380c;0x00143814	8eee50b2b6acf91d190334624951bfcc76cac77906cf18b4aed8073e8c67e430			analysis/matching/hunt500plus-v33-validated-204.tsv	198b46bab535289a94dc3974ab342f12191763e99b5f096294b68629f210f5a7	ps2/progress28_structural_lift_recovered.o	block-local-constant	74ff9293292906f1f82017e51146fd4e434763f73b6331af16556e034c9eeec3	16753135a76a1b681eab49fafb84328a2664bb7a5fbea8737269b9f7c366ee03	minimum directly accessed span; complete object/array extent and final layout unproved
DAT_0035d480	0x0035d480	DIRECT_ACCESS_PROVED	0x4	initialized	df3f619804a92fdb4057192dc43dd748ea778adc52bc498ce80524c014b81119	0x00100114	0x278	0x00100134	lw	3	0x00100120	482332438c525afdd84edd61adba2ef3b8bfc0a36a27011e36a773c60a20bc74			analysis/matching/hunt1041-v80-validated-quickwins-23.tsv	bc64ffd5bceeb09497ff1e765080b7ca7d92f7127b9724423638bbbf4bf2160f	ps2/progress28_structural_lift_recovered.o	block-local-constant	7e9ac3595f51b8b16782d02d52a1d0ef302620918e2b01401c291c04f3006358	16753135a76a1b681eab49fafb84328a2664bb7a5fbea8737269b9f7c366ee03	minimum directly accessed span; complete object/array extent and final layout unproved
DAT_0035d484	0x0035d484	DIRECT_ACCESS_PROVED	0x4	initialized	df3f619804a92fdb4057192dc43dd748ea778adc52bc498ce80524c014b81119	0x00100114	0x278	0x00100170	lw	3	0x00100168;0x0010016c	44993cffd177f6a1d76a49e8ec3ab18fa9eeefbea90af1042f767c43abdf3d9b			analysis/matching/hunt1041-v80-validated-quickwins-23.tsv	bc64ffd5bceeb09497ff1e765080b7ca7d92f7127b9724423638bbbf4bf2160f	ps2/progress28_structural_lift_recovered.o	block-local-constant	7e9ac3595f51b8b16782d02d52a1d0ef302620918e2b01401c291c04f3006358	16753135a76a1b681eab49fafb84328a2664bb7a5fbea8737269b9f7c366ee03	minimum directly accessed span; complete object/array extent and final layout unproved
DAT_0035d488	0x0035d488	DIRECT_ACCESS_PROVED	0x4	initialized	df3f619804a92fdb4057192dc43dd748ea778adc52bc498ce80524c014b81119	0x00100114	0x278	0x001001ec	lw	3	0x001001e4;0x001001e8	f827299cb70a33c599aeb054c10847a20d532def501988f23ce3d9296c58e3e0			analysis/matching/hunt1041-v80-validated-quickwins-23.tsv	bc64ffd5bceeb09497ff1e765080b7ca7d92f7127b9724423638bbbf4bf2160f	ps2/progress28_structural_lift_recovered.o	block-local-constant	7e9ac3595f51b8b16782d02d52a1d0ef302620918e2b01401c291c04f3006358	16753135a76a1b681eab49fafb84328a2664bb7a5fbea8737269b9f7c366ee03	minimum directly accessed span; complete object/array extent and final layout unproved
DAT_0035d48c	0x0035d48c	DIRECT_ACCESS_PROVED	0x4	initialized	df3f619804a92fdb4057192dc43dd748ea778adc52bc498ce80524c014b81119	0x00104f18	0x798	0x0010508c	sw	3	0x00105064;0x0010506c	7ef55aff29e7cc6b13b515713c18e347409197285b5493f8cee81d6eaaa1a9f0			analysis/matching/hunt1041-v81-validated-final20.tsv	31c5aad06832fadab8d0bd703531718a87ea186d279c241a41789ae0c2608e1a	ps2/progress28_structural_lift_recovered.o	block-local-constant	b8f2bdcb05d3b4d3e386f2a1e61d8146cffaa3e1b66bc8b9acce81d11e86ed4c	16753135a76a1b681eab49fafb84328a2664bb7a5fbea8737269b9f7c366ee03	minimum directly accessed span; complete object/array extent and final layout unproved
DAT_0035d490	0x0035d490	DIRECT_ACCESS_PROVED	0x4	initialized	df3f619804a92fdb4057192dc43dd748ea778adc52bc498ce80524c014b81119	0x00100114	0x278	0x001001c4	lw	2	0x001001c0	0d593b0b2ddeeb2f81eeedece67e7d369b99f0cdc3df15784b17c9236611c995			analysis/matching/hunt1041-v80-validated-quickwins-23.tsv	bc64ffd5bceeb09497ff1e765080b7ca7d92f7127b9724423638bbbf4bf2160f	ps2/progress28_structural_lift_recovered.o	block-local-constant	7e9ac3595f51b8b16782d02d52a1d0ef302620918e2b01401c291c04f3006358	16753135a76a1b681eab49fafb84328a2664bb7a5fbea8737269b9f7c366ee03	minimum directly accessed span; complete object/array extent and final layout unproved
DAT_0035d494	0x0035d494	DIRECT_ACCESS_PROVED	0x4	initialized	df3f619804a92fdb4057192dc43dd748ea778adc52bc498ce80524c014b81119	0x0014ec54	0x1a38	0x0014f104	lw	2	0x0014f100	7916f46bbc2bbc303609abb51b6cd042432a0415f1b70486b9445284e46f22f6			analysis/matching/hunt1041-v52-validated-17.tsv	05383075b5e8de362905b18184a8b4b88c4b9e1310568ac1791fff170c6129d9	ps2/progress28_structural_lift_recovered.o	block-local-constant	27920e8bbaf675d37d956c24879afac063df389ed960770ee639320c48d3779e	16753135a76a1b681eab49fafb84328a2664bb7a5fbea8737269b9f7c366ee03	minimum directly accessed span; complete object/array extent and final layout unproved
DAT_0035d498	0x0035d498	DIRECT_ACCESS_PROVED	0x4	initialized	df3f619804a92fdb4057192dc43dd748ea778adc52bc498ce80524c014b81119	0x00142a78	0x59c	0x00142d7c	lw	16	0x00142d6c;0x00142d74	7624388b873111d4326c63c1046c116fa13fdeb87068e0a4b5f85eacbd9189e7			analysis/matching/hunt1041-v49-validated-20.tsv	d4fa3387ca1f39cdaf967b664e19682d448b402749ad07ae854873a782cfc045	ps2/progress28_structural_lift_recovered.o	block-local-constant	65e4cad2f6ee64877d52f870f6c674fb3fb60c85d27e5a2d1343de3748a33895	16753135a76a1b681eab49fafb84328a2664bb7a5fbea8737269b9f7c366ee03	minimum directly accessed span; complete object/array extent and final layout unproved
DAT_0035d49c	0x0035d49c	DIRECT_ACCESS_PROVED	0x4	initialized	df3f619804a92fdb4057192dc43dd748ea778adc52bc498ce80524c014b81119	0x00142a78	0x59c	0x00142e6c	lw	6	0x00142e58;0x00142e60	2a4213ca5ed50c4aa4390fd7275f008ff3ac2ff01965696d0c9645db7a9a1fd3			analysis/matching/hunt1041-v49-validated-20.tsv	d4fa3387ca1f39cdaf967b664e19682d448b402749ad07ae854873a782cfc045	ps2/progress28_structural_lift_recovered.o	block-local-constant	65e4cad2f6ee64877d52f870f6c674fb3fb60c85d27e5a2d1343de3748a33895	16753135a76a1b681eab49fafb84328a2664bb7a5fbea8737269b9f7c366ee03	minimum directly accessed span; complete object/array extent and final layout unproved
DAT_0035d4a0	0x0035d4a0	DIRECT_ACCESS_PROVED	0x4	initialized	df3f619804a92fdb4057192dc43dd748ea778adc52bc498ce80524c014b81119	0x00142a78	0x59c	0x00142f24	lw	6	0x00142f14;0x00142f1c	a32de8003c6fb8f52529b1aded883bd9f5631a68150568b56d6340de14320ebc			analysis/matching/hunt1041-v49-validated-20.tsv	d4fa3387ca1f39cdaf967b664e19682d448b402749ad07ae854873a782cfc045	ps2/progress28_structural_lift_recovered.o	block-local-constant	65e4cad2f6ee64877d52f870f6c674fb3fb60c85d27e5a2d1343de3748a33895	16753135a76a1b681eab49fafb84328a2664bb7a5fbea8737269b9f7c366ee03	minimum directly accessed span; complete object/array extent and final layout unproved
DAT_0035d4a4	0x0035d4a4	DIRECT_ACCESS_PROVED	0x4	initialized	df3f619804a92fdb4057192dc43dd748ea778adc52bc498ce80524c014b81119	0x00142a78	0x59c	0x00142bf0	sw	7	0x00142bd8;0x00142bdc	a8e34c5930256439d8616a4046dfc7ef18b913a2276b2e093e40627aef47eefc			analysis/matching/hunt1041-v49-validated-20.tsv	d4fa3387ca1f39cdaf967b664e19682d448b402749ad07ae854873a782cfc045	ps2/progress28_structural_lift_recovered.o	block-local-constant	65e4cad2f6ee64877d52f870f6c674fb3fb60c85d27e5a2d1343de3748a33895	16753135a76a1b681eab49fafb84328a2664bb7a5fbea8737269b9f7c366ee03	minimum directly accessed span; complete object/array extent and final layout unproved
DAT_0035d4a8	0x0035d4a8	DIRECT_ACCESS_PROVED	0x4	initialized	df3f619804a92fdb4057192dc43dd748ea778adc52bc498ce80524c014b81119	0x00142a78	0x59c	0x00142bec	sw	7	0x00142bd8;0x00142bdc	d88dbd6cfcedc39ec5eaca7797e83979b64e36465ec3b62436d3f7318073991b			analysis/matching/hunt1041-v49-validated-20.tsv	d4fa3387ca1f39cdaf967b664e19682d448b402749ad07ae854873a782cfc045	ps2/progress28_structural_lift_recovered.o	block-local-constant	65e4cad2f6ee64877d52f870f6c674fb3fb60c85d27e5a2d1343de3748a33895	16753135a76a1b681eab49fafb84328a2664bb7a5fbea8737269b9f7c366ee03	minimum directly accessed span; complete object/array extent and final layout unproved
DAT_0035d4ac	0x0035d4ac	DIRECT_ACCESS_PROVED	0x4	initialized	df3f619804a92fdb4057192dc43dd748ea778adc52bc498ce80524c014b81119	0x00142a78	0x59c	0x00142bf8	sw	7	0x00142bd8;0x00142bdc	71d251c94113643eb06b09cb79a996da641dadabfbb6c603e5421e13d463ef4a			analysis/matching/hunt1041-v49-validated-20.tsv	d4fa3387ca1f39cdaf967b664e19682d448b402749ad07ae854873a782cfc045	ps2/progress28_structural_lift_recovered.o	block-local-constant	65e4cad2f6ee64877d52f870f6c674fb3fb60c85d27e5a2d1343de3748a33895	16753135a76a1b681eab49fafb84328a2664bb7a5fbea8737269b9f7c366ee03	minimum directly accessed span; complete object/array extent and final layout unproved
DAT_0035d4b0	0x0035d4b0	DIRECT_ACCESS_PROVED	0x4	initialized	df3f619804a92fdb4057192dc43dd748ea778adc52bc498ce80524c014b81119	0x0014e828	0x1a4	0x0014e8cc	lw	2	0x0014e8c4	bca0eb4c1fbc810dfbf31fa2298946a660bb9370e5a55f9b9f05863dd796f672			analysis/matching/hunt1000plus-v47-validated-79.tsv	fce375f4f3738af37cd57537ff374d0a7dbe0ca85559ecca8691858bce0bc623	ps2/progress28_structural_lift_recovered.o	block-local-constant	4deee9ab39ce633a3d428d85ef4593f2b7aee7d32c5afd37c4e699537e9b275f	16753135a76a1b681eab49fafb84328a2664bb7a5fbea8737269b9f7c366ee03	minimum directly accessed span; complete object/array extent and final layout unproved
DAT_0035d4b4	0x0035d4b4	DIRECT_ACCESS_PROVED	0x4	initialized	df3f619804a92fdb4057192dc43dd748ea778adc52bc498ce80524c014b81119	0x0014311c	0x274	0x00143328	sw	3	0x00143314;0x00143318	d011a201217976f00fc32d72edd2a8fed58a31c9f7b4973500b6ab68d617a50d			analysis/matching/hunt500plus-v33-validated-204.tsv	198b46bab535289a94dc3974ab342f12191763e99b5f096294b68629f210f5a7	ps2/progress28_structural_lift_recovered.o	block-local-constant	7680dc00fdde42f602754a294a8e382d083349750549a360e664bbacdc9ed264	16753135a76a1b681eab49fafb84328a2664bb7a5fbea8737269b9f7c366ee03	minimum directly accessed span; complete object/array extent and final layout unproved
DAT_0035d4b8	0x0035d4b8	DIRECT_ACCESS_PROVED	0x4	initialized	df3f619804a92fdb4057192dc43dd748ea778adc52bc498ce80524c014b81119	0x001437d8	0x6a4	0x00143c60	lw	2	0x00143c5c	0f45686817504ef0de11298b7a7823b282e11580cdcfcea434eba1aa925937bc			analysis/matching/hunt500plus-v33-validated-204.tsv	198b46bab535289a94dc3974ab342f12191763e99b5f096294b68629f210f5a7	ps2/progress28_structural_lift_recovered.o	block-local-constant	74ff9293292906f1f82017e51146fd4e434763f73b6331af16556e034c9eeec3	16753135a76a1b681eab49fafb84328a2664bb7a5fbea8737269b9f7c366ee03	minimum directly accessed span; complete object/array extent and final layout unproved
DAT_0035d4bc	0x0035d4bc	DIRECT_ACCESS_PROVED	0x4	initialized	df3f619804a92fdb4057192dc43dd748ea778adc52bc498ce80524c014b81119	0x0014e140	0x6e8	0x0014e180	sw	8	0x0014e144;0x0014e14c	886c9cd2e7b690b45e73060d77d136a95c654450be5c0e6d00c2c94d0bdd9591			analysis/matching/hunt500plus-v33-validated-204.tsv	198b46bab535289a94dc3974ab342f12191763e99b5f096294b68629f210f5a7	ps2/progress28_structural_lift_recovered.o	block-local-constant	3d8d2a8860090142a61a06c1b9eee5c1d5a2b280210dccd0462caf2f6165a068	16753135a76a1b681eab49fafb84328a2664bb7a5fbea8737269b9f7c366ee03	minimum directly accessed span; complete object/array extent and final layout unproved
DAT_0035d4c0	0x0035d4c0	DIRECT_ACCESS_PROVED	0x4	initialized	df3f619804a92fdb4057192dc43dd748ea778adc52bc498ce80524c014b81119	0x00145c08	0x5a0	0x00145cbc	lw	2	0x00145c88;0x00145c8c	c2372e57d34c1c5b57611408e8476ac0fd30a5ba0c4f0fca58aa8e50ab9f0bf1			analysis/matching/hunt500plus-v33-validated-204.tsv	198b46bab535289a94dc3974ab342f12191763e99b5f096294b68629f210f5a7	ps2/progress28_structural_lift_recovered.o	block-local-constant	38422b730a8518b9164c15779771b4c0cd21efb8041e606ebe161f5284e4e3dd	16753135a76a1b681eab49fafb84328a2664bb7a5fbea8737269b9f7c366ee03	minimum directly accessed span; complete object/array extent and final layout unproved
DAT_0035d4c4	0x0035d4c4	DIRECT_ACCESS_PROVED	0x4	initialized	df3f619804a92fdb4057192dc43dd748ea778adc52bc498ce80524c014b81119	0x0018428c	0x31c	0x00184368	sw	2	0x00184364	47bb2fe8fc339667b3021438dc36bec427f67ce60f861dd94a1fb23fb6302731			analysis/matching/hunt400-v9-validated-64.tsv	b3f060b4eb6026892fe5c21b010273bd806125d898cc7d50bf05631d6d64e6f8	ps2/progress28_structural_lift_recovered.o	block-local-constant	a4a07e01c13cd41bdab54cec96dca0caa2d366758c39b8f6c046a1b7f7ef3aa3	16753135a76a1b681eab49fafb84328a2664bb7a5fbea8737269b9f7c366ee03	minimum directly accessed span; complete object/array extent and final layout unproved
DAT_0035d4c8	0x0035d4c8	DIRECT_ACCESS_PROVED	0x4	initialized	df3f619804a92fdb4057192dc43dd748ea778adc52bc498ce80524c014b81119	0x0014311c	0x274	0x001432d4	sw	4	0x0014329c;0x001432a4	9e9d3432f673590722ab1f01ca69f2cff2f968b6da7e093a8c1dce262d1a9ff4			analysis/matching/hunt500plus-v33-validated-204.tsv	198b46bab535289a94dc3974ab342f12191763e99b5f096294b68629f210f5a7	ps2/progress28_structural_lift_recovered.o	block-local-constant	7680dc00fdde42f602754a294a8e382d083349750549a360e664bbacdc9ed264	16753135a76a1b681eab49fafb84328a2664bb7a5fbea8737269b9f7c366ee03	minimum directly accessed span; complete object/array extent and final layout unproved
DAT_0035d4cc	0x0035d4cc	DIRECT_ACCESS_PROVED	0x1	initialized	6e340b9cffb37a989ca544e6bb780a2c78901d3fb33738768511a30617afa01d	0x00146720	0x74c	0x00146ac4	lbu	2	0x00146ac0	1aaf299d7e77a35c40f564daed8f8129da007caf1d0c14c783dd5e2e5a0b19c9			analysis/matching/hunt1000plus-v47-validated-79.tsv	fce375f4f3738af37cd57537ff374d0a7dbe0ca85559ecca8691858bce0bc623	ps2/progress28_structural_lift_recovered.o	block-local-constant	2a3aba70a65d7791e3b75704fbd662bd712251d2aa22d69205d318d35d8ae297	16753135a76a1b681eab49fafb84328a2664bb7a5fbea8737269b9f7c366ee03	minimum directly accessed span; complete object/array extent and final layout unproved
DAT_0035d4cd	0x0035d4cd	DIRECT_ACCESS_PROVED	0x1	initialized	6e340b9cffb37a989ca544e6bb780a2c78901d3fb33738768511a30617afa01d	0x0018a6d4	0x6e4	0x0018a8c4	lbu	2	0x0018a8c0	541b7cf3b2573dfcba994ec81c6661d48a957230958aabca3260ac4f5cfbf685			analysis/matching/hunt1000plus-v47-validated-79.tsv	fce375f4f3738af37cd57537ff374d0a7dbe0ca85559ecca8691858bce0bc623	ps2/progress28_structural_lift_recovered.o	block-local-constant	f092eeaa0bbe12c0bb259755fdc8c9684b3b3cf8d17f5a0fe9278ec4c7b8512f	16753135a76a1b681eab49fafb84328a2664bb7a5fbea8737269b9f7c366ee03	minimum directly accessed span; complete object/array extent and final layout unproved
DAT_0035d4d0	0x0035d4d0	DIRECT_ACCESS_PROVED	0x4	initialized	df3f619804a92fdb4057192dc43dd748ea778adc52bc498ce80524c014b81119	0x00146720	0x74c	0x00146b58	lw	7	0x001469dc;0x001469e8	2a3aba70a65d7791e3b75704fbd662bd712251d2aa22d69205d318d35d8ae297			analysis/matching/hunt1000plus-v47-validated-79.tsv	fce375f4f3738af37cd57537ff374d0a7dbe0ca85559ecca8691858bce0bc623	ps2/progress28_structural_lift_recovered.o	cfg-must-constant	2a3aba70a65d7791e3b75704fbd662bd712251d2aa22d69205d318d35d8ae297	16753135a76a1b681eab49fafb84328a2664bb7a5fbea8737269b9f7c366ee03	minimum directly accessed span; complete object/array extent and final layout unproved
DAT_0035d4d4	0x0035d4d4	DIRECT_ACCESS_PROVED	0x4	initialized	df3f619804a92fdb4057192dc43dd748ea778adc52bc498ce80524c014b81119	0x001434ac	0x1e0	0x00143688	sw	2	0x00143674;0x0014367c	2080b188d0e7cd5e46eb07e14bed633cb84c39ec5b49f3ee58f00ec339ee5a3f			analysis/matching/hunt1041-v52-validated-17.tsv	05383075b5e8de362905b18184a8b4b88c4b9e1310568ac1791fff170c6129d9	ps2/progress28_structural_lift_recovered.o	block-local-constant	8e1600ec60e2e496eb0a915feb6fe1639da6a7f00e795fea2dbcf0edb796792d	16753135a76a1b681eab49fafb84328a2664bb7a5fbea8737269b9f7c366ee03	minimum directly accessed span; complete object/array extent and final layout unproved
DAT_0035d4d8	0x0035d4d8	DIRECT_ACCESS_PROVED	0x4	initialized	df3f619804a92fdb4057192dc43dd748ea778adc52bc498ce80524c014b81119	0x0014311c	0x274	0x00143130	lw	3	0x00143120;0x00143128	98d46c5c53fae7369645726f7cfa39a28e5bda6d561d7cebc7d0c25f9d64d775			analysis/matching/hunt500plus-v33-validated-204.tsv	198b46bab535289a94dc3974ab342f12191763e99b5f096294b68629f210f5a7	ps2/progress28_structural_lift_recovered.o	block-local-constant	7680dc00fdde42f602754a294a8e382d083349750549a360e664bbacdc9ed264	16753135a76a1b681eab49fafb84328a2664bb7a5fbea8737269b9f7c366ee03	minimum directly accessed span; complete object/array extent and final layout unproved
DAT_0035d4dc	0x0035d4dc	DIRECT_ACCESS_PROVED	0x4	initialized	df3f619804a92fdb4057192dc43dd748ea778adc52bc498ce80524c014b81119	0x00144ad8	0x768	0x00144c90	lw	2	0x00144c8c	892722cdf0b102af821a11f66b78f131ea9d48ba8ad874375166bca210823f25			analysis/matching/hunt1041-v49-validated-20.tsv	d4fa3387ca1f39cdaf967b664e19682d448b402749ad07ae854873a782cfc045	ps2/progress28_structural_lift_recovered.o	block-local-constant	9c17ea336653b82e17c1ce712a39493e2b97cae0d262e45d8a0d88b502eafaea	16753135a76a1b681eab49fafb84328a2664bb7a5fbea8737269b9f7c366ee03	minimum directly accessed span; complete object/array extent and final layout unproved
DAT_0035d4e0	0x0035d4e0	DIRECT_ACCESS_PROVED	0x4	initialized	df3f619804a92fdb4057192dc43dd748ea778adc52bc498ce80524c014b81119	0x00143e7c	0x570	0x001442bc	lw	2	0x001442b4	64c4967ed3ae3dc8af7a1d98de804838153bb8afcfd16145a87313fd104afa83			analysis/matching/hunt500plus-v33-validated-204.tsv	198b46bab535289a94dc3974ab342f12191763e99b5f096294b68629f210f5a7	ps2/progress28_structural_lift_recovered.o	block-local-constant	0b62dd98640f6ee118839dcb7df87f605c553a76411344eb12f997382db18d44	16753135a76a1b681eab49fafb84328a2664bb7a5fbea8737269b9f7c366ee03	minimum directly accessed span; complete object/array extent and final layout unproved
DAT_0035d4e4	0x0035d4e4	DIRECT_ACCESS_PROVED	0x4	initialized	df3f619804a92fdb4057192dc43dd748ea778adc52bc498ce80524c014b81119	0x001437d8	0x6a4	0x00143a44	lw	2	0x00143a40	47343dde65406dce6cb0da96d8138fe22251acae3e5c3a4292bc82e9a56500db			analysis/matching/hunt500plus-v33-validated-204.tsv	198b46bab535289a94dc3974ab342f12191763e99b5f096294b68629f210f5a7	ps2/progress28_structural_lift_recovered.o	block-local-constant	74ff9293292906f1f82017e51146fd4e434763f73b6331af16556e034c9eeec3	16753135a76a1b681eab49fafb84328a2664bb7a5fbea8737269b9f7c366ee03	minimum directly accessed span; complete object/array extent and final layout unproved
DAT_0035d4e8	0x0035d4e8	DIRECT_ACCESS_PROVED	0x4	initialized	df3f619804a92fdb4057192dc43dd748ea778adc52bc498ce80524c014b81119	0x00148394	0x1014	0x00148b1c	lw	23	0x00148afc;0x00148b0c	4c5ed9209c23f45754f851d7c662c87bde513e9fec774ebe031202a673c73a63			analysis/matching/hunt1000plus-v47-validated-79.tsv	fce375f4f3738af37cd57537ff374d0a7dbe0ca85559ecca8691858bce0bc623	ps2/progress28_structural_lift_recovered.o	block-local-constant	a023ae34d6b406f5763c46057137464ed92262e207f252b7777a9c8cd2bcac7d	16753135a76a1b681eab49fafb84328a2664bb7a5fbea8737269b9f7c366ee03	minimum directly accessed span; complete object/array extent and final layout unproved
DAT_0035d4ec	0x0035d4ec	DIRECT_ACCESS_PROVED	0x4	initialized	df3f619804a92fdb4057192dc43dd748ea778adc52bc498ce80524c014b81119	0x00145c08	0x5a0	0x00145ed4	lw	7	0x00145ec4;0x00145ecc	0c7b5f7bd2b9c9ffc87d707e4fa7a555381bd0731126fab69b326dc9c38e1716			analysis/matching/hunt500plus-v33-validated-204.tsv	198b46bab535289a94dc3974ab342f12191763e99b5f096294b68629f210f5a7	ps2/progress28_structural_lift_recovered.o	block-local-constant	38422b730a8518b9164c15779771b4c0cd21efb8041e606ebe161f5284e4e3dd	16753135a76a1b681eab49fafb84328a2664bb7a5fbea8737269b9f7c366ee03	minimum directly accessed span; complete object/array extent and final layout unproved
DAT_0035d4f0	0x0035d4f0	DIRECT_ACCESS_PROVED	0x4	initialized	df3f619804a92fdb4057192dc43dd748ea778adc52bc498ce80524c014b81119	0x001437d8	0x6a4	0x00143900	lw	2	0x001438f8;0x001438fc	07f860c8873aea1f4659b00a744c25560596c5be25df52fe390097fc3752e69b			analysis/matching/hunt500plus-v33-validated-204.tsv	198b46bab535289a94dc3974ab342f12191763e99b5f096294b68629f210f5a7	ps2/progress28_structural_lift_recovered.o	block-local-constant	74ff9293292906f1f82017e51146fd4e434763f73b6331af16556e034c9eeec3	16753135a76a1b681eab49fafb84328a2664bb7a5fbea8737269b9f7c366ee03	minimum directly accessed span; complete object/array extent and final layout unproved
DAT_0035dab0	0x0035dab0	NO_DIRECT_ACCESS_WITNESS															ps2/progress28_structural_lift_recovered.o				indexed/pointer/array/object bounds require separate proof
DAT_0035dd38	0x0035dd38	NO_DIRECT_ACCESS_WITNESS															ps2/progress28_structural_lift_recovered.o				indexed/pointer/array/object bounds require separate proof
DAT_0035df3c	0x0035df3c	DIRECT_ACCESS_PROVED	0x4	initialized	df3f619804a92fdb4057192dc43dd748ea778adc52bc498ce80524c014b81119	0x0014e140	0x6e8	0x0014e6f8	lw	8	0x0014e144;0x0014e14c	3d8d2a8860090142a61a06c1b9eee5c1d5a2b280210dccd0462caf2f6165a068			analysis/matching/hunt500plus-v33-validated-204.tsv	198b46bab535289a94dc3974ab342f12191763e99b5f096294b68629f210f5a7	ps2/progress28_structural_lift_recovered.o	cfg-must-constant	3d8d2a8860090142a61a06c1b9eee5c1d5a2b280210dccd0462caf2f6165a068	16753135a76a1b681eab49fafb84328a2664bb7a5fbea8737269b9f7c366ee03	minimum directly accessed span; complete object/array extent and final layout unproved
DAT_0035df40	0x0035df40	DIRECT_ACCESS_PROVED	0x1	initialized	6e340b9cffb37a989ca544e6bb780a2c78901d3fb33738768511a30617afa01d	0x0014ec54	0x1a38	0x0014ef70	lbu	8	0x0014ef68;0x0014ef6c	949e5be30cb052e7946821c810bea9731d48aae7b101a86dd1609454cafb7579			analysis/matching/hunt1041-v52-validated-17.tsv	05383075b5e8de362905b18184a8b4b88c4b9e1310568ac1791fff170c6129d9	ps2/progress28_structural_lift_recovered.o	block-local-constant	27920e8bbaf675d37d956c24879afac063df389ed960770ee639320c48d3779e	16753135a76a1b681eab49fafb84328a2664bb7a5fbea8737269b9f7c366ee03	minimum directly accessed span; complete object/array extent and final layout unproved
DAT_0035df48	0x0035df48	NO_DIRECT_ACCESS_WITNESS															ps2/progress28_structural_lift_recovered.o				indexed/pointer/array/object bounds require separate proof
DAT_0035df4a	0x0035df4a	NO_DIRECT_ACCESS_WITNESS															ps2/progress28_structural_lift_recovered.o				indexed/pointer/array/object bounds require separate proof
DAT_0035df4c	0x0035df4c	NO_DIRECT_ACCESS_WITNESS															ps2/progress28_structural_lift_recovered.o				indexed/pointer/array/object bounds require separate proof
DAT_0035df4e	0x0035df4e	NO_DIRECT_ACCESS_WITNESS															ps2/progress28_structural_lift_recovered.o				indexed/pointer/array/object bounds require separate proof
DAT_0035df50	0x0035df50	NO_DIRECT_ACCESS_WITNESS															ps2/progress28_structural_lift_recovered.o				indexed/pointer/array/object bounds require separate proof
DAT_0035df52	0x0035df52	NO_DIRECT_ACCESS_WITNESS															ps2/progress28_structural_lift_recovered.o				indexed/pointer/array/object bounds require separate proof
DAT_0035df54	0x0035df54	NO_DIRECT_ACCESS_WITNESS															ps2/progress28_structural_lift_recovered.o				indexed/pointer/array/object bounds require separate proof
DAT_0035df56	0x0035df56	NO_DIRECT_ACCESS_WITNESS															ps2/progress28_structural_lift_recovered.o				indexed/pointer/array/object bounds require separate proof
DAT_0035df58	0x0035df58	NO_DIRECT_ACCESS_WITNESS															ps2/progress28_structural_lift_recovered.o				indexed/pointer/array/object bounds require separate proof
DAT_0035df5a	0x0035df5a	NO_DIRECT_ACCESS_WITNESS															ps2/progress28_structural_lift_recovered.o				indexed/pointer/array/object bounds require separate proof
DAT_0035ee48	0x0035ee48	NO_DIRECT_ACCESS_WITNESS															ps2/progress28_structural_lift_recovered.o				indexed/pointer/array/object bounds require separate proof
DAT_0035ee4a	0x0035ee4a	NO_DIRECT_ACCESS_WITNESS															ps2/progress28_structural_lift_recovered.o				indexed/pointer/array/object bounds require separate proof
DAT_0035ee4c	0x0035ee4c	NO_DIRECT_ACCESS_WITNESS															ps2/progress28_structural_lift_recovered.o				indexed/pointer/array/object bounds require separate proof
DAT_0035ee4e	0x0035ee4e	NO_DIRECT_ACCESS_WITNESS															ps2/progress28_structural_lift_recovered.o				indexed/pointer/array/object bounds require separate proof
DAT_0035ee50	0x0035ee50	NO_DIRECT_ACCESS_WITNESS															ps2/progress28_structural_lift_recovered.o				indexed/pointer/array/object bounds require separate proof
DAT_0035ee52	0x0035ee52	NO_DIRECT_ACCESS_WITNESS															ps2/progress28_structural_lift_recovered.o				indexed/pointer/array/object bounds require separate proof
DAT_0035f988	0x0035f988	DIRECT_ACCESS_PROVED	0x1	initialized	6e340b9cffb37a989ca544e6bb780a2c78901d3fb33738768511a30617afa01d	0x0014e140	0x6e8	0x0014e588	sb	7	0x0014e564	c669209299fbb500eea8ab1f54eef445b1dad082b89fb371e9e5d86b85803009			analysis/matching/hunt500plus-v33-validated-204.tsv	198b46bab535289a94dc3974ab342f12191763e99b5f096294b68629f210f5a7	ps2/progress28_structural_lift_recovered.o	block-local-constant	3d8d2a8860090142a61a06c1b9eee5c1d5a2b280210dccd0462caf2f6165a068	16753135a76a1b681eab49fafb84328a2664bb7a5fbea8737269b9f7c366ee03	minimum directly accessed span; complete object/array extent and final layout unproved
DAT_0035f989	0x0035f989	DIRECT_ACCESS_PROVED	0x1	initialized	6e340b9cffb37a989ca544e6bb780a2c78901d3fb33738768511a30617afa01d	0x0014ec54	0x1a38	0x001504c8	sb	2	0x001504c0	f78f3e02ce0a8b3cec9a74b8db2be2ffc941a2af7e4af472d4b150afd3bb50fa			analysis/matching/hunt1041-v52-validated-17.tsv	05383075b5e8de362905b18184a8b4b88c4b9e1310568ac1791fff170c6129d9	ps2/progress28_structural_lift_recovered.o	block-local-constant	27920e8bbaf675d37d956c24879afac063df389ed960770ee639320c48d3779e	16753135a76a1b681eab49fafb84328a2664bb7a5fbea8737269b9f7c366ee03	minimum directly accessed span; complete object/array extent and final layout unproved
DAT_0035f98c	0x0035f98c	DIRECT_ACCESS_PROVED	0x4	initialized	df3f619804a92fdb4057192dc43dd748ea778adc52bc498ce80524c014b81119	0x00142a78	0x59c	0x00142c98	sw	2	0x00142c94	2ca863c641b1d98553715ace7ed93f0203b7e8469a5ac3b6f1844f6d45ced1b8			analysis/matching/hunt1041-v49-validated-20.tsv	d4fa3387ca1f39cdaf967b664e19682d448b402749ad07ae854873a782cfc045	ps2/progress28_structural_lift_recovered.o	block-local-constant	65e4cad2f6ee64877d52f870f6c674fb3fb60c85d27e5a2d1343de3748a33895	16753135a76a1b681eab49fafb84328a2664bb7a5fbea8737269b9f7c366ee03	minimum directly accessed span; complete object/array extent and final layout unproved
DAT_0035f990	0x0035f990	DIRECT_ACCESS_PROVED	0x4	initialized	df3f619804a92fdb4057192dc43dd748ea778adc52bc498ce80524c014b81119	0x00142a78	0x59c	0x00142ca4	sw	2	0x00142c9c	793af593c650a2c06f16e0cbbc6b0396211d1bd9a00e3b9538f822e0b2a60205			analysis/matching/hunt1041-v49-validated-20.tsv	d4fa3387ca1f39cdaf967b664e19682d448b402749ad07ae854873a782cfc045	ps2/progress28_structural_lift_recovered.o	block-local-constant	65e4cad2f6ee64877d52f870f6c674fb3fb60c85d27e5a2d1343de3748a33895	16753135a76a1b681eab49fafb84328a2664bb7a5fbea8737269b9f7c366ee03	minimum directly accessed span; complete object/array extent and final layout unproved
DAT_0035f994	0x0035f994	DIRECT_ACCESS_PROVED	0x4	initialized	df3f619804a92fdb4057192dc43dd748ea778adc52bc498ce80524c014b81119	0x00142a78	0x59c	0x00142c88	sw	2	0x00142c80	f8fa41a1d85671e9463108173dcacf9100d5e1170fabc79b585cfab67760568f			analysis/matching/hunt1041-v49-validated-20.tsv	d4fa3387ca1f39cdaf967b664e19682d448b402749ad07ae854873a782cfc045	ps2/progress28_structural_lift_recovered.o	block-local-constant	65e4cad2f6ee64877d52f870f6c674fb3fb60c85d27e5a2d1343de3748a33895	16753135a76a1b681eab49fafb84328a2664bb7a5fbea8737269b9f7c366ee03	minimum directly accessed span; complete object/array extent and final layout unproved
DAT_0035f998	0x0035f998	DIRECT_ACCESS_PROVED	0x4	initialized	df3f619804a92fdb4057192dc43dd748ea778adc52bc498ce80524c014b81119	0x00142a78	0x59c	0x00142c90	sw	2	0x00142c8c	2883ac805308743a2292faa18d5d0cbda64fa3ce51d99a41920f027d43b00e31			analysis/matching/hunt1041-v49-validated-20.tsv	d4fa3387ca1f39cdaf967b664e19682d448b402749ad07ae854873a782cfc045	ps2/progress28_structural_lift_recovered.o	block-local-constant	65e4cad2f6ee64877d52f870f6c674fb3fb60c85d27e5a2d1343de3748a33895	16753135a76a1b681eab49fafb84328a2664bb7a5fbea8737269b9f7c366ee03	minimum directly accessed span; complete object/array extent and final layout unproved
DAT_0035f99c	0x0035f99c	DIRECT_ACCESS_PROVED	0x4	initialized	df3f619804a92fdb4057192dc43dd748ea778adc52bc498ce80524c014b81119	0x00142a78	0x59c	0x00142c78	sw	3	0x00142c6c	b986105e0301d8b97f101ae5ca4e1c86789249ac66b43ee6e3dae7e251bd8bd6			analysis/matching/hunt1041-v49-validated-20.tsv	d4fa3387ca1f39cdaf967b664e19682d448b402749ad07ae854873a782cfc045	ps2/progress28_structural_lift_recovered.o	block-local-constant	65e4cad2f6ee64877d52f870f6c674fb3fb60c85d27e5a2d1343de3748a33895	16753135a76a1b681eab49fafb84328a2664bb7a5fbea8737269b9f7c366ee03	minimum directly accessed span; complete object/array extent and final layout unproved
DAT_0035fda0	0x0035fda0	DIRECT_ACCESS_PROVED	0x1	initialized	6e340b9cffb37a989ca544e6bb780a2c78901d3fb33738768511a30617afa01d	0x0015bc70	0x4b4	0x0015c00c	sb	7	0x0015bffc	9d57b4ccea0518728e94d0f329021f0f593e83b47213fc96777d91e524f1754f			analysis/matching/hunt500plus-v33-validated-204.tsv	198b46bab535289a94dc3974ab342f12191763e99b5f096294b68629f210f5a7	ps2/progress28_structural_lift_recovered.o	block-local-constant	ae627c8c72b1daf4f073bba5b6dfb73c2d002bb109ed710f743e3d51734b92af	16753135a76a1b681eab49fafb84328a2664bb7a5fbea8737269b9f7c366ee03	minimum directly accessed span; complete object/array extent and final layout unproved
DAT_0035fda8	0x0035fda8	NO_DIRECT_ACCESS_WITNESS															ps2/progress28_structural_lift_recovered.o				indexed/pointer/array/object bounds require separate proof
DAT_0035fdac	0x0035fdac	NO_DIRECT_ACCESS_WITNESS															ps2/progress28_structural_lift_recovered.o				indexed/pointer/array/object bounds require separate proof
DAT_0035fdad	0x0035fdad	NO_DIRECT_ACCESS_WITNESS															ps2/progress28_structural_lift_recovered.o				indexed/pointer/array/object bounds require separate proof
DAT_0035fdae	0x0035fdae	NO_DIRECT_ACCESS_WITNESS															ps2/progress28_structural_lift_recovered.o				indexed/pointer/array/object bounds require separate proof
DAT_0035fdaf	0x0035fdaf	NO_DIRECT_ACCESS_WITNESS															ps2/progress28_structural_lift_recovered.o				indexed/pointer/array/object bounds require separate proof
DAT_0035fdb0	0x0035fdb0	NO_DIRECT_ACCESS_WITNESS															ps2/progress28_structural_lift_recovered.o				indexed/pointer/array/object bounds require separate proof
DAT_0035fdc4	0x0035fdc4	NO_DIRECT_ACCESS_WITNESS															ps2/progress28_structural_lift_recovered.o				indexed/pointer/array/object bounds require separate proof
DAT_00360708	0x00360708	DIRECT_ACCESS_PROVED	0x4	initialized	df3f619804a92fdb4057192dc43dd748ea778adc52bc498ce80524c014b81119	0x00114544	0x130	0x00114560	sw	2	0x00114548	0099eaebe2dbc1f79e5cebcb8ca027c13218414c80184deef3f08c42284ae43c			analysis/matching/hunt1041-v73-validated-2.tsv	a1516ba56bc9e6f3a3cec0dd74c94495b5b2abe3132227a1cad7a9556034413c	ps2/progress28_structural_lift_recovered.o	block-local-constant	5a0c72f83cad7ca411f73ddb552d5392f840d3e185ee754f073b6ec2504bdd94	16753135a76a1b681eab49fafb84328a2664bb7a5fbea8737269b9f7c366ee03	minimum directly accessed span; complete object/array extent and final layout unproved
DAT_003ab71c	0x003ab71c	DIRECT_ACCESS_PROVED	0x4	initialized	df3f619804a92fdb4057192dc43dd748ea778adc52bc498ce80524c014b81119	0x00175300	0x9b4	0x00175380	lw	2	0x00175378;0x0017537c	e4063a6c05b469d21b512d3bc90316dd3fa8e271cc28b1a86529f159c7109d2a			analysis/matching/hunt1041-v81-validated-final20.tsv	31c5aad06832fadab8d0bd703531718a87ea186d279c241a41789ae0c2608e1a	ps2/progress28_structural_lift_recovered.o	block-local-constant	a4009eee1ef43aa647aa6ccf7781cca84920b09ee285bf39976d883bdd218a99	16753135a76a1b681eab49fafb84328a2664bb7a5fbea8737269b9f7c366ee03	minimum directly accessed span; complete object/array extent and final layout unproved
DAT_003ab720	0x003ab720	DIRECT_ACCESS_PROVED	0x4	initialized	df3f619804a92fdb4057192dc43dd748ea778adc52bc498ce80524c014b81119	0x00173e6c	0xb8	0x00173ea4	lw	5	0x00173e9c;0x00173ea0	a06613d2454bec8a7874504fa311c72a2c580047a2dd95ee9b48699caad78744			analysis/matching/hunt400-v9-validated-64.tsv	b3f060b4eb6026892fe5c21b010273bd806125d898cc7d50bf05631d6d64e6f8	ps2/progress28_structural_lift_recovered.o	block-local-constant	47d6ca09a63ac91ac278fb6c477070206feaffcfd4d30343456560a8bc2d6de5	16753135a76a1b681eab49fafb84328a2664bb7a5fbea8737269b9f7c366ee03	minimum directly accessed span; complete object/array extent and final layout unproved
DAT_003ab728	0x003ab728	DIRECT_ACCESS_PROVED	0x4	initialized	df3f619804a92fdb4057192dc43dd748ea778adc52bc498ce80524c014b81119	0x00175300	0x9b4	0x001758dc	lw	2	0x001758d4;0x001758d8	889e4bc17d9fffbb521cbba6807a80578a8eed7943c1981a43a48ea64d31641e			analysis/matching/hunt1041-v81-validated-final20.tsv	31c5aad06832fadab8d0bd703531718a87ea186d279c241a41789ae0c2608e1a	ps2/progress28_structural_lift_recovered.o	block-local-constant	a4009eee1ef43aa647aa6ccf7781cca84920b09ee285bf39976d883bdd218a99	16753135a76a1b681eab49fafb84328a2664bb7a5fbea8737269b9f7c366ee03	minimum directly accessed span; complete object/array extent and final layout unproved
DAT_003ab72c	0x003ab72c	DIRECT_ACCESS_PROVED	0x1	initialized	6e340b9cffb37a989ca544e6bb780a2c78901d3fb33738768511a30617afa01d	0x0017487c	0x1c	0x00174888	lbu	3	0x0017487c;0x00174884	a0289414e2cb00df0679c18f32781ddb0e50b94aa8ca1edc044ccc9d7c04d324			analysis/matching/hunt500plus-v33-validated-204.tsv	198b46bab535289a94dc3974ab342f12191763e99b5f096294b68629f210f5a7	ps2/progress28_structural_lift_recovered.o	block-local-constant	8e6999c2db5fa038e03a60564bba28332f5cfdddcaeebcce731520f3fe6dd949	16753135a76a1b681eab49fafb84328a2664bb7a5fbea8737269b9f7c366ee03	minimum directly accessed span; complete object/array extent and final layout unproved
DAT_003ab730	0x003ab730	DIRECT_ACCESS_PROVED	0x4	initialized	df3f619804a92fdb4057192dc43dd748ea778adc52bc498ce80524c014b81119	0x00105cb8	0x78	0x00105cc8	sw	3	0x00105cb8;0x00105cc0	0cbcf59e6086341185c0d4a2d31e2f74da0698fc906c01235382b4d45d5ec0ae			analysis/matching/hunt1041-v48-validated-25.tsv	ba414b327687e47cd31fb81a698f4b8bacfc290633af8809980820342985c54a	ps2/progress28_structural_lift_recovered.o	block-local-constant	4452db76f70775cc23fdbec39b64f0a734b5e3f8b6b74485d77cff14b8b1f36d	16753135a76a1b681eab49fafb84328a2664bb7a5fbea8737269b9f7c366ee03	minimum directly accessed span; complete object/array extent and final layout unproved
DAT_003ab734	0x003ab734	DIRECT_ACCESS_PROVED	0x1	initialized	6e340b9cffb37a989ca544e6bb780a2c78901d3fb33738768511a30617afa01d	0x00105cb8	0x78	0x00105ccc	sb	3	0x00105cb8;0x00105cc0	d3ef0615e8514d181147c897e1e1bff25ee481c2d155d205f7f684784f8d4985			analysis/matching/hunt1041-v48-validated-25.tsv	ba414b327687e47cd31fb81a698f4b8bacfc290633af8809980820342985c54a	ps2/progress28_structural_lift_recovered.o	block-local-constant	4452db76f70775cc23fdbec39b64f0a734b5e3f8b6b74485d77cff14b8b1f36d	16753135a76a1b681eab49fafb84328a2664bb7a5fbea8737269b9f7c366ee03	minimum directly accessed span; complete object/array extent and final layout unproved
DAT_003ab738	0x003ab738	DIRECT_ACCESS_PROVED	0x4	initialized	df3f619804a92fdb4057192dc43dd748ea778adc52bc498ce80524c014b81119	0x00177a84	0x268	0x00177b5c	sw	16	0x00177b30;0x00177b34	ca55026c3e7807670fe0ef51e3da1fb359d20244ef984d3bcd0a0de21d9ad829			analysis/matching/hunt1041-v80-validated-quickwins-23.tsv	bc64ffd5bceeb09497ff1e765080b7ca7d92f7127b9724423638bbbf4bf2160f	ps2/progress28_structural_lift_recovered.o	block-local-constant	49c5bb585ba22d0ff11502960680ab301902d8df4315aa7ba86f4095b1134542	16753135a76a1b681eab49fafb84328a2664bb7a5fbea8737269b9f7c366ee03	minimum directly accessed span; complete object/array extent and final layout unproved
DAT_003ab73c	0x003ab73c	DIRECT_ACCESS_PROVED	0x4	initialized	df3f619804a92fdb4057192dc43dd748ea778adc52bc498ce80524c014b81119	0x00177a84	0x268	0x00177b64	sw	16	0x00177b30;0x00177b34	6d141ef8904f09745f0a0118ebbb299cf6b21178bf6095d8fee1ec9d2ecdd353			analysis/matching/hunt1041-v80-validated-quickwins-23.tsv	bc64ffd5bceeb09497ff1e765080b7ca7d92f7127b9724423638bbbf4bf2160f	ps2/progress28_structural_lift_recovered.o	block-local-constant	49c5bb585ba22d0ff11502960680ab301902d8df4315aa7ba86f4095b1134542	16753135a76a1b681eab49fafb84328a2664bb7a5fbea8737269b9f7c366ee03	minimum directly accessed span; complete object/array extent and final layout unproved
DAT_003ab740	0x003ab740	DIRECT_ACCESS_PROVED	0x4	initialized	df3f619804a92fdb4057192dc43dd748ea778adc52bc498ce80524c014b81119	0x00177a84	0x268	0x00177b7c	sw	16	0x00177b30;0x00177b34	4a2857cc98e49dcc8a008d420e1de90613917910effec0de0e4e16797210d41b			analysis/matching/hunt1041-v80-validated-quickwins-23.tsv	bc64ffd5bceeb09497ff1e765080b7ca7d92f7127b9724423638bbbf4bf2160f	ps2/progress28_structural_lift_recovered.o	block-local-constant	49c5bb585ba22d0ff11502960680ab301902d8df4315aa7ba86f4095b1134542	16753135a76a1b681eab49fafb84328a2664bb7a5fbea8737269b9f7c366ee03	minimum directly accessed span; complete object/array extent and final layout unproved
DAT_003ab744	0x003ab744	DIRECT_ACCESS_PROVED	0x4	initialized	df3f619804a92fdb4057192dc43dd748ea778adc52bc498ce80524c014b81119	0x00177a84	0x268	0x00177c2c	sw	16	0x00177b30;0x00177b34	49c5bb585ba22d0ff11502960680ab301902d8df4315aa7ba86f4095b1134542			analysis/matching/hunt1041-v80-validated-quickwins-23.tsv	bc64ffd5bceeb09497ff1e765080b7ca7d92f7127b9724423638bbbf4bf2160f	ps2/progress28_structural_lift_recovered.o	cfg-must-constant	49c5bb585ba22d0ff11502960680ab301902d8df4315aa7ba86f4095b1134542	16753135a76a1b681eab49fafb84328a2664bb7a5fbea8737269b9f7c366ee03	minimum directly accessed span; complete object/array extent and final layout unproved
DAT_003ab748	0x003ab748	DIRECT_ACCESS_PROVED	0x17700	initialized	55873fecc61a79e87ca550c7072e38ccdd7ecb600ace286fe4717952a97c42b0	0x00174120	0xe4	0x001741e4	memset.write	4	0x00174168;0x001741d4;0x001741dc;0x001741e0;0x001741e4	8a3bab3c1b1aef32ca56adda53cfa3a0f606fed1524f03ee91a57ebcf52264bd	0x0019c39c	cecbe61c3a5bab20064a2941574a50bd6e9c1727fc5c161be546310cd045a731	analysis/matching/hunt500-v10-validated-17.tsv	c69da9ef146b90ec9ee78ad9013b5cb799a9ea301d029ec28846aee575b56e8b	ps2/progress28_structural_lift_recovered.o	cfg-must-constant	8a3bab3c1b1aef32ca56adda53cfa3a0f606fed1524f03ee91a57ebcf52264bd	16753135a76a1b681eab49fafb84328a2664bb7a5fbea8737269b9f7c366ee03	minimum directly accessed span; complete object/array extent and final layout unproved
DAT_003d2e48	0x003d2e48	NO_DIRECT_ACCESS_WITNESS															ps2/progress28_structural_lift_recovered.o				indexed/pointer/array/object bounds require separate proof
DAT_003e2e48	0x003e2e48	NO_DIRECT_ACCESS_WITNESS															ps2/progress28_structural_lift_recovered.o				indexed/pointer/array/object bounds require separate proof
DAT_003f2e48	0x003f2e48	DIRECT_ACCESS_PROVED	0x4	initialized	df3f619804a92fdb4057192dc43dd748ea778adc52bc498ce80524c014b81119	0x001744d0	0x94	0x001744e8	lw	2	0x001744d0	04afd21a0ff692ff40f9c02bbb4f4c33564752febcc1236b2833cdbc7e4796bb			analysis/matching/hunt400-v9-validated-64.tsv	b3f060b4eb6026892fe5c21b010273bd806125d898cc7d50bf05631d6d64e6f8	ps2/progress28_structural_lift_recovered.o	block-local-constant	72d91945f5aa7ca907d3e66047a6deee7b94d500f0e2fa2a95b86b3c9181a6a0	16753135a76a1b681eab49fafb84328a2664bb7a5fbea8737269b9f7c366ee03	minimum directly accessed span; complete object/array extent and final layout unproved
DAT_003f2e4c	0x003f2e4c	DIRECT_ACCESS_PROVED	0x4	initialized	df3f619804a92fdb4057192dc43dd748ea778adc52bc498ce80524c014b81119	0x00176594	0x14f0	0x001768ac	lw	6	0x00176894;0x0017689c	1c1ad47fa5d5fd1e54f25a9cde89ecfa7d985d200bf99dac521d8caa5063c921			analysis/matching/hunt1041-v81-validated-final20.tsv	31c5aad06832fadab8d0bd703531718a87ea186d279c241a41789ae0c2608e1a	ps2/progress28_structural_lift_recovered.o	block-local-constant	76cbd25624054031c5351b8aa7106bc1ef76bd07ad7367dc0d557d5f2821e9a0	16753135a76a1b681eab49fafb84328a2664bb7a5fbea8737269b9f7c366ee03	minimum directly accessed span; complete object/array extent and final layout unproved
DAT_003f2e50	0x003f2e50	DIRECT_ACCESS_PROVED	0x4	initialized	df3f619804a92fdb4057192dc43dd748ea778adc52bc498ce80524c014b81119	0x00176594	0x14f0	0x001768e4	lw	6	0x00176894;0x0017689c	0de315a8a5e6f60e7930cf5caebc00c51b0a2c9d59fecb8e8ae3685d4e308d56			analysis/matching/hunt1041-v81-validated-final20.tsv	31c5aad06832fadab8d0bd703531718a87ea186d279c241a41789ae0c2608e1a	ps2/progress28_structural_lift_recovered.o	block-local-constant	76cbd25624054031c5351b8aa7106bc1ef76bd07ad7367dc0d557d5f2821e9a0	16753135a76a1b681eab49fafb84328a2664bb7a5fbea8737269b9f7c366ee03	minimum directly accessed span; complete object/array extent and final layout unproved
DAT_003f2e54	0x003f2e54	DIRECT_ACCESS_PROVED	0x4	initialized	df3f619804a92fdb4057192dc43dd748ea778adc52bc498ce80524c014b81119	0x00176594	0x14f0	0x00176904	lw	6	0x00176894;0x0017689c	c50746ab10e1b9f68f7339c013d5be921c6bf68c75fbfea9236e6b4e3cfd36af			analysis/matching/hunt1041-v81-validated-final20.tsv	31c5aad06832fadab8d0bd703531718a87ea186d279c241a41789ae0c2608e1a	ps2/progress28_structural_lift_recovered.o	block-local-constant	76cbd25624054031c5351b8aa7106bc1ef76bd07ad7367dc0d557d5f2821e9a0	16753135a76a1b681eab49fafb84328a2664bb7a5fbea8737269b9f7c366ee03	minimum directly accessed span; complete object/array extent and final layout unproved
DAT_003f2e58	0x003f2e58	DIRECT_ACCESS_PROVED	0x4	initialized	df3f619804a92fdb4057192dc43dd748ea778adc52bc498ce80524c014b81119	0x00176594	0x14f0	0x001768ec	lw	6	0x00176894;0x0017689c	c8b182ccc338a4f7a5ad2d5c5897afa7f4d178e0a99b73906cdfe55619564e5f			analysis/matching/hunt1041-v81-validated-final20.tsv	31c5aad06832fadab8d0bd703531718a87ea186d279c241a41789ae0c2608e1a	ps2/progress28_structural_lift_recovered.o	block-local-constant	76cbd25624054031c5351b8aa7106bc1ef76bd07ad7367dc0d557d5f2821e9a0	16753135a76a1b681eab49fafb84328a2664bb7a5fbea8737269b9f7c366ee03	minimum directly accessed span; complete object/array extent and final layout unproved
DAT_003f2e5c	0x003f2e5c	DIRECT_ACCESS_PROVED	0x4	initialized	df3f619804a92fdb4057192dc43dd748ea778adc52bc498ce80524c014b81119	0x00176594	0x14f0	0x00176944	lw	6	0x00176894;0x0017689c	48444a85a9747077c4ff4e67a20a4179200654a0df5e582dca6566fa369197c7			analysis/matching/hunt1041-v81-validated-final20.tsv	31c5aad06832fadab8d0bd703531718a87ea186d279c241a41789ae0c2608e1a	ps2/progress28_structural_lift_recovered.o	block-local-constant	76cbd25624054031c5351b8aa7106bc1ef76bd07ad7367dc0d557d5f2821e9a0	16753135a76a1b681eab49fafb84328a2664bb7a5fbea8737269b9f7c366ee03	minimum directly accessed span; complete object/array extent and final layout unproved
DAT_003f2e60	0x003f2e60	DIRECT_ACCESS_PROVED	0x4	initialized	df3f619804a92fdb4057192dc43dd748ea778adc52bc498ce80524c014b81119	0x00176594	0x14f0	0x00176990	lw	6	0x00176894;0x0017689c	51f711b6a259395b9bf9b5215bb652e4321a96fcfeced5c4ed95929517c4a6d8			analysis/matching/hunt1041-v81-validated-final20.tsv	31c5aad06832fadab8d0bd703531718a87ea186d279c241a41789ae0c2608e1a	ps2/progress28_structural_lift_recovered.o	block-local-constant	76cbd25624054031c5351b8aa7106bc1ef76bd07ad7367dc0d557d5f2821e9a0	16753135a76a1b681eab49fafb84328a2664bb7a5fbea8737269b9f7c366ee03	minimum directly accessed span; complete object/array extent and final layout unproved
DAT_003f2e64	0x003f2e64	DIRECT_ACCESS_PROVED	0x4	initialized	df3f619804a92fdb4057192dc43dd748ea778adc52bc498ce80524c014b81119	0x00176594	0x14f0	0x001769a4	lw	6	0x00176894;0x0017689c	962cb560175aa8b4a6f5f4757fb7cce884977c070bf181661c03d8d97d9eecf1			analysis/matching/hunt1041-v81-validated-final20.tsv	31c5aad06832fadab8d0bd703531718a87ea186d279c241a41789ae0c2608e1a	ps2/progress28_structural_lift_recovered.o	block-local-constant	76cbd25624054031c5351b8aa7106bc1ef76bd07ad7367dc0d557d5f2821e9a0	16753135a76a1b681eab49fafb84328a2664bb7a5fbea8737269b9f7c366ee03	minimum directly accessed span; complete object/array extent and final layout unproved
DAT_003f2e68	0x003f2e68	DIRECT_ACCESS_PROVED	0x8	initialized	af5570f5a1810b7af78caf4bc70a660f0df51e42baf91d4de5b2328de0e83dfc	0x00176594	0x14f0	0x00176844	ld	14	0x0017683c	58fe72269075b6e75a3d0a432856ccd606e34a9ae2fe6d8afbf9f9ab26d31450			analysis/matching/hunt1041-v81-validated-final20.tsv	31c5aad06832fadab8d0bd703531718a87ea186d279c241a41789ae0c2608e1a	ps2/progress28_structural_lift_recovered.o	block-local-constant	76cbd25624054031c5351b8aa7106bc1ef76bd07ad7367dc0d557d5f2821e9a0	16753135a76a1b681eab49fafb84328a2664bb7a5fbea8737269b9f7c366ee03	minimum directly accessed span; complete object/array extent and final layout unproved
DAT_003f2e70	0x003f2e70	DIRECT_ACCESS_PROVED	0x40	initialized	f5a5fd42d16a20302798ef6ed309979b43003d2320d9f0e8ea9831a92759fb4b	0x00174120	0xe4	0x001741f8	memset.write	4	0x001741e8;0x001741ec;0x001741f4;0x001741f8	d183ff264f7c69e1301bced98222d6d81854c109873805a503a3a228dae97c5c	0x0019c39c	cecbe61c3a5bab20064a2941574a50bd6e9c1727fc5c161be546310cd045a731	analysis/matching/hunt500-v10-validated-17.tsv	c69da9ef146b90ec9ee78ad9013b5cb799a9ea301d029ec28846aee575b56e8b	ps2/progress28_structural_lift_recovered.o	block-local-constant	8a3bab3c1b1aef32ca56adda53cfa3a0f606fed1524f03ee91a57ebcf52264bd	16753135a76a1b681eab49fafb84328a2664bb7a5fbea8737269b9f7c366ee03	minimum directly accessed span; complete object/array extent and final layout unproved
DAT_003f2eb0	0x003f2eb0	NO_DIRECT_ACCESS_WITNESS															ps2/progress28_structural_lift_recovered.o				indexed/pointer/array/object bounds require separate proof
DAT_003f2eb8	0x003f2eb8	NO_DIRECT_ACCESS_WITNESS															ps2/progress28_structural_lift_recovered.o				indexed/pointer/array/object bounds require separate proof
DAT_003f2f78	0x003f2f78	NO_DIRECT_ACCESS_WITNESS															ps2/progress28_structural_lift_recovered.o				indexed/pointer/array/object bounds require separate proof
DAT_003f2f80	0x003f2f80	NO_DIRECT_ACCESS_WITNESS															ps2/progress28_structural_lift_recovered.o				indexed/pointer/array/object bounds require separate proof
DAT_003f3fc0	0x003f3fc0	NO_DIRECT_ACCESS_WITNESS															ps2/progress28_structural_lift_recovered.o				indexed/pointer/array/object bounds require separate proof
DAT_003f40a8	0x003f40a8	NO_DIRECT_ACCESS_WITNESS															ps2/progress28_structural_lift_recovered.o				indexed/pointer/array/object bounds require separate proof
DAT_003f44a8	0x003f44a8	NO_DIRECT_ACCESS_WITNESS															ps2/progress28_structural_lift_recovered.o				indexed/pointer/array/object bounds require separate proof
DAT_003f4be8	0x003f4be8	DIRECT_ACCESS_PROVED	0x4	initialized	df3f619804a92fdb4057192dc43dd748ea778adc52bc498ce80524c014b81119	0x00158b5c	0x18	0x00158b64	lw	2	0x00158b5c	3e5385b4dc4bdefa6b60aa66bb7b0f9d0eb84bce2481b0e4b5c6450423385e9f			analysis/matching/hunt1000plus-v41-validated-28.tsv	fd7c6c90b979cefc8a49db8a3b1b623214fb0ed06fddce18c5c744c3f3aff237	ps2/progress28_structural_lift_recovered.o	block-local-constant	82baf46d5704588cb457a13accfa5f01d078a9d719503ed1537056a19887d039	16753135a76a1b681eab49fafb84328a2664bb7a5fbea8737269b9f7c366ee03	minimum directly accessed span; complete object/array extent and final layout unproved
DAT_003f4bf0	0x003f4bf0	DIRECT_ACCESS_PROVED	0x4	initialized	93cb6164a72fd25be9f8ac84c0daec21195aeb3cca357d399fb5e40f79f082f5	0x0015bc70	0x4b4	0x0015be4c	lw	2	0x0015be48	b2e79f3079c1f6d1f6d8616ffe8f40530f967d69d636b66f6a91d658c5df75b9			analysis/matching/hunt500plus-v33-validated-204.tsv	198b46bab535289a94dc3974ab342f12191763e99b5f096294b68629f210f5a7	ps2/progress28_structural_lift_recovered.o	block-local-constant	ae627c8c72b1daf4f073bba5b6dfb73c2d002bb109ed710f743e3d51734b92af	16753135a76a1b681eab49fafb84328a2664bb7a5fbea8737269b9f7c366ee03	minimum directly accessed span; complete object/array extent and final layout unproved
DAT_003f4bf4	0x003f4bf4	DIRECT_ACCESS_PROVED	0x1	initialized	6e340b9cffb37a989ca544e6bb780a2c78901d3fb33738768511a30617afa01d	0x0015bc70	0x4b4	0x0015be50	lbu	4	0x0015be44	8e40796cf99eb6a36210de21b45fc072d358bf2b994c0b55c5fc0654d8013c99			analysis/matching/hunt500plus-v33-validated-204.tsv	198b46bab535289a94dc3974ab342f12191763e99b5f096294b68629f210f5a7	ps2/progress28_structural_lift_recovered.o	block-local-constant	ae627c8c72b1daf4f073bba5b6dfb73c2d002bb109ed710f743e3d51734b92af	16753135a76a1b681eab49fafb84328a2664bb7a5fbea8737269b9f7c366ee03	minimum directly accessed span; complete object/array extent and final layout unproved
DAT_003f4c00	0x003f4c00	NO_DIRECT_ACCESS_WITNESS															ps2/progress28_structural_lift_recovered.o				indexed/pointer/array/object bounds require separate proof
DAT_003fa6c0	0x003fa6c0	NO_DIRECT_ACCESS_WITNESS															ps2/progress28_structural_lift_recovered.o				indexed/pointer/array/object bounds require separate proof
DAT_003fa6c1	0x003fa6c1	NO_DIRECT_ACCESS_WITNESS															ps2/progress28_structural_lift_recovered.o				indexed/pointer/array/object bounds require separate proof
DAT_003fa6c2	0x003fa6c2	NO_DIRECT_ACCESS_WITNESS															ps2/progress28_structural_lift_recovered.o				indexed/pointer/array/object bounds require separate proof
DAT_003fa6c4	0x003fa6c4	NO_DIRECT_ACCESS_WITNESS															ps2/progress28_structural_lift_recovered.o				indexed/pointer/array/object bounds require separate proof
DAT_003fa6c5	0x003fa6c5	NO_DIRECT_ACCESS_WITNESS															ps2/progress28_structural_lift_recovered.o				indexed/pointer/array/object bounds require separate proof
DAT_003fa6c6	0x003fa6c6	NO_DIRECT_ACCESS_WITNESS															ps2/progress28_structural_lift_recovered.o				indexed/pointer/array/object bounds require separate proof
DAT_003fa6c8	0x003fa6c8	NO_DIRECT_ACCESS_WITNESS															ps2/progress28_structural_lift_recovered.o				indexed/pointer/array/object bounds require separate proof
DAT_003fa6ca	0x003fa6ca	NO_DIRECT_ACCESS_WITNESS															ps2/progress28_structural_lift_recovered.o				indexed/pointer/array/object bounds require separate proof
DAT_003fa6cc	0x003fa6cc	NO_DIRECT_ACCESS_WITNESS															ps2/progress28_structural_lift_recovered.o				indexed/pointer/array/object bounds require separate proof
DAT_003fa6d4	0x003fa6d4	NO_DIRECT_ACCESS_WITNESS															ps2/progress28_structural_lift_recovered.o				indexed/pointer/array/object bounds require separate proof
DAT_003fa6d6	0x003fa6d6	NO_DIRECT_ACCESS_WITNESS															ps2/progress28_structural_lift_recovered.o				indexed/pointer/array/object bounds require separate proof
DAT_003fa6d8	0x003fa6d8	NO_DIRECT_ACCESS_WITNESS															ps2/progress28_structural_lift_recovered.o				indexed/pointer/array/object bounds require separate proof
DAT_003fa6dc	0x003fa6dc	NO_DIRECT_ACCESS_WITNESS															ps2/progress28_structural_lift_recovered.o				indexed/pointer/array/object bounds require separate proof
DAT_003fa6de	0x003fa6de	NO_DIRECT_ACCESS_WITNESS															ps2/progress28_structural_lift_recovered.o				indexed/pointer/array/object bounds require separate proof
DAT_003fa6e0	0x003fa6e0	NO_DIRECT_ACCESS_WITNESS															ps2/progress28_structural_lift_recovered.o				indexed/pointer/array/object bounds require separate proof
DAT_003fa726	0x003fa726	DIRECT_ACCESS_PROVED	0x1	initialized	6e340b9cffb37a989ca544e6bb780a2c78901d3fb33738768511a30617afa01d	0x00170398	0xdc8	0x001706d4	lbu	11	0x0017066c;0x00170674	1651f32c67163ff806b94944a93622c9a4e5ecbe3826da4b876f3764d5263ee8			analysis/matching/hunt1041-v52-validated-17.tsv	05383075b5e8de362905b18184a8b4b88c4b9e1310568ac1791fff170c6129d9	ps2/progress28_structural_lift_recovered.o	cfg-must-constant	1651f32c67163ff806b94944a93622c9a4e5ecbe3826da4b876f3764d5263ee8	16753135a76a1b681eab49fafb84328a2664bb7a5fbea8737269b9f7c366ee03	minimum directly accessed span; complete object/array extent and final layout unproved
DAT_003fa728	0x003fa728	NO_DIRECT_ACCESS_WITNESS															ps2/progress28_structural_lift_recovered.o				indexed/pointer/array/object bounds require separate proof
DAT_003fa928	0x003fa928	DIRECT_ACCESS_PROVED	0x1	initialized	6e340b9cffb37a989ca544e6bb780a2c78901d3fb33738768511a30617afa01d	0x00170398	0xdc8	0x00170710	lbu	6	0x001706e0;0x001706e8	1651f32c67163ff806b94944a93622c9a4e5ecbe3826da4b876f3764d5263ee8			analysis/matching/hunt1041-v52-validated-17.tsv	05383075b5e8de362905b18184a8b4b88c4b9e1310568ac1791fff170c6129d9	ps2/progress28_structural_lift_recovered.o	cfg-must-constant	1651f32c67163ff806b94944a93622c9a4e5ecbe3826da4b876f3764d5263ee8	16753135a76a1b681eab49fafb84328a2664bb7a5fbea8737269b9f7c366ee03	minimum directly accessed span; complete object/array extent and final layout unproved
DAT_003fa92a	0x003fa92a	NO_DIRECT_ACCESS_WITNESS															ps2/progress28_structural_lift_recovered.o				indexed/pointer/array/object bounds require separate proof
DAT_003fa92c	0x003fa92c	NO_DIRECT_ACCESS_WITNESS															ps2/progress28_structural_lift_recovered.o				indexed/pointer/array/object bounds require separate proof
DAT_003fa92e	0x003fa92e	NO_DIRECT_ACCESS_WITNESS															ps2/progress28_structural_lift_recovered.o				indexed/pointer/array/object bounds require separate proof
DAT_003fa930	0x003fa930	NO_DIRECT_ACCESS_WITNESS															ps2/progress28_structural_lift_recovered.o				indexed/pointer/array/object bounds require separate proof
DAT_003fa931	0x003fa931	NO_DIRECT_ACCESS_WITNESS															ps2/progress28_structural_lift_recovered.o				indexed/pointer/array/object bounds require separate proof
DAT_003fa932	0x003fa932	NO_DIRECT_ACCESS_WITNESS															ps2/progress28_structural_lift_recovered.o				indexed/pointer/array/object bounds require separate proof
DAT_003fa933	0x003fa933	NO_DIRECT_ACCESS_WITNESS															ps2/progress28_structural_lift_recovered.o				indexed/pointer/array/object bounds require separate proof
DAT_003fa934	0x003fa934	NO_DIRECT_ACCESS_WITNESS															ps2/progress28_structural_lift_recovered.o				indexed/pointer/array/object bounds require separate proof
DAT_003fb038	0x003fb038	DIRECT_ACCESS_PROVED	0x1	initialized	6e340b9cffb37a989ca544e6bb780a2c78901d3fb33738768511a30617afa01d	0x00170398	0xdc8	0x001707dc	lbu	22	0x0017071c;0x00170720	1651f32c67163ff806b94944a93622c9a4e5ecbe3826da4b876f3764d5263ee8			analysis/matching/hunt1041-v52-validated-17.tsv	05383075b5e8de362905b18184a8b4b88c4b9e1310568ac1791fff170c6129d9	ps2/progress28_structural_lift_recovered.o	cfg-must-constant	1651f32c67163ff806b94944a93622c9a4e5ecbe3826da4b876f3764d5263ee8	16753135a76a1b681eab49fafb84328a2664bb7a5fbea8737269b9f7c366ee03	minimum directly accessed span; complete object/array extent and final layout unproved
DAT_003fb03a	0x003fb03a	DIRECT_ACCESS_PROVED	0x2	initialized	96a296d224f285c67bee93c30f8a309157f0daa35dc5b87e410b78630a09cfc7	0x00170398	0xdc8	0x001707e0	lhu	22	0x0017071c;0x00170720	1651f32c67163ff806b94944a93622c9a4e5ecbe3826da4b876f3764d5263ee8			analysis/matching/hunt1041-v52-validated-17.tsv	05383075b5e8de362905b18184a8b4b88c4b9e1310568ac1791fff170c6129d9	ps2/progress28_structural_lift_recovered.o	cfg-must-constant	1651f32c67163ff806b94944a93622c9a4e5ecbe3826da4b876f3764d5263ee8	16753135a76a1b681eab49fafb84328a2664bb7a5fbea8737269b9f7c366ee03	minimum directly accessed span; complete object/array extent and final layout unproved
DAT_003fb03c	0x003fb03c	DIRECT_ACCESS_PROVED	0x1	initialized	6e340b9cffb37a989ca544e6bb780a2c78901d3fb33738768511a30617afa01d	0x00170398	0xdc8	0x00170798	lbu	22	0x0017071c;0x00170720	1651f32c67163ff806b94944a93622c9a4e5ecbe3826da4b876f3764d5263ee8			analysis/matching/hunt1041-v52-validated-17.tsv	05383075b5e8de362905b18184a8b4b88c4b9e1310568ac1791fff170c6129d9	ps2/progress28_structural_lift_recovered.o	cfg-must-constant	1651f32c67163ff806b94944a93622c9a4e5ecbe3826da4b876f3764d5263ee8	16753135a76a1b681eab49fafb84328a2664bb7a5fbea8737269b9f7c366ee03	minimum directly accessed span; complete object/array extent and final layout unproved
DAT_003fb03e	0x003fb03e	DIRECT_ACCESS_PROVED	0x2	initialized	96a296d224f285c67bee93c30f8a309157f0daa35dc5b87e410b78630a09cfc7	0x00170398	0xdc8	0x001707a0	lhu	22	0x0017071c;0x00170720	1651f32c67163ff806b94944a93622c9a4e5ecbe3826da4b876f3764d5263ee8			analysis/matching/hunt1041-v52-validated-17.tsv	05383075b5e8de362905b18184a8b4b88c4b9e1310568ac1791fff170c6129d9	ps2/progress28_structural_lift_recovered.o	cfg-must-constant	1651f32c67163ff806b94944a93622c9a4e5ecbe3826da4b876f3764d5263ee8	16753135a76a1b681eab49fafb84328a2664bb7a5fbea8737269b9f7c366ee03	minimum directly accessed span; complete object/array extent and final layout unproved
DAT_003fb040	0x003fb040	DIRECT_ACCESS_PROVED	0x2	initialized	96a296d224f285c67bee93c30f8a309157f0daa35dc5b87e410b78630a09cfc7	0x00170398	0xdc8	0x001707a8	lhu	22	0x0017071c;0x00170720	1651f32c67163ff806b94944a93622c9a4e5ecbe3826da4b876f3764d5263ee8			analysis/matching/hunt1041-v52-validated-17.tsv	05383075b5e8de362905b18184a8b4b88c4b9e1310568ac1791fff170c6129d9	ps2/progress28_structural_lift_recovered.o	cfg-must-constant	1651f32c67163ff806b94944a93622c9a4e5ecbe3826da4b876f3764d5263ee8	16753135a76a1b681eab49fafb84328a2664bb7a5fbea8737269b9f7c366ee03	minimum directly accessed span; complete object/array extent and final layout unproved
DAT_003fb042	0x003fb042	DIRECT_ACCESS_PROVED	0x2	initialized	96a296d224f285c67bee93c30f8a309157f0daa35dc5b87e410b78630a09cfc7	0x00170398	0xdc8	0x001707b0	lhu	22	0x0017071c;0x00170720	1651f32c67163ff806b94944a93622c9a4e5ecbe3826da4b876f3764d5263ee8			analysis/matching/hunt1041-v52-validated-17.tsv	05383075b5e8de362905b18184a8b4b88c4b9e1310568ac1791fff170c6129d9	ps2/progress28_structural_lift_recovered.o	cfg-must-constant	1651f32c67163ff806b94944a93622c9a4e5ecbe3826da4b876f3764d5263ee8	16753135a76a1b681eab49fafb84328a2664bb7a5fbea8737269b9f7c366ee03	minimum directly accessed span; complete object/array extent and final layout unproved
DAT_003fb044	0x003fb044	DIRECT_ACCESS_PROVED	0x2	initialized	96a296d224f285c67bee93c30f8a309157f0daa35dc5b87e410b78630a09cfc7	0x00170398	0xdc8	0x001707b4	lhu	22	0x0017071c;0x00170720	1651f32c67163ff806b94944a93622c9a4e5ecbe3826da4b876f3764d5263ee8			analysis/matching/hunt1041-v52-validated-17.tsv	05383075b5e8de362905b18184a8b4b88c4b9e1310568ac1791fff170c6129d9	ps2/progress28_structural_lift_recovered.o	cfg-must-constant	1651f32c67163ff806b94944a93622c9a4e5ecbe3826da4b876f3764d5263ee8	16753135a76a1b681eab49fafb84328a2664bb7a5fbea8737269b9f7c366ee03	minimum directly accessed span; complete object/array extent and final layout unproved
DAT_003fb046	0x003fb046	DIRECT_ACCESS_PROVED	0x2	initialized	96a296d224f285c67bee93c30f8a309157f0daa35dc5b87e410b78630a09cfc7	0x00170398	0xdc8	0x001707b8	lhu	22	0x0017071c;0x00170720	1651f32c67163ff806b94944a93622c9a4e5ecbe3826da4b876f3764d5263ee8			analysis/matching/hunt1041-v52-validated-17.tsv	05383075b5e8de362905b18184a8b4b88c4b9e1310568ac1791fff170c6129d9	ps2/progress28_structural_lift_recovered.o	cfg-must-constant	1651f32c67163ff806b94944a93622c9a4e5ecbe3826da4b876f3764d5263ee8	16753135a76a1b681eab49fafb84328a2664bb7a5fbea8737269b9f7c366ee03	minimum directly accessed span; complete object/array extent and final layout unproved
DAT_003fb048	0x003fb048	DIRECT_ACCESS_PROVED	0x1	initialized	6e340b9cffb37a989ca544e6bb780a2c78901d3fb33738768511a30617afa01d	0x00170398	0xdc8	0x001707bc	lbu	22	0x0017071c;0x00170720	1651f32c67163ff806b94944a93622c9a4e5ecbe3826da4b876f3764d5263ee8			analysis/matching/hunt1041-v52-validated-17.tsv	05383075b5e8de362905b18184a8b4b88c4b9e1310568ac1791fff170c6129d9	ps2/progress28_structural_lift_recovered.o	cfg-must-constant	1651f32c67163ff806b94944a93622c9a4e5ecbe3826da4b876f3764d5263ee8	16753135a76a1b681eab49fafb84328a2664bb7a5fbea8737269b9f7c366ee03	minimum directly accessed span; complete object/array extent and final layout unproved
DAT_003fb049	0x003fb049	DIRECT_ACCESS_PROVED	0x1	initialized	6e340b9cffb37a989ca544e6bb780a2c78901d3fb33738768511a30617afa01d	0x00170398	0xdc8	0x001707c0	lbu	22	0x0017071c;0x00170720	1651f32c67163ff806b94944a93622c9a4e5ecbe3826da4b876f3764d5263ee8			analysis/matching/hunt1041-v52-validated-17.tsv	05383075b5e8de362905b18184a8b4b88c4b9e1310568ac1791fff170c6129d9	ps2/progress28_structural_lift_recovered.o	cfg-must-constant	1651f32c67163ff806b94944a93622c9a4e5ecbe3826da4b876f3764d5263ee8	16753135a76a1b681eab49fafb84328a2664bb7a5fbea8737269b9f7c366ee03	minimum directly accessed span; complete object/array extent and final layout unproved
DAT_003fb04a	0x003fb04a	DIRECT_ACCESS_PROVED	0x1	initialized	6e340b9cffb37a989ca544e6bb780a2c78901d3fb33738768511a30617afa01d	0x00170398	0xdc8	0x001707c4	lbu	22	0x0017071c;0x00170720	1651f32c67163ff806b94944a93622c9a4e5ecbe3826da4b876f3764d5263ee8			analysis/matching/hunt1041-v52-validated-17.tsv	05383075b5e8de362905b18184a8b4b88c4b9e1310568ac1791fff170c6129d9	ps2/progress28_structural_lift_recovered.o	cfg-must-constant	1651f32c67163ff806b94944a93622c9a4e5ecbe3826da4b876f3764d5263ee8	16753135a76a1b681eab49fafb84328a2664bb7a5fbea8737269b9f7c366ee03	minimum directly accessed span; complete object/array extent and final layout unproved
DAT_003fb04c	0x003fb04c	DIRECT_ACCESS_PROVED	0x2	initialized	96a296d224f285c67bee93c30f8a309157f0daa35dc5b87e410b78630a09cfc7	0x00170398	0xdc8	0x001707c8	lhu	22	0x0017071c;0x00170720	1651f32c67163ff806b94944a93622c9a4e5ecbe3826da4b876f3764d5263ee8			analysis/matching/hunt1041-v52-validated-17.tsv	05383075b5e8de362905b18184a8b4b88c4b9e1310568ac1791fff170c6129d9	ps2/progress28_structural_lift_recovered.o	cfg-must-constant	1651f32c67163ff806b94944a93622c9a4e5ecbe3826da4b876f3764d5263ee8	16753135a76a1b681eab49fafb84328a2664bb7a5fbea8737269b9f7c366ee03	minimum directly accessed span; complete object/array extent and final layout unproved
DAT_003fb04e	0x003fb04e	DIRECT_ACCESS_PROVED	0x2	initialized	96a296d224f285c67bee93c30f8a309157f0daa35dc5b87e410b78630a09cfc7	0x00170398	0xdc8	0x001707cc	lhu	22	0x0017071c;0x00170720	1651f32c67163ff806b94944a93622c9a4e5ecbe3826da4b876f3764d5263ee8			analysis/matching/hunt1041-v52-validated-17.tsv	05383075b5e8de362905b18184a8b4b88c4b9e1310568ac1791fff170c6129d9	ps2/progress28_structural_lift_recovered.o	cfg-must-constant	1651f32c67163ff806b94944a93622c9a4e5ecbe3826da4b876f3764d5263ee8	16753135a76a1b681eab49fafb84328a2664bb7a5fbea8737269b9f7c366ee03	minimum directly accessed span; complete object/array extent and final layout unproved
DAT_003fb050	0x003fb050	DIRECT_ACCESS_PROVED	0x2	initialized	96a296d224f285c67bee93c30f8a309157f0daa35dc5b87e410b78630a09cfc7	0x00170398	0xdc8	0x001707d0	lhu	22	0x0017071c;0x00170720	1651f32c67163ff806b94944a93622c9a4e5ecbe3826da4b876f3764d5263ee8			analysis/matching/hunt1041-v52-validated-17.tsv	05383075b5e8de362905b18184a8b4b88c4b9e1310568ac1791fff170c6129d9	ps2/progress28_structural_lift_recovered.o	cfg-must-constant	1651f32c67163ff806b94944a93622c9a4e5ecbe3826da4b876f3764d5263ee8	16753135a76a1b681eab49fafb84328a2664bb7a5fbea8737269b9f7c366ee03	minimum directly accessed span; complete object/array extent and final layout unproved
DAT_003fb052	0x003fb052	DIRECT_ACCESS_PROVED	0x2	initialized	96a296d224f285c67bee93c30f8a309157f0daa35dc5b87e410b78630a09cfc7	0x00170398	0xdc8	0x001707d4	lhu	22	0x0017071c;0x00170720	1651f32c67163ff806b94944a93622c9a4e5ecbe3826da4b876f3764d5263ee8			analysis/matching/hunt1041-v52-validated-17.tsv	05383075b5e8de362905b18184a8b4b88c4b9e1310568ac1791fff170c6129d9	ps2/progress28_structural_lift_recovered.o	cfg-must-constant	1651f32c67163ff806b94944a93622c9a4e5ecbe3826da4b876f3764d5263ee8	16753135a76a1b681eab49fafb84328a2664bb7a5fbea8737269b9f7c366ee03	minimum directly accessed span; complete object/array extent and final layout unproved
DAT_003fb054	0x003fb054	DIRECT_ACCESS_PROVED	0x2	initialized	96a296d224f285c67bee93c30f8a309157f0daa35dc5b87e410b78630a09cfc7	0x00170398	0xdc8	0x001707d8	lhu	22	0x0017071c;0x00170720	1651f32c67163ff806b94944a93622c9a4e5ecbe3826da4b876f3764d5263ee8			analysis/matching/hunt1041-v52-validated-17.tsv	05383075b5e8de362905b18184a8b4b88c4b9e1310568ac1791fff170c6129d9	ps2/progress28_structural_lift_recovered.o	cfg-must-constant	1651f32c67163ff806b94944a93622c9a4e5ecbe3826da4b876f3764d5263ee8	16753135a76a1b681eab49fafb84328a2664bb7a5fbea8737269b9f7c366ee03	minimum directly accessed span; complete object/array extent and final layout unproved
DAT_003fb056	0x003fb056	DIRECT_ACCESS_PROVED	0x2	initialized	96a296d224f285c67bee93c30f8a309157f0daa35dc5b87e410b78630a09cfc7	0x00170398	0xdc8	0x001707e4	lhu	22	0x0017071c;0x00170720	1651f32c67163ff806b94944a93622c9a4e5ecbe3826da4b876f3764d5263ee8			analysis/matching/hunt1041-v52-validated-17.tsv	05383075b5e8de362905b18184a8b4b88c4b9e1310568ac1791fff170c6129d9	ps2/progress28_structural_lift_recovered.o	cfg-must-constant	1651f32c67163ff806b94944a93622c9a4e5ecbe3826da4b876f3764d5263ee8	16753135a76a1b681eab49fafb84328a2664bb7a5fbea8737269b9f7c366ee03	minimum directly accessed span; complete object/array extent and final layout unproved
DAT_003fb058	0x003fb058	DIRECT_ACCESS_PROVED	0x1	initialized	6e340b9cffb37a989ca544e6bb780a2c78901d3fb33738768511a30617afa01d	0x00170398	0xdc8	0x00170854	lbu	22	0x0017071c;0x00170720	1651f32c67163ff806b94944a93622c9a4e5ecbe3826da4b876f3764d5263ee8			analysis/matching/hunt1041-v52-validated-17.tsv	05383075b5e8de362905b18184a8b4b88c4b9e1310568ac1791fff170c6129d9	ps2/progress28_structural_lift_recovered.o	cfg-must-constant	1651f32c67163ff806b94944a93622c9a4e5ecbe3826da4b876f3764d5263ee8	16753135a76a1b681eab49fafb84328a2664bb7a5fbea8737269b9f7c366ee03	minimum directly accessed span; complete object/array extent and final layout unproved
DAT_003fb059	0x003fb059	DIRECT_ACCESS_PROVED	0x1	initialized	6e340b9cffb37a989ca544e6bb780a2c78901d3fb33738768511a30617afa01d	0x00170398	0xdc8	0x0017082c	lbu	22	0x0017071c;0x00170720	1651f32c67163ff806b94944a93622c9a4e5ecbe3826da4b876f3764d5263ee8			analysis/matching/hunt1041-v52-validated-17.tsv	05383075b5e8de362905b18184a8b4b88c4b9e1310568ac1791fff170c6129d9	ps2/progress28_structural_lift_recovered.o	cfg-must-constant	1651f32c67163ff806b94944a93622c9a4e5ecbe3826da4b876f3764d5263ee8	16753135a76a1b681eab49fafb84328a2664bb7a5fbea8737269b9f7c366ee03	minimum directly accessed span; complete object/array extent and final layout unproved
DAT_003fb05a	0x003fb05a	DIRECT_ACCESS_PROVED	0x1	initialized	6e340b9cffb37a989ca544e6bb780a2c78901d3fb33738768511a30617afa01d	0x00170398	0xdc8	0x00170834	lbu	22	0x0017071c;0x00170720	1651f32c67163ff806b94944a93622c9a4e5ecbe3826da4b876f3764d5263ee8			analysis/matching/hunt1041-v52-validated-17.tsv	05383075b5e8de362905b18184a8b4b88c4b9e1310568ac1791fff170c6129d9	ps2/progress28_structural_lift_recovered.o	cfg-must-constant	1651f32c67163ff806b94944a93622c9a4e5ecbe3826da4b876f3764d5263ee8	16753135a76a1b681eab49fafb84328a2664bb7a5fbea8737269b9f7c366ee03	minimum directly accessed span; complete object/array extent and final layout unproved
DAT_003fb05b	0x003fb05b	DIRECT_ACCESS_PROVED	0x1	initialized	6e340b9cffb37a989ca544e6bb780a2c78901d3fb33738768511a30617afa01d	0x00170398	0xdc8	0x00170838	lbu	22	0x0017071c;0x00170720	1651f32c67163ff806b94944a93622c9a4e5ecbe3826da4b876f3764d5263ee8			analysis/matching/hunt1041-v52-validated-17.tsv	05383075b5e8de362905b18184a8b4b88c4b9e1310568ac1791fff170c6129d9	ps2/progress28_structural_lift_recovered.o	cfg-must-constant	1651f32c67163ff806b94944a93622c9a4e5ecbe3826da4b876f3764d5263ee8	16753135a76a1b681eab49fafb84328a2664bb7a5fbea8737269b9f7c366ee03	minimum directly accessed span; complete object/array extent and final layout unproved
DAT_003fb05c	0x003fb05c	DIRECT_ACCESS_PROVED	0x1	initialized	6e340b9cffb37a989ca544e6bb780a2c78901d3fb33738768511a30617afa01d	0x00170398	0xdc8	0x0017083c	lbu	22	0x0017071c;0x00170720	1651f32c67163ff806b94944a93622c9a4e5ecbe3826da4b876f3764d5263ee8			analysis/matching/hunt1041-v52-validated-17.tsv	05383075b5e8de362905b18184a8b4b88c4b9e1310568ac1791fff170c6129d9	ps2/progress28_structural_lift_recovered.o	cfg-must-constant	1651f32c67163ff806b94944a93622c9a4e5ecbe3826da4b876f3764d5263ee8	16753135a76a1b681eab49fafb84328a2664bb7a5fbea8737269b9f7c366ee03	minimum directly accessed span; complete object/array extent and final layout unproved
DAT_003fb05d	0x003fb05d	DIRECT_ACCESS_PROVED	0x1	initialized	6e340b9cffb37a989ca544e6bb780a2c78901d3fb33738768511a30617afa01d	0x00170398	0xdc8	0x00170840	lbu	22	0x0017071c;0x00170720	1651f32c67163ff806b94944a93622c9a4e5ecbe3826da4b876f3764d5263ee8			analysis/matching/hunt1041-v52-validated-17.tsv	05383075b5e8de362905b18184a8b4b88c4b9e1310568ac1791fff170c6129d9	ps2/progress28_structural_lift_recovered.o	cfg-must-constant	1651f32c67163ff806b94944a93622c9a4e5ecbe3826da4b876f3764d5263ee8	16753135a76a1b681eab49fafb84328a2664bb7a5fbea8737269b9f7c366ee03	minimum directly accessed span; complete object/array extent and final layout unproved
DAT_003fb05e	0x003fb05e	DIRECT_ACCESS_PROVED	0x2	initialized	96a296d224f285c67bee93c30f8a309157f0daa35dc5b87e410b78630a09cfc7	0x00170398	0xdc8	0x00170844	lhu	22	0x0017071c;0x00170720	1651f32c67163ff806b94944a93622c9a4e5ecbe3826da4b876f3764d5263ee8			analysis/matching/hunt1041-v52-validated-17.tsv	05383075b5e8de362905b18184a8b4b88c4b9e1310568ac1791fff170c6129d9	ps2/progress28_structural_lift_recovered.o	cfg-must-constant	1651f32c67163ff806b94944a93622c9a4e5ecbe3826da4b876f3764d5263ee8	16753135a76a1b681eab49fafb84328a2664bb7a5fbea8737269b9f7c366ee03	minimum directly accessed span; complete object/array extent and final layout unproved
DAT_003fb060	0x003fb060	DIRECT_ACCESS_PROVED	0x2	initialized	96a296d224f285c67bee93c30f8a309157f0daa35dc5b87e410b78630a09cfc7	0x00170398	0xdc8	0x00170848	lhu	22	0x0017071c;0x00170720	1651f32c67163ff806b94944a93622c9a4e5ecbe3826da4b876f3764d5263ee8			analysis/matching/hunt1041-v52-validated-17.tsv	05383075b5e8de362905b18184a8b4b88c4b9e1310568ac1791fff170c6129d9	ps2/progress28_structural_lift_recovered.o	cfg-must-constant	1651f32c67163ff806b94944a93622c9a4e5ecbe3826da4b876f3764d5263ee8	16753135a76a1b681eab49fafb84328a2664bb7a5fbea8737269b9f7c366ee03	minimum directly accessed span; complete object/array extent and final layout unproved
DAT_003fb064	0x003fb064	DIRECT_ACCESS_PROVED	0x4	initialized	df3f619804a92fdb4057192dc43dd748ea778adc52bc498ce80524c014b81119	0x00170398	0xdc8	0x0017084c	lw	22	0x0017071c;0x00170720	1651f32c67163ff806b94944a93622c9a4e5ecbe3826da4b876f3764d5263ee8			analysis/matching/hunt1041-v52-validated-17.tsv	05383075b5e8de362905b18184a8b4b88c4b9e1310568ac1791fff170c6129d9	ps2/progress28_structural_lift_recovered.o	cfg-must-constant	1651f32c67163ff806b94944a93622c9a4e5ecbe3826da4b876f3764d5263ee8	16753135a76a1b681eab49fafb84328a2664bb7a5fbea8737269b9f7c366ee03	minimum directly accessed span; complete object/array extent and final layout unproved
DAT_003fb069	0x003fb069	DIRECT_ACCESS_PROVED	0x1	initialized	6e340b9cffb37a989ca544e6bb780a2c78901d3fb33738768511a30617afa01d	0x00170398	0xdc8	0x00170850	lbu	22	0x0017071c;0x00170720	1651f32c67163ff806b94944a93622c9a4e5ecbe3826da4b876f3764d5263ee8			analysis/matching/hunt1041-v52-validated-17.tsv	05383075b5e8de362905b18184a8b4b88c4b9e1310568ac1791fff170c6129d9	ps2/progress28_structural_lift_recovered.o	cfg-must-constant	1651f32c67163ff806b94944a93622c9a4e5ecbe3826da4b876f3764d5263ee8	16753135a76a1b681eab49fafb84328a2664bb7a5fbea8737269b9f7c366ee03	minimum directly accessed span; complete object/array extent and final layout unproved
DAT_003fb06c	0x003fb06c	DIRECT_ACCESS_PROVED	0x1	initialized	6e340b9cffb37a989ca544e6bb780a2c78901d3fb33738768511a30617afa01d	0x00170398	0xdc8	0x0017085c	lbu	22	0x0017071c;0x00170720	1651f32c67163ff806b94944a93622c9a4e5ecbe3826da4b876f3764d5263ee8			analysis/matching/hunt1041-v52-validated-17.tsv	05383075b5e8de362905b18184a8b4b88c4b9e1310568ac1791fff170c6129d9	ps2/progress28_structural_lift_recovered.o	cfg-must-constant	1651f32c67163ff806b94944a93622c9a4e5ecbe3826da4b876f3764d5263ee8	16753135a76a1b681eab49fafb84328a2664bb7a5fbea8737269b9f7c366ee03	minimum directly accessed span; complete object/array extent and final layout unproved
DAT_003fb06e	0x003fb06e	DIRECT_ACCESS_PROVED	0x2	initialized	96a296d224f285c67bee93c30f8a309157f0daa35dc5b87e410b78630a09cfc7	0x00170398	0xdc8	0x00170860	lhu	22	0x0017071c;0x00170720	1651f32c67163ff806b94944a93622c9a4e5ecbe3826da4b876f3764d5263ee8			analysis/matching/hunt1041-v52-validated-17.tsv	05383075b5e8de362905b18184a8b4b88c4b9e1310568ac1791fff170c6129d9	ps2/progress28_structural_lift_recovered.o	cfg-must-constant	1651f32c67163ff806b94944a93622c9a4e5ecbe3826da4b876f3764d5263ee8	16753135a76a1b681eab49fafb84328a2664bb7a5fbea8737269b9f7c366ee03	minimum directly accessed span; complete object/array extent and final layout unproved
DAT_003fb071	0x003fb071	DIRECT_ACCESS_PROVED	0x1	initialized	6e340b9cffb37a989ca544e6bb780a2c78901d3fb33738768511a30617afa01d	0x00170398	0xdc8	0x00170864	lbu	22	0x0017071c;0x00170720	1651f32c67163ff806b94944a93622c9a4e5ecbe3826da4b876f3764d5263ee8			analysis/matching/hunt1041-v52-validated-17.tsv	05383075b5e8de362905b18184a8b4b88c4b9e1310568ac1791fff170c6129d9	ps2/progress28_structural_lift_recovered.o	cfg-must-constant	1651f32c67163ff806b94944a93622c9a4e5ecbe3826da4b876f3764d5263ee8	16753135a76a1b681eab49fafb84328a2664bb7a5fbea8737269b9f7c366ee03	minimum directly accessed span; complete object/array extent and final layout unproved
DAT_003fb292	0x003fb292	NO_DIRECT_ACCESS_WITNESS															ps2/progress28_structural_lift_recovered.o				indexed/pointer/array/object bounds require separate proof
DAT_003fb293	0x003fb293	NO_DIRECT_ACCESS_WITNESS															ps2/progress28_structural_lift_recovered.o				indexed/pointer/array/object bounds require separate proof
DAT_003fb294	0x003fb294	NO_DIRECT_ACCESS_WITNESS															ps2/progress28_structural_lift_recovered.o				indexed/pointer/array/object bounds require separate proof
DAT_003fb296	0x003fb296	NO_DIRECT_ACCESS_WITNESS															ps2/progress28_structural_lift_recovered.o				indexed/pointer/array/object bounds require separate proof
DAT_003fb29b	0x003fb29b	NO_DIRECT_ACCESS_WITNESS															ps2/progress28_structural_lift_recovered.o				indexed/pointer/array/object bounds require separate proof
DAT_003fb29c	0x003fb29c	NO_DIRECT_ACCESS_WITNESS															ps2/progress28_structural_lift_recovered.o				indexed/pointer/array/object bounds require separate proof
DAT_003fb29d	0x003fb29d	NO_DIRECT_ACCESS_WITNESS															ps2/progress28_structural_lift_recovered.o				indexed/pointer/array/object bounds require separate proof
DAT_003fb29e	0x003fb29e	NO_DIRECT_ACCESS_WITNESS															ps2/progress28_structural_lift_recovered.o				indexed/pointer/array/object bounds require separate proof
DAT_003fb29f	0x003fb29f	NO_DIRECT_ACCESS_WITNESS															ps2/progress28_structural_lift_recovered.o				indexed/pointer/array/object bounds require separate proof
DAT_003fb2a0	0x003fb2a0	NO_DIRECT_ACCESS_WITNESS															ps2/progress28_structural_lift_recovered.o				indexed/pointer/array/object bounds require separate proof
DAT_003fb2a1	0x003fb2a1	NO_DIRECT_ACCESS_WITNESS															ps2/progress28_structural_lift_recovered.o				indexed/pointer/array/object bounds require separate proof
DAT_003fb2cc	0x003fb2cc	NO_DIRECT_ACCESS_WITNESS															ps2/progress28_structural_lift_recovered.o				indexed/pointer/array/object bounds require separate proof
DAT_003fb2d2	0x003fb2d2	NO_DIRECT_ACCESS_WITNESS															ps2/progress28_structural_lift_recovered.o				indexed/pointer/array/object bounds require separate proof
DAT_003fb2d8	0x003fb2d8	NO_DIRECT_ACCESS_WITNESS															ps2/progress28_structural_lift_recovered.o				indexed/pointer/array/object bounds require separate proof
DAT_003fb2de	0x003fb2de	NO_DIRECT_ACCESS_WITNESS															ps2/progress28_structural_lift_recovered.o				indexed/pointer/array/object bounds require separate proof
DAT_003fb2e4	0x003fb2e4	NO_DIRECT_ACCESS_WITNESS															ps2/progress28_structural_lift_recovered.o				indexed/pointer/array/object bounds require separate proof
DAT_003fb2eb	0x003fb2eb	DIRECT_ACCESS_PROVED	0x1	initialized	6e340b9cffb37a989ca544e6bb780a2c78901d3fb33738768511a30617afa01d	0x00170398	0xdc8	0x00170974	lbu	11	0x00170914;0x00170918	1651f32c67163ff806b94944a93622c9a4e5ecbe3826da4b876f3764d5263ee8			analysis/matching/hunt1041-v52-validated-17.tsv	05383075b5e8de362905b18184a8b4b88c4b9e1310568ac1791fff170c6129d9	ps2/progress28_structural_lift_recovered.o	cfg-must-constant	1651f32c67163ff806b94944a93622c9a4e5ecbe3826da4b876f3764d5263ee8	16753135a76a1b681eab49fafb84328a2664bb7a5fbea8737269b9f7c366ee03	minimum directly accessed span; complete object/array extent and final layout unproved
DAT_003fb2ec	0x003fb2ec	DIRECT_ACCESS_PROVED	0x2	initialized	96a296d224f285c67bee93c30f8a309157f0daa35dc5b87e410b78630a09cfc7	0x00170398	0xdc8	0x00170858	lhu	22	0x0017071c;0x00170720	1651f32c67163ff806b94944a93622c9a4e5ecbe3826da4b876f3764d5263ee8			analysis/matching/hunt1041-v52-validated-17.tsv	05383075b5e8de362905b18184a8b4b88c4b9e1310568ac1791fff170c6129d9	ps2/progress28_structural_lift_recovered.o	cfg-must-constant	1651f32c67163ff806b94944a93622c9a4e5ecbe3826da4b876f3764d5263ee8	16753135a76a1b681eab49fafb84328a2664bb7a5fbea8737269b9f7c366ee03	minimum directly accessed span; complete object/array extent and final layout unproved
DAT_003fb2ee	0x003fb2ee	DIRECT_ACCESS_PROVED	0x1	initialized	6e340b9cffb37a989ca544e6bb780a2c78901d3fb33738768511a30617afa01d	0x00170398	0xdc8	0x0017096c	lbu	11	0x00170914;0x00170918	1651f32c67163ff806b94944a93622c9a4e5ecbe3826da4b876f3764d5263ee8			analysis/matching/hunt1041-v52-validated-17.tsv	05383075b5e8de362905b18184a8b4b88c4b9e1310568ac1791fff170c6129d9	ps2/progress28_structural_lift_recovered.o	cfg-must-constant	1651f32c67163ff806b94944a93622c9a4e5ecbe3826da4b876f3764d5263ee8	16753135a76a1b681eab49fafb84328a2664bb7a5fbea8737269b9f7c366ee03	minimum directly accessed span; complete object/array extent and final layout unproved
DAT_003fb2ef	0x003fb2ef	DIRECT_ACCESS_PROVED	0x1	initialized	6e340b9cffb37a989ca544e6bb780a2c78901d3fb33738768511a30617afa01d	0x00170398	0xdc8	0x00170830	lbu	22	0x0017071c;0x00170720	1651f32c67163ff806b94944a93622c9a4e5ecbe3826da4b876f3764d5263ee8			analysis/matching/hunt1041-v52-validated-17.tsv	05383075b5e8de362905b18184a8b4b88c4b9e1310568ac1791fff170c6129d9	ps2/progress28_structural_lift_recovered.o	cfg-must-constant	1651f32c67163ff806b94944a93622c9a4e5ecbe3826da4b876f3764d5263ee8	16753135a76a1b681eab49fafb84328a2664bb7a5fbea8737269b9f7c366ee03	minimum directly accessed span; complete object/array extent and final layout unproved
DAT_003fb2f8	0x003fb2f8	NO_DIRECT_ACCESS_WITNESS															ps2/progress28_structural_lift_recovered.o				indexed/pointer/array/object bounds require separate proof
DAT_003fb2f9	0x003fb2f9	NO_DIRECT_ACCESS_WITNESS															ps2/progress28_structural_lift_recovered.o				indexed/pointer/array/object bounds require separate proof
DAT_003fb2fa	0x003fb2fa	NO_DIRECT_ACCESS_WITNESS															ps2/progress28_structural_lift_recovered.o				indexed/pointer/array/object bounds require separate proof
DAT_003fb2fb	0x003fb2fb	NO_DIRECT_ACCESS_WITNESS															ps2/progress28_structural_lift_recovered.o				indexed/pointer/array/object bounds require separate proof
DAT_003fb2fc	0x003fb2fc	NO_DIRECT_ACCESS_WITNESS															ps2/progress28_structural_lift_recovered.o				indexed/pointer/array/object bounds require separate proof
DAT_003fb2fe	0x003fb2fe	NO_DIRECT_ACCESS_WITNESS															ps2/progress28_structural_lift_recovered.o				indexed/pointer/array/object bounds require separate proof
DAT_003fb300	0x003fb300	NO_DIRECT_ACCESS_WITNESS															ps2/progress28_structural_lift_recovered.o				indexed/pointer/array/object bounds require separate proof
DAT_003fb302	0x003fb302	NO_DIRECT_ACCESS_WITNESS															ps2/progress28_structural_lift_recovered.o				indexed/pointer/array/object bounds require separate proof
DAT_003fb304	0x003fb304	NO_DIRECT_ACCESS_WITNESS															ps2/progress28_structural_lift_recovered.o				indexed/pointer/array/object bounds require separate proof
DAT_003fb306	0x003fb306	NO_DIRECT_ACCESS_WITNESS															ps2/progress28_structural_lift_recovered.o				indexed/pointer/array/object bounds require separate proof
DAT_003fb308	0x003fb308	NO_DIRECT_ACCESS_WITNESS															ps2/progress28_structural_lift_recovered.o				indexed/pointer/array/object bounds require separate proof
DAT_003fb30a	0x003fb30a	NO_DIRECT_ACCESS_WITNESS															ps2/progress28_structural_lift_recovered.o				indexed/pointer/array/object bounds require separate proof
DAT_003fb30b	0x003fb30b	NO_DIRECT_ACCESS_WITNESS															ps2/progress28_structural_lift_recovered.o				indexed/pointer/array/object bounds require separate proof
DAT_003fb30c	0x003fb30c	NO_DIRECT_ACCESS_WITNESS															ps2/progress28_structural_lift_recovered.o				indexed/pointer/array/object bounds require separate proof
DAT_003fb30d	0x003fb30d	NO_DIRECT_ACCESS_WITNESS															ps2/progress28_structural_lift_recovered.o				indexed/pointer/array/object bounds require separate proof
DAT_003fb3b8	0x003fb3b8	NO_DIRECT_ACCESS_WITNESS															ps2/progress28_structural_lift_recovered.o				indexed/pointer/array/object bounds require separate proof
DAT_003fb3c0	0x003fb3c0	NO_DIRECT_ACCESS_WITNESS															ps2/progress28_structural_lift_recovered.o				indexed/pointer/array/object bounds require separate proof
DAT_003fb3c8	0x003fb3c8	NO_DIRECT_ACCESS_WITNESS															ps2/progress28_structural_lift_recovered.o				indexed/pointer/array/object bounds require separate proof
DAT_003fb3cc	0x003fb3cc	NO_DIRECT_ACCESS_WITNESS															ps2/progress28_structural_lift_recovered.o				indexed/pointer/array/object bounds require separate proof
DAT_003fb3ce	0x003fb3ce	NO_DIRECT_ACCESS_WITNESS															ps2/progress28_structural_lift_recovered.o				indexed/pointer/array/object bounds require separate proof
DAT_003fb3d2	0x003fb3d2	NO_DIRECT_ACCESS_WITNESS															ps2/progress28_structural_lift_recovered.o				indexed/pointer/array/object bounds require separate proof
DAT_003fb3d4	0x003fb3d4	NO_DIRECT_ACCESS_WITNESS															ps2/progress28_structural_lift_recovered.o				indexed/pointer/array/object bounds require separate proof
DAT_003fb3d5	0x003fb3d5	NO_DIRECT_ACCESS_WITNESS															ps2/progress28_structural_lift_recovered.o				indexed/pointer/array/object bounds require separate proof
DAT_003fb3d6	0x003fb3d6	NO_DIRECT_ACCESS_WITNESS															ps2/progress28_structural_lift_recovered.o				indexed/pointer/array/object bounds require separate proof
DAT_003fb3d7	0x003fb3d7	NO_DIRECT_ACCESS_WITNESS															ps2/progress28_structural_lift_recovered.o				indexed/pointer/array/object bounds require separate proof
DAT_003fb3d9	0x003fb3d9	NO_DIRECT_ACCESS_WITNESS															ps2/progress28_structural_lift_recovered.o				indexed/pointer/array/object bounds require separate proof
DAT_003fb3e4	0x003fb3e4	NO_DIRECT_ACCESS_WITNESS															ps2/progress28_structural_lift_recovered.o				indexed/pointer/array/object bounds require separate proof
DAT_003fb3e6	0x003fb3e6	NO_DIRECT_ACCESS_WITNESS															ps2/progress28_structural_lift_recovered.o				indexed/pointer/array/object bounds require separate proof
DAT_003fb3e8	0x003fb3e8	NO_DIRECT_ACCESS_WITNESS															ps2/progress28_structural_lift_recovered.o				indexed/pointer/array/object bounds require separate proof
DAT_003fb3f8	0x003fb3f8	NO_DIRECT_ACCESS_WITNESS															ps2/progress28_structural_lift_recovered.o				indexed/pointer/array/object bounds require separate proof
DAT_003fb400	0x003fb400	NO_DIRECT_ACCESS_WITNESS															ps2/progress28_structural_lift_recovered.o				indexed/pointer/array/object bounds require separate proof
DAT_003fb408	0x003fb408	NO_DIRECT_ACCESS_WITNESS															ps2/progress28_structural_lift_recovered.o				indexed/pointer/array/object bounds require separate proof
DAT_003fb410	0x003fb410	NO_DIRECT_ACCESS_WITNESS															ps2/progress28_structural_lift_recovered.o				indexed/pointer/array/object bounds require separate proof
DAT_003fb418	0x003fb418	NO_DIRECT_ACCESS_WITNESS															ps2/progress28_structural_lift_recovered.o				indexed/pointer/array/object bounds require separate proof
DAT_003fb420	0x003fb420	NO_DIRECT_ACCESS_WITNESS															ps2/progress28_structural_lift_recovered.o				indexed/pointer/array/object bounds require separate proof
DAT_003fb428	0x003fb428	NO_DIRECT_ACCESS_WITNESS															ps2/progress28_structural_lift_recovered.o				indexed/pointer/array/object bounds require separate proof
DAT_003fb508	0x003fb508	NO_DIRECT_ACCESS_WITNESS															ps2/progress28_structural_lift_recovered.o				indexed/pointer/array/object bounds require separate proof
DAT_003fb50a	0x003fb50a	NO_DIRECT_ACCESS_WITNESS															ps2/progress28_structural_lift_recovered.o				indexed/pointer/array/object bounds require separate proof
DAT_003fb50c	0x003fb50c	NO_DIRECT_ACCESS_WITNESS															ps2/progress28_structural_lift_recovered.o				indexed/pointer/array/object bounds require separate proof
DAT_003fb50e	0x003fb50e	NO_DIRECT_ACCESS_WITNESS															ps2/progress28_structural_lift_recovered.o				indexed/pointer/array/object bounds require separate proof
DAT_003fb510	0x003fb510	NO_DIRECT_ACCESS_WITNESS															ps2/progress28_structural_lift_recovered.o				indexed/pointer/array/object bounds require separate proof
DAT_003fb514	0x003fb514	NO_DIRECT_ACCESS_WITNESS															ps2/progress28_structural_lift_recovered.o				indexed/pointer/array/object bounds require separate proof
DAT_003fb518	0x003fb518	NO_DIRECT_ACCESS_WITNESS															ps2/progress28_structural_lift_recovered.o				indexed/pointer/array/object bounds require separate proof
DAT_003fb51c	0x003fb51c	NO_DIRECT_ACCESS_WITNESS															ps2/progress28_structural_lift_recovered.o				indexed/pointer/array/object bounds require separate proof
DAT_003fb520	0x003fb520	NO_DIRECT_ACCESS_WITNESS															ps2/progress28_structural_lift_recovered.o				indexed/pointer/array/object bounds require separate proof
DAT_003fb524	0x003fb524	NO_DIRECT_ACCESS_WITNESS															ps2/progress28_structural_lift_recovered.o				indexed/pointer/array/object bounds require separate proof
DAT_003fb528	0x003fb528	NO_DIRECT_ACCESS_WITNESS															ps2/progress28_structural_lift_recovered.o				indexed/pointer/array/object bounds require separate proof
DAT_003fb52c	0x003fb52c	NO_DIRECT_ACCESS_WITNESS															ps2/progress28_structural_lift_recovered.o				indexed/pointer/array/object bounds require separate proof
DAT_003fb538	0x003fb538	NO_DIRECT_ACCESS_WITNESS															ps2/progress28_structural_lift_recovered.o				indexed/pointer/array/object bounds require separate proof
DAT_003fb53c	0x003fb53c	NO_DIRECT_ACCESS_WITNESS															ps2/progress28_structural_lift_recovered.o				indexed/pointer/array/object bounds require separate proof
DAT_003fb540	0x003fb540	NO_DIRECT_ACCESS_WITNESS															ps2/progress28_structural_lift_recovered.o				indexed/pointer/array/object bounds require separate proof
DAT_003fb542	0x003fb542	NO_DIRECT_ACCESS_WITNESS															ps2/progress28_structural_lift_recovered.o				indexed/pointer/array/object bounds require separate proof
DAT_003fb544	0x003fb544	NO_DIRECT_ACCESS_WITNESS															ps2/progress28_structural_lift_recovered.o				indexed/pointer/array/object bounds require separate proof
DAT_003fb548	0x003fb548	NO_DIRECT_ACCESS_WITNESS															ps2/progress28_structural_lift_recovered.o				indexed/pointer/array/object bounds require separate proof
DAT_003fd54c	0x003fd54c	NO_DIRECT_ACCESS_WITNESS															ps2/progress28_structural_lift_recovered.o				indexed/pointer/array/object bounds require separate proof
DAT_003fd550	0x003fd550	NO_DIRECT_ACCESS_WITNESS															ps2/progress28_structural_lift_recovered.o				indexed/pointer/array/object bounds require separate proof
DAT_003fd554	0x003fd554	NO_DIRECT_ACCESS_WITNESS															ps2/progress28_structural_lift_recovered.o				indexed/pointer/array/object bounds require separate proof
DAT_003fd556	0x003fd556	NO_DIRECT_ACCESS_WITNESS															ps2/progress28_structural_lift_recovered.o				indexed/pointer/array/object bounds require separate proof
DAT_003fd558	0x003fd558	NO_DIRECT_ACCESS_WITNESS															ps2/progress28_structural_lift_recovered.o				indexed/pointer/array/object bounds require separate proof
DAT_003fd560	0x003fd560	NO_DIRECT_ACCESS_WITNESS															ps2/progress28_structural_lift_recovered.o				indexed/pointer/array/object bounds require separate proof
DAT_003fd568	0x003fd568	NO_DIRECT_ACCESS_WITNESS															ps2/progress28_structural_lift_recovered.o				indexed/pointer/array/object bounds require separate proof
DAT_003fd570	0x003fd570	NO_DIRECT_ACCESS_WITNESS															ps2/progress28_structural_lift_recovered.o				indexed/pointer/array/object bounds require separate proof
DAT_003fd578	0x003fd578	NO_DIRECT_ACCESS_WITNESS															ps2/progress28_structural_lift_recovered.o				indexed/pointer/array/object bounds require separate proof
DAT_003fd580	0x003fd580	NO_DIRECT_ACCESS_WITNESS															ps2/progress28_structural_lift_recovered.o				indexed/pointer/array/object bounds require separate proof
DAT_003fd588	0x003fd588	NO_DIRECT_ACCESS_WITNESS															ps2/progress28_structural_lift_recovered.o				indexed/pointer/array/object bounds require separate proof
DAT_003fd590	0x003fd590	NO_DIRECT_ACCESS_WITNESS															ps2/progress28_structural_lift_recovered.o				indexed/pointer/array/object bounds require separate proof
DAT_003fd598	0x003fd598	NO_DIRECT_ACCESS_WITNESS															ps2/progress28_structural_lift_recovered.o				indexed/pointer/array/object bounds require separate proof
DAT_003fd5a0	0x003fd5a0	NO_DIRECT_ACCESS_WITNESS															ps2/progress28_structural_lift_recovered.o				indexed/pointer/array/object bounds require separate proof
DAT_003fd5a2	0x003fd5a2	NO_DIRECT_ACCESS_WITNESS															ps2/progress28_structural_lift_recovered.o				indexed/pointer/array/object bounds require separate proof
DAT_003fd5c2	0x003fd5c2	NO_DIRECT_ACCESS_WITNESS															ps2/progress28_structural_lift_recovered.o				indexed/pointer/array/object bounds require separate proof
DAT_003fd5c6	0x003fd5c6	NO_DIRECT_ACCESS_WITNESS															ps2/progress28_structural_lift_recovered.o				indexed/pointer/array/object bounds require separate proof
DAT_003fd5c8	0x003fd5c8	NO_DIRECT_ACCESS_WITNESS															ps2/progress28_structural_lift_recovered.o				indexed/pointer/array/object bounds require separate proof
DAT_003fd5c9	0x003fd5c9	NO_DIRECT_ACCESS_WITNESS															ps2/progress28_structural_lift_recovered.o				indexed/pointer/array/object bounds require separate proof
DAT_003fd5cc	0x003fd5cc	NO_DIRECT_ACCESS_WITNESS															ps2/progress28_structural_lift_recovered.o				indexed/pointer/array/object bounds require separate proof
DAT_003fd5d0	0x003fd5d0	NO_DIRECT_ACCESS_WITNESS															ps2/progress28_structural_lift_recovered.o				indexed/pointer/array/object bounds require separate proof
DAT_003fd5d8	0x003fd5d8	NO_DIRECT_ACCESS_WITNESS															ps2/progress28_structural_lift_recovered.o				indexed/pointer/array/object bounds require separate proof
DAT_00407fd5	0x00407fd5	NO_DIRECT_ACCESS_WITNESS															ps2/progress28_structural_lift_recovered.o				indexed/pointer/array/object bounds require separate proof
DAT_00407fd6	0x00407fd6	NO_DIRECT_ACCESS_WITNESS															ps2/progress28_structural_lift_recovered.o				indexed/pointer/array/object bounds require separate proof
DAT_00407fd7	0x00407fd7	NO_DIRECT_ACCESS_WITNESS															ps2/progress28_structural_lift_recovered.o				indexed/pointer/array/object bounds require separate proof
DAT_00407fd8	0x00407fd8	NO_DIRECT_ACCESS_WITNESS															ps2/progress28_structural_lift_recovered.o				indexed/pointer/array/object bounds require separate proof
DAT_00407fd9	0x00407fd9	NO_DIRECT_ACCESS_WITNESS															ps2/progress28_structural_lift_recovered.o				indexed/pointer/array/object bounds require separate proof
DAT_00407fdc	0x00407fdc	NO_DIRECT_ACCESS_WITNESS															ps2/progress28_structural_lift_recovered.o				indexed/pointer/array/object bounds require separate proof
DAT_00407fdd	0x00407fdd	NO_DIRECT_ACCESS_WITNESS															ps2/progress28_structural_lift_recovered.o				indexed/pointer/array/object bounds require separate proof
DAT_00407fde	0x00407fde	NO_DIRECT_ACCESS_WITNESS															ps2/progress28_structural_lift_recovered.o				indexed/pointer/array/object bounds require separate proof
DAT_00407fdf	0x00407fdf	NO_DIRECT_ACCESS_WITNESS															ps2/progress28_structural_lift_recovered.o				indexed/pointer/array/object bounds require separate proof
DAT_0040bb78	0x0040bb78	NO_DIRECT_ACCESS_WITNESS															ps2/progress28_structural_lift_recovered.o				indexed/pointer/array/object bounds require separate proof
DAT_0040ffd5	0x0040ffd5	NO_DIRECT_ACCESS_WITNESS															ps2/progress28_structural_lift_recovered.o				indexed/pointer/array/object bounds require separate proof
DAT_0040ffd6	0x0040ffd6	NO_DIRECT_ACCESS_WITNESS															ps2/progress28_structural_lift_recovered.o				indexed/pointer/array/object bounds require separate proof
DAT_0040ffd7	0x0040ffd7	NO_DIRECT_ACCESS_WITNESS															ps2/progress28_structural_lift_recovered.o				indexed/pointer/array/object bounds require separate proof
DAT_0040ffd8	0x0040ffd8	NO_DIRECT_ACCESS_WITNESS															ps2/progress28_structural_lift_recovered.o				indexed/pointer/array/object bounds require separate proof
DAT_0040ffd9	0x0040ffd9	NO_DIRECT_ACCESS_WITNESS															ps2/progress28_structural_lift_recovered.o				indexed/pointer/array/object bounds require separate proof
DAT_0040ffdc	0x0040ffdc	NO_DIRECT_ACCESS_WITNESS															ps2/progress28_structural_lift_recovered.o				indexed/pointer/array/object bounds require separate proof
DAT_0040ffdd	0x0040ffdd	NO_DIRECT_ACCESS_WITNESS															ps2/progress28_structural_lift_recovered.o				indexed/pointer/array/object bounds require separate proof
DAT_0040ffde	0x0040ffde	NO_DIRECT_ACCESS_WITNESS															ps2/progress28_structural_lift_recovered.o				indexed/pointer/array/object bounds require separate proof
DAT_0040ffdf	0x0040ffdf	NO_DIRECT_ACCESS_WITNESS															ps2/progress28_structural_lift_recovered.o				indexed/pointer/array/object bounds require separate proof
DAT_004134ec	0x004134ec	DIRECT_ACCESS_PROVED	0x4	initialized	df3f619804a92fdb4057192dc43dd748ea778adc52bc498ce80524c014b81119	0x001513bc	0xcfc	0x001513f8	lw	2	0x001513c0	6ccb90be19c7f546148946a87e585d397b744c9a6394aad68c4b87d46c094d2d			analysis/matching/hunt1041-v52-validated-17.tsv	05383075b5e8de362905b18184a8b4b88c4b9e1310568ac1791fff170c6129d9	ps2/progress28_structural_lift_recovered.o	block-local-constant	6239824cf4772b39bebc112b1e8f4ec711b8e0fbf7366ee2bee95c8cd57b4239	16753135a76a1b681eab49fafb84328a2664bb7a5fbea8737269b9f7c366ee03	minimum directly accessed span; complete object/array extent and final layout unproved
DAT_004134f4	0x004134f4	DIRECT_ACCESS_PROVED	0x4	initialized	df3f619804a92fdb4057192dc43dd748ea778adc52bc498ce80524c014b81119	0x00181bac	0x9b0	0x00181c4c	lw	2	0x00181c44	a1006d202f699f414268f420b5e53ffb85b074f4550cb52a0630d14f6a77d98f			analysis/matching/hunt1041-v72-validated-v53-6.tsv	b47aedc105d156ff00ff74bf90753e416b3ec6a9de47b5bd3991a8cbe727c01c	ps2/progress28_structural_lift_recovered.o	block-local-constant	b0e0b1b5782b26b6ad8962e30a58704ab2eee75bfe0145ec6f938384166b108a	16753135a76a1b681eab49fafb84328a2664bb7a5fbea8737269b9f7c366ee03	minimum directly accessed span; complete object/array extent and final layout unproved
DAT_004134f8	0x004134f8	DIRECT_ACCESS_PROVED	0x8	initialized	af5570f5a1810b7af78caf4bc70a660f0df51e42baf91d4de5b2328de0e83dfc	0x001806a4	0x4dc	0x001807e4	sd	6	0x001807d0	f5f4992866e73fd576dc05b3585d355b6d4e6725f9879a9307d8a31089a6ba1c			analysis/matching/hunt1041-v81-validated-final20.tsv	31c5aad06832fadab8d0bd703531718a87ea186d279c241a41789ae0c2608e1a	ps2/progress28_structural_lift_recovered.o	block-local-constant	5afc4b93158bfd754044add95c60a6029d2981f535515d6aae19576c064c6f0a	16753135a76a1b681eab49fafb84328a2664bb7a5fbea8737269b9f7c366ee03	minimum directly accessed span; complete object/array extent and final layout unproved
DAT_00413500	0x00413500	DIRECT_ACCESS_PROVED	0x1	initialized	6e340b9cffb37a989ca544e6bb780a2c78901d3fb33738768511a30617afa01d	0x001806a4	0x4dc	0x001807e8	sb	2	0x001807d0;0x001807e0	5fa0e95b20db05ff5b94f8428414aa6a77c76a478aeb6ac3331e57a53fa1feef			analysis/matching/hunt1041-v81-validated-final20.tsv	31c5aad06832fadab8d0bd703531718a87ea186d279c241a41789ae0c2608e1a	ps2/progress28_structural_lift_recovered.o	block-local-constant	5afc4b93158bfd754044add95c60a6029d2981f535515d6aae19576c064c6f0a	16753135a76a1b681eab49fafb84328a2664bb7a5fbea8737269b9f7c366ee03	minimum directly accessed span; complete object/array extent and final layout unproved
DAT_00413504	0x00413504	DIRECT_ACCESS_PROVED	0x4	initialized	df3f619804a92fdb4057192dc43dd748ea778adc52bc498ce80524c014b81119	0x001806a4	0x4dc	0x00180958	lw	10	0x00180948	83db5750c80cfb0ed3b042613387a5c4fb0b9ffcfb8118aebf67a42f4bb5c9db			analysis/matching/hunt1041-v81-validated-final20.tsv	31c5aad06832fadab8d0bd703531718a87ea186d279c241a41789ae0c2608e1a	ps2/progress28_structural_lift_recovered.o	block-local-constant	5afc4b93158bfd754044add95c60a6029d2981f535515d6aae19576c064c6f0a	16753135a76a1b681eab49fafb84328a2664bb7a5fbea8737269b9f7c366ee03	minimum directly accessed span; complete object/array extent and final layout unproved
DAT_00413508	0x00413508	DIRECT_ACCESS_PROVED	0x1	initialized	6e340b9cffb37a989ca544e6bb780a2c78901d3fb33738768511a30617afa01d	0x001806a4	0x4dc	0x001806c8	sb	4	0x001806b0	a0f279bc33d7c350877f5834757f5078229a93e3a5b168d1d37d7e9f86fe0d0d			analysis/matching/hunt1041-v81-validated-final20.tsv	31c5aad06832fadab8d0bd703531718a87ea186d279c241a41789ae0c2608e1a	ps2/progress28_structural_lift_recovered.o	block-local-constant	5afc4b93158bfd754044add95c60a6029d2981f535515d6aae19576c064c6f0a	16753135a76a1b681eab49fafb84328a2664bb7a5fbea8737269b9f7c366ee03	minimum directly accessed span; complete object/array extent and final layout unproved
DAT_00413509	0x00413509	DIRECT_ACCESS_PROVED	0x1	initialized	6e340b9cffb37a989ca544e6bb780a2c78901d3fb33738768511a30617afa01d	0x001813f0	0x7bc	0x001814c4	lbu	2	0x001814bc	68fc334e0531d7e3c0a5eca15477f87a8357436f3483cb4a4f0ca355402e8196			analysis/matching/hunt500plus-v33-validated-204.tsv	198b46bab535289a94dc3974ab342f12191763e99b5f096294b68629f210f5a7	ps2/progress28_structural_lift_recovered.o	block-local-constant	d8eb4b903f2f803f2d57cd5a6afc7aaca868cbff9cf186960efa985b5f3b2c02	16753135a76a1b681eab49fafb84328a2664bb7a5fbea8737269b9f7c366ee03	minimum directly accessed span; complete object/array extent and final layout unproved
DAT_0041350a	0x0041350a	DIRECT_ACCESS_PROVED	0x1	initialized	6e340b9cffb37a989ca544e6bb780a2c78901d3fb33738768511a30617afa01d	0x001813f0	0x7bc	0x001814d0	lbu	2	0x001814c8	9bafc32fb309d30dec58a67bebbb827467ea9253e2da4795e626df621df8f610			analysis/matching/hunt500plus-v33-validated-204.tsv	198b46bab535289a94dc3974ab342f12191763e99b5f096294b68629f210f5a7	ps2/progress28_structural_lift_recovered.o	block-local-constant	d8eb4b903f2f803f2d57cd5a6afc7aaca868cbff9cf186960efa985b5f3b2c02	16753135a76a1b681eab49fafb84328a2664bb7a5fbea8737269b9f7c366ee03	minimum directly accessed span; complete object/array extent and final layout unproved
DAT_0041350b	0x0041350b	DIRECT_ACCESS_PROVED	0x1	initialized	6e340b9cffb37a989ca544e6bb780a2c78901d3fb33738768511a30617afa01d	0x001813f0	0x7bc	0x001814dc	lbu	2	0x001814d4	dafc3b9e207ee7574bb4a8dcb43f9dd9176053c0eb7013600335826a95e99acf			analysis/matching/hunt500plus-v33-validated-204.tsv	198b46bab535289a94dc3974ab342f12191763e99b5f096294b68629f210f5a7	ps2/progress28_structural_lift_recovered.o	block-local-constant	d8eb4b903f2f803f2d57cd5a6afc7aaca868cbff9cf186960efa985b5f3b2c02	16753135a76a1b681eab49fafb84328a2664bb7a5fbea8737269b9f7c366ee03	minimum directly accessed span; complete object/array extent and final layout unproved
DAT_0041350c	0x0041350c	DIRECT_ACCESS_PROVED	0x1	initialized	6e340b9cffb37a989ca544e6bb780a2c78901d3fb33738768511a30617afa01d	0x001806a4	0x4dc	0x00180b14	lbu	2	0x00180b0c	e770471688eb45c902c52106c8c822003c7793df9b74f605fca3c8cc5051b1e2			analysis/matching/hunt1041-v81-validated-final20.tsv	31c5aad06832fadab8d0bd703531718a87ea186d279c241a41789ae0c2608e1a	ps2/progress28_structural_lift_recovered.o	block-local-constant	5afc4b93158bfd754044add95c60a6029d2981f535515d6aae19576c064c6f0a	16753135a76a1b681eab49fafb84328a2664bb7a5fbea8737269b9f7c366ee03	minimum directly accessed span; complete object/array extent and final layout unproved
DAT_0041350d	0x0041350d	DIRECT_ACCESS_PROVED	0x1	initialized	6e340b9cffb37a989ca544e6bb780a2c78901d3fb33738768511a30617afa01d	0x001813f0	0x7bc	0x001814f4	lbu	2	0x001814ec	60cd9d0bde9af1dafca2f80a7d3608a80a80c352def28f4b093326e491ffbdf4			analysis/matching/hunt500plus-v33-validated-204.tsv	198b46bab535289a94dc3974ab342f12191763e99b5f096294b68629f210f5a7	ps2/progress28_structural_lift_recovered.o	block-local-constant	d8eb4b903f2f803f2d57cd5a6afc7aaca868cbff9cf186960efa985b5f3b2c02	16753135a76a1b681eab49fafb84328a2664bb7a5fbea8737269b9f7c366ee03	minimum directly accessed span; complete object/array extent and final layout unproved
DAT_0041350e	0x0041350e	DIRECT_ACCESS_PROVED	0x1	initialized	6e340b9cffb37a989ca544e6bb780a2c78901d3fb33738768511a30617afa01d	0x001813f0	0x7bc	0x00181500	lbu	2	0x001814f8	2af9d45611f1d0f05574caf3ec1b5126c49381e27e3b51286620cf3d947dc011			analysis/matching/hunt500plus-v33-validated-204.tsv	198b46bab535289a94dc3974ab342f12191763e99b5f096294b68629f210f5a7	ps2/progress28_structural_lift_recovered.o	block-local-constant	d8eb4b903f2f803f2d57cd5a6afc7aaca868cbff9cf186960efa985b5f3b2c02	16753135a76a1b681eab49fafb84328a2664bb7a5fbea8737269b9f7c366ee03	minimum directly accessed span; complete object/array extent and final layout unproved
DAT_0041350f	0x0041350f	DIRECT_ACCESS_PROVED	0x1	initialized	6e340b9cffb37a989ca544e6bb780a2c78901d3fb33738768511a30617afa01d	0x001813f0	0x7bc	0x0018150c	lbu	2	0x00181504	8b79a79c9d60395d066416126108afcb0b06ff8d7f7440135d40347c69027de3			analysis/matching/hunt500plus-v33-validated-204.tsv	198b46bab535289a94dc3974ab342f12191763e99b5f096294b68629f210f5a7	ps2/progress28_structural_lift_recovered.o	block-local-constant	d8eb4b903f2f803f2d57cd5a6afc7aaca868cbff9cf186960efa985b5f3b2c02	16753135a76a1b681eab49fafb84328a2664bb7a5fbea8737269b9f7c366ee03	minimum directly accessed span; complete object/array extent and final layout unproved
DAT_00413510	0x00413510	DIRECT_ACCESS_PROVED	0x1	initialized	6e340b9cffb37a989ca544e6bb780a2c78901d3fb33738768511a30617afa01d	0x001813f0	0x7bc	0x00181518	lbu	2	0x00181510	627112db4d3da9c93e7da98b7c81a8c7b4e64932b79b886b5a4647b2f472be1d			analysis/matching/hunt500plus-v33-validated-204.tsv	198b46bab535289a94dc3974ab342f12191763e99b5f096294b68629f210f5a7	ps2/progress28_structural_lift_recovered.o	block-local-constant	d8eb4b903f2f803f2d57cd5a6afc7aaca868cbff9cf186960efa985b5f3b2c02	16753135a76a1b681eab49fafb84328a2664bb7a5fbea8737269b9f7c366ee03	minimum directly accessed span; complete object/array extent and final layout unproved
DAT_00413511	0x00413511	DIRECT_ACCESS_PROVED	0x1	initialized	6e340b9cffb37a989ca544e6bb780a2c78901d3fb33738768511a30617afa01d	0x001813f0	0x7bc	0x00181524	lbu	2	0x0018151c	e180786e177e38ef5c021b428a113593c52107306d809199dcf422ff27aca6b9			analysis/matching/hunt500plus-v33-validated-204.tsv	198b46bab535289a94dc3974ab342f12191763e99b5f096294b68629f210f5a7	ps2/progress28_structural_lift_recovered.o	block-local-constant	d8eb4b903f2f803f2d57cd5a6afc7aaca868cbff9cf186960efa985b5f3b2c02	16753135a76a1b681eab49fafb84328a2664bb7a5fbea8737269b9f7c366ee03	minimum directly accessed span; complete object/array extent and final layout unproved
DAT_00413512	0x00413512	DIRECT_ACCESS_PROVED	0x1	initialized	6e340b9cffb37a989ca544e6bb780a2c78901d3fb33738768511a30617afa01d	0x001813f0	0x7bc	0x00181530	lbu	2	0x00181528	c77c1a217e07748948428b28cf821759c185da9b672b5121bd32bf28e90eb0d8			analysis/matching/hunt500plus-v33-validated-204.tsv	198b46bab535289a94dc3974ab342f12191763e99b5f096294b68629f210f5a7	ps2/progress28_structural_lift_recovered.o	block-local-constant	d8eb4b903f2f803f2d57cd5a6afc7aaca868cbff9cf186960efa985b5f3b2c02	16753135a76a1b681eab49fafb84328a2664bb7a5fbea8737269b9f7c366ee03	minimum directly accessed span; complete object/array extent and final layout unproved
DAT_00413513	0x00413513	DIRECT_ACCESS_PROVED	0x1	initialized	6e340b9cffb37a989ca544e6bb780a2c78901d3fb33738768511a30617afa01d	0x001813f0	0x7bc	0x0018153c	lbu	2	0x00181534	cb9fc5bf14b20f3c9dddece2c1f55b6f748490c9640eb66490bed8873c6c62fe			analysis/matching/hunt500plus-v33-validated-204.tsv	198b46bab535289a94dc3974ab342f12191763e99b5f096294b68629f210f5a7	ps2/progress28_structural_lift_recovered.o	block-local-constant	d8eb4b903f2f803f2d57cd5a6afc7aaca868cbff9cf186960efa985b5f3b2c02	16753135a76a1b681eab49fafb84328a2664bb7a5fbea8737269b9f7c366ee03	minimum directly accessed span; complete object/array extent and final layout unproved
DAT_00413514	0x00413514	DIRECT_ACCESS_PROVED	0x1	initialized	6e340b9cffb37a989ca544e6bb780a2c78901d3fb33738768511a30617afa01d	0x001806a4	0x4dc	0x00180728	sb	2	0x001806b0;0x001806dc	f8b6926cb4c3c617cb7dc22222252f062e219090452861de541ae75928e26a9f			analysis/matching/hunt1041-v81-validated-final20.tsv	31c5aad06832fadab8d0bd703531718a87ea186d279c241a41789ae0c2608e1a	ps2/progress28_structural_lift_recovered.o	block-local-constant	5afc4b93158bfd754044add95c60a6029d2981f535515d6aae19576c064c6f0a	16753135a76a1b681eab49fafb84328a2664bb7a5fbea8737269b9f7c366ee03	minimum directly accessed span; complete object/array extent and final layout unproved
DAT_00413515	0x00413515	DIRECT_ACCESS_PROVED	0x1	initialized	6e340b9cffb37a989ca544e6bb780a2c78901d3fb33738768511a30617afa01d	0x001813f0	0x7bc	0x001817f8	lbu	2	0x001817f0	0372a919495bfe59ef419038f3d3a28fc52ec7752f5a5dbc6ebdb641492034e8			analysis/matching/hunt500plus-v33-validated-204.tsv	198b46bab535289a94dc3974ab342f12191763e99b5f096294b68629f210f5a7	ps2/progress28_structural_lift_recovered.o	block-local-constant	d8eb4b903f2f803f2d57cd5a6afc7aaca868cbff9cf186960efa985b5f3b2c02	16753135a76a1b681eab49fafb84328a2664bb7a5fbea8737269b9f7c366ee03	minimum directly accessed span; complete object/array extent and final layout unproved
DAT_00413516	0x00413516	DIRECT_ACCESS_PROVED	0x1	initialized	6e340b9cffb37a989ca544e6bb780a2c78901d3fb33738768511a30617afa01d	0x001813f0	0x7bc	0x00181804	lbu	2	0x001817fc	a9366a765cac684f96b211bec476561c07277b3d8025e8eb603238f57e512483			analysis/matching/hunt500plus-v33-validated-204.tsv	198b46bab535289a94dc3974ab342f12191763e99b5f096294b68629f210f5a7	ps2/progress28_structural_lift_recovered.o	block-local-constant	d8eb4b903f2f803f2d57cd5a6afc7aaca868cbff9cf186960efa985b5f3b2c02	16753135a76a1b681eab49fafb84328a2664bb7a5fbea8737269b9f7c366ee03	minimum directly accessed span; complete object/array extent and final layout unproved
DAT_00413517	0x00413517	DIRECT_ACCESS_PROVED	0x1	initialized	6e340b9cffb37a989ca544e6bb780a2c78901d3fb33738768511a30617afa01d	0x001813f0	0x7bc	0x00181810	lbu	2	0x00181808	481493284b8be95511f53560a8e4d636ade96b1beb601e8a1813994c04d57cbe			analysis/matching/hunt500plus-v33-validated-204.tsv	198b46bab535289a94dc3974ab342f12191763e99b5f096294b68629f210f5a7	ps2/progress28_structural_lift_recovered.o	block-local-constant	d8eb4b903f2f803f2d57cd5a6afc7aaca868cbff9cf186960efa985b5f3b2c02	16753135a76a1b681eab49fafb84328a2664bb7a5fbea8737269b9f7c366ee03	minimum directly accessed span; complete object/array extent and final layout unproved
DAT_00413518	0x00413518	DIRECT_ACCESS_PROVED	0x1	initialized	6e340b9cffb37a989ca544e6bb780a2c78901d3fb33738768511a30617afa01d	0x001813f0	0x7bc	0x0018181c	lbu	2	0x00181814	d9c3db38ac373e82dd0a7ba01628ee1bf2eb2826f4e8d3d36050e79ed0474a81			analysis/matching/hunt500plus-v33-validated-204.tsv	198b46bab535289a94dc3974ab342f12191763e99b5f096294b68629f210f5a7	ps2/progress28_structural_lift_recovered.o	block-local-constant	d8eb4b903f2f803f2d57cd5a6afc7aaca868cbff9cf186960efa985b5f3b2c02	16753135a76a1b681eab49fafb84328a2664bb7a5fbea8737269b9f7c366ee03	minimum directly accessed span; complete object/array extent and final layout unproved
DAT_00413519	0x00413519	DIRECT_ACCESS_PROVED	0x1	initialized	6e340b9cffb37a989ca544e6bb780a2c78901d3fb33738768511a30617afa01d	0x001813f0	0x7bc	0x00181828	lbu	2	0x00181820	41446cf778d231a370d67328e6422e639b10d78d1835352507371e5978f9aefa			analysis/matching/hunt500plus-v33-validated-204.tsv	198b46bab535289a94dc3974ab342f12191763e99b5f096294b68629f210f5a7	ps2/progress28_structural_lift_recovered.o	block-local-constant	d8eb4b903f2f803f2d57cd5a6afc7aaca868cbff9cf186960efa985b5f3b2c02	16753135a76a1b681eab49fafb84328a2664bb7a5fbea8737269b9f7c366ee03	minimum directly accessed span; complete object/array extent and final layout unproved
DAT_0041351a	0x0041351a	DIRECT_ACCESS_PROVED	0x1	initialized	6e340b9cffb37a989ca544e6bb780a2c78901d3fb33738768511a30617afa01d	0x001813f0	0x7bc	0x00181834	lbu	2	0x0018182c	d51d2f1c5596cc9cff588f43efd6217969c98e85a09e35a697931dc47d7f9f46			analysis/matching/hunt500plus-v33-validated-204.tsv	198b46bab535289a94dc3974ab342f12191763e99b5f096294b68629f210f5a7	ps2/progress28_structural_lift_recovered.o	block-local-constant	d8eb4b903f2f803f2d57cd5a6afc7aaca868cbff9cf186960efa985b5f3b2c02	16753135a76a1b681eab49fafb84328a2664bb7a5fbea8737269b9f7c366ee03	minimum directly accessed span; complete object/array extent and final layout unproved
DAT_0041351b	0x0041351b	DIRECT_ACCESS_PROVED	0x1	initialized	6e340b9cffb37a989ca544e6bb780a2c78901d3fb33738768511a30617afa01d	0x001813f0	0x7bc	0x00181840	lbu	2	0x00181838	07462a41893fa653497ab182e236b193824b4045da2d5ccf53c9221511252700			analysis/matching/hunt500plus-v33-validated-204.tsv	198b46bab535289a94dc3974ab342f12191763e99b5f096294b68629f210f5a7	ps2/progress28_structural_lift_recovered.o	block-local-constant	d8eb4b903f2f803f2d57cd5a6afc7aaca868cbff9cf186960efa985b5f3b2c02	16753135a76a1b681eab49fafb84328a2664bb7a5fbea8737269b9f7c366ee03	minimum directly accessed span; complete object/array extent and final layout unproved
DAT_0041351c	0x0041351c	DIRECT_ACCESS_PROVED	0x1	initialized	6e340b9cffb37a989ca544e6bb780a2c78901d3fb33738768511a30617afa01d	0x001813f0	0x7bc	0x0018184c	lbu	2	0x00181844	cf6dc7c443272ee43e09b29ff40870a14b7d4d11d5ea07aafda2f1c616d77496			analysis/matching/hunt500plus-v33-validated-204.tsv	198b46bab535289a94dc3974ab342f12191763e99b5f096294b68629f210f5a7	ps2/progress28_structural_lift_recovered.o	block-local-constant	d8eb4b903f2f803f2d57cd5a6afc7aaca868cbff9cf186960efa985b5f3b2c02	16753135a76a1b681eab49fafb84328a2664bb7a5fbea8737269b9f7c366ee03	minimum directly accessed span; complete object/array extent and final layout unproved
DAT_0041351d	0x0041351d	DIRECT_ACCESS_PROVED	0x1	initialized	6e340b9cffb37a989ca544e6bb780a2c78901d3fb33738768511a30617afa01d	0x001813f0	0x7bc	0x001819ec	lbu	2	0x001819e4	bc4a048d5845f2a4f8319854d19e684434bd1a884f0889f4daf59160a4dc78ec			analysis/matching/hunt500plus-v33-validated-204.tsv	198b46bab535289a94dc3974ab342f12191763e99b5f096294b68629f210f5a7	ps2/progress28_structural_lift_recovered.o	block-local-constant	d8eb4b903f2f803f2d57cd5a6afc7aaca868cbff9cf186960efa985b5f3b2c02	16753135a76a1b681eab49fafb84328a2664bb7a5fbea8737269b9f7c366ee03	minimum directly accessed span; complete object/array extent and final layout unproved
DAT_0041351e	0x0041351e	DIRECT_ACCESS_PROVED	0x1	initialized	6e340b9cffb37a989ca544e6bb780a2c78901d3fb33738768511a30617afa01d	0x001813f0	0x7bc	0x001819f8	lbu	2	0x001819f0	0822e5ca9901576c28c79f0e239b91f91753dad365352f17b5d097ff4acb1e82			analysis/matching/hunt500plus-v33-validated-204.tsv	198b46bab535289a94dc3974ab342f12191763e99b5f096294b68629f210f5a7	ps2/progress28_structural_lift_recovered.o	block-local-constant	d8eb4b903f2f803f2d57cd5a6afc7aaca868cbff9cf186960efa985b5f3b2c02	16753135a76a1b681eab49fafb84328a2664bb7a5fbea8737269b9f7c366ee03	minimum directly accessed span; complete object/array extent and final layout unproved
DAT_0041351f	0x0041351f	DIRECT_ACCESS_PROVED	0x1	initialized	6e340b9cffb37a989ca544e6bb780a2c78901d3fb33738768511a30617afa01d	0x001813f0	0x7bc	0x00181a04	lbu	2	0x001819fc	fa44958ecb3ad31de6c22c7195b512f600d9d5039f8cad9a1a6f88def9557f12			analysis/matching/hunt500plus-v33-validated-204.tsv	198b46bab535289a94dc3974ab342f12191763e99b5f096294b68629f210f5a7	ps2/progress28_structural_lift_recovered.o	block-local-constant	d8eb4b903f2f803f2d57cd5a6afc7aaca868cbff9cf186960efa985b5f3b2c02	16753135a76a1b681eab49fafb84328a2664bb7a5fbea8737269b9f7c366ee03	minimum directly accessed span; complete object/array extent and final layout unproved
DAT_00413520	0x00413520	DIRECT_ACCESS_PROVED	0x1	initialized	6e340b9cffb37a989ca544e6bb780a2c78901d3fb33738768511a30617afa01d	0x001813f0	0x7bc	0x00181a10	lbu	2	0x00181a08	283c527aef41e9c02b27b6186045799717ea828f86846027f55d6bcb5aafc116			analysis/matching/hunt500plus-v33-validated-204.tsv	198b46bab535289a94dc3974ab342f12191763e99b5f096294b68629f210f5a7	ps2/progress28_structural_lift_recovered.o	block-local-constant	d8eb4b903f2f803f2d57cd5a6afc7aaca868cbff9cf186960efa985b5f3b2c02	16753135a76a1b681eab49fafb84328a2664bb7a5fbea8737269b9f7c366ee03	minimum directly accessed span; complete object/array extent and final layout unproved
DAT_00413521	0x00413521	DIRECT_ACCESS_PROVED	0x1	initialized	6e340b9cffb37a989ca544e6bb780a2c78901d3fb33738768511a30617afa01d	0x001813f0	0x7bc	0x00181a1c	lbu	2	0x00181a14	b0c77a7492dc49d0c49dc729d5ca7bcbd9d807e94fa6f7fb7e400bd0160bebce			analysis/matching/hunt500plus-v33-validated-204.tsv	198b46bab535289a94dc3974ab342f12191763e99b5f096294b68629f210f5a7	ps2/progress28_structural_lift_recovered.o	block-local-constant	d8eb4b903f2f803f2d57cd5a6afc7aaca868cbff9cf186960efa985b5f3b2c02	16753135a76a1b681eab49fafb84328a2664bb7a5fbea8737269b9f7c366ee03	minimum directly accessed span; complete object/array extent and final layout unproved
DAT_00413522	0x00413522	DIRECT_ACCESS_PROVED	0x1	initialized	6e340b9cffb37a989ca544e6bb780a2c78901d3fb33738768511a30617afa01d	0x001813f0	0x7bc	0x00181a28	lbu	2	0x00181a20	8e5e074a2c5e85f73e2a403791af044a4849802c5bf58f16b1439a48c9bc91a1			analysis/matching/hunt500plus-v33-validated-204.tsv	198b46bab535289a94dc3974ab342f12191763e99b5f096294b68629f210f5a7	ps2/progress28_structural_lift_recovered.o	block-local-constant	d8eb4b903f2f803f2d57cd5a6afc7aaca868cbff9cf186960efa985b5f3b2c02	16753135a76a1b681eab49fafb84328a2664bb7a5fbea8737269b9f7c366ee03	minimum directly accessed span; complete object/array extent and final layout unproved
DAT_00413523	0x00413523	DIRECT_ACCESS_PROVED	0x1	initialized	6e340b9cffb37a989ca544e6bb780a2c78901d3fb33738768511a30617afa01d	0x001813f0	0x7bc	0x00181a34	lbu	2	0x00181a2c	f953b1e5112e15e115c5f353b4f6f5275f737d3651c876d2c1bcf146eb4f99e6			analysis/matching/hunt500plus-v33-validated-204.tsv	198b46bab535289a94dc3974ab342f12191763e99b5f096294b68629f210f5a7	ps2/progress28_structural_lift_recovered.o	block-local-constant	d8eb4b903f2f803f2d57cd5a6afc7aaca868cbff9cf186960efa985b5f3b2c02	16753135a76a1b681eab49fafb84328a2664bb7a5fbea8737269b9f7c366ee03	minimum directly accessed span; complete object/array extent and final layout unproved
DAT_00413524	0x00413524	DIRECT_ACCESS_PROVED	0x1	initialized	6e340b9cffb37a989ca544e6bb780a2c78901d3fb33738768511a30617afa01d	0x001813f0	0x7bc	0x00181a40	lbu	2	0x00181a38	68d1f27ab7ece7538d776b3cd19886c7933d5836170c58d12c53c7bd4fc8f8e2			analysis/matching/hunt500plus-v33-validated-204.tsv	198b46bab535289a94dc3974ab342f12191763e99b5f096294b68629f210f5a7	ps2/progress28_structural_lift_recovered.o	block-local-constant	d8eb4b903f2f803f2d57cd5a6afc7aaca868cbff9cf186960efa985b5f3b2c02	16753135a76a1b681eab49fafb84328a2664bb7a5fbea8737269b9f7c366ee03	minimum directly accessed span; complete object/array extent and final layout unproved
DAT_00413525	0x00413525	DIRECT_ACCESS_PROVED	0x1	initialized	6e340b9cffb37a989ca544e6bb780a2c78901d3fb33738768511a30617afa01d	0x001813f0	0x7bc	0x00181a4c	lbu	2	0x00181a44	ee8ff3f0171def9949c962eff1a00f9289b8dd0a458760a880a260bd8d1f5528			analysis/matching/hunt500plus-v33-validated-204.tsv	198b46bab535289a94dc3974ab342f12191763e99b5f096294b68629f210f5a7	ps2/progress28_structural_lift_recovered.o	block-local-constant	d8eb4b903f2f803f2d57cd5a6afc7aaca868cbff9cf186960efa985b5f3b2c02	16753135a76a1b681eab49fafb84328a2664bb7a5fbea8737269b9f7c366ee03	minimum directly accessed span; complete object/array extent and final layout unproved
DAT_00413526	0x00413526	DIRECT_ACCESS_PROVED	0x1	initialized	6e340b9cffb37a989ca544e6bb780a2c78901d3fb33738768511a30617afa01d	0x001813f0	0x7bc	0x00181a58	lbu	2	0x00181a50	685e100bbc6948d35788049aa02fc9917b0cd098c0f7ffca5b9d2a5ed7819049			analysis/matching/hunt500plus-v33-validated-204.tsv	198b46bab535289a94dc3974ab342f12191763e99b5f096294b68629f210f5a7	ps2/progress28_structural_lift_recovered.o	block-local-constant	d8eb4b903f2f803f2d57cd5a6afc7aaca868cbff9cf186960efa985b5f3b2c02	16753135a76a1b681eab49fafb84328a2664bb7a5fbea8737269b9f7c366ee03	minimum directly accessed span; complete object/array extent and final layout unproved
DAT_00413527	0x00413527	DIRECT_ACCESS_PROVED	0x1	initialized	6e340b9cffb37a989ca544e6bb780a2c78901d3fb33738768511a30617afa01d	0x001813f0	0x7bc	0x00181a64	lbu	2	0x00181a5c	e8c274a24b54e8237a5a3dca9e013c9673bc1c355c4ed8c59d6df0725f1c2a85			analysis/matching/hunt500plus-v33-validated-204.tsv	198b46bab535289a94dc3974ab342f12191763e99b5f096294b68629f210f5a7	ps2/progress28_structural_lift_recovered.o	block-local-constant	d8eb4b903f2f803f2d57cd5a6afc7aaca868cbff9cf186960efa985b5f3b2c02	16753135a76a1b681eab49fafb84328a2664bb7a5fbea8737269b9f7c366ee03	minimum directly accessed span; complete object/array extent and final layout unproved
DAT_00413528	0x00413528	DIRECT_ACCESS_PROVED	0x1	initialized	6e340b9cffb37a989ca544e6bb780a2c78901d3fb33738768511a30617afa01d	0x001813f0	0x7bc	0x00181a70	lbu	2	0x00181a68	99c5d7ff6069e8bbc23f092357c7585ef31e9df08278dc1b37f3d2b8a6d8f241			analysis/matching/hunt500plus-v33-validated-204.tsv	198b46bab535289a94dc3974ab342f12191763e99b5f096294b68629f210f5a7	ps2/progress28_structural_lift_recovered.o	block-local-constant	d8eb4b903f2f803f2d57cd5a6afc7aaca868cbff9cf186960efa985b5f3b2c02	16753135a76a1b681eab49fafb84328a2664bb7a5fbea8737269b9f7c366ee03	minimum directly accessed span; complete object/array extent and final layout unproved
DAT_00413529	0x00413529	DIRECT_ACCESS_PROVED	0x1	initialized	6e340b9cffb37a989ca544e6bb780a2c78901d3fb33738768511a30617afa01d	0x001813f0	0x7bc	0x00181a7c	lbu	2	0x00181a74	02b8cadc68d650400312ad79077f4691cddd0623e92940c475a8bff707d7e257			analysis/matching/hunt500plus-v33-validated-204.tsv	198b46bab535289a94dc3974ab342f12191763e99b5f096294b68629f210f5a7	ps2/progress28_structural_lift_recovered.o	block-local-constant	d8eb4b903f2f803f2d57cd5a6afc7aaca868cbff9cf186960efa985b5f3b2c02	16753135a76a1b681eab49fafb84328a2664bb7a5fbea8737269b9f7c366ee03	minimum directly accessed span; complete object/array extent and final layout unproved
DAT_0041352a	0x0041352a	DIRECT_ACCESS_PROVED	0x1	initialized	6e340b9cffb37a989ca544e6bb780a2c78901d3fb33738768511a30617afa01d	0x001813f0	0x7bc	0x00181a88	lbu	2	0x00181a80	3771322886a2403e32c6d857df15dd182d895ace8c71bdcbecc3e35c348a965b			analysis/matching/hunt500plus-v33-validated-204.tsv	198b46bab535289a94dc3974ab342f12191763e99b5f096294b68629f210f5a7	ps2/progress28_structural_lift_recovered.o	block-local-constant	d8eb4b903f2f803f2d57cd5a6afc7aaca868cbff9cf186960efa985b5f3b2c02	16753135a76a1b681eab49fafb84328a2664bb7a5fbea8737269b9f7c366ee03	minimum directly accessed span; complete object/array extent and final layout unproved
DAT_0041352b	0x0041352b	DIRECT_ACCESS_PROVED	0x1	initialized	6e340b9cffb37a989ca544e6bb780a2c78901d3fb33738768511a30617afa01d	0x001728d4	0x1350	0x001739c8	sb	2	0x001739bc	c94362e1a9dffc874b56134420d9de711e6cb7fabd50bc5997f90902078b3a97			analysis/matching/hunt1041-v81-validated-final20.tsv	31c5aad06832fadab8d0bd703531718a87ea186d279c241a41789ae0c2608e1a	ps2/progress28_structural_lift_recovered.o	block-local-constant	08b41eb6d82dac36f0b2a2893c5e445e5cad09e295d46c69bcbaa147546f0352	16753135a76a1b681eab49fafb84328a2664bb7a5fbea8737269b9f7c366ee03	minimum directly accessed span; complete object/array extent and final layout unproved
DAT_0041352c	0x0041352c	DIRECT_ACCESS_PROVED	0x1	initialized	6e340b9cffb37a989ca544e6bb780a2c78901d3fb33738768511a30617afa01d	0x00181bac	0x9b0	0x00182124	sb	2	0x0018211c	849a4b1c03c8ba6dd1fe6586886b1d915614d5790fca3293b23ca5fd3e90ce11			analysis/matching/hunt1041-v72-validated-v53-6.tsv	b47aedc105d156ff00ff74bf90753e416b3ec6a9de47b5bd3991a8cbe727c01c	ps2/progress28_structural_lift_recovered.o	block-local-constant	b0e0b1b5782b26b6ad8962e30a58704ab2eee75bfe0145ec6f938384166b108a	16753135a76a1b681eab49fafb84328a2664bb7a5fbea8737269b9f7c366ee03	minimum directly accessed span; complete object/array extent and final layout unproved
DAT_0041352d	0x0041352d	DIRECT_ACCESS_PROVED	0x1	initialized	6e340b9cffb37a989ca544e6bb780a2c78901d3fb33738768511a30617afa01d	0x001813f0	0x7bc	0x00181ac0	lbu	2	0x00181ab8	86eb1931e2b0179a2416253b3add6cfd0bc9cf1de42ea6f5f05d2352dda84a72			analysis/matching/hunt500plus-v33-validated-204.tsv	198b46bab535289a94dc3974ab342f12191763e99b5f096294b68629f210f5a7	ps2/progress28_structural_lift_recovered.o	block-local-constant	d8eb4b903f2f803f2d57cd5a6afc7aaca868cbff9cf186960efa985b5f3b2c02	16753135a76a1b681eab49fafb84328a2664bb7a5fbea8737269b9f7c366ee03	minimum directly accessed span; complete object/array extent and final layout unproved
DAT_0041352e	0x0041352e	DIRECT_ACCESS_PROVED	0x1	initialized	6e340b9cffb37a989ca544e6bb780a2c78901d3fb33738768511a30617afa01d	0x001813f0	0x7bc	0x00181acc	lbu	2	0x00181ac4	8fa6ac621f0327d545162f3347e07bfc99046daf24ada3ca33a6af2df06198d2			analysis/matching/hunt500plus-v33-validated-204.tsv	198b46bab535289a94dc3974ab342f12191763e99b5f096294b68629f210f5a7	ps2/progress28_structural_lift_recovered.o	block-local-constant	d8eb4b903f2f803f2d57cd5a6afc7aaca868cbff9cf186960efa985b5f3b2c02	16753135a76a1b681eab49fafb84328a2664bb7a5fbea8737269b9f7c366ee03	minimum directly accessed span; complete object/array extent and final layout unproved
DAT_0041352f	0x0041352f	DIRECT_ACCESS_PROVED	0x1	initialized	6e340b9cffb37a989ca544e6bb780a2c78901d3fb33738768511a30617afa01d	0x001813f0	0x7bc	0x00181ad8	lbu	2	0x00181ad0	9fd4477633982bf41175deac0cff5821710dac89eccc164142d002b8e07796c1			analysis/matching/hunt500plus-v33-validated-204.tsv	198b46bab535289a94dc3974ab342f12191763e99b5f096294b68629f210f5a7	ps2/progress28_structural_lift_recovered.o	block-local-constant	d8eb4b903f2f803f2d57cd5a6afc7aaca868cbff9cf186960efa985b5f3b2c02	16753135a76a1b681eab49fafb84328a2664bb7a5fbea8737269b9f7c366ee03	minimum directly accessed span; complete object/array extent and final layout unproved
DAT_00413530	0x00413530	DIRECT_ACCESS_PROVED	0x1	initialized	6e340b9cffb37a989ca544e6bb780a2c78901d3fb33738768511a30617afa01d	0x001813f0	0x7bc	0x00181ae4	lbu	2	0x00181adc	bc38ac70e3da756ecd3e3e1ad2ed9ed902c2bc36ddeba82fd9c1799fa575047f			analysis/matching/hunt500plus-v33-validated-204.tsv	198b46bab535289a94dc3974ab342f12191763e99b5f096294b68629f210f5a7	ps2/progress28_structural_lift_recovered.o	block-local-constant	d8eb4b903f2f803f2d57cd5a6afc7aaca868cbff9cf186960efa985b5f3b2c02	16753135a76a1b681eab49fafb84328a2664bb7a5fbea8737269b9f7c366ee03	minimum directly accessed span; complete object/array extent and final layout unproved
DAT_00413531	0x00413531	DIRECT_ACCESS_PROVED	0x1	initialized	6e340b9cffb37a989ca544e6bb780a2c78901d3fb33738768511a30617afa01d	0x001813f0	0x7bc	0x00181af0	lbu	2	0x00181ae8	4004a5e007375ca76b6e0b64bdb0986043f7d37fb4a7ce35ea0f16b5a9e100a7			analysis/matching/hunt500plus-v33-validated-204.tsv	198b46bab535289a94dc3974ab342f12191763e99b5f096294b68629f210f5a7	ps2/progress28_structural_lift_recovered.o	block-local-constant	d8eb4b903f2f803f2d57cd5a6afc7aaca868cbff9cf186960efa985b5f3b2c02	16753135a76a1b681eab49fafb84328a2664bb7a5fbea8737269b9f7c366ee03	minimum directly accessed span; complete object/array extent and final layout unproved
DAT_00413532	0x00413532	DIRECT_ACCESS_PROVED	0x1	initialized	6e340b9cffb37a989ca544e6bb780a2c78901d3fb33738768511a30617afa01d	0x001813f0	0x7bc	0x00181b0c	lbu	2	0x00181b04	2ab44c403c49f9df9f142f350f5478394fec6ca14ed6bdd20683cd31cd0b018c			analysis/matching/hunt500plus-v33-validated-204.tsv	198b46bab535289a94dc3974ab342f12191763e99b5f096294b68629f210f5a7	ps2/progress28_structural_lift_recovered.o	block-local-constant	d8eb4b903f2f803f2d57cd5a6afc7aaca868cbff9cf186960efa985b5f3b2c02	16753135a76a1b681eab49fafb84328a2664bb7a5fbea8737269b9f7c366ee03	minimum directly accessed span; complete object/array extent and final layout unproved
DAT_00413533	0x00413533	DIRECT_ACCESS_PROVED	0x1	initialized	6e340b9cffb37a989ca544e6bb780a2c78901d3fb33738768511a30617afa01d	0x001806a4	0x4dc	0x001807b0	sb	2	0x001806b0;0x001806dc	2bb55aa0b486c881fb17e32bebba517345ff34962ec0d4a57ece846462e190fc			analysis/matching/hunt1041-v81-validated-final20.tsv	31c5aad06832fadab8d0bd703531718a87ea186d279c241a41789ae0c2608e1a	ps2/progress28_structural_lift_recovered.o	block-local-constant	5afc4b93158bfd754044add95c60a6029d2981f535515d6aae19576c064c6f0a	16753135a76a1b681eab49fafb84328a2664bb7a5fbea8737269b9f7c366ee03	minimum directly accessed span; complete object/array extent and final layout unproved
DAT_00413534	0x00413534	DIRECT_ACCESS_PROVED	0x1	initialized	6e340b9cffb37a989ca544e6bb780a2c78901d3fb33738768511a30617afa01d	0x00181bac	0x9b0	0x00182340	sb	2	0x00182330	d2670a18580d5077015af5a65a8b9020ba46603c90c29c10839b8d15a4234849			analysis/matching/hunt1041-v72-validated-v53-6.tsv	b47aedc105d156ff00ff74bf90753e416b3ec6a9de47b5bd3991a8cbe727c01c	ps2/progress28_structural_lift_recovered.o	block-local-constant	b0e0b1b5782b26b6ad8962e30a58704ab2eee75bfe0145ec6f938384166b108a	16753135a76a1b681eab49fafb84328a2664bb7a5fbea8737269b9f7c366ee03	minimum directly accessed span; complete object/array extent and final layout unproved
DAT_00413535	0x00413535	DIRECT_ACCESS_PROVED	0x1	initialized	6e340b9cffb37a989ca544e6bb780a2c78901d3fb33738768511a30617afa01d	0x001806a4	0x4dc	0x00180a24	lbu	2	0x00180a20	53fd765b9c656b38fccb00d192c3baefdc045abc413ac22c2a84a080266db038			analysis/matching/hunt1041-v81-validated-final20.tsv	31c5aad06832fadab8d0bd703531718a87ea186d279c241a41789ae0c2608e1a	ps2/progress28_structural_lift_recovered.o	block-local-constant	5afc4b93158bfd754044add95c60a6029d2981f535515d6aae19576c064c6f0a	16753135a76a1b681eab49fafb84328a2664bb7a5fbea8737269b9f7c366ee03	minimum directly accessed span; complete object/array extent and final layout unproved
DAT_00413536	0x00413536	DIRECT_ACCESS_PROVED	0x1	initialized	6e340b9cffb37a989ca544e6bb780a2c78901d3fb33738768511a30617afa01d	0x001806a4	0x4dc	0x001807b8	sb	2	0x001806b0;0x001806dc	d5ae8e27555bfc650b030495edbf5c49be2f0ea656b6717cd4037a9f69cf9c75			analysis/matching/hunt1041-v81-validated-final20.tsv	31c5aad06832fadab8d0bd703531718a87ea186d279c241a41789ae0c2608e1a	ps2/progress28_structural_lift_recovered.o	block-local-constant	5afc4b93158bfd754044add95c60a6029d2981f535515d6aae19576c064c6f0a	16753135a76a1b681eab49fafb84328a2664bb7a5fbea8737269b9f7c366ee03	minimum directly accessed span; complete object/array extent and final layout unproved
DAT_00413537	0x00413537	DIRECT_ACCESS_PROVED	0x1	initialized	6e340b9cffb37a989ca544e6bb780a2c78901d3fb33738768511a30617afa01d	0x001806a4	0x4dc	0x001807c0	sb	2	0x001806b0;0x001806dc	b8bccfe95fb28cfb4f96fddd38384ada9d9583cef2c07b122b1b9bcb07dc89b0			analysis/matching/hunt1041-v81-validated-final20.tsv	31c5aad06832fadab8d0bd703531718a87ea186d279c241a41789ae0c2608e1a	ps2/progress28_structural_lift_recovered.o	block-local-constant	5afc4b93158bfd754044add95c60a6029d2981f535515d6aae19576c064c6f0a	16753135a76a1b681eab49fafb84328a2664bb7a5fbea8737269b9f7c366ee03	minimum directly accessed span; complete object/array extent and final layout unproved
DAT_00413538	0x00413538	DIRECT_ACCESS_PROVED	0x4	initialized	df3f619804a92fdb4057192dc43dd748ea778adc52bc498ce80524c014b81119	0x0018255c	0x88	0x00182598	lw	3	0x00182590	7f1e65093510e013363f3d25fe6322c11491b48235a6808d62208f5510ce3139			analysis/matching/hunt400-validated-19.tsv	a698d766a3ef8eda7cc7aec7e16ad590ad72239b6c31d80cba6a38a3a0a61d98	ps2/progress28_structural_lift_recovered.o	block-local-constant	73ba1ebd8e9b5aeecc1fa31493bf9dff4a796883c80d822bdf54747ed944c4c1	16753135a76a1b681eab49fafb84328a2664bb7a5fbea8737269b9f7c366ee03	minimum directly accessed span; complete object/array extent and final layout unproved
DAT_0041353c	0x0041353c	DIRECT_ACCESS_PROVED	0x4	initialized	df3f619804a92fdb4057192dc43dd748ea778adc52bc498ce80524c014b81119	0x001522d8	0x107c	0x00152338	sw	2	0x00152334	7dd9803c6fa913e6ac2019163d79cd5b8200b3355d770bd7f0cea7468f7ab988			analysis/matching/hunt1041-v52-validated-17.tsv	05383075b5e8de362905b18184a8b4b88c4b9e1310568ac1791fff170c6129d9	ps2/progress28_structural_lift_recovered.o	block-local-constant	5c6072d8d1892b2346877a2820d67d29a2040a333951ad704b9301380cb47a8c	16753135a76a1b681eab49fafb84328a2664bb7a5fbea8737269b9f7c366ee03	minimum directly accessed span; complete object/array extent and final layout unproved
DAT_00413540	0x00413540	DIRECT_ACCESS_PROVED	0x4	initialized	df3f619804a92fdb4057192dc43dd748ea778adc52bc498ce80524c014b81119	0x0012a400	0xfe8	0x0012b1c4	lw	17	0x0012b1a4;0x0012b1ac	b1b58add4556cbed5414c7870f9bfbeec533ea4a8864addc7adf105b1320e4fd			analysis/matching/hunt1041-v72-validated-v53-6.tsv	b47aedc105d156ff00ff74bf90753e416b3ec6a9de47b5bd3991a8cbe727c01c	ps2/progress28_structural_lift_recovered.o	block-local-constant	dd2102d989e6c94134d3272194d288cf3aa85ba2af8e5e336119fafec36f768e	16753135a76a1b681eab49fafb84328a2664bb7a5fbea8737269b9f7c366ee03	minimum directly accessed span; complete object/array extent and final layout unproved
DAT_00413544	0x00413544	DIRECT_ACCESS_PROVED	0x10000	initialized	de2f256064a0af797747c2b97505dc0b9f3df0de4f489eac731c23ae9ca9cc31	0x001806a4	0x4dc	0x00180828	memset.write	4	0x00180810;0x00180818;0x0018081c;0x00180824;0x00180828	55ffa0eafebee19415896af256a370486ad1a34302c1530acbf06f379d27f26d	0x0019c39c	cecbe61c3a5bab20064a2941574a50bd6e9c1727fc5c161be546310cd045a731	analysis/matching/hunt1041-v81-validated-final20.tsv	31c5aad06832fadab8d0bd703531718a87ea186d279c241a41789ae0c2608e1a	ps2/progress28_structural_lift_recovered.o	block-local-constant	5afc4b93158bfd754044add95c60a6029d2981f535515d6aae19576c064c6f0a	16753135a76a1b681eab49fafb84328a2664bb7a5fbea8737269b9f7c366ee03	minimum directly accessed span; complete object/array extent and final layout unproved
DAT_00423548	0x00423548	DIRECT_ACCESS_PROVED	0x1	initialized	6e340b9cffb37a989ca544e6bb780a2c78901d3fb33738768511a30617afa01d	0x001728d4	0x1350	0x00173730	sb	5	0x00173718	aef633e07915867ee135209a064ef10669c32a5b466ce2bf7fcfd93023ad5a3a			analysis/matching/hunt1041-v81-validated-final20.tsv	31c5aad06832fadab8d0bd703531718a87ea186d279c241a41789ae0c2608e1a	ps2/progress28_structural_lift_recovered.o	block-local-constant	08b41eb6d82dac36f0b2a2893c5e445e5cad09e295d46c69bcbaa147546f0352	16753135a76a1b681eab49fafb84328a2664bb7a5fbea8737269b9f7c366ee03	minimum directly accessed span; complete object/array extent and final layout unproved
DAT_00423549	0x00423549	DIRECT_ACCESS_PROVED	0x1	initialized	6e340b9cffb37a989ca544e6bb780a2c78901d3fb33738768511a30617afa01d	0x001728d4	0x1350	0x00173738	sb	4	0x00173718;0x00173720	72bdedee18c72f5695b0c37999d4e8871927f581a801c8a6b464dabc1681e1da			analysis/matching/hunt1041-v81-validated-final20.tsv	31c5aad06832fadab8d0bd703531718a87ea186d279c241a41789ae0c2608e1a	ps2/progress28_structural_lift_recovered.o	block-local-constant	08b41eb6d82dac36f0b2a2893c5e445e5cad09e295d46c69bcbaa147546f0352	16753135a76a1b681eab49fafb84328a2664bb7a5fbea8737269b9f7c366ee03	minimum directly accessed span; complete object/array extent and final layout unproved
DAT_0042354a	0x0042354a	DIRECT_ACCESS_PROVED	0x1	initialized	6e340b9cffb37a989ca544e6bb780a2c78901d3fb33738768511a30617afa01d	0x001728d4	0x1350	0x0017373c	sb	4	0x00173718;0x00173720	63656bc74cb7542c93061e78e39e6789a665b026daeaa11983d8e76bd6e79b44			analysis/matching/hunt1041-v81-validated-final20.tsv	31c5aad06832fadab8d0bd703531718a87ea186d279c241a41789ae0c2608e1a	ps2/progress28_structural_lift_recovered.o	block-local-constant	08b41eb6d82dac36f0b2a2893c5e445e5cad09e295d46c69bcbaa147546f0352	16753135a76a1b681eab49fafb84328a2664bb7a5fbea8737269b9f7c366ee03	minimum directly accessed span; complete object/array extent and final layout unproved
DAT_0042354b	0x0042354b	DIRECT_ACCESS_PROVED	0x1	initialized	6e340b9cffb37a989ca544e6bb780a2c78901d3fb33738768511a30617afa01d	0x001728d4	0x1350	0x00173734	sb	4	0x00173718;0x00173720	d82599c78625c86fd5dd6a90f83cfd764165597e80776d76599ead8fb8c50d68			analysis/matching/hunt1041-v81-validated-final20.tsv	31c5aad06832fadab8d0bd703531718a87ea186d279c241a41789ae0c2608e1a	ps2/progress28_structural_lift_recovered.o	block-local-constant	08b41eb6d82dac36f0b2a2893c5e445e5cad09e295d46c69bcbaa147546f0352	16753135a76a1b681eab49fafb84328a2664bb7a5fbea8737269b9f7c366ee03	minimum directly accessed span; complete object/array extent and final layout unproved
DAT_0042354c	0x0042354c	DIRECT_ACCESS_PROVED	0x1	initialized	6e340b9cffb37a989ca544e6bb780a2c78901d3fb33738768511a30617afa01d	0x001728d4	0x1350	0x00173780	sb	3	0x00173760;0x00173764	c4c35d801358695c0c10d265061d337335e0a6ded29468558e519423fd93ae30			analysis/matching/hunt1041-v81-validated-final20.tsv	31c5aad06832fadab8d0bd703531718a87ea186d279c241a41789ae0c2608e1a	ps2/progress28_structural_lift_recovered.o	block-local-constant	08b41eb6d82dac36f0b2a2893c5e445e5cad09e295d46c69bcbaa147546f0352	16753135a76a1b681eab49fafb84328a2664bb7a5fbea8737269b9f7c366ee03	minimum directly accessed span; complete object/array extent and final layout unproved
DAT_0042354d	0x0042354d	DIRECT_ACCESS_PROVED	0x1	initialized	6e340b9cffb37a989ca544e6bb780a2c78901d3fb33738768511a30617afa01d	0x001728d4	0x1350	0x0017377c	sb	3	0x00173760;0x00173764	4d07d0544e0963fe8b5f05a43e64d78692f82dd7b489f2720791af2b8ed1d448			analysis/matching/hunt1041-v81-validated-final20.tsv	31c5aad06832fadab8d0bd703531718a87ea186d279c241a41789ae0c2608e1a	ps2/progress28_structural_lift_recovered.o	block-local-constant	08b41eb6d82dac36f0b2a2893c5e445e5cad09e295d46c69bcbaa147546f0352	16753135a76a1b681eab49fafb84328a2664bb7a5fbea8737269b9f7c366ee03	minimum directly accessed span; complete object/array extent and final layout unproved
DAT_0042354e	0x0042354e	DIRECT_ACCESS_PROVED	0x1	initialized	6e340b9cffb37a989ca544e6bb780a2c78901d3fb33738768511a30617afa01d	0x001728d4	0x1350	0x00173784	sb	3	0x00173760;0x00173764	a5eae8fa9c0dc5ac2d81b67031224d8372cfcd77a7d715b9268f3b975c6265dd			analysis/matching/hunt1041-v81-validated-final20.tsv	31c5aad06832fadab8d0bd703531718a87ea186d279c241a41789ae0c2608e1a	ps2/progress28_structural_lift_recovered.o	block-local-constant	08b41eb6d82dac36f0b2a2893c5e445e5cad09e295d46c69bcbaa147546f0352	16753135a76a1b681eab49fafb84328a2664bb7a5fbea8737269b9f7c366ee03	minimum directly accessed span; complete object/array extent and final layout unproved
DAT_0042354f	0x0042354f	DIRECT_ACCESS_PROVED	0x1	initialized	6e340b9cffb37a989ca544e6bb780a2c78901d3fb33738768511a30617afa01d	0x001728d4	0x1350	0x00173770	sb	3	0x00173760;0x00173764	d7559f4c3a4463716aefea5a816f7f18515f8ca923f7cc2ab78929c2edadd86c			analysis/matching/hunt1041-v81-validated-final20.tsv	31c5aad06832fadab8d0bd703531718a87ea186d279c241a41789ae0c2608e1a	ps2/progress28_structural_lift_recovered.o	block-local-constant	08b41eb6d82dac36f0b2a2893c5e445e5cad09e295d46c69bcbaa147546f0352	16753135a76a1b681eab49fafb84328a2664bb7a5fbea8737269b9f7c366ee03	minimum directly accessed span; complete object/array extent and final layout unproved
DAT_00423550	0x00423550	DIRECT_ACCESS_PROVED	0x1	initialized	6e340b9cffb37a989ca544e6bb780a2c78901d3fb33738768511a30617afa01d	0x001728d4	0x1350	0x001737c8	sb	3	0x001737a8;0x001737ac	a3d102399220a0e2df0b66a53c0d2783e0930fa814cf212aeefd7bd51577843b			analysis/matching/hunt1041-v81-validated-final20.tsv	31c5aad06832fadab8d0bd703531718a87ea186d279c241a41789ae0c2608e1a	ps2/progress28_structural_lift_recovered.o	block-local-constant	08b41eb6d82dac36f0b2a2893c5e445e5cad09e295d46c69bcbaa147546f0352	16753135a76a1b681eab49fafb84328a2664bb7a5fbea8737269b9f7c366ee03	minimum directly accessed span; complete object/array extent and final layout unproved
DAT_00423551	0x00423551	DIRECT_ACCESS_PROVED	0x1	initialized	6e340b9cffb37a989ca544e6bb780a2c78901d3fb33738768511a30617afa01d	0x001728d4	0x1350	0x001737c4	sb	3	0x001737a8;0x001737ac	d23c09b734bcaac848d891d7fc1e83660b9fc4a55095d1d8c5dbb9f9b8b28877			analysis/matching/hunt1041-v81-validated-final20.tsv	31c5aad06832fadab8d0bd703531718a87ea186d279c241a41789ae0c2608e1a	ps2/progress28_structural_lift_recovered.o	block-local-constant	08b41eb6d82dac36f0b2a2893c5e445e5cad09e295d46c69bcbaa147546f0352	16753135a76a1b681eab49fafb84328a2664bb7a5fbea8737269b9f7c366ee03	minimum directly accessed span; complete object/array extent and final layout unproved
DAT_00423552	0x00423552	DIRECT_ACCESS_PROVED	0x1	initialized	6e340b9cffb37a989ca544e6bb780a2c78901d3fb33738768511a30617afa01d	0x001728d4	0x1350	0x001737cc	sb	3	0x001737a8;0x001737ac	4a89bf3fb20778261150a5efd43c6e524459916c43285b3739fde47fb1cb2869			analysis/matching/hunt1041-v81-validated-final20.tsv	31c5aad06832fadab8d0bd703531718a87ea186d279c241a41789ae0c2608e1a	ps2/progress28_structural_lift_recovered.o	block-local-constant	08b41eb6d82dac36f0b2a2893c5e445e5cad09e295d46c69bcbaa147546f0352	16753135a76a1b681eab49fafb84328a2664bb7a5fbea8737269b9f7c366ee03	minimum directly accessed span; complete object/array extent and final layout unproved
DAT_00423553	0x00423553	DIRECT_ACCESS_PROVED	0x1	initialized	6e340b9cffb37a989ca544e6bb780a2c78901d3fb33738768511a30617afa01d	0x001728d4	0x1350	0x001737b8	sb	3	0x001737a8;0x001737ac	12421d65ed62c6341aabfffa2aa321e7f9ab1cd7985f0f97885ec15025d893f4			analysis/matching/hunt1041-v81-validated-final20.tsv	31c5aad06832fadab8d0bd703531718a87ea186d279c241a41789ae0c2608e1a	ps2/progress28_structural_lift_recovered.o	block-local-constant	08b41eb6d82dac36f0b2a2893c5e445e5cad09e295d46c69bcbaa147546f0352	16753135a76a1b681eab49fafb84328a2664bb7a5fbea8737269b9f7c366ee03	minimum directly accessed span; complete object/array extent and final layout unproved
DAT_00423554	0x00423554	DIRECT_ACCESS_PROVED	0x4	initialized	df3f619804a92fdb4057192dc43dd748ea778adc52bc498ce80524c014b81119	0x00182638	0x2d8	0x0018266c	lw	4	0x0018263c;0x00182644	5cadf3ebda02080fc9f54580fb56d2ceb5dd60d8ae09633be82cc9a6bbd7ca59			analysis/matching/hunt1041-v72-validated-v53-6.tsv	b47aedc105d156ff00ff74bf90753e416b3ec6a9de47b5bd3991a8cbe727c01c	ps2/progress28_structural_lift_recovered.o	cfg-must-constant	5cadf3ebda02080fc9f54580fb56d2ceb5dd60d8ae09633be82cc9a6bbd7ca59	16753135a76a1b681eab49fafb84328a2664bb7a5fbea8737269b9f7c366ee03	minimum directly accessed span; complete object/array extent and final layout unproved
DAT_00423555	0x00423555	DIRECT_ACCESS_PROVED	0x1	initialized	6e340b9cffb37a989ca544e6bb780a2c78901d3fb33738768511a30617afa01d	0x001728d4	0x1350	0x0017380c	sb	3	0x001737f0;0x001737f4	1177d57a2789037f28c6c8b46cf6141da9cc93749550160c23ef89e7c9ed0898			analysis/matching/hunt1041-v81-validated-final20.tsv	31c5aad06832fadab8d0bd703531718a87ea186d279c241a41789ae0c2608e1a	ps2/progress28_structural_lift_recovered.o	block-local-constant	08b41eb6d82dac36f0b2a2893c5e445e5cad09e295d46c69bcbaa147546f0352	16753135a76a1b681eab49fafb84328a2664bb7a5fbea8737269b9f7c366ee03	minimum directly accessed span; complete object/array extent and final layout unproved
DAT_00423556	0x00423556	DIRECT_ACCESS_PROVED	0x1	initialized	6e340b9cffb37a989ca544e6bb780a2c78901d3fb33738768511a30617afa01d	0x001728d4	0x1350	0x00173814	sb	3	0x001737f0;0x001737f4	1331d4e566d6cce1f2c4f534daf341ae617f8af1e52d929a5e5c788770fec5f2			analysis/matching/hunt1041-v81-validated-final20.tsv	31c5aad06832fadab8d0bd703531718a87ea186d279c241a41789ae0c2608e1a	ps2/progress28_structural_lift_recovered.o	block-local-constant	08b41eb6d82dac36f0b2a2893c5e445e5cad09e295d46c69bcbaa147546f0352	16753135a76a1b681eab49fafb84328a2664bb7a5fbea8737269b9f7c366ee03	minimum directly accessed span; complete object/array extent and final layout unproved
DAT_00423557	0x00423557	DIRECT_ACCESS_PROVED	0x1	initialized	6e340b9cffb37a989ca544e6bb780a2c78901d3fb33738768511a30617afa01d	0x001728d4	0x1350	0x00173800	sb	3	0x001737f0;0x001737f4	7186feaea8e970ee0a02774d061230907c6faaeb36d5dda6d5f74b77c9033ee8			analysis/matching/hunt1041-v81-validated-final20.tsv	31c5aad06832fadab8d0bd703531718a87ea186d279c241a41789ae0c2608e1a	ps2/progress28_structural_lift_recovered.o	block-local-constant	08b41eb6d82dac36f0b2a2893c5e445e5cad09e295d46c69bcbaa147546f0352	16753135a76a1b681eab49fafb84328a2664bb7a5fbea8737269b9f7c366ee03	minimum directly accessed span; complete object/array extent and final layout unproved
DAT_00423558	0x00423558	DIRECT_ACCESS_PROVED	0x2	initialized	96a296d224f285c67bee93c30f8a309157f0daa35dc5b87e410b78630a09cfc7	0x00181bac	0x9b0	0x00182348	sh	3	0x00182334;0x0018233c	cef7e8d6cfc2d6ad5cb3b70216bd38dc9da5b92cea4c0d34eb1ac242bc04f1b4			analysis/matching/hunt1041-v72-validated-v53-6.tsv	b47aedc105d156ff00ff74bf90753e416b3ec6a9de47b5bd3991a8cbe727c01c	ps2/progress28_structural_lift_recovered.o	block-local-constant	b0e0b1b5782b26b6ad8962e30a58704ab2eee75bfe0145ec6f938384166b108a	16753135a76a1b681eab49fafb84328a2664bb7a5fbea8737269b9f7c366ee03	minimum directly accessed span; complete object/array extent and final layout unproved
DAT_0042355a	0x0042355a	NO_DIRECT_ACCESS_WITNESS															ps2/progress28_structural_lift_recovered.o				indexed/pointer/array/object bounds require separate proof
DAT_0042355b	0x0042355b	DIRECT_ACCESS_PROVED	0x1	initialized	6e340b9cffb37a989ca544e6bb780a2c78901d3fb33738768511a30617afa01d	0x001813f0	0x7bc	0x00181b28	lbu	16	0x00181b20;0x00181b24	1360a4171466d4f725411ba5b44ad9b14a2f9fb9a03d8d348b11aa0e14bde3e7			analysis/matching/hunt500plus-v33-validated-204.tsv	198b46bab535289a94dc3974ab342f12191763e99b5f096294b68629f210f5a7	ps2/progress28_structural_lift_recovered.o	block-local-constant	d8eb4b903f2f803f2d57cd5a6afc7aaca868cbff9cf186960efa985b5f3b2c02	16753135a76a1b681eab49fafb84328a2664bb7a5fbea8737269b9f7c366ee03	minimum directly accessed span; complete object/array extent and final layout unproved
DAT_0042355c	0x0042355c	DIRECT_ACCESS_PROVED	0x4	initialized	df3f619804a92fdb4057192dc43dd748ea778adc52bc498ce80524c014b81119	0x00182638	0x2d8	0x00182680	lw	4	0x0018263c;0x00182644	5cadf3ebda02080fc9f54580fb56d2ceb5dd60d8ae09633be82cc9a6bbd7ca59			analysis/matching/hunt1041-v72-validated-v53-6.tsv	b47aedc105d156ff00ff74bf90753e416b3ec6a9de47b5bd3991a8cbe727c01c	ps2/progress28_structural_lift_recovered.o	cfg-must-constant	5cadf3ebda02080fc9f54580fb56d2ceb5dd60d8ae09633be82cc9a6bbd7ca59	16753135a76a1b681eab49fafb84328a2664bb7a5fbea8737269b9f7c366ee03	minimum directly accessed span; complete object/array extent and final layout unproved
DAT_00423858	0x00423858	DIRECT_ACCESS_PROVED	0x1c	initialized	3addfb141cd7c9c4c6543a82191a3707ac29c7a041217782e61d4d91c691aee8	0x00183678	0x58	0x0018369c	memset.write	4	0x00183684;0x00183688;0x00183690;0x00183698;0x0018369c	d5eb2dc33b5555837cea1ccccefeaa3c97f74974fb67c7e09ba49052a471898c	0x0019c39c	cecbe61c3a5bab20064a2941574a50bd6e9c1727fc5c161be546310cd045a731	analysis/matching/hunt1041-v48-validated-25.tsv	ba414b327687e47cd31fb81a698f4b8bacfc290633af8809980820342985c54a	ps2/progress28_structural_lift_recovered.o	block-local-constant	5f7fc4d4d1af73a905c3108403b14526403e70be2fe64fd7269f1d66918f2283	16753135a76a1b681eab49fafb84328a2664bb7a5fbea8737269b9f7c366ee03	minimum directly accessed span; complete object/array extent and final layout unproved
DAT_00423859	0x00423859	DIRECT_ACCESS_PROVED	0x1	initialized	6e340b9cffb37a989ca544e6bb780a2c78901d3fb33738768511a30617afa01d	0x001837cc	0x2d8	0x001837f4	lbu	3	0x001837d0;0x001837d8	d1cb5d9ac91fc21839d7d7bf4e9f26b4964ea1c1a755321ad7694383eb420130			analysis/matching/hunt1041-v48-validated-25.tsv	ba414b327687e47cd31fb81a698f4b8bacfc290633af8809980820342985c54a	ps2/progress28_structural_lift_recovered.o	block-local-constant	2abfa37d49dec19c7c54b6e0e057f8fd34e6defc09c0b5641adca05aa04e800b	16753135a76a1b681eab49fafb84328a2664bb7a5fbea8737269b9f7c366ee03	minimum directly accessed span; complete object/array extent and final layout unproved
DAT_0042385a	0x0042385a	DIRECT_ACCESS_PROVED	0xd	initialized	dd46c3eebb1884ff3b5258c0a2fc9398e560a29e0780d4b53869b6254aa46a96	0x00183c58	0xe8	0x00183cfc	memmove.read	5	0x00183cc0;0x00183cc8;0x00183cd4;0x00183cd8;0x00183cf8	2aad8fbb85de76a7ae9c8faa84f14614f509707db8c8498b54d385e5972233b1	0x0019c4a0	2c186336c5b6a90179b8d87225a562a458f9eb58ca86322cfb1630950f3336ed	analysis/matching/hunt1041-v48-validated-25.tsv	ba414b327687e47cd31fb81a698f4b8bacfc290633af8809980820342985c54a	ps2/progress28_structural_lift_recovered.o	block-local-constant	6549c0c19d19b3cacaf8322e30ca8f2df5f9a78322904fab36cf819434f96e14	16753135a76a1b681eab49fafb84328a2664bb7a5fbea8737269b9f7c366ee03	minimum directly accessed span; complete object/array extent and final layout unproved
DAT_0042385b	0x0042385b	DIRECT_ACCESS_PROVED	0x1	initialized	6e340b9cffb37a989ca544e6bb780a2c78901d3fb33738768511a30617afa01d	0x001837cc	0x2d8	0x001838c4	lbu	7	0x001838b0;0x001838bc	42cb9b6f703ff8e416780f74b9deb8d2077adcdd462697955b0ace8869a1a130			analysis/matching/hunt1041-v48-validated-25.tsv	ba414b327687e47cd31fb81a698f4b8bacfc290633af8809980820342985c54a	ps2/progress28_structural_lift_recovered.o	block-local-constant	2abfa37d49dec19c7c54b6e0e057f8fd34e6defc09c0b5641adca05aa04e800b	16753135a76a1b681eab49fafb84328a2664bb7a5fbea8737269b9f7c366ee03	minimum directly accessed span; complete object/array extent and final layout unproved
DAT_0042385c	0x0042385c	DIRECT_ACCESS_PROVED	0x1	initialized	6e340b9cffb37a989ca544e6bb780a2c78901d3fb33738768511a30617afa01d	0x001837cc	0x2d8	0x001838f8	lbu	7	0x001838b0;0x001838bc	2abfa37d49dec19c7c54b6e0e057f8fd34e6defc09c0b5641adca05aa04e800b			analysis/matching/hunt1041-v48-validated-25.tsv	ba414b327687e47cd31fb81a698f4b8bacfc290633af8809980820342985c54a	ps2/progress28_structural_lift_recovered.o	cfg-must-constant	2abfa37d49dec19c7c54b6e0e057f8fd34e6defc09c0b5641adca05aa04e800b	16753135a76a1b681eab49fafb84328a2664bb7a5fbea8737269b9f7c366ee03	minimum directly accessed span; complete object/array extent and final layout unproved
DAT_0042385d	0x0042385d	DIRECT_ACCESS_PROVED	0x1	initialized	6e340b9cffb37a989ca544e6bb780a2c78901d3fb33738768511a30617afa01d	0x001837cc	0x2d8	0x001838ec	lbu	7	0x001838b0;0x001838bc	2abfa37d49dec19c7c54b6e0e057f8fd34e6defc09c0b5641adca05aa04e800b			analysis/matching/hunt1041-v48-validated-25.tsv	ba414b327687e47cd31fb81a698f4b8bacfc290633af8809980820342985c54a	ps2/progress28_structural_lift_recovered.o	cfg-must-constant	2abfa37d49dec19c7c54b6e0e057f8fd34e6defc09c0b5641adca05aa04e800b	16753135a76a1b681eab49fafb84328a2664bb7a5fbea8737269b9f7c366ee03	minimum directly accessed span; complete object/array extent and final layout unproved
DAT_0042385e	0x0042385e	DIRECT_ACCESS_PROVED	0x1	initialized	6e340b9cffb37a989ca544e6bb780a2c78901d3fb33738768511a30617afa01d	0x001837cc	0x2d8	0x0018391c	lbu	7	0x001838b0;0x001838bc	2abfa37d49dec19c7c54b6e0e057f8fd34e6defc09c0b5641adca05aa04e800b			analysis/matching/hunt1041-v48-validated-25.tsv	ba414b327687e47cd31fb81a698f4b8bacfc290633af8809980820342985c54a	ps2/progress28_structural_lift_recovered.o	cfg-must-constant	2abfa37d49dec19c7c54b6e0e057f8fd34e6defc09c0b5641adca05aa04e800b	16753135a76a1b681eab49fafb84328a2664bb7a5fbea8737269b9f7c366ee03	minimum directly accessed span; complete object/array extent and final layout unproved
DAT_0042385f	0x0042385f	DIRECT_ACCESS_PROVED	0x1	initialized	6e340b9cffb37a989ca544e6bb780a2c78901d3fb33738768511a30617afa01d	0x001837cc	0x2d8	0x00183910	lbu	7	0x001838b0;0x001838bc	2abfa37d49dec19c7c54b6e0e057f8fd34e6defc09c0b5641adca05aa04e800b			analysis/matching/hunt1041-v48-validated-25.tsv	ba414b327687e47cd31fb81a698f4b8bacfc290633af8809980820342985c54a	ps2/progress28_structural_lift_recovered.o	cfg-must-constant	2abfa37d49dec19c7c54b6e0e057f8fd34e6defc09c0b5641adca05aa04e800b	16753135a76a1b681eab49fafb84328a2664bb7a5fbea8737269b9f7c366ee03	minimum directly accessed span; complete object/array extent and final layout unproved
DAT_00423860	0x00423860	DIRECT_ACCESS_PROVED	0x1	initialized	6e340b9cffb37a989ca544e6bb780a2c78901d3fb33738768511a30617afa01d	0x001836d0	0xa8	0x001836f4	lbu	2	0x001836d0;0x001836d8	8329701b76005d060fbc0b970bb6611c644070cbccd7f8557615167bdebe7d7f			analysis/matching/hunt500-v10-validated-17.tsv	c69da9ef146b90ec9ee78ad9013b5cb799a9ea301d029ec28846aee575b56e8b	ps2/progress28_structural_lift_recovered.o	block-local-constant	712353a2d4b71f89dc5c6c878cba2d12342b2de264250c5eb82e4d8463b46da1	16753135a76a1b681eab49fafb84328a2664bb7a5fbea8737269b9f7c366ee03	minimum directly accessed span; complete object/array extent and final layout unproved
DAT_00423861	0x00423861	DIRECT_ACCESS_PROVED	0x1	initialized	6e340b9cffb37a989ca544e6bb780a2c78901d3fb33738768511a30617afa01d	0x001837cc	0x2d8	0x00183a0c	sb	16	0x001839d0;0x001839d4	c86503063c427acaf79a6daf1f9fbd1e007f93b81bce2ebe7a4e21e7127b3c61			analysis/matching/hunt1041-v48-validated-25.tsv	ba414b327687e47cd31fb81a698f4b8bacfc290633af8809980820342985c54a	ps2/progress28_structural_lift_recovered.o	block-local-constant	2abfa37d49dec19c7c54b6e0e057f8fd34e6defc09c0b5641adca05aa04e800b	16753135a76a1b681eab49fafb84328a2664bb7a5fbea8737269b9f7c366ee03	minimum directly accessed span; complete object/array extent and final layout unproved
DAT_00423862	0x00423862	DIRECT_ACCESS_PROVED	0x1	initialized	6e340b9cffb37a989ca544e6bb780a2c78901d3fb33738768511a30617afa01d	0x001836d0	0xa8	0x001836f0	lbu	2	0x001836d0;0x001836d8	9a4421a3edf1a04472797b398fe9b0c95f9e49734268bace64cc008b4c1f6d18			analysis/matching/hunt500-v10-validated-17.tsv	c69da9ef146b90ec9ee78ad9013b5cb799a9ea301d029ec28846aee575b56e8b	ps2/progress28_structural_lift_recovered.o	block-local-constant	712353a2d4b71f89dc5c6c878cba2d12342b2de264250c5eb82e4d8463b46da1	16753135a76a1b681eab49fafb84328a2664bb7a5fbea8737269b9f7c366ee03	minimum directly accessed span; complete object/array extent and final layout unproved
DAT_00423863	0x00423863	DIRECT_ACCESS_PROVED	0x1	initialized	6e340b9cffb37a989ca544e6bb780a2c78901d3fb33738768511a30617afa01d	0x001836d0	0xa8	0x001836e4	lbu	2	0x001836d0;0x001836d8	2d4163e4e1394ae9cdfb330c8bbe5b67f539b7ab4bbcc9839c590c2fd2c61e5f			analysis/matching/hunt500-v10-validated-17.tsv	c69da9ef146b90ec9ee78ad9013b5cb799a9ea301d029ec28846aee575b56e8b	ps2/progress28_structural_lift_recovered.o	block-local-constant	712353a2d4b71f89dc5c6c878cba2d12342b2de264250c5eb82e4d8463b46da1	16753135a76a1b681eab49fafb84328a2664bb7a5fbea8737269b9f7c366ee03	minimum directly accessed span; complete object/array extent and final layout unproved
DAT_00423864	0x00423864	DIRECT_ACCESS_PROVED	0x1	initialized	6e340b9cffb37a989ca544e6bb780a2c78901d3fb33738768511a30617afa01d	0x001836d0	0xa8	0x001836e0	lbu	2	0x001836d0;0x001836d8	e74fdafaa2470df7d1a3097e5afd420ccd18d7dee82b4680de82edd2c54463e6			analysis/matching/hunt500-v10-validated-17.tsv	c69da9ef146b90ec9ee78ad9013b5cb799a9ea301d029ec28846aee575b56e8b	ps2/progress28_structural_lift_recovered.o	block-local-constant	712353a2d4b71f89dc5c6c878cba2d12342b2de264250c5eb82e4d8463b46da1	16753135a76a1b681eab49fafb84328a2664bb7a5fbea8737269b9f7c366ee03	minimum directly accessed span; complete object/array extent and final layout unproved
DAT_00423865	0x00423865	DIRECT_ACCESS_PROVED	0x1	initialized	6e340b9cffb37a989ca544e6bb780a2c78901d3fb33738768511a30617afa01d	0x001836d0	0xa8	0x001836ec	lbu	2	0x001836d0;0x001836d8	e8e4bd2bb799fa929257bed919f28643605055cda8fd59858e472b6b87facdef			analysis/matching/hunt500-v10-validated-17.tsv	c69da9ef146b90ec9ee78ad9013b5cb799a9ea301d029ec28846aee575b56e8b	ps2/progress28_structural_lift_recovered.o	block-local-constant	712353a2d4b71f89dc5c6c878cba2d12342b2de264250c5eb82e4d8463b46da1	16753135a76a1b681eab49fafb84328a2664bb7a5fbea8737269b9f7c366ee03	minimum directly accessed span; complete object/array extent and final layout unproved
DAT_00423866	0x00423866	NO_DIRECT_ACCESS_WITNESS															ps2/progress28_structural_lift_recovered.o				indexed/pointer/array/object bounds require separate proof
DAT_00423867	0x00423867	DIRECT_ACCESS_PROVED	0x1	initialized	6e340b9cffb37a989ca544e6bb780a2c78901d3fb33738768511a30617afa01d	0x00153354	0x164	0x00153480	sb	2	0x00153478;0x0015347c	1983170541cdec7c8a1caefcb388d2f0c0ecd8f711f4624dfe6a9c3076ccf525			analysis/matching/hunt1041-v52-validated-17.tsv	05383075b5e8de362905b18184a8b4b88c4b9e1310568ac1791fff170c6129d9	ps2/progress28_structural_lift_recovered.o	block-local-constant	357a62bcf17a61b0f46ab6112fe707ecd7f1f18a1eb0e22891a8592e8b79b997	16753135a76a1b681eab49fafb84328a2664bb7a5fbea8737269b9f7c366ee03	minimum directly accessed span; complete object/array extent and final layout unproved
DAT_00423868	0x00423868	DIRECT_ACCESS_PROVED	0x1	initialized	6e340b9cffb37a989ca544e6bb780a2c78901d3fb33738768511a30617afa01d	0x00183aa4	0x138	0x00183b00	sb	2	0x00183af8	662fc944aceded5d4b18dddeb885b38f40579e6791e2c35a6d3021f3ef515e29			analysis/matching/hunt1041-v48-validated-25.tsv	ba414b327687e47cd31fb81a698f4b8bacfc290633af8809980820342985c54a	ps2/progress28_structural_lift_recovered.o	block-local-constant	cfe5a15a0b4867fc8e13a28f04b9a963e6c57e933ed9135725daac8fb0ccf726	16753135a76a1b681eab49fafb84328a2664bb7a5fbea8737269b9f7c366ee03	minimum directly accessed span; complete object/array extent and final layout unproved
DAT_0042386c	0x0042386c	DIRECT_ACCESS_PROVED	0x4	initialized	df3f619804a92fdb4057192dc43dd748ea778adc52bc498ce80524c014b81119	0x001837cc	0x2d8	0x00183808	lw	3	0x001837d0;0x001837d8	2abfa37d49dec19c7c54b6e0e057f8fd34e6defc09c0b5641adca05aa04e800b			analysis/matching/hunt1041-v48-validated-25.tsv	ba414b327687e47cd31fb81a698f4b8bacfc290633af8809980820342985c54a	ps2/progress28_structural_lift_recovered.o	cfg-must-constant	2abfa37d49dec19c7c54b6e0e057f8fd34e6defc09c0b5641adca05aa04e800b	16753135a76a1b681eab49fafb84328a2664bb7a5fbea8737269b9f7c366ee03	minimum directly accessed span; complete object/array extent and final layout unproved
DAT_004243d8	0x004243d8	NO_DIRECT_ACCESS_WITNESS															ps2/progress28_structural_lift_recovered.o				indexed/pointer/array/object bounds require separate proof
DAT_00424850	0x00424850	DIRECT_ACCESS_PROVED	0x4	initialized	df3f619804a92fdb4057192dc43dd748ea778adc52bc498ce80524c014b81119	0x0018c1f8	0x63c	0x0018c3a4	lw	2	0x0018c3a0	fafd070dde3987caa968ffaaf9b8ff30ab61fa15fa98f00206eb53aa7afb83b4			analysis/matching/hunt500-v10-validated-17.tsv	c69da9ef146b90ec9ee78ad9013b5cb799a9ea301d029ec28846aee575b56e8b	ps2/progress28_structural_lift_recovered.o;unzip/explode_recovered.o;unzip/unreduce_recovered.o	block-local-constant	9229921c347f2eee9dd22a2b36e55a8b0c06936fc3fea1e9bfc835408a26b8bd	16753135a76a1b681eab49fafb84328a2664bb7a5fbea8737269b9f7c366ee03	minimum directly accessed span; complete object/array extent and final layout unproved
DAT_00424854	0x00424854	DIRECT_ACCESS_PROVED	0x4	initialized	df3f619804a92fdb4057192dc43dd748ea778adc52bc498ce80524c014b81119	0x0018c1f8	0x63c	0x0018c240	lw	2	0x0018c1fc	ba41561f8b496017efd6191b0451cf93f1fb617978e6e4e0c80b8dc9a74d310b			analysis/matching/hunt500-v10-validated-17.tsv	c69da9ef146b90ec9ee78ad9013b5cb799a9ea301d029ec28846aee575b56e8b	ps2/progress28_structural_lift_recovered.o;unzip/explode_recovered.o;unzip/unreduce_recovered.o	block-local-constant	9229921c347f2eee9dd22a2b36e55a8b0c06936fc3fea1e9bfc835408a26b8bd	16753135a76a1b681eab49fafb84328a2664bb7a5fbea8737269b9f7c366ee03	minimum directly accessed span; complete object/array extent and final layout unproved
DAT_00425970	0x00425970	NO_DIRECT_ACCESS_WITNESS															ps2/progress28_structural_lift_recovered.o				indexed/pointer/array/object bounds require separate proof
DAT_00426820	0x00426820	NO_DIRECT_ACCESS_WITNESS															ps2/progress28_structural_lift_recovered.o				indexed/pointer/array/object bounds require separate proof
LAB_0012f8a8	0x0012f8a8	NO_DIRECT_ACCESS_WITNESS															ps2/progress28_structural_lift_recovered.o				indexed/pointer/array/object bounds require separate proof
LAB_0012fb78	0x0012fb78	NO_DIRECT_ACCESS_WITNESS															ps2/progress28_structural_lift_recovered.o				indexed/pointer/array/object bounds require separate proof
LAB_00170138	0x00170138	NO_DIRECT_ACCESS_WITNESS															ps2/progress28_structural_lift_recovered.o				indexed/pointer/array/object bounds require separate proof
LAB_00170194	0x00170194	NO_DIRECT_ACCESS_WITNESS															ps2/progress28_structural_lift_recovered.o				indexed/pointer/array/object bounds require separate proof
LAB_0018428c	0x0018428c	NO_DIRECT_ACCESS_WITNESS															ps2/progress28_structural_lift_recovered.o				indexed/pointer/array/object bounds require separate proof
LAB_001845a8	0x001845a8	NO_DIRECT_ACCESS_WITNESS															ps2/progress28_structural_lift_recovered.o				indexed/pointer/array/object bounds require separate proof
LAB_00184a40	0x00184a40	NO_DIRECT_ACCESS_WITNESS															ps2/progress28_structural_lift_recovered.o				indexed/pointer/array/object bounds require separate proof
LAB_00184d5c	0x00184d5c	NO_DIRECT_ACCESS_WITNESS															ps2/progress28_structural_lift_recovered.o				indexed/pointer/array/object bounds require separate proof
LAB_001851f4	0x001851f4	NO_DIRECT_ACCESS_WITNESS															ps2/progress28_structural_lift_recovered.o				indexed/pointer/array/object bounds require separate proof
LAB_00185510	0x00185510	NO_DIRECT_ACCESS_WITNESS															ps2/progress28_structural_lift_recovered.o				indexed/pointer/array/object bounds require separate proof
LAB_00185d8c	0x00185d8c	NO_DIRECT_ACCESS_WITNESS															ps2/progress28_structural_lift_recovered.o				indexed/pointer/array/object bounds require separate proof
LAB_001860a8	0x001860a8	NO_DIRECT_ACCESS_WITNESS															ps2/progress28_structural_lift_recovered.o				indexed/pointer/array/object bounds require separate proof
LAB_00186540	0x00186540	NO_DIRECT_ACCESS_WITNESS															ps2/progress28_structural_lift_recovered.o				indexed/pointer/array/object bounds require separate proof
LAB_0018685c	0x0018685c	NO_DIRECT_ACCESS_WITNESS															ps2/progress28_structural_lift_recovered.o				indexed/pointer/array/object bounds require separate proof
UNK_00108000	0x00108000	NO_DIRECT_ACCESS_WITNESS															ps2/progress28_structural_lift_recovered.o				indexed/pointer/array/object bounds require separate proof
UNK_001a6320	0x001a6320	NO_DIRECT_ACCESS_WITNESS															ps2/progress28_structural_lift_recovered.o				indexed/pointer/array/object bounds require separate proof
UNK_001b85c8	0x001b85c8	NO_DIRECT_ACCESS_WITNESS															ps2/progress28_structural_lift_recovered.o				indexed/pointer/array/object bounds require separate proof
UNK_001ba7e0	0x001ba7e0	NO_DIRECT_ACCESS_WITNESS															ps2/progress28_structural_lift_recovered.o				indexed/pointer/array/object bounds require separate proof
UNK_00208000	0x00208000	NO_DIRECT_ACCESS_WITNESS															ps2/progress28_structural_lift_recovered.o				indexed/pointer/array/object bounds require separate proof
UNK_003f2ed8	0x003f2ed8	NO_DIRECT_ACCESS_WITNESS															ps2/progress28_structural_lift_recovered.o				indexed/pointer/array/object bounds require separate proof
UNK_003f2ef8	0x003f2ef8	NO_DIRECT_ACCESS_WITNESS															ps2/progress28_structural_lift_recovered.o				indexed/pointer/array/object bounds require separate proof
UNK_003f2f18	0x003f2f18	NO_DIRECT_ACCESS_WITNESS															ps2/progress28_structural_lift_recovered.o				indexed/pointer/array/object bounds require separate proof
UNK_003f2f38	0x003f2f38	NO_DIRECT_ACCESS_WITNESS															ps2/progress28_structural_lift_recovered.o				indexed/pointer/array/object bounds require separate proof
UNK_003f2f58	0x003f2f58	NO_DIRECT_ACCESS_WITNESS															ps2/progress28_structural_lift_recovered.o				indexed/pointer/array/object bounds require separate proof
UNK_00400001	0x00400001	NO_DIRECT_ACCESS_WITNESS															ps2/progress28_structural_lift_recovered.o				indexed/pointer/array/object bounds require separate proof
UNK_00407fb0	0x00407fb0	NO_DIRECT_ACCESS_WITNESS															ps2/progress28_structural_lift_recovered.o				indexed/pointer/array/object bounds require separate proof
UNK_00407fb2	0x00407fb2	NO_DIRECT_ACCESS_WITNESS															ps2/progress28_structural_lift_recovered.o				indexed/pointer/array/object bounds require separate proof
UNK_00407fc0	0x00407fc0	NO_DIRECT_ACCESS_WITNESS															ps2/progress28_structural_lift_recovered.o				indexed/pointer/array/object bounds require separate proof
UNK_0040ffb0	0x0040ffb0	NO_DIRECT_ACCESS_WITNESS															ps2/progress28_structural_lift_recovered.o				indexed/pointer/array/object bounds require separate proof
UNK_0040ffb2	0x0040ffb2	NO_DIRECT_ACCESS_WITNESS															ps2/progress28_structural_lift_recovered.o				indexed/pointer/array/object bounds require separate proof
UNK_0040ffc0	0x0040ffc0	NO_DIRECT_ACCESS_WITNESS															ps2/progress28_structural_lift_recovered.o				indexed/pointer/array/object bounds require separate proof
UNK_00420000	0x00420000	NO_DIRECT_ACCESS_WITNESS															ps2/progress28_structural_lift_recovered.o				indexed/pointer/array/object bounds require separate proof
_DAT_001baf10	0x001baf10	DIRECT_ACCESS_PROVED	0x8	initialized	af5570f5a1810b7af78caf4bc70a660f0df51e42baf91d4de5b2328de0e83dfc	0x00100114	0x278	0x00100330	sd	3	0x0010032c	23a7411ca94787461e33e001bfee3f9e05ef40c414f426807c4cab1a8e12d656			analysis/matching/hunt1041-v80-validated-quickwins-23.tsv	bc64ffd5bceeb09497ff1e765080b7ca7d92f7127b9724423638bbbf4bf2160f	ps2/progress28_structural_lift_recovered.o	block-local-constant	7e9ac3595f51b8b16782d02d52a1d0ef302620918e2b01401c291c04f3006358	16753135a76a1b681eab49fafb84328a2664bb7a5fbea8737269b9f7c366ee03	minimum directly accessed span; complete object/array extent and final layout unproved
_DAT_001bb340	0x001bb340	DIRECT_ACCESS_PROVED	0x1	initialized	6e340b9cffb37a989ca544e6bb780a2c78901d3fb33738768511a30617afa01d	0x00104f18	0x798	0x00105084	sb	2	0x00105074;0x00105078	526cbc3c1b559d015a88b7ca44545aab7f495cb988c414d86adb3868765d27df			analysis/matching/hunt1041-v81-validated-final20.tsv	31c5aad06832fadab8d0bd703531718a87ea186d279c241a41789ae0c2608e1a	ps2/progress28_structural_lift_recovered.o	block-local-constant	b8f2bdcb05d3b4d3e386f2a1e61d8146cffaa3e1b66bc8b9acce81d11e86ed4c	16753135a76a1b681eab49fafb84328a2664bb7a5fbea8737269b9f7c366ee03	minimum directly accessed span; complete object/array extent and final layout unproved
_DAT_00335938	0x00335938	DIRECT_ACCESS_PROVED	0x2	initialized	96a296d224f285c67bee93c30f8a309157f0daa35dc5b87e410b78630a09cfc7	0x0010b8a4	0x328	0x0010b934	lh	3	0x0010b930	0a0f7434d8bc3fec9048584552ff2ccffaf211082137031c1ce65638286086f4			analysis/matching/hunt1041-v75-validated-c4-5.tsv	ab4c4d26b26eb4f23e2f5877e611c9192abbc54041aa63a6fc014216235f527a	ps2/progress28_structural_lift_recovered.o	block-local-constant	836a03bef39c640f2f73345444026688456ae3e64678907e41517fe9736efc3a	16753135a76a1b681eab49fafb84328a2664bb7a5fbea8737269b9f7c366ee03	minimum directly accessed span; complete object/array extent and final layout unproved
_DAT_0033593a	0x0033593a	DIRECT_ACCESS_PROVED	0x2	initialized	96a296d224f285c67bee93c30f8a309157f0daa35dc5b87e410b78630a09cfc7	0x0010b8a4	0x328	0x0010bbc0	sh	2	0x0010bbbc	b087cba852506eed5b43d753ef4b0c2cae9092426af08564ed6d1b5a977f3b24			analysis/matching/hunt1041-v75-validated-c4-5.tsv	ab4c4d26b26eb4f23e2f5877e611c9192abbc54041aa63a6fc014216235f527a	ps2/progress28_structural_lift_recovered.o	block-local-constant	836a03bef39c640f2f73345444026688456ae3e64678907e41517fe9736efc3a	16753135a76a1b681eab49fafb84328a2664bb7a5fbea8737269b9f7c366ee03	minimum directly accessed span; complete object/array extent and final layout unproved
_DAT_00335946	0x00335946	DIRECT_ACCESS_PROVED	0x2	initialized	96a296d224f285c67bee93c30f8a309157f0daa35dc5b87e410b78630a09cfc7	0x0010c094	0xe0	0x0010c0a0	lh	17	0x0010c09c	f8fd989b697cb6b5113d977e0d5b594e4db6134abe4504962ac9377a5c00f479			analysis/matching/hunt1041-v75-validated-c4-5.tsv	ab4c4d26b26eb4f23e2f5877e611c9192abbc54041aa63a6fc014216235f527a	ps2/progress28_structural_lift_recovered.o	block-local-constant	4f960ff15e772d288e9469159b2f9b27928aed85916794192aefb05980166bd9	16753135a76a1b681eab49fafb84328a2664bb7a5fbea8737269b9f7c366ee03	minimum directly accessed span; complete object/array extent and final layout unproved
_DAT_00335948	0x00335948	DIRECT_ACCESS_PROVED	0x2	initialized	96a296d224f285c67bee93c30f8a309157f0daa35dc5b87e410b78630a09cfc7	0x0010c094	0xe0	0x0010c0b8	lh	2	0x0010c0b4	f57b087f6b39e4835a91808b7996e0bc5fad9a8fdb828f46e8928828f1dd244c			analysis/matching/hunt1041-v75-validated-c4-5.tsv	ab4c4d26b26eb4f23e2f5877e611c9192abbc54041aa63a6fc014216235f527a	ps2/progress28_structural_lift_recovered.o	block-local-constant	4f960ff15e772d288e9469159b2f9b27928aed85916794192aefb05980166bd9	16753135a76a1b681eab49fafb84328a2664bb7a5fbea8737269b9f7c366ee03	minimum directly accessed span; complete object/array extent and final layout unproved
_DAT_0033594a	0x0033594a	DIRECT_ACCESS_PROVED	0x2	initialized	96a296d224f285c67bee93c30f8a309157f0daa35dc5b87e410b78630a09cfc7	0x0010c094	0xe0	0x0010c0c8	sh	2	0x0010c0c4	8a14e884c6d9e513cab80b0463d6ac7a46a06fcdb9faa267919e8c9a354fb172			analysis/matching/hunt1041-v75-validated-c4-5.tsv	ab4c4d26b26eb4f23e2f5877e611c9192abbc54041aa63a6fc014216235f527a	ps2/progress28_structural_lift_recovered.o	block-local-constant	4f960ff15e772d288e9469159b2f9b27928aed85916794192aefb05980166bd9	16753135a76a1b681eab49fafb84328a2664bb7a5fbea8737269b9f7c366ee03	minimum directly accessed span; complete object/array extent and final layout unproved
_DAT_0033594c	0x0033594c	NO_DIRECT_ACCESS_WITNESS															ps2/progress28_structural_lift_recovered.o				indexed/pointer/array/object bounds require separate proof
_DAT_00340f94	0x00340f94	DIRECT_ACCESS_PROVED	0x2	initialized	96a296d224f285c67bee93c30f8a309157f0daa35dc5b87e410b78630a09cfc7	0x0012c444	0x64	0x0012c47c	sh	3	0x0012c470	1951dc94a6ba0f89eba5a29968d95f82fd8ce949e2d3170538749fb7061ba7b1			analysis/matching/hunt500plus-v33-validated-204.tsv	198b46bab535289a94dc3974ab342f12191763e99b5f096294b68629f210f5a7	ps2/progress28_structural_lift_recovered.o	block-local-constant	92060723575f8ceb852f894915c590510e704d70a2249a1b8f5ad873770190ce	16753135a76a1b681eab49fafb84328a2664bb7a5fbea8737269b9f7c366ee03	minimum directly accessed span; complete object/array extent and final layout unproved
_DAT_00340f96	0x00340f96	DIRECT_ACCESS_PROVED	0x2	initialized	96a296d224f285c67bee93c30f8a309157f0daa35dc5b87e410b78630a09cfc7	0x0012c444	0x64	0x0012c49c	sh	3	0x0012c494	54f27025374ce1be0529b1819a87d43687355d8982b9ae949ccc2ad2767ca8fd			analysis/matching/hunt500plus-v33-validated-204.tsv	198b46bab535289a94dc3974ab342f12191763e99b5f096294b68629f210f5a7	ps2/progress28_structural_lift_recovered.o	block-local-constant	92060723575f8ceb852f894915c590510e704d70a2249a1b8f5ad873770190ce	16753135a76a1b681eab49fafb84328a2664bb7a5fbea8737269b9f7c366ee03	minimum directly accessed span; complete object/array extent and final layout unproved
_DAT_0034139e	0x0034139e	DIRECT_ACCESS_PROVED	0x2	initialized	96a296d224f285c67bee93c30f8a309157f0daa35dc5b87e410b78630a09cfc7	0x0012c4a8	0xb0	0x0012c50c	sh	2	0x0012c4fc	4c38fb58fa39a990b261f0d9541cc7d70faf6015d97c75554e666464d6245cc2			analysis/matching/hunt500plus-v33-validated-204.tsv	198b46bab535289a94dc3974ab342f12191763e99b5f096294b68629f210f5a7	ps2/progress28_structural_lift_recovered.o	block-local-constant	29317b7073722567d72a81423029aa58ad1d2c3897d2d024fb99645a6b5783ad	16753135a76a1b681eab49fafb84328a2664bb7a5fbea8737269b9f7c366ee03	minimum directly accessed span; complete object/array extent and final layout unproved
_DAT_003413a0	0x003413a0	DIRECT_ACCESS_PROVED	0x2	initialized	96a296d224f285c67bee93c30f8a309157f0daa35dc5b87e410b78630a09cfc7	0x0012c4a8	0xb0	0x0012c548	sh	2	0x0012c530	939d13d191226889104adff0531ffe2fd5b4743bc41c9b3410451fb912a06958			analysis/matching/hunt500plus-v33-validated-204.tsv	198b46bab535289a94dc3974ab342f12191763e99b5f096294b68629f210f5a7	ps2/progress28_structural_lift_recovered.o	block-local-constant	29317b7073722567d72a81423029aa58ad1d2c3897d2d024fb99645a6b5783ad	16753135a76a1b681eab49fafb84328a2664bb7a5fbea8737269b9f7c366ee03	minimum directly accessed span; complete object/array extent and final layout unproved
_DAT_003413b0	0x003413b0	DIRECT_ACCESS_PROVED	0x2	initialized	96a296d224f285c67bee93c30f8a309157f0daa35dc5b87e410b78630a09cfc7	0x0012c558	0x680	0x0012c83c	lhu	3	0x0012c838	12c2aacef6612f8879398f2e7b1cc10b6786f174ce6f2b090dd81bd6df731a59			analysis/matching/hunt1041-v81-validated-final20.tsv	31c5aad06832fadab8d0bd703531718a87ea186d279c241a41789ae0c2608e1a	ps2/progress28_structural_lift_recovered.o	block-local-constant	78caff4b71efff83f4bb83d0c9f15c20d4026cb13a5faf87bdb3ddd6d5696f90	16753135a76a1b681eab49fafb84328a2664bb7a5fbea8737269b9f7c366ee03	minimum directly accessed span; complete object/array extent and final layout unproved
_DAT_003413b2	0x003413b2	NO_DIRECT_ACCESS_WITNESS															ps2/progress28_structural_lift_recovered.o				indexed/pointer/array/object bounds require separate proof
_DAT_003413b4	0x003413b4	DIRECT_ACCESS_PROVED	0x2	initialized	96a296d224f285c67bee93c30f8a309157f0daa35dc5b87e410b78630a09cfc7	0x0012c558	0x680	0x0012c770	sh	2	0x0012c768	2c9402796b976d52b29bef8b9b7521ccf10a3a463d13b29dd33f9c62651ace28			analysis/matching/hunt1041-v81-validated-final20.tsv	31c5aad06832fadab8d0bd703531718a87ea186d279c241a41789ae0c2608e1a	ps2/progress28_structural_lift_recovered.o	block-local-constant	78caff4b71efff83f4bb83d0c9f15c20d4026cb13a5faf87bdb3ddd6d5696f90	16753135a76a1b681eab49fafb84328a2664bb7a5fbea8737269b9f7c366ee03	minimum directly accessed span; complete object/array extent and final layout unproved
_DAT_003413b6	0x003413b6	DIRECT_ACCESS_PROVED	0x2	initialized	96a296d224f285c67bee93c30f8a309157f0daa35dc5b87e410b78630a09cfc7	0x0012c558	0x680	0x0012c764	sh	2	0x0012c760	5710dfa03a73a3d4733060f3d5c94585a19d67f0b3f1ac5049a6ce8e7a6054ef			analysis/matching/hunt1041-v81-validated-final20.tsv	31c5aad06832fadab8d0bd703531718a87ea186d279c241a41789ae0c2608e1a	ps2/progress28_structural_lift_recovered.o	block-local-constant	78caff4b71efff83f4bb83d0c9f15c20d4026cb13a5faf87bdb3ddd6d5696f90	16753135a76a1b681eab49fafb84328a2664bb7a5fbea8737269b9f7c366ee03	minimum directly accessed span; complete object/array extent and final layout unproved
_DAT_00341468	0x00341468	DIRECT_ACCESS_PROVED	0x2	initialized	96a296d224f285c67bee93c30f8a309157f0daa35dc5b87e410b78630a09cfc7	0x0012ce18	0x244	0x0012cf78	sh	2	0x0012cf60	311b894be2209d71998e9e2cf33dd0200f638f6f0ee29497453e9b3bca80a46d			analysis/matching/hunt500plus-v33-validated-204.tsv	198b46bab535289a94dc3974ab342f12191763e99b5f096294b68629f210f5a7	ps2/progress28_structural_lift_recovered.o	cfg-must-constant	311b894be2209d71998e9e2cf33dd0200f638f6f0ee29497453e9b3bca80a46d	16753135a76a1b681eab49fafb84328a2664bb7a5fbea8737269b9f7c366ee03	minimum directly accessed span; complete object/array extent and final layout unproved
_DAT_0034146a	0x0034146a	DIRECT_ACCESS_PROVED	0x2	initialized	96a296d224f285c67bee93c30f8a309157f0daa35dc5b87e410b78630a09cfc7	0x0012ce18	0x244	0x0012cfb8	sh	2	0x0012cfb4	2cd4319f3cd7fd0801cc76164cc89b923edd237ee5ede04f27883a0c39233338			analysis/matching/hunt500plus-v33-validated-204.tsv	198b46bab535289a94dc3974ab342f12191763e99b5f096294b68629f210f5a7	ps2/progress28_structural_lift_recovered.o	block-local-constant	311b894be2209d71998e9e2cf33dd0200f638f6f0ee29497453e9b3bca80a46d	16753135a76a1b681eab49fafb84328a2664bb7a5fbea8737269b9f7c366ee03	minimum directly accessed span; complete object/array extent and final layout unproved
_DAT_0034146c	0x0034146c	DIRECT_ACCESS_PROVED	0x2	initialized	96a296d224f285c67bee93c30f8a309157f0daa35dc5b87e410b78630a09cfc7	0x0012ce18	0x244	0x0012cfb0	sh	3	0x0012cf98	311b894be2209d71998e9e2cf33dd0200f638f6f0ee29497453e9b3bca80a46d			analysis/matching/hunt500plus-v33-validated-204.tsv	198b46bab535289a94dc3974ab342f12191763e99b5f096294b68629f210f5a7	ps2/progress28_structural_lift_recovered.o	cfg-must-constant	311b894be2209d71998e9e2cf33dd0200f638f6f0ee29497453e9b3bca80a46d	16753135a76a1b681eab49fafb84328a2664bb7a5fbea8737269b9f7c366ee03	minimum directly accessed span; complete object/array extent and final layout unproved
_DAT_0034146e	0x0034146e	DIRECT_ACCESS_PROVED	0x2	initialized	96a296d224f285c67bee93c30f8a309157f0daa35dc5b87e410b78630a09cfc7	0x0012ce18	0x244	0x0012cfc0	sh	2	0x0012cfbc	d8250949a99f64bc81ea3709efc0d1788916009744df554d71f641dbae7e9b25			analysis/matching/hunt500plus-v33-validated-204.tsv	198b46bab535289a94dc3974ab342f12191763e99b5f096294b68629f210f5a7	ps2/progress28_structural_lift_recovered.o	block-local-constant	311b894be2209d71998e9e2cf33dd0200f638f6f0ee29497453e9b3bca80a46d	16753135a76a1b681eab49fafb84328a2664bb7a5fbea8737269b9f7c366ee03	minimum directly accessed span; complete object/array extent and final layout unproved
_DAT_003414c6	0x003414c6	DIRECT_ACCESS_PROVED	0x2	initialized	96a296d224f285c67bee93c30f8a309157f0daa35dc5b87e410b78630a09cfc7	0x0012d05c	0x2d8	0x0012d240	sh	2	0x0012d23c	0fda81806e40811517c5061953a3cea66f5fa51a7489b1ec6b542c2fc9c072d4			analysis/matching/hunt1041-v80-validated-quickwins-23.tsv	bc64ffd5bceeb09497ff1e765080b7ca7d92f7127b9724423638bbbf4bf2160f	ps2/progress28_structural_lift_recovered.o	block-local-constant	89dab25ff724744a12db900fe72c6406c35b1465db5672bb3dd3246419e8a798	16753135a76a1b681eab49fafb84328a2664bb7a5fbea8737269b9f7c366ee03	minimum directly accessed span; complete object/array extent and final layout unproved
_DAT_003414c8	0x003414c8	DIRECT_ACCESS_PROVED	0x2	initialized	96a296d224f285c67bee93c30f8a309157f0daa35dc5b87e410b78630a09cfc7	0x0012d05c	0x2d8	0x0012d24c	sh	2	0x0012d244	0fc301b4fdf51b97717da1d148dfb0191ee6b35cea9a73dc84e5482823ed5abf			analysis/matching/hunt1041-v80-validated-quickwins-23.tsv	bc64ffd5bceeb09497ff1e765080b7ca7d92f7127b9724423638bbbf4bf2160f	ps2/progress28_structural_lift_recovered.o	block-local-constant	89dab25ff724744a12db900fe72c6406c35b1465db5672bb3dd3246419e8a798	16753135a76a1b681eab49fafb84328a2664bb7a5fbea8737269b9f7c366ee03	minimum directly accessed span; complete object/array extent and final layout unproved
_DAT_003414ca	0x003414ca	DIRECT_ACCESS_PROVED	0x2	initialized	96a296d224f285c67bee93c30f8a309157f0daa35dc5b87e410b78630a09cfc7	0x0012d05c	0x2d8	0x0012d324	sh	2	0x0012d31c	396ef7b8377214f8a75f614a352e152e9b988efacdc6c0209336d61fc52ac129			analysis/matching/hunt1041-v80-validated-quickwins-23.tsv	bc64ffd5bceeb09497ff1e765080b7ca7d92f7127b9724423638bbbf4bf2160f	ps2/progress28_structural_lift_recovered.o	block-local-constant	89dab25ff724744a12db900fe72c6406c35b1465db5672bb3dd3246419e8a798	16753135a76a1b681eab49fafb84328a2664bb7a5fbea8737269b9f7c366ee03	minimum directly accessed span; complete object/array extent and final layout unproved
_DAT_003415bc	0x003415bc	DIRECT_ACCESS_PROVED	0x2	initialized	96a296d224f285c67bee93c30f8a309157f0daa35dc5b87e410b78630a09cfc7	0x0012dc1c	0x1c4	0x0012dcf4	sh	2	0x0012dce8	eb801a656f8d39ae0b9c3c999eb508b5e7b854dcc1a64532dbf6c9f963b53d74			analysis/matching/hunt500plus-v33-validated-204.tsv	198b46bab535289a94dc3974ab342f12191763e99b5f096294b68629f210f5a7	ps2/progress28_structural_lift_recovered.o	block-local-constant	6680b522a610029be3e6e31558e8c5bf6dd154aa5b01b89efe7f7ae47f9c15da	16753135a76a1b681eab49fafb84328a2664bb7a5fbea8737269b9f7c366ee03	minimum directly accessed span; complete object/array extent and final layout unproved
_DAT_003415be	0x003415be	DIRECT_ACCESS_PROVED	0x2	initialized	96a296d224f285c67bee93c30f8a309157f0daa35dc5b87e410b78630a09cfc7	0x0012dc1c	0x1c4	0x0012dd30	sh	2	0x0012dd18	6294fe22c9aedc838942b533dfd795ecd864335f997e66b63751cc6ca910f685			analysis/matching/hunt500plus-v33-validated-204.tsv	198b46bab535289a94dc3974ab342f12191763e99b5f096294b68629f210f5a7	ps2/progress28_structural_lift_recovered.o	block-local-constant	6680b522a610029be3e6e31558e8c5bf6dd154aa5b01b89efe7f7ae47f9c15da	16753135a76a1b681eab49fafb84328a2664bb7a5fbea8737269b9f7c366ee03	minimum directly accessed span; complete object/array extent and final layout unproved
_DAT_003415c0	0x003415c0	DIRECT_ACCESS_PROVED	0x2	initialized	96a296d224f285c67bee93c30f8a309157f0daa35dc5b87e410b78630a09cfc7	0x0012dc1c	0x1c4	0x0012ddd4	sh	2	0x0012ddc8	e51931c6ae61e42c556d548cb7e7ee74068cf5fb568c1cd97355a48bdb8d8383			analysis/matching/hunt500plus-v33-validated-204.tsv	198b46bab535289a94dc3974ab342f12191763e99b5f096294b68629f210f5a7	ps2/progress28_structural_lift_recovered.o	block-local-constant	6680b522a610029be3e6e31558e8c5bf6dd154aa5b01b89efe7f7ae47f9c15da	16753135a76a1b681eab49fafb84328a2664bb7a5fbea8737269b9f7c366ee03	minimum directly accessed span; complete object/array extent and final layout unproved
_DAT_00341612	0x00341612	DIRECT_ACCESS_PROVED	0x2	initialized	96a296d224f285c67bee93c30f8a309157f0daa35dc5b87e410b78630a09cfc7	0x0012e04c	0x80	0x0012e0b0	sh	2	0x0012e0ac	cc6cfe9c7b26ea0188f1d638a30f01d6603a7b6677d7b314df1ce8672f1b48ad			analysis/matching/hunt500plus-v33-validated-204.tsv	198b46bab535289a94dc3974ab342f12191763e99b5f096294b68629f210f5a7	ps2/progress28_structural_lift_recovered.o	block-local-constant	253661e642a21440aa89d0c67c431b0433f1e6603887af7682b15317e76d0db2	16753135a76a1b681eab49fafb84328a2664bb7a5fbea8737269b9f7c366ee03	minimum directly accessed span; complete object/array extent and final layout unproved
_DAT_00341620	0x00341620	DIRECT_ACCESS_PROVED	0x2	initialized	96a296d224f285c67bee93c30f8a309157f0daa35dc5b87e410b78630a09cfc7	0x0012e0cc	0x1f8	0x0012e208	sh	2	0x0012e200	b8da705a177c2f9a3862d801b2b7ba35469ad596045a7d9bd3514e14abbae323			analysis/matching/hunt500plus-v33-validated-204.tsv	198b46bab535289a94dc3974ab342f12191763e99b5f096294b68629f210f5a7	ps2/progress28_structural_lift_recovered.o	block-local-constant	d772ce01d9c6398253885ae5859f8db1559b33ff1bc46d70f3e04ef209590cf0	16753135a76a1b681eab49fafb84328a2664bb7a5fbea8737269b9f7c366ee03	minimum directly accessed span; complete object/array extent and final layout unproved
_DAT_00341622	0x00341622	DIRECT_ACCESS_PROVED	0x2	initialized	96a296d224f285c67bee93c30f8a309157f0daa35dc5b87e410b78630a09cfc7	0x0012e0cc	0x1f8	0x0012e258	sh	2	0x0012e248	17bd29ded35baf4de4f11bd8ab3c6794ae4edd64f6289e57c003a5683dd9b6b8			analysis/matching/hunt500plus-v33-validated-204.tsv	198b46bab535289a94dc3974ab342f12191763e99b5f096294b68629f210f5a7	ps2/progress28_structural_lift_recovered.o	block-local-constant	d772ce01d9c6398253885ae5859f8db1559b33ff1bc46d70f3e04ef209590cf0	16753135a76a1b681eab49fafb84328a2664bb7a5fbea8737269b9f7c366ee03	minimum directly accessed span; complete object/array extent and final layout unproved
_DAT_00341624	0x00341624	DIRECT_ACCESS_PROVED	0x2	initialized	96a296d224f285c67bee93c30f8a309157f0daa35dc5b87e410b78630a09cfc7	0x0012e0cc	0x1f8	0x0012e2ac	sh	2	0x0012e284	c4644f4d99975872f6c9eeb2541f01fe33d50d66f94a63e49e9c6ba6314770d2			analysis/matching/hunt500plus-v33-validated-204.tsv	198b46bab535289a94dc3974ab342f12191763e99b5f096294b68629f210f5a7	ps2/progress28_structural_lift_recovered.o	block-local-constant	d772ce01d9c6398253885ae5859f8db1559b33ff1bc46d70f3e04ef209590cf0	16753135a76a1b681eab49fafb84328a2664bb7a5fbea8737269b9f7c366ee03	minimum directly accessed span; complete object/array extent and final layout unproved
_DAT_00342a84	0x00342a84	DIRECT_ACCESS_PROVED	0x4	initialized	df3f619804a92fdb4057192dc43dd748ea778adc52bc498ce80524c014b81119	0x0012fef0	0x244	0x0012ff84	sw	14	0x0012ff0c;0x0012ff14	8d2a527156418943c8ffe42f761a005584ddc217381cf1a68ddca68860ebd686			analysis/matching/hunt500plus-v33-validated-204.tsv	198b46bab535289a94dc3974ab342f12191763e99b5f096294b68629f210f5a7	ps2/progress28_structural_lift_recovered.o	cfg-must-constant	8d2a527156418943c8ffe42f761a005584ddc217381cf1a68ddca68860ebd686	16753135a76a1b681eab49fafb84328a2664bb7a5fbea8737269b9f7c366ee03	minimum directly accessed span; complete object/array extent and final layout unproved
_DAT_00345388	0x00345388	DIRECT_ACCESS_PROVED	0x8	initialized	af5570f5a1810b7af78caf4bc70a660f0df51e42baf91d4de5b2328de0e83dfc	0x0015ad6c	0xf04	0x0015b350	sd	2	0x0015b344	729b4ae5f24b2a9e6336f55b21548ee6a32439cecc1bfa36eef44e9098ef11de			analysis/matching/hunt1041-v52-validated-17.tsv	05383075b5e8de362905b18184a8b4b88c4b9e1310568ac1791fff170c6129d9	ps2/progress28_structural_lift_recovered.o	block-local-constant	3990a1e071cda330fd6b538ed2f2a3aaadf72a68801f02b275ea1fd1e8bd411f	16753135a76a1b681eab49fafb84328a2664bb7a5fbea8737269b9f7c366ee03	minimum directly accessed span; complete object/array extent and final layout unproved
_DAT_003453a8	0x003453a8	DIRECT_ACCESS_PROVED	0x1	initialized	6e340b9cffb37a989ca544e6bb780a2c78901d3fb33738768511a30617afa01d	0x00115a18	0x140	0x00115a3c	sb	16	0x00115a24	926d4351650e64f92a5b34923b3ce6385dcc0e094c5c7b6a43e320dfaeac3d18			analysis/matching/hunt500plus-v33-validated-204.tsv	198b46bab535289a94dc3974ab342f12191763e99b5f096294b68629f210f5a7	ps2/progress28_structural_lift_recovered.o	block-local-constant	987cd262d474b0e14be976525c53cc5b75a1a6711c76e3a4abc04e58622b863a	16753135a76a1b681eab49fafb84328a2664bb7a5fbea8737269b9f7c366ee03	minimum directly accessed span; complete object/array extent and final layout unproved
_DAT_003453b0	0x003453b0	DIRECT_ACCESS_PROVED	0x2	initialized	96a296d224f285c67bee93c30f8a309157f0daa35dc5b87e410b78630a09cfc7	0x00127b78	0x288	0x00127ba0	lhu	17	0x00127b80;0x00127b88	6cc956f4227aa9bebd8fa045f54a8e50c313902143136c3b064f7c92d71802c8			analysis/matching/hunt1000plus-v46-validated-42.tsv	c13a582a9b6bc100256670dbc0d2b2bda6f10293f4359e3b2fd912dcf8c2f5db	ps2/progress28_structural_lift_recovered.o	cfg-must-constant	6cc956f4227aa9bebd8fa045f54a8e50c313902143136c3b064f7c92d71802c8	16753135a76a1b681eab49fafb84328a2664bb7a5fbea8737269b9f7c366ee03	minimum directly accessed span; complete object/array extent and final layout unproved
_DAT_003454d8	0x003454d8	DIRECT_ACCESS_PROVED	0x1	initialized	6e340b9cffb37a989ca544e6bb780a2c78901d3fb33738768511a30617afa01d	0x0010a934	0x414	0x0010ab84	sb	7	0x0010ab5c	faf8b32bca594e89f0bf9bfcee1fc8c5531ceb728bb1934714b35665ee6fd9ae			analysis/matching/hunt1041-v52-validated-17.tsv	05383075b5e8de362905b18184a8b4b88c4b9e1310568ac1791fff170c6129d9	ps2/progress28_structural_lift_recovered.o	block-local-constant	7b9b22e9e4219577dc0519b524ba93e24e2829c425bdbcfe6b7213c47f245ac0	16753135a76a1b681eab49fafb84328a2664bb7a5fbea8737269b9f7c366ee03	minimum directly accessed span; complete object/array extent and final layout unproved
_DAT_0035b74c	0x0035b74c	DIRECT_ACCESS_PROVED	0x4	initialized	df3f619804a92fdb4057192dc43dd748ea778adc52bc498ce80524c014b81119	0x00129420	0x2a4	0x00129684	sw	6	0x0012966c	df6126e6c126d85821e34779df7cd63314db3271e0f7aced41e14d20f7757ed4			analysis/matching/hunt1000plus-v34-validated-16.tsv	3e824f63d90666b021b356df579c5d3404e23acffa3e959ea863354f4219d1f3	ps2/progress28_structural_lift_recovered.o	block-local-constant	934bda7461a1d4f2f601c215f9d61ae8d860838b350f4ddf3cd8c55a9781e9b6	16753135a76a1b681eab49fafb84328a2664bb7a5fbea8737269b9f7c366ee03	minimum directly accessed span; complete object/array extent and final layout unproved
_DAT_0035b752	0x0035b752	DIRECT_ACCESS_PROVED	0x2	initialized	96a296d224f285c67bee93c30f8a309157f0daa35dc5b87e410b78630a09cfc7	0x00129420	0x2a4	0x00129448	sh	3	0x00129438	c194dfd8e99c33d5e6c116c6297da97cb3bb7bcc657e0d7e2b998f83c32daec3			analysis/matching/hunt1000plus-v34-validated-16.tsv	3e824f63d90666b021b356df579c5d3404e23acffa3e959ea863354f4219d1f3	ps2/progress28_structural_lift_recovered.o	block-local-constant	934bda7461a1d4f2f601c215f9d61ae8d860838b350f4ddf3cd8c55a9781e9b6	16753135a76a1b681eab49fafb84328a2664bb7a5fbea8737269b9f7c366ee03	minimum directly accessed span; complete object/array extent and final layout unproved
_DAT_0035b75a	0x0035b75a	DIRECT_ACCESS_PROVED	0x2	initialized	96a296d224f285c67bee93c30f8a309157f0daa35dc5b87e410b78630a09cfc7	0x0012993c	0x1b8	0x00129ab4	sh	6	0x00129aa4	32b34a0426ac68b3ae87d709f7d3084764a7239c55f01098326f1c7a5a8f7d6f			analysis/matching/hunt1000plus-v34-validated-16.tsv	3e824f63d90666b021b356df579c5d3404e23acffa3e959ea863354f4219d1f3	ps2/progress28_structural_lift_recovered.o	block-local-constant	1800a2ea5d0b0b6b3e517961b2b8bf5e92becd816f7b7e4415ea142ba27af35a	16753135a76a1b681eab49fafb84328a2664bb7a5fbea8737269b9f7c366ee03	minimum directly accessed span; complete object/array extent and final layout unproved
_DAT_0035b760	0x0035b760	DIRECT_ACCESS_PROVED	0x8	initialized	af5570f5a1810b7af78caf4bc70a660f0df51e42baf91d4de5b2328de0e83dfc	0x001296c4	0x278	0x001298f8	sd	6	0x001298e8	d622447d8fecef517d5571a88b8cc9869b34133152d913d1d87f7e0dbf5a3bdd			analysis/matching/hunt1000plus-v34-validated-16.tsv	3e824f63d90666b021b356df579c5d3404e23acffa3e959ea863354f4219d1f3	ps2/progress28_structural_lift_recovered.o	block-local-constant	784a0b6f8b4a270c64f85125adb6943722d6d9dcf0976580cb69719be95e65b8	16753135a76a1b681eab49fafb84328a2664bb7a5fbea8737269b9f7c366ee03	minimum directly accessed span; complete object/array extent and final layout unproved
_DAT_0035b7b0	0x0035b7b0	DIRECT_ACCESS_PROVED	0x4	initialized	df3f619804a92fdb4057192dc43dd748ea778adc52bc498ce80524c014b81119	0x00143390	0x11c	0x00143420	lw	10	0x00143394;0x0014339c	259fe275da0ff89e9114a709118fe6e4579d9c0b784bf1828683addc840cc580			analysis/matching/hunt500plus-v33-validated-204.tsv	198b46bab535289a94dc3974ab342f12191763e99b5f096294b68629f210f5a7	ps2/progress28_structural_lift_recovered.o	cfg-must-constant	259fe275da0ff89e9114a709118fe6e4579d9c0b784bf1828683addc840cc580	16753135a76a1b681eab49fafb84328a2664bb7a5fbea8737269b9f7c366ee03	minimum directly accessed span; complete object/array extent and final layout unproved
_DAT_0035bfec	0x0035bfec	DIRECT_ACCESS_PROVED	0x4	initialized	df3f619804a92fdb4057192dc43dd748ea778adc52bc498ce80524c014b81119	0x001434ac	0x1e0	0x00143528	lw	5	0x00143500;0x00143504	8e1600ec60e2e496eb0a915feb6fe1639da6a7f00e795fea2dbcf0edb796792d			analysis/matching/hunt1041-v52-validated-17.tsv	05383075b5e8de362905b18184a8b4b88c4b9e1310568ac1791fff170c6129d9	ps2/progress28_structural_lift_recovered.o	cfg-must-constant	8e1600ec60e2e496eb0a915feb6fe1639da6a7f00e795fea2dbcf0edb796792d	16753135a76a1b681eab49fafb84328a2664bb7a5fbea8737269b9f7c366ee03	minimum directly accessed span; complete object/array extent and final layout unproved
_DAT_0035c29c	0x0035c29c	DIRECT_ACCESS_PROVED	0x1	initialized	6e340b9cffb37a989ca544e6bb780a2c78901d3fb33738768511a30617afa01d	0x0012a400	0xfe8	0x0012a410	sb	2	0x0012a408	be35d84eb12713713d8c89eaf36839d6a90e274752161901cfaab81a8faedc2a			analysis/matching/hunt1041-v72-validated-v53-6.tsv	b47aedc105d156ff00ff74bf90753e416b3ec6a9de47b5bd3991a8cbe727c01c	ps2/progress28_structural_lift_recovered.o	block-local-constant	dd2102d989e6c94134d3272194d288cf3aa85ba2af8e5e336119fafec36f768e	16753135a76a1b681eab49fafb84328a2664bb7a5fbea8737269b9f7c366ee03	minimum directly accessed span; complete object/array extent and final layout unproved
_DAT_0035d4d0	0x0035d4d0	DIRECT_ACCESS_PROVED	0x4	initialized	df3f619804a92fdb4057192dc43dd748ea778adc52bc498ce80524c014b81119	0x00146720	0x74c	0x00146b58	lw	7	0x001469dc;0x001469e8	2a3aba70a65d7791e3b75704fbd662bd712251d2aa22d69205d318d35d8ae297			analysis/matching/hunt1000plus-v47-validated-79.tsv	fce375f4f3738af37cd57537ff374d0a7dbe0ca85559ecca8691858bce0bc623	ps2/progress28_structural_lift_recovered.o	cfg-must-constant	2a3aba70a65d7791e3b75704fbd662bd712251d2aa22d69205d318d35d8ae297	16753135a76a1b681eab49fafb84328a2664bb7a5fbea8737269b9f7c366ee03	minimum directly accessed span; complete object/array extent and final layout unproved
_DAT_0041350d	0x0041350d	DIRECT_ACCESS_PROVED	0x1	initialized	6e340b9cffb37a989ca544e6bb780a2c78901d3fb33738768511a30617afa01d	0x001813f0	0x7bc	0x001814f4	lbu	2	0x001814ec	60cd9d0bde9af1dafca2f80a7d3608a80a80c352def28f4b093326e491ffbdf4			analysis/matching/hunt500plus-v33-validated-204.tsv	198b46bab535289a94dc3974ab342f12191763e99b5f096294b68629f210f5a7	ps2/progress28_structural_lift_recovered.o	block-local-constant	d8eb4b903f2f803f2d57cd5a6afc7aaca868cbff9cf186960efa985b5f3b2c02	16753135a76a1b681eab49fafb84328a2664bb7a5fbea8737269b9f7c366ee03	minimum directly accessed span; complete object/array extent and final layout unproved
_DAT_00413511	0x00413511	DIRECT_ACCESS_PROVED	0x1	initialized	6e340b9cffb37a989ca544e6bb780a2c78901d3fb33738768511a30617afa01d	0x001813f0	0x7bc	0x00181524	lbu	2	0x0018151c	e180786e177e38ef5c021b428a113593c52107306d809199dcf422ff27aca6b9			analysis/matching/hunt500plus-v33-validated-204.tsv	198b46bab535289a94dc3974ab342f12191763e99b5f096294b68629f210f5a7	ps2/progress28_structural_lift_recovered.o	block-local-constant	d8eb4b903f2f803f2d57cd5a6afc7aaca868cbff9cf186960efa985b5f3b2c02	16753135a76a1b681eab49fafb84328a2664bb7a5fbea8737269b9f7c366ee03	minimum directly accessed span; complete object/array extent and final layout unproved
_DAT_00413518	0x00413518	DIRECT_ACCESS_PROVED	0x1	initialized	6e340b9cffb37a989ca544e6bb780a2c78901d3fb33738768511a30617afa01d	0x001813f0	0x7bc	0x0018181c	lbu	2	0x00181814	d9c3db38ac373e82dd0a7ba01628ee1bf2eb2826f4e8d3d36050e79ed0474a81			analysis/matching/hunt500plus-v33-validated-204.tsv	198b46bab535289a94dc3974ab342f12191763e99b5f096294b68629f210f5a7	ps2/progress28_structural_lift_recovered.o	block-local-constant	d8eb4b903f2f803f2d57cd5a6afc7aaca868cbff9cf186960efa985b5f3b2c02	16753135a76a1b681eab49fafb84328a2664bb7a5fbea8737269b9f7c366ee03	minimum directly accessed span; complete object/array extent and final layout unproved
_DAT_00413540	0x00413540	DIRECT_ACCESS_PROVED	0x4	initialized	df3f619804a92fdb4057192dc43dd748ea778adc52bc498ce80524c014b81119	0x0012a400	0xfe8	0x0012b1c4	lw	17	0x0012b1a4;0x0012b1ac	b1b58add4556cbed5414c7870f9bfbeec533ea4a8864addc7adf105b1320e4fd			analysis/matching/hunt1041-v72-validated-v53-6.tsv	b47aedc105d156ff00ff74bf90753e416b3ec6a9de47b5bd3991a8cbe727c01c	ps2/progress28_structural_lift_recovered.o	block-local-constant	dd2102d989e6c94134d3272194d288cf3aa85ba2af8e5e336119fafec36f768e	16753135a76a1b681eab49fafb84328a2664bb7a5fbea8737269b9f7c366ee03	minimum directly accessed span; complete object/array extent and final layout unproved
_DAT_00423554	0x00423554	DIRECT_ACCESS_PROVED	0x4	initialized	df3f619804a92fdb4057192dc43dd748ea778adc52bc498ce80524c014b81119	0x00182638	0x2d8	0x0018266c	lw	4	0x0018263c;0x00182644	5cadf3ebda02080fc9f54580fb56d2ceb5dd60d8ae09633be82cc9a6bbd7ca59			analysis/matching/hunt1041-v72-validated-v53-6.tsv	b47aedc105d156ff00ff74bf90753e416b3ec6a9de47b5bd3991a8cbe727c01c	ps2/progress28_structural_lift_recovered.o	cfg-must-constant	5cadf3ebda02080fc9f54580fb56d2ceb5dd60d8ae09633be82cc9a6bbd7ca59	16753135a76a1b681eab49fafb84328a2664bb7a5fbea8737269b9f7c366ee03	minimum directly accessed span; complete object/array extent and final layout unproved
