address	symbol	size	source_file	binding	historical_raw_sha256	isolated_raw_sha256	normalized_sha256	linked_sha256	relocations	proof_level
0x00116740	_Z6Op69M1v	72	src/snes9x/native_cpu_opcodes.cpp	local	76867ef14a6dfa8145ba010710ca70d7a02531f33e0213c2dbd9ab2d193e5eff	e005b81efeaf44782c8379b2c9dbad8a04facedf1d5581aaea88d7e89fe2769b	8c241f1286899871c24b349822a981216c8db84f13a3f8f0c2827309f5badbde	4ea8cd9f0a376d7a2c6697a9e94490a6c64ae8ed9e992054bd6cb323b7488c24	7	linked-historical-reference
0x00116788	_Z6Op69M0v	72	src/snes9x/native_cpu_opcodes.cpp	local	a9a0a1f79d9772775e5349f565011fe17f98543717e119cbe00194cd3e05dbb0	72149fa5c90f4484651c747bfdeb6b92ed7e9cdf8219ab9c42a2bc4dc7a5fbe4	be70fedbfe3ca56864ab70b94fdb608a847f377ef534bc49007e4397b92ab09b	0cf667ea3ea70352062f1396a184beeb8da9cb2e83f723df39943550be638bbe	7	linked-historical-reference
0x001167d0	_Z6Op65M1v	100	src/snes9x/native_cpu_opcodes.cpp	local	d777206e2693a479dbfd1503d385b332b5ae84a2e9d6764a60942eaf2549c05e	e41d5559a8f42ab68452abedf0b2b092ce87d94758aba562ed8e897267cba124	5c0ea1d250a712aabfcf68fbab3085316e0c0b40ccf598f4325deb6544e4a737	7d742d0eb654953cae9549af184362dfb327a00461896fbc041a2e760fcad9f5	9	linked-historical-reference
0x00116834	_Z6Op65M0v	100	src/snes9x/native_cpu_opcodes.cpp	local	694b9135f595e2cea24dd4431441a8d8f495c79abc2c0bc1b7a2dc98fbb16fec	e41d5559a8f42ab68452abedf0b2b092ce87d94758aba562ed8e897267cba124	5c0ea1d250a712aabfcf68fbab3085316e0c0b40ccf598f4325deb6544e4a737	1f3ac176a8b09151da1e8fcf8356b3ef3c0ded4b1d6c22f291797e4bd8933469	9	linked-historical-reference
0x00116898	_Z6Op75M1v	132	src/snes9x/native_cpu_opcodes.cpp	local	f0bc43f5c2d8e73fdd0f917d23a9adba67231111dd283a69a742407e010c7711	71151c6fd9f17dcbc34b59b46c6c4dfc045ca7cbf63f1ee45b9632a5417e19b4	71151c6fd9f17dcbc34b59b46c6c4dfc045ca7cbf63f1ee45b9632a5417e19b4	4b13f44e594e84495481971798e1c5c62b0468a61e025305416f26acf78b8faa	9	linked-historical-reference
0x0011691c	_Z6Op75M0v	132	src/snes9x/native_cpu_opcodes.cpp	local	ff0df5be58670e0ad97a3684a3cf545cbe05792faf8e00cbb42791bf129b69b0	71151c6fd9f17dcbc34b59b46c6c4dfc045ca7cbf63f1ee45b9632a5417e19b4	71151c6fd9f17dcbc34b59b46c6c4dfc045ca7cbf63f1ee45b9632a5417e19b4	a83431c61a2b5c6fcc2d12ac294f393c03a7957d921ce9827e8a245dcd400fb6	9	linked-historical-reference
0x001169a0	_Z6Op72M1v	156	src/snes9x/native_cpu_opcodes.cpp	local	b6d3eeb95d01dc9237f17c7978e22c59bb532c716c4529fa3b7030c7383125e4	b2aeef637acadca30276f58b1f2405c8bb377d4737fbcd9d003ddfadb20740b3	28a970a56b1ad0d53ab33f78178731fc2f4f46f9c81f5eed7c1df7118b3657f8	72a42e6010e316e45b753c1be9ddaffcd9baa2a815ed2db211fa0ccf796e19c8	15	linked-historical-reference
0x00116a3c	_Z6Op72M0v	156	src/snes9x/native_cpu_opcodes.cpp	local	1bf4d1f1cf9d29e4938e55457e021dc851409dd24c6ca5895e005aa8881f7c87	b2aeef637acadca30276f58b1f2405c8bb377d4737fbcd9d003ddfadb20740b3	28a970a56b1ad0d53ab33f78178731fc2f4f46f9c81f5eed7c1df7118b3657f8	6774fd802a149ff6f2d222f3a66e0b5d0b1e640596d2c7135b1548167ee79d8f	15	linked-historical-reference
0x00116ad8	_Z6Op61M1v	188	src/snes9x/native_cpu_opcodes.cpp	local	10368417a6e477248f00ac303b11ddaa8f14ae663fa154c3c01ac6511bbf129d	4621711f3146571d62a8f1333c856efe770ef69cc0c9beb28ea719838bfe3f7b	18dd340d7c069b64f1623e0069ab764ab14e97db3c676d193900ba87c39bb770	72ef89cf53643c57b42c6058832cb6678e0cafc934fcd36487086034989264c3	15	linked-historical-reference
0x00116b94	_Z6Op61M0v	188	src/snes9x/native_cpu_opcodes.cpp	local	123db64f1c7cbc30b34b22c625aff1d588a0fb27fe843a84b172531cfe407cc6	4621711f3146571d62a8f1333c856efe770ef69cc0c9beb28ea719838bfe3f7b	18dd340d7c069b64f1623e0069ab764ab14e97db3c676d193900ba87c39bb770	11defb49fb5c1aa2f96432d8b062add9dea1f06ef458792322636f3f9fda5ad2	15	linked-historical-reference
0x00116c50	_Z6Op71M1v	184	src/snes9x/native_cpu_opcodes.cpp	local	02343173216d3a981f0b0746c4cc48431f6f35374fe10e9bc711149170234312	1a40b7ab545f4f166baa158bdc1a38097868d5d67e5d118a3566142e77c333a7	a1126bb30788dec1e779d913c550f976543bafb8ce3a35673a605b37f4049407	9418acdcc339b73da4cad5ad078c34a2fb44f8a2f380b7bfbb6a4157ab106083	15	linked-historical-reference
0x00116d08	_Z6Op71M0v	184	src/snes9x/native_cpu_opcodes.cpp	local	9d7add8704cf49e200aa0f25466d92025354e7e7d398ad7c7af283eff1007501	1a40b7ab545f4f166baa158bdc1a38097868d5d67e5d118a3566142e77c333a7	a1126bb30788dec1e779d913c550f976543bafb8ce3a35673a605b37f4049407	c77a97f9546869e7b9a4b698f9463e0b7d383bb8a8f50a716fc028d0ecd3b408	15	linked-historical-reference
0x00116dc0	_Z6Op67M1v	172	src/snes9x/native_cpu_opcodes.cpp	local	5bbc2289f97c0e2da55061a7eb6f160e7ff38dcf8a5d77b362a293c6f7d1f51f	acfe9c99ba4cb65b1d9478a82801fc370afd17e8c53794c2ba9ab6b48546d536	a7fbf258fb622d5c5ae4cbdeaa7f404c90fee6c017ba6c25a167ccb2a3e951b0	aa70376b77eed0d31e5ec9ee97d557d31bf9c9c11a4e7ac14d627b0ef3925f8d	15	linked-historical-reference
0x00116e6c	_Z6Op67M0v	172	src/snes9x/native_cpu_opcodes.cpp	local	d8f8e54c09a15ab534e777a5b88a090d3e3150f4566ce0c6d696b06f863a1ace	acfe9c99ba4cb65b1d9478a82801fc370afd17e8c53794c2ba9ab6b48546d536	a7fbf258fb622d5c5ae4cbdeaa7f404c90fee6c017ba6c25a167ccb2a3e951b0	01de39db84031556e7c3f2fca916f536ad661cea47a251e5f661eec4ad27c005	15	linked-historical-reference
0x00116f18	_Z6Op77M1v	192	src/snes9x/native_cpu_opcodes.cpp	local	dbb229b112327a19ac517b948e61c456b9fb6c968640caf3040f71aae153ac57	e364f1d6253adfa983b0b9a0bc9cba763d6d6636525d80bce21c55edd7aa4c09	e364f1d6253adfa983b0b9a0bc9cba763d6d6636525d80bce21c55edd7aa4c09	613456e4badabc37c3fa607025a002f9e546436548ebcc021836fb196c05e84d	15	linked-historical-reference
0x00116fd8	_Z6Op77M0v	192	src/snes9x/native_cpu_opcodes.cpp	local	a74eda94d09f0a240620626ca9aebc699d51ecb65a221fa35c98c556e5692b15	e364f1d6253adfa983b0b9a0bc9cba763d6d6636525d80bce21c55edd7aa4c09	e364f1d6253adfa983b0b9a0bc9cba763d6d6636525d80bce21c55edd7aa4c09	f1fe31db2f949754020fff06ee51cd3fe0580b9e3294feda2c03141fb5f25106	15	linked-historical-reference
0x00117098	_Z6Op6DM1v	116	src/snes9x/native_cpu_opcodes.cpp	local	7aff920adffe490173f7e11d6eb545fe0a6af6d5989d0d1137ec8ea596406794	9db6b2704adabf91ee1768cc970af549ea7b8e01ab1db8890e2323011243965b	8f96290d87fa3af5d9437e214848228e6a0864e7153bec6af6570cb1266d5bbd	af0485856ef176ce1a2398e40ccde9fd66d5020d6c98b0809cb3a979d7c7ee51	9	linked-historical-reference
0x0011710c	_Z6Op6DM0v	116	src/snes9x/native_cpu_opcodes.cpp	local	7ee5fded0ac7dd6a153f41e63d8416a1fade3154947a623a57a3e25d61eab210	9db6b2704adabf91ee1768cc970af549ea7b8e01ab1db8890e2323011243965b	8f96290d87fa3af5d9437e214848228e6a0864e7153bec6af6570cb1266d5bbd	f33bb962e76bd3463ef916fd24f5b69769cddf3a4758c86fc0a84a5bb2471e36	9	linked-historical-reference
0x00117180	_Z6Op7DM1v	128	src/snes9x/native_cpu_opcodes.cpp	local	10f8ebc065c747fabcf9f36395a72d04a12276ea4066324b27cc497c553b9ad0	7c084eec303141a31444304e3cf3150fda44d321b120a2150d96a97f21c83a77	ee3ab2c6cb5aed73900b7a1700b4a3116ba0d65de1bc7062907c76c21945fa04	8f46329afb98144de93d53f03d246e7d687ab99f60fc4a7f6666e812adae511b	11	linked-historical-reference
0x00117200	_Z6Op7DM0v	128	src/snes9x/native_cpu_opcodes.cpp	local	396f5d58ab4c99a97b98efaa76ee8a4a7cbd3ab8186963e7ab8945b2ddff88b4	7c084eec303141a31444304e3cf3150fda44d321b120a2150d96a97f21c83a77	ee3ab2c6cb5aed73900b7a1700b4a3116ba0d65de1bc7062907c76c21945fa04	e3d6657b264e77b5c7aac89c0e68dcee5d6c22883ce6918ccb7c4b273c17ce1a	11	linked-historical-reference
0x00117280	_Z6Op79M1v	128	src/snes9x/native_cpu_opcodes.cpp	local	c011a21a0e7707b86bf346d5a97acd7c801cc5c9bdb848b1e575ac2bdf36e26d	44c397e37b1a0163813aed137b676ea6f6067716e6869950223090f42c193185	ee3ab2c6cb5aed73900b7a1700b4a3116ba0d65de1bc7062907c76c21945fa04	5f8c882ea0482aa141a86849ce4fb3cf64aa6e89cee08abcb5cad501cce97571	11	linked-historical-reference
0x00117300	_Z6Op79M0v	128	src/snes9x/native_cpu_opcodes.cpp	local	a7e8ae370d6c84f1658af102c1430dcc525302d43e451bf0f6ca0268b6710462	44c397e37b1a0163813aed137b676ea6f6067716e6869950223090f42c193185	ee3ab2c6cb5aed73900b7a1700b4a3116ba0d65de1bc7062907c76c21945fa04	34cc44aa649087c6c6ccc83a94e7585947817ada16ccd7a2b62f21b9cb9d29cd	11	linked-historical-reference
0x00117380	_Z6Op6FM1v	116	src/snes9x/native_cpu_opcodes.cpp	local	349d385273346791ae408622ea07633c60f4458b57e0cd8b9e61ceabe410c179	f0df0d716bacee3fe0fc7e141702b827c91eb368f20fc3f89bbbba25404680e7	f0df0d716bacee3fe0fc7e141702b827c91eb368f20fc3f89bbbba25404680e7	11e488483b3b86e1cfce3b2f580ec5b584a57612d7880aa9eaef8f577500b054	7	linked-historical-reference
0x001173f4	_Z6Op6FM0v	116	src/snes9x/native_cpu_opcodes.cpp	local	86049454415f7c491a949487778c5e65503c63bfba566f8d4a6a1c12640afb0f	f0df0d716bacee3fe0fc7e141702b827c91eb368f20fc3f89bbbba25404680e7	f0df0d716bacee3fe0fc7e141702b827c91eb368f20fc3f89bbbba25404680e7	1a8b7b462410fb71430622dfa39b5638bc8b2a40245dcc756d81da4acebfe8b8	7	linked-historical-reference
0x00117468	_Z6Op7FM1v	140	src/snes9x/native_cpu_opcodes.cpp	local	64ee4a9681c59579d281c4cfb46fd415d1872a3e0a394b532a878fe8277e576f	02e16845e1548289fbdab86d177d0fe0397966302ff5edd3cfc88627332837ea	e793878d85998b8e4625cb4208f3371e7e8c93beeb07e7214600a82ba20d873c	d37b0e230bbf9e1b9e97097e21fdb30bc08d21bf37e5f9d455f16c439877f016	9	linked-historical-reference
0x001174f4	_Z6Op7FM0v	140	src/snes9x/native_cpu_opcodes.cpp	local	999feb206b63fe827a4e2eb2ce4997d2504586ace79306a606a77883d64bf92f	02e16845e1548289fbdab86d177d0fe0397966302ff5edd3cfc88627332837ea	e793878d85998b8e4625cb4208f3371e7e8c93beeb07e7214600a82ba20d873c	0425dfd5bf2633a985811b79aea27f666927a518937979c410873edca7948a3a	9	linked-historical-reference
0x00117580	_Z6Op63M1v	104	src/snes9x/native_cpu_opcodes.cpp	local	37b6a38725a791300b0bdafd6962f60db3d8812ae464fa8fa5cc545d4b96fa01	2299c24c349d58cebac50955915dd4ee8604c9183a8b40f63a401c93536c7a6b	dc833fe5be36be8602092532e0173ee10f02a7594540cf767b7c8528a9e63af5	8d3df5817d9ae6e5921c80ce3fcd24db24353c451450b8c6bfe3c04c5f46c8b0	9	linked-historical-reference
0x001175e8	_Z6Op63M0v	104	src/snes9x/native_cpu_opcodes.cpp	local	2852af8a530ad40c06936be0da1931f1c00d7cd145e3611c38ca0f28ea0a6ab4	2299c24c349d58cebac50955915dd4ee8604c9183a8b40f63a401c93536c7a6b	dc833fe5be36be8602092532e0173ee10f02a7594540cf767b7c8528a9e63af5	a1f97680d006b930fc3cdf77106934ef208341d2b105c350a7b4630ee449e541	9	linked-historical-reference
0x00117650	_Z6Op73M1v	192	src/snes9x/native_cpu_opcodes.cpp	local	7db9f3505a3abfe06716fb95ef517badd689a8ec60d55b29a495c2c0110419a1	7b39eafd7d9317d2db303774f6682ea6d9c0253cc0c7fd0072ccba47d75bb1c5	37fc91447b891441b0b97db344635bdcf0c72cb942e49792aa1b2b064c7e8c7a	b885154d007115ed11e648acc933165da1602478b334e88695aa4009853f90ec	15	linked-historical-reference
0x00117710	_Z6Op73M0v	192	src/snes9x/native_cpu_opcodes.cpp	local	f2a1ff92ecea166e8311710e32fa5f828da5122c676f2705bb9311ce574942b1	7b39eafd7d9317d2db303774f6682ea6d9c0253cc0c7fd0072ccba47d75bb1c5	37fc91447b891441b0b97db344635bdcf0c72cb942e49792aa1b2b064c7e8c7a	5cca9cfb99540f2d6128bf1b879cf20f379dbfb2cea6e1354c41d79d8db00fb9	15	linked-historical-reference
0x001177d0	_Z6Op29M1v	80	src/snes9x/native_cpu_opcodes.cpp	local	7665404c6404dc56b46ac0784ba11ac5b5ad79bf852ffc385fa7ca6d5b737f37	7665404c6404dc56b46ac0784ba11ac5b5ad79bf852ffc385fa7ca6d5b737f37	7665404c6404dc56b46ac0784ba11ac5b5ad79bf852ffc385fa7ca6d5b737f37	2d623aff53e850c845b3f536357ff35786f214c09b17559b8e59a33e7b669038	6	linked-historical-reference
0x00117820	_Z6Op29M0v	100	src/snes9x/native_cpu_opcodes.cpp	local	d7d0d645a13c2d0ffdb30b3c4290e41493dd0b9f4e4b17c0cbed777b3d343785	d7d0d645a13c2d0ffdb30b3c4290e41493dd0b9f4e4b17c0cbed777b3d343785	d7d0d645a13c2d0ffdb30b3c4290e41493dd0b9f4e4b17c0cbed777b3d343785	8e42a6628bf20656b5ecdf6a10f14620145b86c22107c1126a219cd139f9583e	6	linked-historical-reference
0x00117884	_Z6Op25M1v	144	src/snes9x/native_cpu_opcodes.cpp	local	4c22b73b2e8bec7efd472075d931a115c8287c2ea353841fefa396b8451b94ec	4c22b73b2e8bec7efd472075d931a115c8287c2ea353841fefa396b8451b94ec	4c22b73b2e8bec7efd472075d931a115c8287c2ea353841fefa396b8451b94ec	4539614beff53a522faa5ad78f45f8e095f3f67b2481ae4e0f4dbb64da82377a	12	linked-historical-reference
0x00117914	_Z6Op25M0v	156	src/snes9x/native_cpu_opcodes.cpp	local	2e6bbaa5a70090e75b35b48a313f3f3ce733d2f43cd676defcf00f33f5bbc126	2e6bbaa5a70090e75b35b48a313f3f3ce733d2f43cd676defcf00f33f5bbc126	2e6bbaa5a70090e75b35b48a313f3f3ce733d2f43cd676defcf00f33f5bbc126	0ef85e561c2356531dde883b2cf44fa6b6295a02839b176d406bd4cb35cffc80	12	linked-historical-reference
0x001179b0	_Z6Op35M1v	172	src/snes9x/native_cpu_opcodes.cpp	local	cca84c7802d891bcc6ee6304aa731684a77b9c3c45808e5192b565b836d34c1f	cca84c7802d891bcc6ee6304aa731684a77b9c3c45808e5192b565b836d34c1f	cca84c7802d891bcc6ee6304aa731684a77b9c3c45808e5192b565b836d34c1f	6ebd76e658b137ac1fd2e1e9d2fca7a6533c67869bd005ade78e59995e465f68	12	linked-historical-reference
0x00117a5c	_Z6Op35M0v	184	src/snes9x/native_cpu_opcodes.cpp	local	912daef780d4d5d1980ace00a564303edcb469841976384c3614f14bab0392a5	912daef780d4d5d1980ace00a564303edcb469841976384c3614f14bab0392a5	912daef780d4d5d1980ace00a564303edcb469841976384c3614f14bab0392a5	bb408f3094cd89eeef3547574c7b624eb70182df98bc25f869b6acfb41bda982	12	linked-historical-reference
0x00117b14	_Z6Op32M1v	204	src/snes9x/native_cpu_opcodes.cpp	local	06c1e0e9ef1141eedc5f1cb42035c71c022dafb42e2eb3e31162f644c8721dd4	06c1e0e9ef1141eedc5f1cb42035c71c022dafb42e2eb3e31162f644c8721dd4	06c1e0e9ef1141eedc5f1cb42035c71c022dafb42e2eb3e31162f644c8721dd4	e98abcd35e9f0cf9dd4c0d48880d7e29330b580e8a74ff733b642dd82d09fb51	16	linked-historical-reference
0x00117be0	_Z6Op32M0v	216	src/snes9x/native_cpu_opcodes.cpp	local	867f01a1e8381457b1bedcb51fa407e48b2d3f72bb65a99987612b31cff78bdf	867f01a1e8381457b1bedcb51fa407e48b2d3f72bb65a99987612b31cff78bdf	867f01a1e8381457b1bedcb51fa407e48b2d3f72bb65a99987612b31cff78bdf	45bc130dea7fd05ecacf3602db1440b12675a15dd0b52b3ad5b95359c35ae1f5	16	linked-historical-reference
0x00117cb8	_Z6Op21M1v	232	src/snes9x/native_cpu_opcodes.cpp	local	123eb752e49430da4d9a2c98cedbd2b0a0c2467620d02a01cfbb9c4bb3b0a106	123eb752e49430da4d9a2c98cedbd2b0a0c2467620d02a01cfbb9c4bb3b0a106	123eb752e49430da4d9a2c98cedbd2b0a0c2467620d02a01cfbb9c4bb3b0a106	89b99cc97d4a0db6e963628f09ce58a54901dbbcff1394e337b6b1a39e593ada	16	linked-historical-reference
0x00117da0	_Z6Op21M0v	244	src/snes9x/native_cpu_opcodes.cpp	local	3678c199d500580322500b45421a3a7e0327a1f2b75cecfdbb4799be3f07d466	3678c199d500580322500b45421a3a7e0327a1f2b75cecfdbb4799be3f07d466	3678c199d500580322500b45421a3a7e0327a1f2b75cecfdbb4799be3f07d466	12d4d8cf16412196caeef02cb992c4a10835e64479921ff71852429ab71307c7	16	linked-historical-reference
0x00117e94	_Z6Op31M1v	220	src/snes9x/native_cpu_opcodes.cpp	local	628fdf24488610f76904120ae3873957be862f006bcc89306e46abc9b8f21ae4	628fdf24488610f76904120ae3873957be862f006bcc89306e46abc9b8f21ae4	628fdf24488610f76904120ae3873957be862f006bcc89306e46abc9b8f21ae4	23ccb68126dd0b603ba425d0b5599d91399a84a0ce1b7f71d9519e088399e09a	16	linked-historical-reference
0x00117f70	_Z6Op31M0v	232	src/snes9x/native_cpu_opcodes.cpp	local	6924d8b1120f954a625638c943fe8fb760639fdc8674fbba5acf6c0bd81fb284	6924d8b1120f954a625638c943fe8fb760639fdc8674fbba5acf6c0bd81fb284	6924d8b1120f954a625638c943fe8fb760639fdc8674fbba5acf6c0bd81fb284	cc82cfea0beccc50d1a4a93559df17c2e4e01b454a9af083e1fe6317309bb8f6	16	linked-historical-reference
0x00118058	_Z6Op27M1v	216	src/snes9x/native_cpu_opcodes.cpp	local	c6454810feb1b7e326ee3edb061a0326feadfa4a42cd7c7135cae82e375fe29b	c6454810feb1b7e326ee3edb061a0326feadfa4a42cd7c7135cae82e375fe29b	c6454810feb1b7e326ee3edb061a0326feadfa4a42cd7c7135cae82e375fe29b	2243f8c740eac2b55b9d094daf41565ec73cb4f92d3cb0d28573453b6dd72332	18	linked-historical-reference
0x00118130	_Z6Op27M0v	228	src/snes9x/native_cpu_opcodes.cpp	local	1f146779a26aff069bafcb4abc50d5e336f71a0d452c9a0750f5e0a3a9825e7b	1f146779a26aff069bafcb4abc50d5e336f71a0d452c9a0750f5e0a3a9825e7b	1f146779a26aff069bafcb4abc50d5e336f71a0d452c9a0750f5e0a3a9825e7b	8c77de3cd18e61e8673b34f15c49c600231a21f05968bd0cf6a72a112a4c792c	18	linked-historical-reference
0x00118214	_Z6Op37M1v	224	src/snes9x/native_cpu_opcodes.cpp	local	1d46520241446665ebed60791ef9ca5920d181b34382396bccb6488a9949a1aa	1d46520241446665ebed60791ef9ca5920d181b34382396bccb6488a9949a1aa	1d46520241446665ebed60791ef9ca5920d181b34382396bccb6488a9949a1aa	321f1997e3b1af22a9935a6f59b1315d4641dd969d2e03319a48a2221a57ce69	18	linked-historical-reference
0x001182f4	_Z6Op37M0v	236	src/snes9x/native_cpu_opcodes.cpp	local	25437fdcbe5c1f7b56e13419521bd5f55141b262c532acc33eeabb2c1cdbf809	25437fdcbe5c1f7b56e13419521bd5f55141b262c532acc33eeabb2c1cdbf809	25437fdcbe5c1f7b56e13419521bd5f55141b262c532acc33eeabb2c1cdbf809	00fb8537f81e36db20654bdd5cf4ff038272363e25586485b45e488e8b30cdaf	18	linked-historical-reference
0x001183e0	_Z6Op2DM1v	168	src/snes9x/native_cpu_opcodes.cpp	local	cc040649ac314fc243f264210d879dbc45e2ce81cbdf8f3c69cdaa2e589fc08a	cc040649ac314fc243f264210d879dbc45e2ce81cbdf8f3c69cdaa2e589fc08a	cc040649ac314fc243f264210d879dbc45e2ce81cbdf8f3c69cdaa2e589fc08a	b1ba132998dd8af27a76899dc1ec48c6afa43cf5bb1edb5b6f36e01da06fe096	12	linked-historical-reference
0x00118488	_Z6Op2DM0v	180	src/snes9x/native_cpu_opcodes.cpp	local	766fed900a399e4b72b449366e8ff8e1858af04c8e1e44d97823651c05106664	766fed900a399e4b72b449366e8ff8e1858af04c8e1e44d97823651c05106664	766fed900a399e4b72b449366e8ff8e1858af04c8e1e44d97823651c05106664	cdba2fc2b488ef0718761ff52044e4d72a7081cebe84d5513ff4715c12a6b791	12	linked-historical-reference
0x0011853c	_Z6Op3DM1v	176	src/snes9x/native_cpu_opcodes.cpp	local	3bca499f2016712c62a8338d4febd1a4cb06c361c5d746f925ffa37ccdf8c391	3bca499f2016712c62a8338d4febd1a4cb06c361c5d746f925ffa37ccdf8c391	3bca499f2016712c62a8338d4febd1a4cb06c361c5d746f925ffa37ccdf8c391	7b5ba249b9c555da923e0fc23febfcca264d3254fb73a3bb9565e61d5feec463	12	linked-historical-reference
0x001185ec	_Z6Op3DM0v	188	src/snes9x/native_cpu_opcodes.cpp	local	13401ebced68d81f19468b26b67b81ae02d2e70d66eaca8b15e1eebac8ef81c1	13401ebced68d81f19468b26b67b81ae02d2e70d66eaca8b15e1eebac8ef81c1	13401ebced68d81f19468b26b67b81ae02d2e70d66eaca8b15e1eebac8ef81c1	eb8a2740c623bc86fe8892c3b043e45148d7249dde3d59105e4f8119754954e0	12	linked-historical-reference
0x001186a8	_Z6Op39M1v	176	src/snes9x/native_cpu_opcodes.cpp	local	3f94615c6af08d3d279d3e5f106aa857e8abc1d3aa47b6c0965672249f018465	3f94615c6af08d3d279d3e5f106aa857e8abc1d3aa47b6c0965672249f018465	3f94615c6af08d3d279d3e5f106aa857e8abc1d3aa47b6c0965672249f018465	2f120b506bcddcef745f0aa87de04eba6c1ded892a3ec5ab1e3cf423e852f4a9	12	linked-historical-reference
0x00118758	_Z6Op39M0v	188	src/snes9x/native_cpu_opcodes.cpp	local	c640d1ce1ecee4d53d9e93fdcc121da707d186c8d0316b65e12251dc457444d5	c640d1ce1ecee4d53d9e93fdcc121da707d186c8d0316b65e12251dc457444d5	c640d1ce1ecee4d53d9e93fdcc121da707d186c8d0316b65e12251dc457444d5	c9e06c8d25b8a9b5cd0580cea0650bede854a24a31949b22ca2762e0194c4191	12	linked-historical-reference
0x00118814	_Z6Op2FM1v	164	src/snes9x/native_cpu_opcodes.cpp	local	4a4bf802266418fc41202172d43d34799972244885550ed2c8c4710c6e8c68d4	4a4bf802266418fc41202172d43d34799972244885550ed2c8c4710c6e8c68d4	4a4bf802266418fc41202172d43d34799972244885550ed2c8c4710c6e8c68d4	2ab937f0af56b9fe0d119f209644a8dd36ee3df245b71d42531039ede9f07fb5	12	linked-historical-reference
0x001188b8	_Z6Op2FM0v	176	src/snes9x/native_cpu_opcodes.cpp	local	0673138f531ea171aa529548f41b8d38647965d561459eeb665e4b35d768e3e0	0673138f531ea171aa529548f41b8d38647965d561459eeb665e4b35d768e3e0	0673138f531ea171aa529548f41b8d38647965d561459eeb665e4b35d768e3e0	02af20028479f146a3d022cce141cca5ca38a0d04ac2980fff81215e60efbab7	12	linked-historical-reference
0x00118968	_Z6Op3FM1v	184	src/snes9x/native_cpu_opcodes.cpp	local	0417ef220c445e620eee2f15408a0ba1489b7755b73b2af57474f0ee7099cc24	0417ef220c445e620eee2f15408a0ba1489b7755b73b2af57474f0ee7099cc24	0417ef220c445e620eee2f15408a0ba1489b7755b73b2af57474f0ee7099cc24	67740a43058ceda15b84b2ac03da711bdba5e3021fa5ccebef26e5f515aebcb4	12	linked-historical-reference
0x00118a20	_Z6Op3FM0v	196	src/snes9x/native_cpu_opcodes.cpp	local	c643465b4e73b581bcac607f4976cd3807b21f2590c756968f10facd0b318986	c643465b4e73b581bcac607f4976cd3807b21f2590c756968f10facd0b318986	c643465b4e73b581bcac607f4976cd3807b21f2590c756968f10facd0b318986	13d8cc665aecfddee2f316671da6e816d08e01d0d58acc4d1371043a2b8bbcd8	12	linked-historical-reference
0x00118ae4	_Z6Op23M1v	148	src/snes9x/native_cpu_opcodes.cpp	local	79bdcbbcd5d0437003c7d6d4234389fb2c050dfdec35bc44eccb9dfe2e847999	79bdcbbcd5d0437003c7d6d4234389fb2c050dfdec35bc44eccb9dfe2e847999	79bdcbbcd5d0437003c7d6d4234389fb2c050dfdec35bc44eccb9dfe2e847999	ecc7173b56d4088117bf12c52a12b24ced297937849cd1690ff7e1c4a3aaa0e0	12	linked-historical-reference
0x00118b78	_Z6Op23M0v	160	src/snes9x/native_cpu_opcodes.cpp	local	5a1003ea72152dc344dea9db6835821466cf58d9975fe881fe9ec892c8857b75	5a1003ea72152dc344dea9db6835821466cf58d9975fe881fe9ec892c8857b75	5a1003ea72152dc344dea9db6835821466cf58d9975fe881fe9ec892c8857b75	3248ed73a34ee1ac0b93ac8e765a206d316fe13b06e8fad0e370c62607478b12	12	linked-historical-reference
0x00118c18	_Z6Op33M1v	228	src/snes9x/native_cpu_opcodes.cpp	local	d1126fbae73e5b92f89521d84d03cf0da4d614fef9e56817930707772e3fefb8	d1126fbae73e5b92f89521d84d03cf0da4d614fef9e56817930707772e3fefb8	d1126fbae73e5b92f89521d84d03cf0da4d614fef9e56817930707772e3fefb8	9f31e4dc449a029668e721e92836ef0ba386dbbad67ca0e74d26f4b433fdfebf	16	linked-historical-reference
0x00118cfc	_Z6Op33M0v	240	src/snes9x/native_cpu_opcodes.cpp	local	dc20d07755e27c757f35012a04bfa9de4ff982bc4f2790c4c3adbb38e934eb07	dc20d07755e27c757f35012a04bfa9de4ff982bc4f2790c4c3adbb38e934eb07	dc20d07755e27c757f35012a04bfa9de4ff982bc4f2790c4c3adbb38e934eb07	c105f5b25e38eeb66e0d0f7915c0793af1c3011501d25ab96b2e09f72f4fdfc0	16	linked-historical-reference
0x00118dec	_Z6Op0AM1v	72	src/snes9x/native_cpu_opcodes.cpp	local	89d2d7b54f1da65e83b3ed3c424215937571e1caf96898b4edbe00f310af5c7c	89d2d7b54f1da65e83b3ed3c424215937571e1caf96898b4edbe00f310af5c7c	89d2d7b54f1da65e83b3ed3c424215937571e1caf96898b4edbe00f310af5c7c	b8a8e740ffc96df37956b9ab2cbf3360aedbeaf2776922b76d55d5c8da4467f4	6	linked-historical-reference
0x00118e34	_Z6Op0AM0v	84	src/snes9x/native_cpu_opcodes.cpp	local	68f75ee7984a02f79fee9b13ff59ea15df44e00188e033e65e994a5d96146231	68f75ee7984a02f79fee9b13ff59ea15df44e00188e033e65e994a5d96146231	68f75ee7984a02f79fee9b13ff59ea15df44e00188e033e65e994a5d96146231	43eaec844743f4a73b6b436d3846aef5f1f41d0d7ceb810de13b09ac36afb949	6	linked-historical-reference
0x00118e88	_Z6Op06M1v	176	src/snes9x/native_cpu_opcodes.cpp	local	1dc1afc23a535bdf37c2725466491bb76cab98b2b2c0d32905d29cfd6b5ee0d9	1dc1afc23a535bdf37c2725466491bb76cab98b2b2c0d32905d29cfd6b5ee0d9	5186aa94453a1bbec27adaec1589476fcd9bd77cd6eab1d2325b71e6e3540945	b15aa23fa36ade5c68a6b1ac6bc4efa6580146ac97a953dcc3f4140a3b7dfb00	17	linked-historical-reference
0x00118f38	_Z6Op06M0v	220	src/snes9x/native_cpu_opcodes.cpp	local	c208323da9f85de923ee4da2549b3296218b787ebf9c070436ab4168297c91bd	c208323da9f85de923ee4da2549b3296218b787ebf9c070436ab4168297c91bd	a2eae613b089696be3549ff2ceba6825505353bc84450783fad8a7b6a482d3cf	2b48017678352fcfa021c1e7a3791d480d921f448c2e7726d5e1b25fc7fbf3c9	20	linked-historical-reference
0x00119014	_Z6Op16M1v	204	src/snes9x/native_cpu_opcodes.cpp	local	4ea64f4a72825d41c929f5f1f00d0df064dc8071300005cfb89b8e2b69f81346	4ea64f4a72825d41c929f5f1f00d0df064dc8071300005cfb89b8e2b69f81346	4ea64f4a72825d41c929f5f1f00d0df064dc8071300005cfb89b8e2b69f81346	6311752412d6edc66d4db9bf4e11cc4140dfc511aaa30bc026a640923fa2ec26	17	linked-historical-reference
0x001190e0	_Z6Op16M0v	248	src/snes9x/native_cpu_opcodes.cpp	local	31896d87e713d4359009d988437d33c5627de6c31a03cbaf1f2c8cde771fac0f	31896d87e713d4359009d988437d33c5627de6c31a03cbaf1f2c8cde771fac0f	31896d87e713d4359009d988437d33c5627de6c31a03cbaf1f2c8cde771fac0f	7b6d2d1fa1bc982593a98e6bbb11f065afacbaa8d3711cf32a35a9280c1a4976	20	linked-historical-reference
0x001191d8	_Z6Op0EM1v	196	src/snes9x/native_cpu_opcodes.cpp	local	abe41ede26dbe0f9257637d9536c7d32bae1f93c388895bc48b9fc68346c7d89	abe41ede26dbe0f9257637d9536c7d32bae1f93c388895bc48b9fc68346c7d89	abe41ede26dbe0f9257637d9536c7d32bae1f93c388895bc48b9fc68346c7d89	4d7def6d3643efc559803b11b486c65688e56ea7c22918cfcbc7e517fd2681c9	15	linked-historical-reference
0x0011929c	_Z6Op0EM0v	232	src/snes9x/native_cpu_opcodes.cpp	local	137237411cff726a8f43d446b41dc040dd9476d880b796d5abfb12047abfacf8	137237411cff726a8f43d446b41dc040dd9476d880b796d5abfb12047abfacf8	137237411cff726a8f43d446b41dc040dd9476d880b796d5abfb12047abfacf8	e0a104d33b18db09b1d6406b414be12c640482dd637e05623e7af2a000d9abb6	18	linked-historical-reference
0x00119384	_Z6Op1EM1v	208	src/snes9x/native_cpu_opcodes.cpp	local	38891c9151b52d8a5577400290e87cefce747ca020eef0c92ee1d9103b3ea8af	38891c9151b52d8a5577400290e87cefce747ca020eef0c92ee1d9103b3ea8af	125d2b2ce73ecda8ce978499fae10b599d74cd61df5ade06696faa388ca343b9	787eddfc43739de75278a44460d21c03bef365ad885450030bbce84a3b78c49f	17	linked-historical-reference
0x00119454	_Z6Op1EM0v	244	src/snes9x/native_cpu_opcodes.cpp	local	96ead5a67ea877d0e834943709f99c3c01f9488886058df1be5a0b4e752e946d	96ead5a67ea877d0e834943709f99c3c01f9488886058df1be5a0b4e752e946d	9b48cf8e74917279f2352666cdb3c5d87d0ce949b69ce06d5ab59ede02f0f135	822acd0060ba5bbd8330aeaf169b7d006044b4d3ef92c91a9bc6806109b6ea35	20	linked-historical-reference
0x00119548	_Z6Op89M1v	64	src/snes9x/native_cpu_opcodes.cpp	local	bf0cb56cfb3bbe0bff6ad352943a1b62f3e7edfc73f438b30d3c94e575d1a745	bf0cb56cfb3bbe0bff6ad352943a1b62f3e7edfc73f438b30d3c94e575d1a745	39871246557bf35b6e63b821fe56e0a597b419f6552fb4ba9bd514045c6b9e3d	c333936a6f297a6fba17af59db7a223889b51986e2758c79c3f06d936fbfe2c6	6	linked-historical-reference
0x00119588	_Z6Op89M0v	80	src/snes9x/native_cpu_opcodes.cpp	local	ec301f696240984bca4a16cba1990e841edf015d805cf6d1659f17fdec9eeabc	ec301f696240984bca4a16cba1990e841edf015d805cf6d1659f17fdec9eeabc	34238d54a9773fce80781b468615aadb3363be6dbc22fb027e6979cf54054612	7b8b710bc949eb3f358eac61c5789e164a9fb928d554776bbc489ddddcfc272f	6	linked-historical-reference
0x001195d8	_Z6Op24M1v	160	src/snes9x/native_cpu_opcodes.cpp	local	f3a7227bf483f0541d419f4c4ce76515443b747efee2365b757987a09dd6eb8e	f3a7227bf483f0541d419f4c4ce76515443b747efee2365b757987a09dd6eb8e	f3a7227bf483f0541d419f4c4ce76515443b747efee2365b757987a09dd6eb8e	4dabab19c19ffa07b9196e0fbfc9ef2fcdecaaaa171bc91c8bf5a870846b0a0b	14	linked-historical-reference
0x00119678	_Z6Op24M0v	168	src/snes9x/native_cpu_opcodes.cpp	local	24c5ffc43f4559f4fcdecd525aee57302a6cd6ed5d235666f1cfc1e3a55967e4	24c5ffc43f4559f4fcdecd525aee57302a6cd6ed5d235666f1cfc1e3a55967e4	24c5ffc43f4559f4fcdecd525aee57302a6cd6ed5d235666f1cfc1e3a55967e4	dda2b2bd3a805135bc80cc1fb60b7a84bad7e62451b5decd9cead70401242a05	14	linked-historical-reference
0x00119720	_Z6Op34M1v	188	src/snes9x/native_cpu_opcodes.cpp	local	3b50bba03bd23d579363b42bfb4c80482b7b5f6c5c40979cd7d072e892c56d82	3b50bba03bd23d579363b42bfb4c80482b7b5f6c5c40979cd7d072e892c56d82	3b50bba03bd23d579363b42bfb4c80482b7b5f6c5c40979cd7d072e892c56d82	32efe739fc32f08982af681b903d98d5d54ff9d8ab330db7dcdbbdb72c853c02	14	linked-historical-reference
0x001197dc	_Z6Op34M0v	196	src/snes9x/native_cpu_opcodes.cpp	local	8f879559ddd7b4f6b9a20d4b7ee77d229a82d7c424649bc3b6fc05947d039ac3	8f879559ddd7b4f6b9a20d4b7ee77d229a82d7c424649bc3b6fc05947d039ac3	8f879559ddd7b4f6b9a20d4b7ee77d229a82d7c424649bc3b6fc05947d039ac3	36eabd36dcebd0a972b8f533bfccd379dee482171405b435a0e8233e6b39d512	14	linked-historical-reference
0x001198a0	_Z6Op2CM1v	172	src/snes9x/native_cpu_opcodes.cpp	local	5d7ab8c4921ba0eae98a4c6ddc63e04d40a69dfd06c78cca6f01563574fe5e90	5d7ab8c4921ba0eae98a4c6ddc63e04d40a69dfd06c78cca6f01563574fe5e90	60918da6edc78145aa479c59081fbaaeb9cdc4d12d953ab5fa350adc3f0d50a2	807bcb8fd1a5efb4ab1819b12fa58ea0547195ad4c83b80cbc9b72e62e9d9bb7	14	linked-historical-reference
0x0011994c	_Z6Op2CM0v	180	src/snes9x/native_cpu_opcodes.cpp	local	3041ebc1ac74df1aec659930a80fd1668d907941133ac5f2ccf121a4109917bb	3041ebc1ac74df1aec659930a80fd1668d907941133ac5f2ccf121a4109917bb	2323c83b9cb6520b113d56de4bd8eab0b44ed754f10fa9cc45737c1da531c348	ff7eee796525d888c2f051e29a87f541af71ba434ef30fff5faf611478c329ac	14	linked-historical-reference
0x00119a00	_Z6Op3CM1v	192	src/snes9x/native_cpu_opcodes.cpp	local	9cb690d68c5389a535ac87e11ee6a00f52c873d830399be7a13b82a43c9c1ab6	9cb690d68c5389a535ac87e11ee6a00f52c873d830399be7a13b82a43c9c1ab6	9cb690d68c5389a535ac87e11ee6a00f52c873d830399be7a13b82a43c9c1ab6	7cb87fbe53bd018d05e592029f9c91ff0377cd86218df7317d0302a1b16720c1	14	linked-historical-reference
0x00119ac0	_Z6Op3CM0v	200	src/snes9x/native_cpu_opcodes.cpp	local	368b8c9253ead7a5cff8ea3cb7bddf6a3d18b49b1c545e1b48269d0fbcd26e47	368b8c9253ead7a5cff8ea3cb7bddf6a3d18b49b1c545e1b48269d0fbcd26e47	368b8c9253ead7a5cff8ea3cb7bddf6a3d18b49b1c545e1b48269d0fbcd26e47	2d27e48ac4c6a7b41db54e2bfcdb7fadd85f7da7633e34d6317fbb8a2be21566	14	linked-historical-reference
0x00119b88	_Z6OpC9M1v	100	src/snes9x/native_cpu_opcodes.cpp	local	4c07ef6ea0667e6b6a5ef9412674dcb602556582c2f9f7201528fec5d0ddee0a	4c07ef6ea0667e6b6a5ef9412674dcb602556582c2f9f7201528fec5d0ddee0a	9805f24a758e7755899d56f0e6f49aecdc2ce0f51ff42c285bee9f1bcc0f0a09	aabbe0041fd1f4ac5ab9e4522050cd2e0ac5253545fd6405171220f027296c8e	9	linked-historical-reference
0x00119bec	_Z6OpC9M0v	120	src/snes9x/native_cpu_opcodes.cpp	local	ac6565b519d3a9c30f40848ba4c69145fbdc2f6fb83700e17a930429f7f5e168	ac6565b519d3a9c30f40848ba4c69145fbdc2f6fb83700e17a930429f7f5e168	02f281bb88cb6d8f8d6f70b1efb0eac303137d0572f99d255dfc1bd1216b16af	0f3be93fc8a2594603048b4a5a98f2b16f5ff95668acbbd35403c26fa5b4780f	9	linked-historical-reference
0x00119c64	_Z6OpC5M1v	176	src/snes9x/native_cpu_opcodes.cpp	local	c6a7e0515255a1ad9ffebb167d01eff22a2083b3dee397ac3dd453da8f5d79cd	c6a7e0515255a1ad9ffebb167d01eff22a2083b3dee397ac3dd453da8f5d79cd	c6a7e0515255a1ad9ffebb167d01eff22a2083b3dee397ac3dd453da8f5d79cd	db9654d0de0de84e2b04de63af8eb79aa84ab7145482127314f8be5162376792	15	linked-historical-reference
0x00119d14	_Z6OpC5M0v	184	src/snes9x/native_cpu_opcodes.cpp	local	6cda2885be6ce1787ee09e693ba8345293959308adb8b1d31f4fb8e4f84c2f6f	6cda2885be6ce1787ee09e693ba8345293959308adb8b1d31f4fb8e4f84c2f6f	6cda2885be6ce1787ee09e693ba8345293959308adb8b1d31f4fb8e4f84c2f6f	00a743caab0d01e307ea04422ba2d51832c5aa5d905cdf14b72f5fc3d58361a6	15	linked-historical-reference
0x00119dcc	_Z6OpD5M1v	204	src/snes9x/native_cpu_opcodes.cpp	local	180091b1da58c62c22fc398ed341cb6531c0b9fe287818a391a3c23d8e60b051	180091b1da58c62c22fc398ed341cb6531c0b9fe287818a391a3c23d8e60b051	180091b1da58c62c22fc398ed341cb6531c0b9fe287818a391a3c23d8e60b051	14fc1e5111ec24ba1737e63249852ae952b10534753f4722ce9f87688c96f1bc	15	linked-historical-reference
0x00119e98	_Z6OpD5M0v	212	src/snes9x/native_cpu_opcodes.cpp	local	98eda3201f4c85ac7c4bd17e59daeece1c3ddbd7a460764acd5ae59a48409f6c	98eda3201f4c85ac7c4bd17e59daeece1c3ddbd7a460764acd5ae59a48409f6c	98eda3201f4c85ac7c4bd17e59daeece1c3ddbd7a460764acd5ae59a48409f6c	7fe813e658a84a773badfa694ab34cc0037dcd101059e48aa334e69b7eff91fa	15	linked-historical-reference
0x00119f6c	_Z6OpD2M1v	236	src/snes9x/native_cpu_opcodes.cpp	local	68c43aaffe780399e6f745049f9b4699250f6cab6311818493fe8cc14904c2cc	68c43aaffe780399e6f745049f9b4699250f6cab6311818493fe8cc14904c2cc	68c43aaffe780399e6f745049f9b4699250f6cab6311818493fe8cc14904c2cc	048a78481d96712288812553c40fe988105622e7a0e74d0f3828bbaf9db16acd	19	linked-historical-reference
0x0011a058	_Z6OpD2M0v	244	src/snes9x/native_cpu_opcodes.cpp	local	04b12995d00063cb04c5c832a86d2ae57db5d59d6dd39449ebd01de191addde7	04b12995d00063cb04c5c832a86d2ae57db5d59d6dd39449ebd01de191addde7	04b12995d00063cb04c5c832a86d2ae57db5d59d6dd39449ebd01de191addde7	6ec560138321e37cace8748daf3bc6455e39b614925e4d6d6ba1c7aa72b87dd5	19	linked-historical-reference
0x0011a14c	_Z6OpC1M1v	264	src/snes9x/native_cpu_opcodes.cpp	local	c9ac60d7181166026f1c0f3f181fa26620f32b87691580e136760b421e44c567	c9ac60d7181166026f1c0f3f181fa26620f32b87691580e136760b421e44c567	c9ac60d7181166026f1c0f3f181fa26620f32b87691580e136760b421e44c567	e5b39c75a81360b6b51a4cfbb39f7a618e07cf17ed033558d9a485c9d73e1566	19	linked-historical-reference
0x0011a254	_Z6OpC1M0v	272	src/snes9x/native_cpu_opcodes.cpp	local	91621b74ebf70733280eb8368353bbc050fd4ee05156021ab04dd234265d4c10	91621b74ebf70733280eb8368353bbc050fd4ee05156021ab04dd234265d4c10	91621b74ebf70733280eb8368353bbc050fd4ee05156021ab04dd234265d4c10	e5f08e6d2c2d8b801fcc16d54d69f6fd9951d158b424731a09051526777cc8a9	19	linked-historical-reference
0x0011a364	_Z6OpD1M1v	252	src/snes9x/native_cpu_opcodes.cpp	local	522264e89fd8fe59f9760d22916455a3cd9cb51fc456d25080bbf9459b1ae622	522264e89fd8fe59f9760d22916455a3cd9cb51fc456d25080bbf9459b1ae622	522264e89fd8fe59f9760d22916455a3cd9cb51fc456d25080bbf9459b1ae622	dd6ca8cfc31d084ad14d2e9e71b4b871bffaab5091a4708d08cd3f74a2ab4f1f	19	linked-historical-reference
0x0011a460	_Z6OpD1M0v	260	src/snes9x/native_cpu_opcodes.cpp	local	bfd371d766853a39c951ef50a3ffc76bdc560d36929bbecbdc249bf0423b636b	bfd371d766853a39c951ef50a3ffc76bdc560d36929bbecbdc249bf0423b636b	bfd371d766853a39c951ef50a3ffc76bdc560d36929bbecbdc249bf0423b636b	63ee1c181972cce6bc4034c4c0f907867b0ecd0f5dfef2216602e19241dea854	19	linked-historical-reference
0x0011a564	_Z6OpC7M1v	248	src/snes9x/native_cpu_opcodes.cpp	local	3a66ba071e870cb1b2393c92ccd11e073725cf3026da25e78143a8db52f7055f	3a66ba071e870cb1b2393c92ccd11e073725cf3026da25e78143a8db52f7055f	3a66ba071e870cb1b2393c92ccd11e073725cf3026da25e78143a8db52f7055f	824476b8ac24a8b01f4eb603fe17ba471e2ba42ebdfb7e791e6029fc601bdfb8	21	linked-historical-reference
0x0011a65c	_Z6OpC7M0v	256	src/snes9x/native_cpu_opcodes.cpp	local	16990b76993681fdac6332491e0964b342cf79e23f4e4a5f717adbdef3fd0afa	16990b76993681fdac6332491e0964b342cf79e23f4e4a5f717adbdef3fd0afa	16990b76993681fdac6332491e0964b342cf79e23f4e4a5f717adbdef3fd0afa	3a68b6e89b6e3cfda2eed0d742de7a0f727619586a5c96cbb17f4bfded7af41b	21	linked-historical-reference
0x0011a75c	_Z6OpD7M1v	264	src/snes9x/native_cpu_opcodes.cpp	local	a871324c9681c95b33c8fdc3e443643c705f88d8164af21f4c6c87b50542c2d7	a871324c9681c95b33c8fdc3e443643c705f88d8164af21f4c6c87b50542c2d7	a871324c9681c95b33c8fdc3e443643c705f88d8164af21f4c6c87b50542c2d7	626aa9fc7151d82ac1308981184fef5d8112e6acbc5a5329ca49ed1ec7e37709	21	linked-historical-reference
0x0011a864	_Z6OpD7M0v	272	src/snes9x/native_cpu_opcodes.cpp	local	71136e0d5fca1b87597d300c08970c9db98eddaed3a030bd4b141bedb1937845	71136e0d5fca1b87597d300c08970c9db98eddaed3a030bd4b141bedb1937845	71136e0d5fca1b87597d300c08970c9db98eddaed3a030bd4b141bedb1937845	36fbf381aa553c17f73de46933628ad6680992b02d639789aefb47ce3933fc63	21	linked-historical-reference
0x0011a974	_Z6OpCDM1v	196	src/snes9x/native_cpu_opcodes.cpp	local	ea4820a3cce6f2935d0a390cb0dc1e50bfcffb7e535a885301b6b53609d2f2e2	ea4820a3cce6f2935d0a390cb0dc1e50bfcffb7e535a885301b6b53609d2f2e2	21ddb547d81502a295e0f4490489df47f0a6549ac06831152ddef27b953ef6ec	6a512d278b42fbfece307438541c8b0adfd6fa0b28cf1f718098847f8dcee6f6	15	linked-historical-reference
0x0011aa38	_Z6OpCDM0v	204	src/snes9x/native_cpu_opcodes.cpp	local	fe40b5643a71f7484bbff819f42813709af5228ac61f3ef0ebdbd7b5c22f7afe	fe40b5643a71f7484bbff819f42813709af5228ac61f3ef0ebdbd7b5c22f7afe	0d7182ab94f9cd3b00bf0e35957e740eea627d9ef461d5c30b70f9f039f7686b	d8b5c3e18a21ddc3a70ced9c68e358a03ecfe92a9e474ef74a0cd60e7c390178	15	linked-historical-reference
0x0011ab04	_Z6OpDDM1v	208	src/snes9x/native_cpu_opcodes.cpp	local	16a527c22c6200c453b7e8b6d6347dc724f74f02994d4ece698bc45eeaa75028	16a527c22c6200c453b7e8b6d6347dc724f74f02994d4ece698bc45eeaa75028	16a527c22c6200c453b7e8b6d6347dc724f74f02994d4ece698bc45eeaa75028	eb2bfb324d3ece623bdd644d198af954ca6c48f01f1b183ae8ec6efc20ba31bd	15	linked-historical-reference
0x0011abd4	_Z6OpDDM0v	216	src/snes9x/native_cpu_opcodes.cpp	local	11e84cd53ea1c789e9ffce45a1a68b2791356335f905b5c23420fc1194ca0890	11e84cd53ea1c789e9ffce45a1a68b2791356335f905b5c23420fc1194ca0890	11e84cd53ea1c789e9ffce45a1a68b2791356335f905b5c23420fc1194ca0890	af2580d6067466a15810ac930d9d9689dfed09045c3328e12c70112ade5eed60	15	linked-historical-reference
0x0011acac	_Z6OpD9M1v	208	src/snes9x/native_cpu_opcodes.cpp	local	77c1e07071257d2b0f487629841cb8d426e33bf8f635d86350d0896ea1549bf1	77c1e07071257d2b0f487629841cb8d426e33bf8f635d86350d0896ea1549bf1	77c1e07071257d2b0f487629841cb8d426e33bf8f635d86350d0896ea1549bf1	67e0e3b4bb5c56aa4788ec55580bb78793c82a34f9c217a18877b77fad42a49b	15	linked-historical-reference
0x0011ad7c	_Z6OpD9M0v	216	src/snes9x/native_cpu_opcodes.cpp	local	d10cfe4f901921d856e9390e18923ddcf9a9f2c5591b1bb2c2b6b00dd26242c5	d10cfe4f901921d856e9390e18923ddcf9a9f2c5591b1bb2c2b6b00dd26242c5	d10cfe4f901921d856e9390e18923ddcf9a9f2c5591b1bb2c2b6b00dd26242c5	940fd41c9ba2387cbb6ce573b1b334dd75ca30a916091fb99c80b72ba0fa816a	15	linked-historical-reference
0x0011ae54	_Z6OpCFM1v	192	src/snes9x/native_cpu_opcodes.cpp	local	28edfaa911bf1cddffb62001c30a2ece9470fb210b40a2e7f4c529b8b2354ee6	28edfaa911bf1cddffb62001c30a2ece9470fb210b40a2e7f4c529b8b2354ee6	1b2c92e827638036bbef456188fbf6660235a66f801de7549527712572bf1243	93a6c361d241d8f5cd97839a87e02ac822fa4e7b9f5b1a973e43b733131626c4	15	linked-historical-reference
0x0011af14	_Z6OpCFM0v	200	src/snes9x/native_cpu_opcodes.cpp	local	c1194f97a4e6315c470413b362b78420fe6380c32536e447a74fe819d594f16e	c1194f97a4e6315c470413b362b78420fe6380c32536e447a74fe819d594f16e	58c9581f5467a407d7de60dd72197cc1c2483fce84811a1e9324d2c41c51410b	bba9993df88341f33a2a63a61553b9d5f3ece364f4b7018fe7397d87977c8b9d	15	linked-historical-reference
0x0011afdc	_Z6OpDFM1v	216	src/snes9x/native_cpu_opcodes.cpp	local	319a946c5100bde08a8dc33a02060f0f89101bced5c2d59af645b3fab7b761e9	319a946c5100bde08a8dc33a02060f0f89101bced5c2d59af645b3fab7b761e9	319a946c5100bde08a8dc33a02060f0f89101bced5c2d59af645b3fab7b761e9	ddc93a31a84304309dbfa03216ff357f26236793c2b20557a6c35e5a5472c4c8	15	linked-historical-reference
0x0011b0b4	_Z6OpDFM0v	224	src/snes9x/native_cpu_opcodes.cpp	local	466bf5b43fbe5855caba4106cc550e4032388b814fe08ca0f1b3be174dbc97f2	466bf5b43fbe5855caba4106cc550e4032388b814fe08ca0f1b3be174dbc97f2	466bf5b43fbe5855caba4106cc550e4032388b814fe08ca0f1b3be174dbc97f2	36cf0fffb67a9532d4c99718d02a78e6f6c86db06d2a5487b83a7bcdf91fd9da	15	linked-historical-reference
0x0011b194	_Z6OpC3M1v	180	src/snes9x/native_cpu_opcodes.cpp	local	a0bda2def747abe9e35f26d376ca458cb029c0337e4f029c0e324c5b4f99ae23	a0bda2def747abe9e35f26d376ca458cb029c0337e4f029c0e324c5b4f99ae23	a0bda2def747abe9e35f26d376ca458cb029c0337e4f029c0e324c5b4f99ae23	ea1882af4bb0867d5f0c330153d0d66ac688c538d4ebdc9c7091ecb744c6afb9	15	linked-historical-reference
0x0011b248	_Z6OpC3M0v	188	src/snes9x/native_cpu_opcodes.cpp	local	7253ba66ce9754effdaf9b275612f7aa97abf6e40da5513ddf2fa94d70858afd	7253ba66ce9754effdaf9b275612f7aa97abf6e40da5513ddf2fa94d70858afd	7253ba66ce9754effdaf9b275612f7aa97abf6e40da5513ddf2fa94d70858afd	776a93be8cfa97cbf8c98859bdbcb7f22cde994726757c2ccea8bbf9e11bccc9	15	linked-historical-reference
0x0011b304	_Z6OpD3M1v	268	src/snes9x/native_cpu_opcodes.cpp	local	098211ec7d2cc81b4936135f7dabbf16e67dfc5ca2dfa00d97a436ae50f36c65	098211ec7d2cc81b4936135f7dabbf16e67dfc5ca2dfa00d97a436ae50f36c65	098211ec7d2cc81b4936135f7dabbf16e67dfc5ca2dfa00d97a436ae50f36c65	035fa76d1e26cce0a36de0962d4603b02171ba8f252e14fcf09cafceee50cc98	19	linked-historical-reference
0x0011b410	_Z6OpD3M0v	276	src/snes9x/native_cpu_opcodes.cpp	local	0b13faddbe87c85c8a4d5b3a1b155300d959cbfa79da02c7783e328b48dfc4c6	0b13faddbe87c85c8a4d5b3a1b155300d959cbfa79da02c7783e328b48dfc4c6	0b13faddbe87c85c8a4d5b3a1b155300d959cbfa79da02c7783e328b48dfc4c6	fa66638633676697fbe10134ee6dbd3774ff7eb7795f6a4cec0d03f59f79c881	19	linked-historical-reference
0x0011b524	_Z6OpE0X1v	100	src/snes9x/native_cpu_opcodes.cpp	local	3a720e3fe65b6e5b5b18ce181f24ed0aada4c100c2370bd5c560935d5bedcd6b	3a720e3fe65b6e5b5b18ce181f24ed0aada4c100c2370bd5c560935d5bedcd6b	9805f24a758e7755899d56f0e6f49aecdc2ce0f51ff42c285bee9f1bcc0f0a09	875c7062aa389c85b56b4f1a88fe462792d52cd4ac99c7b93a6bdf02a25005b7	9	linked-historical-reference
0x0011b588	_Z6OpE0X0v	120	src/snes9x/native_cpu_opcodes.cpp	local	d6bc11dcbd8139ea4a58cfd5088da37c46ffd8e426549547cc110c2393ec7d15	d6bc11dcbd8139ea4a58cfd5088da37c46ffd8e426549547cc110c2393ec7d15	02f281bb88cb6d8f8d6f70b1efb0eac303137d0572f99d255dfc1bd1216b16af	aa206b6cb3295bafe73e044071a785d3bb3482576647224605c78eb39581dac6	9	linked-historical-reference
0x0011b600	_Z6OpE4X1v	176	src/snes9x/native_cpu_opcodes.cpp	local	d026ac60a35534941e33c84585b78d713d967bb1c602604dd09ba1a0973c967d	d026ac60a35534941e33c84585b78d713d967bb1c602604dd09ba1a0973c967d	d026ac60a35534941e33c84585b78d713d967bb1c602604dd09ba1a0973c967d	bd232353e4ca48809fd0259db8b9c611d897150f487ebdcf1396d5b34475c1bd	15	linked-historical-reference
0x0011b6b0	_Z6OpE4X0v	184	src/snes9x/native_cpu_opcodes.cpp	local	8929d04c2397d9a1e06f5faeba5a35987f52cfcd259ac4c5c6be34344ddc4231	8929d04c2397d9a1e06f5faeba5a35987f52cfcd259ac4c5c6be34344ddc4231	8929d04c2397d9a1e06f5faeba5a35987f52cfcd259ac4c5c6be34344ddc4231	0cd24b9cae016e7ba7d69dcf20650d94ade12ac32d16d25c91c8b971e7946445	15	linked-historical-reference
0x0011b768	_Z6OpECX1v	196	src/snes9x/native_cpu_opcodes.cpp	local	120552d81241d0814505bc9bf7a644e3275fd531f6314838735d3a77ea24f322	120552d81241d0814505bc9bf7a644e3275fd531f6314838735d3a77ea24f322	21ddb547d81502a295e0f4490489df47f0a6549ac06831152ddef27b953ef6ec	4c1170c1eb38731eccceb4ee39e00be2f657c01f81f1a5fd9f1bd59bd3f510af	15	linked-historical-reference
0x0011b82c	_Z6OpECX0v	204	src/snes9x/native_cpu_opcodes.cpp	local	7eb04fda2052bcd366ba97176b1638549bf1528132bffe7d563bf85d0848974f	7eb04fda2052bcd366ba97176b1638549bf1528132bffe7d563bf85d0848974f	0d7182ab94f9cd3b00bf0e35957e740eea627d9ef461d5c30b70f9f039f7686b	c2967a65c38a80f97dbad88911e13c07c0ba49e7b4ac8e1aef958b7040db3dc1	15	linked-historical-reference
0x0011b8f8	_Z6OpC0X1v	100	src/snes9x/native_cpu_opcodes.cpp	local	e6e074ff319cbfbb702f16afca71882a9d373447b26c60b2ddb49167b299cff4	e6e074ff319cbfbb702f16afca71882a9d373447b26c60b2ddb49167b299cff4	9805f24a758e7755899d56f0e6f49aecdc2ce0f51ff42c285bee9f1bcc0f0a09	56bc7af3c94fd0ad8543b02b12b99dba7266c0e6f3e733e2c3997d3233412591	9	linked-historical-reference
0x0011b95c	_Z6OpC0X0v	120	src/snes9x/native_cpu_opcodes.cpp	local	d0734a9ede635ddee2262a2fc2e71829b6700388393dd1a0804ced92ca94e8c1	d0734a9ede635ddee2262a2fc2e71829b6700388393dd1a0804ced92ca94e8c1	02f281bb88cb6d8f8d6f70b1efb0eac303137d0572f99d255dfc1bd1216b16af	26ee89e7417802f85fba216fa8c6bec2c33853c5333314ac20909ef3a2d3abba	9	linked-historical-reference
0x0011b9d4	_Z6OpC4X1v	176	src/snes9x/native_cpu_opcodes.cpp	local	5cebbf5b4e99c406c837606958c4f98303a90cedef3401840c0a96b51b5dbfc2	5cebbf5b4e99c406c837606958c4f98303a90cedef3401840c0a96b51b5dbfc2	5cebbf5b4e99c406c837606958c4f98303a90cedef3401840c0a96b51b5dbfc2	6d1e8595b654367c0d0118514c3d2634abc11b379087c5c3d54fc9075422b244	15	linked-historical-reference
0x0011ba84	_Z6OpC4X0v	184	src/snes9x/native_cpu_opcodes.cpp	local	6a51d4552d5d09e6671c425b7e581b4615e93d4a37e4ff79b1695d93a0b6f89c	6a51d4552d5d09e6671c425b7e581b4615e93d4a37e4ff79b1695d93a0b6f89c	6a51d4552d5d09e6671c425b7e581b4615e93d4a37e4ff79b1695d93a0b6f89c	3e414c47428599fce8a4a3b8f95111bca475cc8a59624c68ff93647948919793	15	linked-historical-reference
0x0011bb3c	_Z6OpCCX1v	196	src/snes9x/native_cpu_opcodes.cpp	local	3c39e0bfb83ff874056543f05a39775e7aa6b76751bf753eb25423a48fd25054	3c39e0bfb83ff874056543f05a39775e7aa6b76751bf753eb25423a48fd25054	21ddb547d81502a295e0f4490489df47f0a6549ac06831152ddef27b953ef6ec	6d76d2d2ec404507bb668dc5e9a539dc4edded9767ed21cffe05a50aaffd5053	15	linked-historical-reference
0x0011bc00	_Z6OpCCX0v	204	src/snes9x/native_cpu_opcodes.cpp	local	fd89f1f64311e5f797b0a01e92899725065b89628ae3f20c5666eeb6e7845777	fd89f1f64311e5f797b0a01e92899725065b89628ae3f20c5666eeb6e7845777	0d7182ab94f9cd3b00bf0e35957e740eea627d9ef461d5c30b70f9f039f7686b	281761bf6735ebb86fe9e2041d19d23a21f9227c3030402bdc293d8193fcabd9	15	linked-historical-reference
0x0011bccc	_Z6Op3AM1v	68	src/snes9x/native_cpu_opcodes.cpp	local	70e64cf8546c4ec1b13dfc6f2f624a7b8027c26884f2b62de654448b38f92bd6	70e64cf8546c4ec1b13dfc6f2f624a7b8027c26884f2b62de654448b38f92bd6	70e64cf8546c4ec1b13dfc6f2f624a7b8027c26884f2b62de654448b38f92bd6	7beff15063b7a4fef4a275a244ae951c1bcb55a97e6323cb085c63e4f0452096	6	linked-historical-reference
0x0011bd10	_Z6Op3AM0v	76	src/snes9x/native_cpu_opcodes.cpp	local	174ac9d8a4341951e57b1759ef47fffed70dd510f6d84297de1e5aab8dbdf46c	174ac9d8a4341951e57b1759ef47fffed70dd510f6d84297de1e5aab8dbdf46c	174ac9d8a4341951e57b1759ef47fffed70dd510f6d84297de1e5aab8dbdf46c	b69abf11346989a4cbbe6d90a0d0b26eb0ca855b3f2148f9f8374601f225c1da	6	linked-historical-reference
0x0011bd5c	_Z6OpC6M1v	172	src/snes9x/native_cpu_opcodes.cpp	local	089e28cd139dbf2eb18e1e5e2d2794a3ffbc80ec50536e48324781a93c5b780e	089e28cd139dbf2eb18e1e5e2d2794a3ffbc80ec50536e48324781a93c5b780e	8bc3412a4d5c5926f1ed88dcf3508a5dd630b06884083e4f516079232f531826	d153e4bb37791fc7047fbff105f2ae246d961650c2432d69e046fc1f5a9c8e5c	17	linked-historical-reference
0x0011be08	_Z6OpC6M0v	208	src/snes9x/native_cpu_opcodes.cpp	local	8961b13138ce71fa16400149e31b97fbedeb4e2f789b353f67b33fa0590716f6	8961b13138ce71fa16400149e31b97fbedeb4e2f789b353f67b33fa0590716f6	84449055a1cf9092ba54f40c322c243a0953263192c70258565925b74742307a	a8b2fa3565604f1e00745a0eaff3f8875f581706c0664ea12252008637395f0b	20	linked-historical-reference
0x0011bed8	_Z6OpD6M1v	200	src/snes9x/native_cpu_opcodes.cpp	local	9547b0f351e3d65e4bfac97edcc55fd4a3a7f0526c076d5e04f0e2ae29986201	9547b0f351e3d65e4bfac97edcc55fd4a3a7f0526c076d5e04f0e2ae29986201	9547b0f351e3d65e4bfac97edcc55fd4a3a7f0526c076d5e04f0e2ae29986201	49bde178c4f5890cf5a8f80b15b9283af63fe16ddd8af05ec3f8af78f7ee318f	17	linked-historical-reference
0x0011bfa0	_Z6OpD6M0v	236	src/snes9x/native_cpu_opcodes.cpp	local	b6d43e2b5c14f9de1f53bfa6bd9b7bb7d4c0cd5e1439802731c658ef0fc9dc96	b6d43e2b5c14f9de1f53bfa6bd9b7bb7d4c0cd5e1439802731c658ef0fc9dc96	b6d43e2b5c14f9de1f53bfa6bd9b7bb7d4c0cd5e1439802731c658ef0fc9dc96	6cfef52ea09343ae841c3829f3e274a91670575c61c6a6441e8e80ffaf07cf22	20	linked-historical-reference
0x0011c08c	_Z6OpCEM1v	192	src/snes9x/native_cpu_opcodes.cpp	local	d1df521c4ac14ae5f5808d5f1085d7869e580fe3710a2511ea7f4d9bf9771373	d1df521c4ac14ae5f5808d5f1085d7869e580fe3710a2511ea7f4d9bf9771373	d1df521c4ac14ae5f5808d5f1085d7869e580fe3710a2511ea7f4d9bf9771373	1889ffe3d6ff1cd89856f0ffccedf439990fc18673af1192f8ef40b4b2242ed6	15	linked-historical-reference
0x0011c14c	_Z6OpCEM0v	228	src/snes9x/native_cpu_opcodes.cpp	local	73bc591874de27da2f78192726a3474032e9a3b0358cd7cc00ea153236c38820	73bc591874de27da2f78192726a3474032e9a3b0358cd7cc00ea153236c38820	73bc591874de27da2f78192726a3474032e9a3b0358cd7cc00ea153236c38820	3f7b166f935df0f6dd67ea106c23dd3b2556470c786679eca3e13bf81375a09d	18	linked-historical-reference
0x0011c230	_Z6OpDEM1v	204	src/snes9x/native_cpu_opcodes.cpp	local	b28b49286eaabb5405c6c7511a480006bed08ea7ff8ed08445eafde7d906217d	b28b49286eaabb5405c6c7511a480006bed08ea7ff8ed08445eafde7d906217d	930f67f5d1e8daba3922013cb4229d8e6b57297cf602dbc4c1c7c4964e6ed46b	2ae9c0b607682959ff21955ade1ad7ef62cf6353314cc951df864f387091c92d	17	linked-historical-reference
0x0011c2fc	_Z6OpDEM0v	240	src/snes9x/native_cpu_opcodes.cpp	local	1304f21f3461ed026fef855d75d7228592aa7caa057d4add82d3064a4e8ffd26	1304f21f3461ed026fef855d75d7228592aa7caa057d4add82d3064a4e8ffd26	698f5352037b220fa509eb33cbde6298ddcaf75e61f927cad3dbeb61f1d0a6ea	c55db98136ec40a2cc80156aa6159773686f426fa4fa4d598545b76577c02851	20	linked-historical-reference
0x0011c3ec	_Z6Op49M1v	80	src/snes9x/native_cpu_opcodes.cpp	local	2b6d42c2e14da078fc0c5aae2accdf82330ccace18dcdb1b58a40c5b5c80a2d0	2b6d42c2e14da078fc0c5aae2accdf82330ccace18dcdb1b58a40c5b5c80a2d0	2b6d42c2e14da078fc0c5aae2accdf82330ccace18dcdb1b58a40c5b5c80a2d0	3510c73a7c53ccff88dcbb4d9a22e8d0ba214e4365322363be371b1d9a8a445d	6	linked-historical-reference
0x0011c43c	_Z6Op49M0v	104	src/snes9x/native_cpu_opcodes.cpp	local	2ea6ace3f0d77817fa8c8567a4820e413d78b0894e900c658b290dae1708f117	2ea6ace3f0d77817fa8c8567a4820e413d78b0894e900c658b290dae1708f117	2ea6ace3f0d77817fa8c8567a4820e413d78b0894e900c658b290dae1708f117	793281d5526778a5a9218ebabc782462ef70a8dd9b53c213c0bc95c99a2ad217	6	linked-historical-reference
0x0011c4a4	_Z6Op45M1v	148	src/snes9x/native_cpu_opcodes.cpp	local	3e16f58d8420400ac7df39c3f66561cf3450096970b1a6f6b1bcc9a8a4fabb02	3e16f58d8420400ac7df39c3f66561cf3450096970b1a6f6b1bcc9a8a4fabb02	3e16f58d8420400ac7df39c3f66561cf3450096970b1a6f6b1bcc9a8a4fabb02	885812733377ca063048ac4ba0f14ab5f290ce7f53bb13cec5d877891c63db36	12	linked-historical-reference
0x0011c538	_Z6Op45M0v	156	src/snes9x/native_cpu_opcodes.cpp	local	f4a1219176364de853901717e82dd0609dcbd6dfcd987e217ee5dd3ac983ef2c	f4a1219176364de853901717e82dd0609dcbd6dfcd987e217ee5dd3ac983ef2c	f4a1219176364de853901717e82dd0609dcbd6dfcd987e217ee5dd3ac983ef2c	f463e4adee71f2ed76a4ad3cfccdad72d4f4004fdcf31b1b641c9a7ea30377a3	12	linked-historical-reference
0x0011c5d4	_Z6Op55M1v	176	src/snes9x/native_cpu_opcodes.cpp	local	d0fa3667430a29ed822a958c1c6f40a8b02229aa547a5816e14b0ebd8953f354	d0fa3667430a29ed822a958c1c6f40a8b02229aa547a5816e14b0ebd8953f354	d0fa3667430a29ed822a958c1c6f40a8b02229aa547a5816e14b0ebd8953f354	beece64851d92c040392d65fc43125ebfb0ef032d6a11052de81724bdd8c158c	12	linked-historical-reference
0x0011c684	_Z6Op55M0v	184	src/snes9x/native_cpu_opcodes.cpp	local	286f58b351ca99ed97f40f7f3f8e761cccde30bd86182bddbb2c24f234109dfe	286f58b351ca99ed97f40f7f3f8e761cccde30bd86182bddbb2c24f234109dfe	286f58b351ca99ed97f40f7f3f8e761cccde30bd86182bddbb2c24f234109dfe	67c32730d6abba37cea0398de9cbe009b2290d14685af2c5df60401bc12641f2	12	linked-historical-reference
0x0011c73c	_Z6Op52M1v	208	src/snes9x/native_cpu_opcodes.cpp	local	ed0ccc2aa4bac4d545f954f9aeb7c4df77a9fc7ada88115ec4aee3476f29c64b	ed0ccc2aa4bac4d545f954f9aeb7c4df77a9fc7ada88115ec4aee3476f29c64b	ed0ccc2aa4bac4d545f954f9aeb7c4df77a9fc7ada88115ec4aee3476f29c64b	b342a7732bf4c61025bf762de40510385b940adc9fe04c80a6d8488a30427440	16	linked-historical-reference
0x0011c80c	_Z6Op52M0v	216	src/snes9x/native_cpu_opcodes.cpp	local	ab4fd14f3ca7503eea1a733b7ec1c9cffb4ada2119a76e8a056bdc28bf778527	ab4fd14f3ca7503eea1a733b7ec1c9cffb4ada2119a76e8a056bdc28bf778527	ab4fd14f3ca7503eea1a733b7ec1c9cffb4ada2119a76e8a056bdc28bf778527	cee0b26fd0d5477e369ae7e5b626a10d22bf95715598673754d29c0fd0327e21	16	linked-historical-reference
0x0011c8e4	_Z6Op41M1v	236	src/snes9x/native_cpu_opcodes.cpp	local	39bffc85d79a85a2bef2bb8ca635ea759309d0f0e9b9d09c31372e736c02363f	39bffc85d79a85a2bef2bb8ca635ea759309d0f0e9b9d09c31372e736c02363f	39bffc85d79a85a2bef2bb8ca635ea759309d0f0e9b9d09c31372e736c02363f	778e831d9a4a8698610d05227acbd055ef5256b3cc8cf87b818334ccf42c9c41	16	linked-historical-reference
0x0011c9d0	_Z6Op41M0v	244	src/snes9x/native_cpu_opcodes.cpp	local	555f66aea9927970891e4b25ad51b846fb9c32df6bfe077810b48f39d36377af	555f66aea9927970891e4b25ad51b846fb9c32df6bfe077810b48f39d36377af	555f66aea9927970891e4b25ad51b846fb9c32df6bfe077810b48f39d36377af	12553848d4844560390d0105e091e1a22856a686e595e6d87b5ebb437cbe92c6	16	linked-historical-reference
0x0011cac4	_Z6Op51M1v	224	src/snes9x/native_cpu_opcodes.cpp	local	2545e5b1a28207dc98b7d2b746b7971da28f37525467b8de450a9097afd59de7	2545e5b1a28207dc98b7d2b746b7971da28f37525467b8de450a9097afd59de7	2545e5b1a28207dc98b7d2b746b7971da28f37525467b8de450a9097afd59de7	ad436648c022d694358325ff9eb9b48a238652d45942d567c2fefbc2e92d558b	16	linked-historical-reference
0x0011cba4	_Z6Op51M0v	232	src/snes9x/native_cpu_opcodes.cpp	local	8776fccb56ee17862988f514fe10035af0dbb6957bcfeab0d07bf090c45ff674	8776fccb56ee17862988f514fe10035af0dbb6957bcfeab0d07bf090c45ff674	8776fccb56ee17862988f514fe10035af0dbb6957bcfeab0d07bf090c45ff674	e30e615fe0df4931538ae78c6fe7d0e920ecc1e573057cb7eb77450d99d7a334	16	linked-historical-reference
0x0011cc8c	_Z6Op47M1v	220	src/snes9x/native_cpu_opcodes.cpp	local	2b6fd12a462a854cabe8a7b96d4869a86da06f526f3d917f2394c1bbda24fb21	2b6fd12a462a854cabe8a7b96d4869a86da06f526f3d917f2394c1bbda24fb21	2b6fd12a462a854cabe8a7b96d4869a86da06f526f3d917f2394c1bbda24fb21	8f2cb9bcf2e1a80e2161dfa536a3fc7aa1fa1e5547031526209aa7bfe470d675	18	linked-historical-reference
0x0011cd68	_Z6Op47M0v	228	src/snes9x/native_cpu_opcodes.cpp	local	15907a5a4a6cb0989b9e3275029962722931981661e7c6af08571dbdaf843a2e	15907a5a4a6cb0989b9e3275029962722931981661e7c6af08571dbdaf843a2e	15907a5a4a6cb0989b9e3275029962722931981661e7c6af08571dbdaf843a2e	d7027428b07d7ace66427fc06a4717321621d14542cfe26dc9d965da43dea3e0	18	linked-historical-reference
0x0011ce4c	_Z6Op57M1v	228	src/snes9x/native_cpu_opcodes.cpp	local	85a34edc1229eb3082280173ea3043ca5494fd26c90d70c408d8b5b24251c9f1	85a34edc1229eb3082280173ea3043ca5494fd26c90d70c408d8b5b24251c9f1	85a34edc1229eb3082280173ea3043ca5494fd26c90d70c408d8b5b24251c9f1	f399eb317354887034ec67515161e722b6af1fad41afda07b604b502b8190db8	18	linked-historical-reference
0x0011cf30	_Z6Op57M0v	236	src/snes9x/native_cpu_opcodes.cpp	local	546b9a68ac954f82e2acec79a73fcc8c5a2ece74b7cea381d3bef40faa0f6441	546b9a68ac954f82e2acec79a73fcc8c5a2ece74b7cea381d3bef40faa0f6441	546b9a68ac954f82e2acec79a73fcc8c5a2ece74b7cea381d3bef40faa0f6441	2fe71b79c9312128a6e7abcd9a56f9a48eba31ee0bc17f949031d485d14d1c68	18	linked-historical-reference
0x0011d01c	_Z6Op4DM1v	172	src/snes9x/native_cpu_opcodes.cpp	local	a295fafe99e6320fc29d3c12b7dbef203a23645a6b29c2ea9c53615e236f164f	a295fafe99e6320fc29d3c12b7dbef203a23645a6b29c2ea9c53615e236f164f	a295fafe99e6320fc29d3c12b7dbef203a23645a6b29c2ea9c53615e236f164f	5c5bc5d01f7a43ca43636c0106645fcc89d30d16c1d66938b8b09fd18306b9ec	12	linked-historical-reference
0x0011d0c8	_Z6Op4DM0v	180	src/snes9x/native_cpu_opcodes.cpp	local	9d408e3aeade2d74b9f2c4eb8db49793c7afa06afccf942d6adc8ad4a7f56227	9d408e3aeade2d74b9f2c4eb8db49793c7afa06afccf942d6adc8ad4a7f56227	9d408e3aeade2d74b9f2c4eb8db49793c7afa06afccf942d6adc8ad4a7f56227	efc31008b804ffe01b00872a5b807f37c6bf4eac41c75b5a5a336a7efea6c6a8	12	linked-historical-reference
0x0011d17c	_Z6Op5DM1v	180	src/snes9x/native_cpu_opcodes.cpp	local	c56fc17887b1e4216d76422b44aec47ac9b3906ab5cae8a0556dcdad3081814e	c56fc17887b1e4216d76422b44aec47ac9b3906ab5cae8a0556dcdad3081814e	c56fc17887b1e4216d76422b44aec47ac9b3906ab5cae8a0556dcdad3081814e	008e6fb9abb9efb6cb5f1510a7bb1a87e79a58f04ce8300d886c5085905c35ea	12	linked-historical-reference
0x0011d230	_Z6Op5DM0v	188	src/snes9x/native_cpu_opcodes.cpp	local	636ba45ffc060d802e6653b2c3de8ba363337b8b7c2e53b9116159fa58c85597	636ba45ffc060d802e6653b2c3de8ba363337b8b7c2e53b9116159fa58c85597	636ba45ffc060d802e6653b2c3de8ba363337b8b7c2e53b9116159fa58c85597	2e8283b25f9765081b03fcef73a0bc6dcb4116ee25d21a6fd5427a1691693d0b	12	linked-historical-reference
0x0011d2ec	_Z6Op59M1v	180	src/snes9x/native_cpu_opcodes.cpp	local	d6000ab071a0b9418eeba85dff1cfbed127456043db68ceaebcbff3b618865b4	d6000ab071a0b9418eeba85dff1cfbed127456043db68ceaebcbff3b618865b4	d6000ab071a0b9418eeba85dff1cfbed127456043db68ceaebcbff3b618865b4	0f3aeeb108e34916b5e33a9ffcf7b51253c459e1387a6d1b8e4f096b87c50e3d	12	linked-historical-reference
0x0011d3a0	_Z6Op59M0v	188	src/snes9x/native_cpu_opcodes.cpp	local	b7c184b8d342dbe38272eac80c5d38b7085b9692e688c6797a56cb5c624bedb1	b7c184b8d342dbe38272eac80c5d38b7085b9692e688c6797a56cb5c624bedb1	b7c184b8d342dbe38272eac80c5d38b7085b9692e688c6797a56cb5c624bedb1	2bfe1cce503f5e0ad742e36b78aca76efc22e906658d32ff258367b5edfae7ca	12	linked-historical-reference
0x0011d45c	_Z6Op4FM1v	168	src/snes9x/native_cpu_opcodes.cpp	local	faf16b8a854f6d0c1b8383d965e881c60a52d343da2e738da2f120268cf24ce8	faf16b8a854f6d0c1b8383d965e881c60a52d343da2e738da2f120268cf24ce8	faf16b8a854f6d0c1b8383d965e881c60a52d343da2e738da2f120268cf24ce8	ca193fa96913179e05794bb1e86c52e8ba7871e4ecab49e8fe273708c6ae829b	12	linked-historical-reference
0x0011d504	_Z6Op4FM0v	176	src/snes9x/native_cpu_opcodes.cpp	local	4e3234bc4ad813952b36be91b65361d97f56dc1a2d22218221e89e505b9fa317	4e3234bc4ad813952b36be91b65361d97f56dc1a2d22218221e89e505b9fa317	4e3234bc4ad813952b36be91b65361d97f56dc1a2d22218221e89e505b9fa317	c84293c242b34ae7f96d2a72230bb2a8ee715fed54c2c897def651d24648a765	12	linked-historical-reference
0x0011d5b4	_Z6Op5FM1v	188	src/snes9x/native_cpu_opcodes.cpp	local	c8a7cfcfac0556b4af0d566beb8ac9afb22cb1f6ab5292f5c0e0738bf1aefa39	c8a7cfcfac0556b4af0d566beb8ac9afb22cb1f6ab5292f5c0e0738bf1aefa39	c8a7cfcfac0556b4af0d566beb8ac9afb22cb1f6ab5292f5c0e0738bf1aefa39	0aee4013251fec11d0655f74ff020719c3dfa49dd5b039f85c9a8a352b529746	12	linked-historical-reference
0x0011d670	_Z6Op5FM0v	196	src/snes9x/native_cpu_opcodes.cpp	local	825785d848359e2ff5a5118df3729a79e09695739e831c569967e09bdf0d5c10	825785d848359e2ff5a5118df3729a79e09695739e831c569967e09bdf0d5c10	825785d848359e2ff5a5118df3729a79e09695739e831c569967e09bdf0d5c10	51d2bcf81d17c0d84c6d87a0531333c1f9ca376fc9b9a9b39c55e696a54d9791	12	linked-historical-reference
0x0011d734	_Z6Op43M1v	152	src/snes9x/native_cpu_opcodes.cpp	local	bfed3bc4096be41150bc12114ed3ab8b91ac7b234288c010ea96ffeeca0048da	bfed3bc4096be41150bc12114ed3ab8b91ac7b234288c010ea96ffeeca0048da	bfed3bc4096be41150bc12114ed3ab8b91ac7b234288c010ea96ffeeca0048da	e073bf839ac55458eee9b6fcc23f340d76552e16b0b7a022ad10092b4832037f	12	linked-historical-reference
0x0011d7cc	_Z6Op43M0v	160	src/snes9x/native_cpu_opcodes.cpp	local	86822e58ce145cda2031c29f2903178b6d98ed9105d800610b2d85951bab6a86	86822e58ce145cda2031c29f2903178b6d98ed9105d800610b2d85951bab6a86	86822e58ce145cda2031c29f2903178b6d98ed9105d800610b2d85951bab6a86	1e6704eae13773cd59a86bb19412cd08c46bcdccfb2d08b826d524c11543ebd5	12	linked-historical-reference
0x0011d86c	_Z6Op53M1v	232	src/snes9x/native_cpu_opcodes.cpp	local	49a9bc0cb2201f06363e8d4bd2ef55e81df7b63c020cfa88077b8352e3805494	49a9bc0cb2201f06363e8d4bd2ef55e81df7b63c020cfa88077b8352e3805494	49a9bc0cb2201f06363e8d4bd2ef55e81df7b63c020cfa88077b8352e3805494	fc4367274a6459f7d6640ea19bf68c398d483f2ed22f0ce9816950e6dca37250	16	linked-historical-reference
0x0011d954	_Z6Op53M0v	240	src/snes9x/native_cpu_opcodes.cpp	local	0507b75d34319577c1423559ff95f6689809bbf6ad8aa054dec135c380edc54c	0507b75d34319577c1423559ff95f6689809bbf6ad8aa054dec135c380edc54c	0507b75d34319577c1423559ff95f6689809bbf6ad8aa054dec135c380edc54c	28a56dabaff2bfaca8358404957a00937f58ab87a618728abc37bb3bd16c15b2	16	linked-historical-reference
0x0011da44	_Z6Op1AM1v	68	src/snes9x/native_cpu_opcodes.cpp	local	092f32b8f7bd633bc2bc4e7c186c13b6482d24363d231952a87ececec9876be2	092f32b8f7bd633bc2bc4e7c186c13b6482d24363d231952a87ececec9876be2	092f32b8f7bd633bc2bc4e7c186c13b6482d24363d231952a87ececec9876be2	9b60183348668a0cf4d5a890012546fae36477221d13e67e07bc69aa1127c108	6	linked-historical-reference
0x0011da88	_Z6Op1AM0v	76	src/snes9x/native_cpu_opcodes.cpp	local	7c8dfc84a69c691964791ef4aee41f922d1dbff9b1b341cf5972a94d4e228aa8	7c8dfc84a69c691964791ef4aee41f922d1dbff9b1b341cf5972a94d4e228aa8	7c8dfc84a69c691964791ef4aee41f922d1dbff9b1b341cf5972a94d4e228aa8	6461f1a9a4137552b5c75409e7e6029ebba356315dab14288199d073928e6617	6	linked-historical-reference
0x0011dad4	_Z6OpE6M1v	172	src/snes9x/native_cpu_opcodes.cpp	local	1abc9050e1c673800a5f5aa7bc2c009931e911d4967bc9cecef328ca69252eea	1abc9050e1c673800a5f5aa7bc2c009931e911d4967bc9cecef328ca69252eea	8a8f57942740937ce956ee2b3f6c135f6034ced0e63957bfbec6985cb95714e2	3da24152f7da7e3d33bd678b420973deb2be8873cbfa2d001dd5a28d79c8cc76	17	linked-historical-reference
0x0011db80	_Z6OpE6M0v	208	src/snes9x/native_cpu_opcodes.cpp	local	b906313236ff913ecefdffb1f8047a59012840a40961766c36a42d4582ca31aa	b906313236ff913ecefdffb1f8047a59012840a40961766c36a42d4582ca31aa	610310a9bcdfdbfac89bc847410bb54e480fa6f5637264a2db1689ebe46e3db4	07667ef6517bdd27ef0317c32875bc34e13f57e1b967a7beb1f7d5961938ea67	20	linked-historical-reference
0x0011dc50	_Z6OpF6M1v	200	src/snes9x/native_cpu_opcodes.cpp	local	194a45566a126d7c10d953e72078b2d88bd3f41a0735f9b217606cdb7b5d69c5	194a45566a126d7c10d953e72078b2d88bd3f41a0735f9b217606cdb7b5d69c5	194a45566a126d7c10d953e72078b2d88bd3f41a0735f9b217606cdb7b5d69c5	cc54ee3ed815c66ee1a2d22ee70bea36bcbb310ff4dc392a39949bd32d5e8387	17	linked-historical-reference
0x0011dd18	_Z6OpF6M0v	236	src/snes9x/native_cpu_opcodes.cpp	local	f2e34439a93d1d66e4ed6b0fec5095b8b334f738cda8715691bab8aef1130424	f2e34439a93d1d66e4ed6b0fec5095b8b334f738cda8715691bab8aef1130424	f2e34439a93d1d66e4ed6b0fec5095b8b334f738cda8715691bab8aef1130424	accaaa4ab34aa2b3e0571eb983b6d73a2c00eacac57795910f2a5cac02a089d0	20	linked-historical-reference
0x0011de04	_Z6OpEEM1v	192	src/snes9x/native_cpu_opcodes.cpp	local	d1cdb3717c58ea6d7fe61e88e69b2cbd91b7e4651f6819a1551a5bed9ccff353	d1cdb3717c58ea6d7fe61e88e69b2cbd91b7e4651f6819a1551a5bed9ccff353	d1cdb3717c58ea6d7fe61e88e69b2cbd91b7e4651f6819a1551a5bed9ccff353	1605fc104e18ce6c4ab7ac42c1c204a0a7fbdeacfe36c45c931446bd52b57225	15	linked-historical-reference
0x0011dec4	_Z6OpEEM0v	228	src/snes9x/native_cpu_opcodes.cpp	local	f8f65eee385668a7d473dc2204530f9fa56f21ece44becc0096428bbca8ef9d8	f8f65eee385668a7d473dc2204530f9fa56f21ece44becc0096428bbca8ef9d8	f8f65eee385668a7d473dc2204530f9fa56f21ece44becc0096428bbca8ef9d8	1ff38ec91b4cce6fb97173a351176140c7c0dea17a707228e711ceaa3a975ecd	18	linked-historical-reference
0x0011dfa8	_Z6OpFEM1v	204	src/snes9x/native_cpu_opcodes.cpp	local	b20b592f5999df508a721d00f07520fc2e1e2bca9e4adc67b3bdcfff1b26d24b	b20b592f5999df508a721d00f07520fc2e1e2bca9e4adc67b3bdcfff1b26d24b	94451696738d1ecffa67f70dc7e3ca593a3cd909c997138d9126b6d5ac9991f0	782c2acb6a1b59b8fccb327ef248da07cd05acc4059ab2b64abf8ca9f169060c	17	linked-historical-reference
0x0011e074	_Z6OpFEM0v	240	src/snes9x/native_cpu_opcodes.cpp	local	a47b7c69685bd063b106ca2a33ef96aa90786981bba4dbbba08ae0a11cce8e53	a47b7c69685bd063b106ca2a33ef96aa90786981bba4dbbba08ae0a11cce8e53	bbffa0e4e8bbb560de92b1ec9990ab35ff492630a38a168e10d50d633c2dbade	dadb61d32806dfdc170e685f32eb9e6a162ade07bc58932ac82beadac204f8f2	20	linked-historical-reference
0x0011e164	_Z6OpA9M1v	68	src/snes9x/native_cpu_opcodes.cpp	local	e41fa21e0287e2edad19b7393aa222c0a5034ffb21d7cbb0b570bf1efeef7938	e41fa21e0287e2edad19b7393aa222c0a5034ffb21d7cbb0b570bf1efeef7938	01398c16988c403c123b86b5f8fb395e98f183ae62d40b70aa3832afaa22e400	bb160b277a83572c3c4feb0adaff071e4438398a22e50de17761caeb46b725e6	6	linked-historical-reference
0x0011e1a8	_Z6OpA9M0v	92	src/snes9x/native_cpu_opcodes.cpp	local	d95ee1ddfddf2117d2326b1cfe237bab774e5e2ae81d3ccdefa0cabee9881d15	d95ee1ddfddf2117d2326b1cfe237bab774e5e2ae81d3ccdefa0cabee9881d15	d95e037f11bdefc660af54b41a2d34385f176f05db2dd83f2af5c33668d64394	36aef94a17e7f9b70bb83d4d154167069ba61a0d3e88de6e13a2bad626703c2a	6	linked-historical-reference
0x0011e204	_Z6OpA5M1v	136	src/snes9x/native_cpu_opcodes.cpp	local	e98e9b428f8717fcba37994af5909231379945de2a45a3721641e360909a4d4a	e98e9b428f8717fcba37994af5909231379945de2a45a3721641e360909a4d4a	e98e9b428f8717fcba37994af5909231379945de2a45a3721641e360909a4d4a	d9bd7226aa924ceab4f39cf470eb3119775f4fff324fdb8eb0d9016254829fca	12	linked-historical-reference
0x0011e28c	_Z6OpA5M0v	144	src/snes9x/native_cpu_opcodes.cpp	local	2d5edfabfa6f7b97fed2f569a88bc2a415375d977493a9749426d10e8b37bd38	2d5edfabfa6f7b97fed2f569a88bc2a415375d977493a9749426d10e8b37bd38	2d5edfabfa6f7b97fed2f569a88bc2a415375d977493a9749426d10e8b37bd38	146896e1333bbcf857ca5932547c38508e16db3768e4a11115afd3e6d4c4a632	12	linked-historical-reference
0x0011e31c	_Z6OpB5M1v	164	src/snes9x/native_cpu_opcodes.cpp	local	4f2439e5c4a01542023cad00c495badd9c2d4b287117107bd101f7498bb1f7c1	4f2439e5c4a01542023cad00c495badd9c2d4b287117107bd101f7498bb1f7c1	4f2439e5c4a01542023cad00c495badd9c2d4b287117107bd101f7498bb1f7c1	7f8dbe6010fdb80b08743b6f9b6a70ed18d59c927d74424683ce23f1857c651e	12	linked-historical-reference
0x0011e3c0	_Z6OpB5M0v	172	src/snes9x/native_cpu_opcodes.cpp	local	2050859c3967a5b82844b9f893395d73ba118270c2980f27255673fd4308707e	2050859c3967a5b82844b9f893395d73ba118270c2980f27255673fd4308707e	2050859c3967a5b82844b9f893395d73ba118270c2980f27255673fd4308707e	f40a910c911a392b9f30bafc711d4b7cc64f5c630874964e9f15ceddb0c60d3b	12	linked-historical-reference
0x0011e46c	_Z6OpB2M1v	196	src/snes9x/native_cpu_opcodes.cpp	local	993707c7fc706d58665dd4f05cb036fa765eb730499f11732ab47241ed9ae18b	993707c7fc706d58665dd4f05cb036fa765eb730499f11732ab47241ed9ae18b	993707c7fc706d58665dd4f05cb036fa765eb730499f11732ab47241ed9ae18b	3edbb9dec03f60d0767f554bcbe4a11e92f89ef24c86050e89d1faaba677e92f	16	linked-historical-reference
0x0011e530	_Z6OpB2M0v	208	src/snes9x/native_cpu_opcodes.cpp	local	eae9d41a1fc1130a5a6ff7d4dd3c6696de1a2646377c393ea2de1997be372341	eae9d41a1fc1130a5a6ff7d4dd3c6696de1a2646377c393ea2de1997be372341	eae9d41a1fc1130a5a6ff7d4dd3c6696de1a2646377c393ea2de1997be372341	bc78d51cda883926c598f7da9ba7a2c3f8716a192a626bda893514c11d3e6c09	16	linked-historical-reference
0x0011e600	_Z6OpA1M1v	224	src/snes9x/native_cpu_opcodes.cpp	local	5483fb2477baf278d16cd338ce29d37850d16473ebae562c6058ca95920666ce	5483fb2477baf278d16cd338ce29d37850d16473ebae562c6058ca95920666ce	5483fb2477baf278d16cd338ce29d37850d16473ebae562c6058ca95920666ce	46fa9e48b0058824478cb1d38bd5a78d557614f27c52cfab89acdfe39191bd3e	16	linked-historical-reference
0x0011e6e0	_Z6OpA1M0v	236	src/snes9x/native_cpu_opcodes.cpp	local	c37f44c6df107038b311788c5691913fe81b6d7d8c2f137364cadc549a88f299	c37f44c6df107038b311788c5691913fe81b6d7d8c2f137364cadc549a88f299	c37f44c6df107038b311788c5691913fe81b6d7d8c2f137364cadc549a88f299	192dc227c2d2777d537b71598c9eaecd232db5c8f857d5e72fc902dc7b3ff1a9	16	linked-historical-reference
0x0011e7cc	_Z6OpB1M1v	212	src/snes9x/native_cpu_opcodes.cpp	local	8543319908e23263b4db4f2854d89b5cffed41632072475645cf011d3afd5740	8543319908e23263b4db4f2854d89b5cffed41632072475645cf011d3afd5740	8543319908e23263b4db4f2854d89b5cffed41632072475645cf011d3afd5740	2b30a4a2e02715eeeb3209c10e1d148128dc661571ab28f067f92c19affca837	16	linked-historical-reference
0x0011e8a0	_Z6OpB1M0v	224	src/snes9x/native_cpu_opcodes.cpp	local	74b093c6f71787ce4d2aa5e4631ca628a809e0868211b46c8c18005e21b58414	74b093c6f71787ce4d2aa5e4631ca628a809e0868211b46c8c18005e21b58414	74b093c6f71787ce4d2aa5e4631ca628a809e0868211b46c8c18005e21b58414	1e091fe57d3d17ddee18fb0c40dab643ee638b455ccfddbf7f23deecf9aadf80	16	linked-historical-reference
0x0011e980	_Z6OpA7M1v	208	src/snes9x/native_cpu_opcodes.cpp	local	d0f889d102d5801d20065ec48f6733cc795b93d5b03da6667af8e74f118e7046	d0f889d102d5801d20065ec48f6733cc795b93d5b03da6667af8e74f118e7046	d0f889d102d5801d20065ec48f6733cc795b93d5b03da6667af8e74f118e7046	11ea95fb1c41cd072e696f990068458bde68878321dc9b01f3fcfa91d3295c27	18	linked-historical-reference
0x0011ea50	_Z6OpA7M0v	216	src/snes9x/native_cpu_opcodes.cpp	local	f22e30e120a51e780d8ae304d57866baa27a69688d6d0d13e067af5649d0c83a	f22e30e120a51e780d8ae304d57866baa27a69688d6d0d13e067af5649d0c83a	f22e30e120a51e780d8ae304d57866baa27a69688d6d0d13e067af5649d0c83a	5f2020b1dfde8082209f272feeb1e2ae47ce9a793c56b2b55f7ed9ce3db58a53	18	linked-historical-reference
0x0011eb28	_Z6OpB7M1v	216	src/snes9x/native_cpu_opcodes.cpp	local	1fa8a4aa06fefcb1e11ebf47f9a270790fb489a01c881764efd27af3515e61ca	1fa8a4aa06fefcb1e11ebf47f9a270790fb489a01c881764efd27af3515e61ca	1fa8a4aa06fefcb1e11ebf47f9a270790fb489a01c881764efd27af3515e61ca	05883b6905c0ccd84b27512209186bd0357e40a55068acd56b8ed63d0250b702	18	linked-historical-reference
0x0011ec00	_Z6OpB7M0v	224	src/snes9x/native_cpu_opcodes.cpp	local	d0c290bb1f58c216fbf8c29c2ecfd43ad3864ec1bb4c8b854039397161a39b5b	d0c290bb1f58c216fbf8c29c2ecfd43ad3864ec1bb4c8b854039397161a39b5b	d0c290bb1f58c216fbf8c29c2ecfd43ad3864ec1bb4c8b854039397161a39b5b	5eaa6472039236bc975b1730e6d221b7ebbbf047bfd1beb30b2570a9d244f324	18	linked-historical-reference
0x0011ece0	_Z6OpADM1v	152	src/snes9x/native_cpu_opcodes.cpp	local	72d3db2e2ebfbd5c7e9134f348b06fee6cf96036a0fa51c35071964e13642c7e	72d3db2e2ebfbd5c7e9134f348b06fee6cf96036a0fa51c35071964e13642c7e	72d3db2e2ebfbd5c7e9134f348b06fee6cf96036a0fa51c35071964e13642c7e	c9bc2e9070ea28c6ad25e77196c75bc486decdfd89bf67e708b84a08c0757bb0	12	linked-historical-reference
0x0011ed78	_Z6OpADM0v	164	src/snes9x/native_cpu_opcodes.cpp	local	c5bd74163c73d3be2b7e17b02226834be09e84ccaeb6fc9ec040abcfdb895389	c5bd74163c73d3be2b7e17b02226834be09e84ccaeb6fc9ec040abcfdb895389	c5bd74163c73d3be2b7e17b02226834be09e84ccaeb6fc9ec040abcfdb895389	f98f2875271544b27ba33ad826cd801f74cd5e51d1d082efbdbfcc176fc551f5	12	linked-historical-reference
0x0011ee1c	_Z6OpBDM1v	168	src/snes9x/native_cpu_opcodes.cpp	local	44754dd6deecdcad5b933f0857dce6a1421e1406bfa1f9fa479fc742ba4ae7f1	44754dd6deecdcad5b933f0857dce6a1421e1406bfa1f9fa479fc742ba4ae7f1	44754dd6deecdcad5b933f0857dce6a1421e1406bfa1f9fa479fc742ba4ae7f1	ca93f426c78bbe5a199d0be0ebd2c654ac09b52db528fd273c5e4366ed6c3e54	12	linked-historical-reference
0x0011eec4	_Z6OpBDM0v	180	src/snes9x/native_cpu_opcodes.cpp	local	97ca85614b43d8b954d29305b50376a29b411209dc0c017fad70ed989945eefd	97ca85614b43d8b954d29305b50376a29b411209dc0c017fad70ed989945eefd	97ca85614b43d8b954d29305b50376a29b411209dc0c017fad70ed989945eefd	5fbbd1e6aa8418faecd8b6b1a396bc3566eb08d1bce5f9a9ca412633dd38eac4	12	linked-historical-reference
0x0011ef78	_Z6OpB9M1v	168	src/snes9x/native_cpu_opcodes.cpp	local	b02189f3b2ac78d762d9b250649c23270c0825618b43e27081c461616cafb929	b02189f3b2ac78d762d9b250649c23270c0825618b43e27081c461616cafb929	b02189f3b2ac78d762d9b250649c23270c0825618b43e27081c461616cafb929	bcd15308e1841fd1879f02d626fb8625cbbf626de2688d912b24fe08c8d8f89c	12	linked-historical-reference
0x0011f020	_Z6OpB9M0v	180	src/snes9x/native_cpu_opcodes.cpp	local	2a72b21aa58677c4cdc27ea801834c43474332229e85aaf4de033b9e45f448f9	2a72b21aa58677c4cdc27ea801834c43474332229e85aaf4de033b9e45f448f9	2a72b21aa58677c4cdc27ea801834c43474332229e85aaf4de033b9e45f448f9	952c959288e7dce76b982bf0903ed0ff4795127aafd6e96d4abf356bdfd1aa96	12	linked-historical-reference
0x0011f0d4	_Z6OpAFM1v	148	src/snes9x/native_cpu_opcodes.cpp	local	5541fb2ca02bd1940528571a5f6c0bb1b4ff1270222840c7b1eb5c1e65bb7a2a	5541fb2ca02bd1940528571a5f6c0bb1b4ff1270222840c7b1eb5c1e65bb7a2a	5541fb2ca02bd1940528571a5f6c0bb1b4ff1270222840c7b1eb5c1e65bb7a2a	ee1d1064f9ef960558f08c7a029dfb29ec806250963bd4c9bc9109bd24ebbdf6	12	linked-historical-reference
0x0011f168	_Z6OpAFM0v	156	src/snes9x/native_cpu_opcodes.cpp	local	61de2b9a68a463f21ca5a05d6606ec20c052a3c5ad2e27c2da8ff01c8a9e405f	61de2b9a68a463f21ca5a05d6606ec20c052a3c5ad2e27c2da8ff01c8a9e405f	61de2b9a68a463f21ca5a05d6606ec20c052a3c5ad2e27c2da8ff01c8a9e405f	d8514752abe30968d4cb6e24e91b134cde405c28f78022b20d8cadf1a47d5cbf	12	linked-historical-reference
0x0011f204	_Z6OpBFM1v	176	src/snes9x/native_cpu_opcodes.cpp	local	051bdaf024b99f2039819fb2f9495297af931bc8051f84c81e9dafd343e20739	051bdaf024b99f2039819fb2f9495297af931bc8051f84c81e9dafd343e20739	051bdaf024b99f2039819fb2f9495297af931bc8051f84c81e9dafd343e20739	1cb1d16719e2287541dadc72d61498a550d2c4fbba627317772361f3973adf86	12	linked-historical-reference
0x0011f2b4	_Z6OpBFM0v	184	src/snes9x/native_cpu_opcodes.cpp	local	fa93e3b0badc0a0947631295fbe693281242ec3b73c4b0f34d35e3f9bbd40e12	fa93e3b0badc0a0947631295fbe693281242ec3b73c4b0f34d35e3f9bbd40e12	fa93e3b0badc0a0947631295fbe693281242ec3b73c4b0f34d35e3f9bbd40e12	a551983baeb69bac3b95da7ccc127deb829234ad839fd0ba7c8d22b9196f46a2	12	linked-historical-reference
0x0011f36c	_Z6OpA3M1v	140	src/snes9x/native_cpu_opcodes.cpp	local	da662a390080f62a34aeb2cc826c3af4ce2cd65def9d31d58f8bce950ae3ca31	da662a390080f62a34aeb2cc826c3af4ce2cd65def9d31d58f8bce950ae3ca31	da662a390080f62a34aeb2cc826c3af4ce2cd65def9d31d58f8bce950ae3ca31	e55454f08788993416a59ce4684061f75649dc1e5d84b3cea328a2f9f2d830f8	12	linked-historical-reference
0x0011f3f8	_Z6OpA3M0v	148	src/snes9x/native_cpu_opcodes.cpp	local	e5e60cc1dc2abe23fcf2e9366baa61c49c9cff49b7de750d19d469790138ffae	e5e60cc1dc2abe23fcf2e9366baa61c49c9cff49b7de750d19d469790138ffae	e5e60cc1dc2abe23fcf2e9366baa61c49c9cff49b7de750d19d469790138ffae	33623da996acb8fbcd70ede74eb23e6716d2e1ff52330acaf8db06b93be46e76	12	linked-historical-reference
0x0011f48c	_Z6OpB3M1v	220	src/snes9x/native_cpu_opcodes.cpp	local	096678c2a0f7bc7aed137c7b2fffa7abd9a4b39f5900035fff0d341e8805651d	096678c2a0f7bc7aed137c7b2fffa7abd9a4b39f5900035fff0d341e8805651d	096678c2a0f7bc7aed137c7b2fffa7abd9a4b39f5900035fff0d341e8805651d	790d7805768b589cdd33c0650e71ffd0acd24f4ff6e237366bdc580963d1edeb	16	linked-historical-reference
0x0011f568	_Z6OpB3M0v	232	src/snes9x/native_cpu_opcodes.cpp	local	ed483d76ce9067777fa4844340d7280fca228b8d971d800b4fc0ef0615a41926	ed483d76ce9067777fa4844340d7280fca228b8d971d800b4fc0ef0615a41926	ed483d76ce9067777fa4844340d7280fca228b8d971d800b4fc0ef0615a41926	9ebd87395d601bad907a73a03de1fa006b95b401a411a7cdca6214a2a42bb13c	16	linked-historical-reference
0x0011f650	_Z6OpA2X1v	68	src/snes9x/native_cpu_opcodes.cpp	local	53af229f7cd5785a33ffa3c4212f8787d954c8ef39bc965304018e839d0cefe7	53af229f7cd5785a33ffa3c4212f8787d954c8ef39bc965304018e839d0cefe7	01398c16988c403c123b86b5f8fb395e98f183ae62d40b70aa3832afaa22e400	8aaa68ac9d555a0a90503c27955c8fd4f2db85a4fef7a1e896fa597f40280a04	6	linked-historical-reference
0x0011f694	_Z6OpA2X0v	92	src/snes9x/native_cpu_opcodes.cpp	local	94924252c14e22c040ae18b0291e6700bea64cbfe237a814d6651ec8ec168c50	94924252c14e22c040ae18b0291e6700bea64cbfe237a814d6651ec8ec168c50	d95e037f11bdefc660af54b41a2d34385f176f05db2dd83f2af5c33668d64394	20bd1b6b0c71ebd10f66cb7b119b8358143208d53e69312ff36e65acad710ea6	6	linked-historical-reference
0x0011f6f0	_Z6OpA6X1v	136	src/snes9x/native_cpu_opcodes.cpp	local	7fba087bfa97c16fa142211852ad064becbc15249a2c8dfd7e41f9c0882f1dd0	7fba087bfa97c16fa142211852ad064becbc15249a2c8dfd7e41f9c0882f1dd0	7fba087bfa97c16fa142211852ad064becbc15249a2c8dfd7e41f9c0882f1dd0	57f3c429b6125cb181a54ec7b82c6c30b83388102681376e6a6db6f0e44e9a62	12	linked-historical-reference
0x0011f778	_Z6OpA6X0v	144	src/snes9x/native_cpu_opcodes.cpp	local	91d9911e723d4a145409b552169f43e2b006b6c89bc287d3a743187e95e37668	91d9911e723d4a145409b552169f43e2b006b6c89bc287d3a743187e95e37668	91d9911e723d4a145409b552169f43e2b006b6c89bc287d3a743187e95e37668	578b834e31a24557062b472d158c64fb962856a7be370af50abbf197a67228b4	12	linked-historical-reference
0x0011f808	_Z6OpB6X1v	164	src/snes9x/native_cpu_opcodes.cpp	local	cad9e424dcc5b898cd602fb6f298efeb272fbf888d405e176cf0e4ef0af2fbdc	cad9e424dcc5b898cd602fb6f298efeb272fbf888d405e176cf0e4ef0af2fbdc	cad9e424dcc5b898cd602fb6f298efeb272fbf888d405e176cf0e4ef0af2fbdc	6461b9e60800a5ce10b5cf4444f37313681c32c9ff30bbcc1fc069dcf8f44bfc	12	linked-historical-reference
0x0011f8ac	_Z6OpB6X0v	172	src/snes9x/native_cpu_opcodes.cpp	local	86ed463953c59b9b91b01f7f6ea671810713ea8e675b3af680af7ff92ba8d897	86ed463953c59b9b91b01f7f6ea671810713ea8e675b3af680af7ff92ba8d897	86ed463953c59b9b91b01f7f6ea671810713ea8e675b3af680af7ff92ba8d897	2f3bde3d60c435584d15d673d492d1b78362890a5ba491dd83abed918a4e78d7	12	linked-historical-reference
0x0011f958	_Z6OpAEX1v	152	src/snes9x/native_cpu_opcodes.cpp	local	2f8061579b865193c4da009a5f97c07e909c9cdc981004d825204f2fc5b59b78	2f8061579b865193c4da009a5f97c07e909c9cdc981004d825204f2fc5b59b78	2f8061579b865193c4da009a5f97c07e909c9cdc981004d825204f2fc5b59b78	6723456f8a8eb6b29625049cf76239f6d5b6f8c81fa362bce967a857465e3271	12	linked-historical-reference
0x0011f9f0	_Z6OpAEX0v	164	src/snes9x/native_cpu_opcodes.cpp	local	f79eec728ebc15c69440d6bbcb4a5006681d1e6644124819b09a6efc4f359c71	f79eec728ebc15c69440d6bbcb4a5006681d1e6644124819b09a6efc4f359c71	f79eec728ebc15c69440d6bbcb4a5006681d1e6644124819b09a6efc4f359c71	6f6a280d6678304643d4c5d66e3fd0c1e8435f6ad13ceae0dda08c6679645f5c	12	linked-historical-reference
0x0011fa94	_Z6OpBEX1v	168	src/snes9x/native_cpu_opcodes.cpp	local	b67726c18ff194444d3a5c2c9c7c49d7dd32b6965ef7db227deb8cf22ae528bd	b67726c18ff194444d3a5c2c9c7c49d7dd32b6965ef7db227deb8cf22ae528bd	b67726c18ff194444d3a5c2c9c7c49d7dd32b6965ef7db227deb8cf22ae528bd	fe6a667c3a20fe8be868bf49db51c4c60887a281ed7055d491ba0eecfc546e4f	12	linked-historical-reference
0x0011fb3c	_Z6OpBEX0v	180	src/snes9x/native_cpu_opcodes.cpp	local	9206b267f147047b34999bdea5e44280c3f72c418cc481db2b1f6b2779a11363	9206b267f147047b34999bdea5e44280c3f72c418cc481db2b1f6b2779a11363	9206b267f147047b34999bdea5e44280c3f72c418cc481db2b1f6b2779a11363	b139cddfbb15f567b3e8ccd1bcbd67a60ee99d5f0870375462db665923f09a64	12	linked-historical-reference
0x0011fbf0	_Z6OpA0X1v	68	src/snes9x/native_cpu_opcodes.cpp	local	740dfa50be2b98c1a6cefe149f513d1a24a21878d2b007269e4985c184020617	740dfa50be2b98c1a6cefe149f513d1a24a21878d2b007269e4985c184020617	01398c16988c403c123b86b5f8fb395e98f183ae62d40b70aa3832afaa22e400	243d249216eacacfe628fe75ff5c1104bd9aea8c95220c97c9ba9f4ea1247b6f	6	linked-historical-reference
0x0011fc34	_Z6OpA0X0v	92	src/snes9x/native_cpu_opcodes.cpp	local	98ec291afe401bb807ff512e80b8a7300d45b5786f25755d65b2b9982e1b0809	98ec291afe401bb807ff512e80b8a7300d45b5786f25755d65b2b9982e1b0809	d95e037f11bdefc660af54b41a2d34385f176f05db2dd83f2af5c33668d64394	5e451ba475b2d7162845e2a5092d4fc4a4eddf24506b8c718c396d933bb50139	6	linked-historical-reference
0x0011fc90	_Z6OpA4X1v	136	src/snes9x/native_cpu_opcodes.cpp	local	6c2e2f959ada833f2360266dc8337952ed6c3d4953ff955f4123082c59047e03	6c2e2f959ada833f2360266dc8337952ed6c3d4953ff955f4123082c59047e03	6c2e2f959ada833f2360266dc8337952ed6c3d4953ff955f4123082c59047e03	975bcc25759fd39b055cfff171bbd733dc598a2df47ce838e7de5caf34fa4d1d	12	linked-historical-reference
0x0011fd18	_Z6OpA4X0v	144	src/snes9x/native_cpu_opcodes.cpp	local	0a9b41b28b94fcbdaca854f1c7abdfe7e75b602e5f0ee6e39786e6a874470220	0a9b41b28b94fcbdaca854f1c7abdfe7e75b602e5f0ee6e39786e6a874470220	0a9b41b28b94fcbdaca854f1c7abdfe7e75b602e5f0ee6e39786e6a874470220	fe10b14deab5807e151c240a6461e9824570aa35f3f41d2cd9fb67668847f7cd	12	linked-historical-reference
0x0011fda8	_Z6OpB4X1v	164	src/snes9x/native_cpu_opcodes.cpp	local	95be9e9dcbe7ff70fca9f62771bac1d432d285dd56892478ebe9b0b450cb685e	95be9e9dcbe7ff70fca9f62771bac1d432d285dd56892478ebe9b0b450cb685e	95be9e9dcbe7ff70fca9f62771bac1d432d285dd56892478ebe9b0b450cb685e	a20ce66c87c5894f6f3b8ee5e613645be59617cf248882308cac22fb0f54c890	12	linked-historical-reference
0x0011fe4c	_Z6OpB4X0v	172	src/snes9x/native_cpu_opcodes.cpp	local	f1bf97c21230db214cac7d8706892aac576f21e0a05fae08771330510b2e7efb	f1bf97c21230db214cac7d8706892aac576f21e0a05fae08771330510b2e7efb	f1bf97c21230db214cac7d8706892aac576f21e0a05fae08771330510b2e7efb	bf591a6564f377e3c460418fa538ea7e228ef79acefa32ad9c21544db8d0e5ea	12	linked-historical-reference
0x0011fef8	_Z6OpACX1v	152	src/snes9x/native_cpu_opcodes.cpp	local	06cc42ae1d7d9ed1a443f92aafed37c6dba590afdf18d297f2f643bed28c750c	06cc42ae1d7d9ed1a443f92aafed37c6dba590afdf18d297f2f643bed28c750c	06cc42ae1d7d9ed1a443f92aafed37c6dba590afdf18d297f2f643bed28c750c	d1a3cb788404b6a50327573b1966b521be830510817c4a9837ed229dfb79c6fb	12	linked-historical-reference
0x0011ff90	_Z6OpACX0v	164	src/snes9x/native_cpu_opcodes.cpp	local	7108421682ce9416e910658928facd0b212bde34b60383cd4779027d75416e99	7108421682ce9416e910658928facd0b212bde34b60383cd4779027d75416e99	7108421682ce9416e910658928facd0b212bde34b60383cd4779027d75416e99	c317c12ee784284ca8c0c4989bc95e342b90d0978aa0be6a451bea6d4b19fa99	12	linked-historical-reference
0x00120034	_Z6OpBCX1v	168	src/snes9x/native_cpu_opcodes.cpp	local	1c17373005a0112ba0ce6cffece1316661fd9a547e5312bd65a5cee2f2447106	1c17373005a0112ba0ce6cffece1316661fd9a547e5312bd65a5cee2f2447106	1c17373005a0112ba0ce6cffece1316661fd9a547e5312bd65a5cee2f2447106	b4c53fc9ea2069a5747281ab2f38ab376854f66a35093730f7dfd295e722707b	12	linked-historical-reference
0x001200dc	_Z6OpBCX0v	180	src/snes9x/native_cpu_opcodes.cpp	local	3e134f8282a15f33603256d32e8d24407b75e41ddfc0c2e3d7a6ef6e50b3857b	3e134f8282a15f33603256d32e8d24407b75e41ddfc0c2e3d7a6ef6e50b3857b	3e134f8282a15f33603256d32e8d24407b75e41ddfc0c2e3d7a6ef6e50b3857b	45d865661b00daf8a86d2b397b621df66a0f61385a2b4b15d870fa20a18a02b0	12	linked-historical-reference
0x00120190	_Z6Op4AM1v	68	src/snes9x/native_cpu_opcodes.cpp	local	0915dab609a4ad75d68ba929ecc816dd7e4160d1cd2e9f8eeda76584dac12ed6	0915dab609a4ad75d68ba929ecc816dd7e4160d1cd2e9f8eeda76584dac12ed6	0915dab609a4ad75d68ba929ecc816dd7e4160d1cd2e9f8eeda76584dac12ed6	ff9d21c80d560a25977061bade1f2c7a20cd09e142ecd0cc1ad32085d7dad4cf	6	linked-historical-reference
0x001201d4	_Z6Op4AM0v	80	src/snes9x/native_cpu_opcodes.cpp	local	1a67c2f7b5552d63c177227e311abd90a6e9dc281ef30bf51348867a7c540d20	1a67c2f7b5552d63c177227e311abd90a6e9dc281ef30bf51348867a7c540d20	1a67c2f7b5552d63c177227e311abd90a6e9dc281ef30bf51348867a7c540d20	fc174942c35e8ae9b80d60f16b87212b29490ccbb34c51d3d1465b94d9621680	6	linked-historical-reference
0x00120224	_Z6Op46M1v	176	src/snes9x/native_cpu_opcodes.cpp	local	6b0b025e6ffb4908165076cc2bdfd4ea92dfcb56c7daf7d8ce16c5a1b24cba02	6b0b025e6ffb4908165076cc2bdfd4ea92dfcb56c7daf7d8ce16c5a1b24cba02	6765a490c78ef5f9db6b7cee6e1ee405e3f3cfd3c5fb71bea3fce4a30d3dc25f	4bf28d0e70896fb291234184ffd89d1282310cb083455ac5cb6b667fbbd61ebe	17	linked-historical-reference
0x001202d4	_Z6Op46M0v	224	src/snes9x/native_cpu_opcodes.cpp	local	95733638f361066f25205a1882ee24bf39ad8af598ae524db0d9cef299495b4b	95733638f361066f25205a1882ee24bf39ad8af598ae524db0d9cef299495b4b	0e9ad49c6ee42fa1cd36d6c1d828c5249c17e5bb48c00879432b70b5848566e4	11a82a2f6530a2d303817b50da7dc6caa22e7493a67c8977a42dfe5ede1dbeb3	22	linked-historical-reference
0x001203b4	_Z6Op56M1v	204	src/snes9x/native_cpu_opcodes.cpp	local	5bf189a9b32df9930f2bde6604a570d22b19a31adefadcad95b50a4b6b0b8189	5bf189a9b32df9930f2bde6604a570d22b19a31adefadcad95b50a4b6b0b8189	5bf189a9b32df9930f2bde6604a570d22b19a31adefadcad95b50a4b6b0b8189	14bda45c4654a2d09ef3f9535a25fd5a5222c8b5bd542cf21501154f348bd067	17	linked-historical-reference
0x00120480	_Z6Op56M0v	252	src/snes9x/native_cpu_opcodes.cpp	local	33cbdc8868c84eeefce332f1f2c2a6368f43b3c50dfe5010b057f5d03dde5eb7	33cbdc8868c84eeefce332f1f2c2a6368f43b3c50dfe5010b057f5d03dde5eb7	33cbdc8868c84eeefce332f1f2c2a6368f43b3c50dfe5010b057f5d03dde5eb7	7da3887841182eaecaee999f26a388d09910be1eb2c4a1037d2eb6057ff6df6f	22	linked-historical-reference
0x0012057c	_Z6Op4EM1v	196	src/snes9x/native_cpu_opcodes.cpp	local	235a1418818f8833b069707abccad581473bfb64911160f268761df8313907d8	235a1418818f8833b069707abccad581473bfb64911160f268761df8313907d8	235a1418818f8833b069707abccad581473bfb64911160f268761df8313907d8	d6dcc1b4a927cef120eceda49041a9d920d82d90732eaf48b7dd20af4e3add9a	15	linked-historical-reference
0x00120640	_Z6Op4EM0v	236	src/snes9x/native_cpu_opcodes.cpp	local	82707df1fdee07eec2530a85c195ff80775cc9df4c328a12692d088dff91b2b6	82707df1fdee07eec2530a85c195ff80775cc9df4c328a12692d088dff91b2b6	82707df1fdee07eec2530a85c195ff80775cc9df4c328a12692d088dff91b2b6	c81f783e327336190c85e15293b4823fed11812206f99bf993e952d9368d2fd0	20	linked-historical-reference
0x0012072c	_Z6Op5EM1v	208	src/snes9x/native_cpu_opcodes.cpp	local	4a6dcb36ee6e6f19ab143bfeb15ab452649976bd64af6c0ab501c92e2d1b36f0	4a6dcb36ee6e6f19ab143bfeb15ab452649976bd64af6c0ab501c92e2d1b36f0	bfcbe7bab0f49166b37486ff7266532da2fa88c01a789e377a9b7d733cab543b	cbaa56cd498c3d6ef0e18d6383aa0d457176f7279c4a373f92ecb0edb5abd3f1	17	linked-historical-reference
0x001207fc	_Z6Op5EM0v	248	src/snes9x/native_cpu_opcodes.cpp	local	fd93bfb7c1486d877769724b9d257160c4af38f38e18b94d96fde33aff01510b	fd93bfb7c1486d877769724b9d257160c4af38f38e18b94d96fde33aff01510b	2c6694600adbb04db8dd4398c7e528f055d9b7a8c6452c09aa2d5fde5348ad7e	7b2f4cd7ad8d615d048af5ba2e8678f9f295693443f3a4705b8dfb5b7ef08bb8	22	linked-historical-reference
0x001208f4	_Z6Op09M1v	80	src/snes9x/native_cpu_opcodes.cpp	local	5009fa6759c071e82b2f5164ea1f4ec55917379b37708606f3da0a0ea247f15f	5009fa6759c071e82b2f5164ea1f4ec55917379b37708606f3da0a0ea247f15f	5009fa6759c071e82b2f5164ea1f4ec55917379b37708606f3da0a0ea247f15f	07f2b50428fc6d6e618b588393bd0c0d52664ac9d03ceda2717899e9a767815a	6	linked-historical-reference
0x00120944	_Z6Op09M0v	104	src/snes9x/native_cpu_opcodes.cpp	local	9507453eb1181683a21e283740566e0e0626d32a8d63af8d143618b75d9187c9	9507453eb1181683a21e283740566e0e0626d32a8d63af8d143618b75d9187c9	9507453eb1181683a21e283740566e0e0626d32a8d63af8d143618b75d9187c9	a844f3be6509896f1e6f7a2bf70a268e7c2ba4c4be26db6ef67e1a6907bae036	6	linked-historical-reference
0x001209ac	_Z6Op05M1v	148	src/snes9x/native_cpu_opcodes.cpp	local	75c4b4f027d98900fcbd8e175f9eb53a6406920e7af11678f174157770e16e10	75c4b4f027d98900fcbd8e175f9eb53a6406920e7af11678f174157770e16e10	75c4b4f027d98900fcbd8e175f9eb53a6406920e7af11678f174157770e16e10	374b5259f1fa7de8da37136cad701bbbcbf2766c580c72100f1276c3836c59da	12	linked-historical-reference
0x00120a40	_Z6Op05M0v	156	src/snes9x/native_cpu_opcodes.cpp	local	0bd542438f4c0b4db75b730d3f40bad02b3c8bfb995faa7bae995cbccb6944cb	0bd542438f4c0b4db75b730d3f40bad02b3c8bfb995faa7bae995cbccb6944cb	0bd542438f4c0b4db75b730d3f40bad02b3c8bfb995faa7bae995cbccb6944cb	bd6acde9e9c7dcfd06bea06e75670a0abed8bb4000c9dc1aa8da2f303c5492a1	12	linked-historical-reference
0x00120adc	_Z6Op15M1v	176	src/snes9x/native_cpu_opcodes.cpp	local	4bf181d384905b828af84ffaeeb820a36839ca8e1d3257b25209605849631fd7	4bf181d384905b828af84ffaeeb820a36839ca8e1d3257b25209605849631fd7	4bf181d384905b828af84ffaeeb820a36839ca8e1d3257b25209605849631fd7	2b2c4922edc257caa777902e8114ca2ac6bd7c339ffdd6c511d24598d7d5547e	12	linked-historical-reference
0x00120b8c	_Z6Op15M0v	184	src/snes9x/native_cpu_opcodes.cpp	local	d3003a80275a6431d84ee502ff8a15f097f9d12ee5b78215558cd1776a849cc4	d3003a80275a6431d84ee502ff8a15f097f9d12ee5b78215558cd1776a849cc4	d3003a80275a6431d84ee502ff8a15f097f9d12ee5b78215558cd1776a849cc4	719910fb2c8953e21851424e4149c7bfdb85a4861ff1995e6f95f8a3f24518bb	12	linked-historical-reference
0x00120c44	_Z6Op12M1v	208	src/snes9x/native_cpu_opcodes.cpp	local	b29cab6e56886a85afcf4a5ac191b03af637fcfcf008343d2eb61e5b13475683	b29cab6e56886a85afcf4a5ac191b03af637fcfcf008343d2eb61e5b13475683	b29cab6e56886a85afcf4a5ac191b03af637fcfcf008343d2eb61e5b13475683	b9a17d0f9520cf79273b3b2a25510fc538aac4c166e45d3d8442b88371f25104	16	linked-historical-reference
0x00120d14	_Z6Op12M0v	216	src/snes9x/native_cpu_opcodes.cpp	local	8a569c07045bdb79ec39ebdeed174895bc99a243f6906c65dcd5b7ae3c2caebb	8a569c07045bdb79ec39ebdeed174895bc99a243f6906c65dcd5b7ae3c2caebb	8a569c07045bdb79ec39ebdeed174895bc99a243f6906c65dcd5b7ae3c2caebb	fb59dde87de8849f5a20e1579cdeb37a78013a3ae8f9917c82c3c813db4af05c	16	linked-historical-reference
0x00120dec	_Z6Op01M1v	236	src/snes9x/native_cpu_opcodes.cpp	local	134870593443cd8db1b673d0e05721461f7828d43036ac4945c60b414d7d633a	134870593443cd8db1b673d0e05721461f7828d43036ac4945c60b414d7d633a	134870593443cd8db1b673d0e05721461f7828d43036ac4945c60b414d7d633a	bcd8228828e8e49d267c74157811bd3ed981b9c2f29850ff2f9e885144c426a8	16	linked-historical-reference
0x00120ed8	_Z6Op01M0v	244	src/snes9x/native_cpu_opcodes.cpp	local	8ccf03e3ee31304489b0f050541128fc865fb033a03d847193d6693672fc8147	8ccf03e3ee31304489b0f050541128fc865fb033a03d847193d6693672fc8147	8ccf03e3ee31304489b0f050541128fc865fb033a03d847193d6693672fc8147	e54d6eb5a92d08d04fdb7cd27a47e948499ffe7103860aa80a52d61c1e056c69	16	linked-historical-reference
0x00120fcc	_Z6Op11M1v	224	src/snes9x/native_cpu_opcodes.cpp	local	ff801c4a4679377f015679304c1b96f64772a32ae756cc91f247bff64969593a	ff801c4a4679377f015679304c1b96f64772a32ae756cc91f247bff64969593a	ff801c4a4679377f015679304c1b96f64772a32ae756cc91f247bff64969593a	7dfdc4450c9fd6545f3f2995621096568cd409d8f3ffbe14c65f946304a732d9	16	linked-historical-reference
0x001210ac	_Z6Op11M0v	232	src/snes9x/native_cpu_opcodes.cpp	local	ffbb790cf7e741db85b90a8f36d79a635255404d91e0243f991feb8d5cfb1971	ffbb790cf7e741db85b90a8f36d79a635255404d91e0243f991feb8d5cfb1971	ffbb790cf7e741db85b90a8f36d79a635255404d91e0243f991feb8d5cfb1971	51e33fc4318dd3c33856055cb87197fcff32b4de8de702116f5aac976938784a	16	linked-historical-reference
0x00121194	_Z6Op07M1v	220	src/snes9x/native_cpu_opcodes.cpp	local	38ed8f196a77606b85bc91a18e3f36ea1d98b41ac2d454d0bc7958d2515613da	38ed8f196a77606b85bc91a18e3f36ea1d98b41ac2d454d0bc7958d2515613da	38ed8f196a77606b85bc91a18e3f36ea1d98b41ac2d454d0bc7958d2515613da	5ca049b866c6ad03ecfbdad0169bed1421eb0081c0a5547cc8faeb882b8b5a34	18	linked-historical-reference
0x00121270	_Z6Op07M0v	228	src/snes9x/native_cpu_opcodes.cpp	local	519b19c7bac0bcc34867a3013da79820dadcbfbf3017b1ec1d465b8206610420	519b19c7bac0bcc34867a3013da79820dadcbfbf3017b1ec1d465b8206610420	519b19c7bac0bcc34867a3013da79820dadcbfbf3017b1ec1d465b8206610420	0030805849397dfc431f721e1d7ebf93b92791ced381e26332124a7583001180	18	linked-historical-reference
0x00121354	_Z6Op17M1v	228	src/snes9x/native_cpu_opcodes.cpp	local	b73a7cbc79b47868d5d69e43997f65e1c78bd6aee8d5ede28b82d760639b4581	b73a7cbc79b47868d5d69e43997f65e1c78bd6aee8d5ede28b82d760639b4581	b73a7cbc79b47868d5d69e43997f65e1c78bd6aee8d5ede28b82d760639b4581	ae6d448f619c0c648ce3d8fe43c1b94104627c1764df09dabb1e5bb9df6cd2e6	18	linked-historical-reference
0x00121438	_Z6Op17M0v	236	src/snes9x/native_cpu_opcodes.cpp	local	1eee2d34bb5431f0e71587a8c0e57d7d192087926237af24f92fcb9c2ca6e48c	1eee2d34bb5431f0e71587a8c0e57d7d192087926237af24f92fcb9c2ca6e48c	1eee2d34bb5431f0e71587a8c0e57d7d192087926237af24f92fcb9c2ca6e48c	075fd0034cfc0933f6e383eac96db5f8654b333452636414a4a4a873ceb35db8	18	linked-historical-reference
0x00121524	_Z6Op0DM1v	172	src/snes9x/native_cpu_opcodes.cpp	local	88f382091718e241baeb6f323fef8f2d02d89892f72609b87a1fe14a6147bb8c	88f382091718e241baeb6f323fef8f2d02d89892f72609b87a1fe14a6147bb8c	88f382091718e241baeb6f323fef8f2d02d89892f72609b87a1fe14a6147bb8c	a0e9dc2dd43d5e7534c2ec8fdeb9dc1987c1755957dd0dbe2155238b3c01b126	12	linked-historical-reference
0x001215d0	_Z6Op0DM0v	180	src/snes9x/native_cpu_opcodes.cpp	local	6620921f9fb0230ac9436a76f39ad47c683f44d2708478f81106eef77e292dce	6620921f9fb0230ac9436a76f39ad47c683f44d2708478f81106eef77e292dce	6620921f9fb0230ac9436a76f39ad47c683f44d2708478f81106eef77e292dce	f5151d47c977e5672dd7e363764332fe25361ea1f1096d33ba3b65e7f82cfa9f	12	linked-historical-reference
0x00121684	_Z6Op1DM1v	180	src/snes9x/native_cpu_opcodes.cpp	local	f6774cf04b860c5817970fcb0fb913ea10c0c98f4d74f976d581276e4d3b931b	f6774cf04b860c5817970fcb0fb913ea10c0c98f4d74f976d581276e4d3b931b	f6774cf04b860c5817970fcb0fb913ea10c0c98f4d74f976d581276e4d3b931b	9a316d95ac4f675822217c4cd773970b0078b79a4b82954e87c30d02d1fe7512	12	linked-historical-reference
0x00121738	_Z6Op1DM0v	188	src/snes9x/native_cpu_opcodes.cpp	local	1b5698f93230b950359faecf7b3cd6872093f972db35bd6f621e00608cb36616	1b5698f93230b950359faecf7b3cd6872093f972db35bd6f621e00608cb36616	1b5698f93230b950359faecf7b3cd6872093f972db35bd6f621e00608cb36616	51b5a87b1b9b017a96602f588023d78035889cbf165524e99b54fe71355a25a8	12	linked-historical-reference
0x001217f4	_Z6Op19M1v	180	src/snes9x/native_cpu_opcodes.cpp	local	60feec1d2a0231cdcde4a73609e9ecd3b6cdaff1c053b1c65f2ac4a60f85bfd1	60feec1d2a0231cdcde4a73609e9ecd3b6cdaff1c053b1c65f2ac4a60f85bfd1	60feec1d2a0231cdcde4a73609e9ecd3b6cdaff1c053b1c65f2ac4a60f85bfd1	437965d2523dd3da95265eab6ef56023c5c5daedc1d279427dd89b5f6db6ccae	12	linked-historical-reference
0x001218a8	_Z6Op19M0v	188	src/snes9x/native_cpu_opcodes.cpp	local	56f4fff99259b2eabf709c7e8bb8c1593c20751d86f33102b9f68453901e8761	56f4fff99259b2eabf709c7e8bb8c1593c20751d86f33102b9f68453901e8761	56f4fff99259b2eabf709c7e8bb8c1593c20751d86f33102b9f68453901e8761	44cbc278a3589187898faa47371ff56c823e91f219bc93afd08d1f0b780d0816	12	linked-historical-reference
0x00121964	_Z6Op0FM1v	168	src/snes9x/native_cpu_opcodes.cpp	local	4aa5f66367f1d8841136df5fcd85a7ef3cfa8708483b6835b07c69d531c8ff85	4aa5f66367f1d8841136df5fcd85a7ef3cfa8708483b6835b07c69d531c8ff85	4aa5f66367f1d8841136df5fcd85a7ef3cfa8708483b6835b07c69d531c8ff85	6d71e8ec57ba813f8566c995729c573e145d6ea428b69ad77f80c8187eac35bb	12	linked-historical-reference
0x00121a0c	_Z6Op0FM0v	176	src/snes9x/native_cpu_opcodes.cpp	local	6dee930e3f3086c646933ff3961dfc75ea599410fc1089c48a31b1897a32b291	6dee930e3f3086c646933ff3961dfc75ea599410fc1089c48a31b1897a32b291	6dee930e3f3086c646933ff3961dfc75ea599410fc1089c48a31b1897a32b291	f1c7457f709da50287ba2651c5b379fa043992e3d01fda2b86390f565e54d9c8	12	linked-historical-reference
0x00121abc	_Z6Op1FM1v	188	src/snes9x/native_cpu_opcodes.cpp	local	e4d86f6b73a2ca45891fb90c2891cfc8b65ef1f553283eb5392416af8a207a2d	e4d86f6b73a2ca45891fb90c2891cfc8b65ef1f553283eb5392416af8a207a2d	e4d86f6b73a2ca45891fb90c2891cfc8b65ef1f553283eb5392416af8a207a2d	85bab007853f0ff0024692642877df3d8bd46cce62c8a174c0b6f5ac96039859	12	linked-historical-reference
0x00121b78	_Z6Op1FM0v	196	src/snes9x/native_cpu_opcodes.cpp	local	146479f42150c2652960a107c116afccb100da87fc53a49b8c495f14384aca4d	146479f42150c2652960a107c116afccb100da87fc53a49b8c495f14384aca4d	146479f42150c2652960a107c116afccb100da87fc53a49b8c495f14384aca4d	d8b564b067791dd94a11d3260e903602c92e50904efaecb221add17065ca96da	12	linked-historical-reference
0x00121c3c	_Z6Op03M1v	152	src/snes9x/native_cpu_opcodes.cpp	local	9cb41389e0373138856c4ce0f31774d7b90c2984d79ac125fa90a4c4039fc62a	9cb41389e0373138856c4ce0f31774d7b90c2984d79ac125fa90a4c4039fc62a	9cb41389e0373138856c4ce0f31774d7b90c2984d79ac125fa90a4c4039fc62a	44d3b5916f03695517b3d1cd3a1a79572d07a3ebc49f0889bfc25b676b3126ff	12	linked-historical-reference
0x00121cd4	_Z6Op03M0v	160	src/snes9x/native_cpu_opcodes.cpp	local	c07d4b358dd87f64fc3282217d3f0afa439d85d8a5c8f86f3890f09a37b161a3	c07d4b358dd87f64fc3282217d3f0afa439d85d8a5c8f86f3890f09a37b161a3	c07d4b358dd87f64fc3282217d3f0afa439d85d8a5c8f86f3890f09a37b161a3	73523ad9509120ed2839b9a1e9c0e20250d3f6c3c97c3c06246c2b63b891d7f7	12	linked-historical-reference
0x00121d74	_Z6Op13M1v	232	src/snes9x/native_cpu_opcodes.cpp	local	1a9df3c092aec82d83f8a02a307812f9f194843d20cb93cd5f85ce68ee8c503b	1a9df3c092aec82d83f8a02a307812f9f194843d20cb93cd5f85ce68ee8c503b	1a9df3c092aec82d83f8a02a307812f9f194843d20cb93cd5f85ce68ee8c503b	a970c35bc314453fa07d26ee40504011d07a464eef711d97a2a190ebbb33d23f	16	linked-historical-reference
0x00121e5c	_Z6Op13M0v	240	src/snes9x/native_cpu_opcodes.cpp	local	bceb44d324b3ba282fcd18ba7f4e20a5dfd41c87ff5c7d2b42b92b7870d75602	bceb44d324b3ba282fcd18ba7f4e20a5dfd41c87ff5c7d2b42b92b7870d75602	bceb44d324b3ba282fcd18ba7f4e20a5dfd41c87ff5c7d2b42b92b7870d75602	9521c26a259dadbdde5a07c041f0e33d57efbafcb9e0756858de592f3db6fbaf	16	linked-historical-reference
0x00121f4c	_Z6Op2AM1v	92	src/snes9x/native_cpu_opcodes.cpp	local	63b8771924c5b0164bcc9a69899b0360a555f565e5384e79b76b1d0bbe032fcf	63b8771924c5b0164bcc9a69899b0360a555f565e5384e79b76b1d0bbe032fcf	63b8771924c5b0164bcc9a69899b0360a555f565e5384e79b76b1d0bbe032fcf	d5f86edccebcb0d7e7843caa3a2f11cc866359c5652d26c7f8db671372234210	9	linked-historical-reference
0x00121fa8	_Z6Op2AM0v	100	src/snes9x/native_cpu_opcodes.cpp	local	09199384327dd4e43c5733f5dd5786108a6290cb3e41469e11da541c895ee253	be454c8ff59246f74f669a744504dd939c12db7a0b175ea6caec2bd1e3bbd4a0	09199384327dd4e43c5733f5dd5786108a6290cb3e41469e11da541c895ee253	73491cd900934accc96ec4113a517e7496931e6cdbf44539e6780871555f5e33	9	linked-historical-reference
0x0012200c	_Z6Op26M1v	192	src/snes9x/native_cpu_opcodes.cpp	local	4a6253cf53718d73f46e74b8cdea38d287f9218478ab6561988275dbce2a7310	4a6253cf53718d73f46e74b8cdea38d287f9218478ab6561988275dbce2a7310	c202e0456b1135b173ff49d5bee1510f5ea8acd2bbd102e4e11ca0fd57b0ed3a	352c842f8da21e79866868e2841a394535985199f6ce76164422e8eb52c87927	18	linked-historical-reference
0x001220cc	_Z6Op26M0v	232	src/snes9x/native_cpu_opcodes.cpp	local	0add7d37b61dd6bdf56166ed93ca2b56173c1920baabe9e29dd2a6e7ea6796d2	955e003219a2dabe0a5d2704179b3d8b9787ca19d8e670d2fde6171d95d37eb6	86a580b0c43c389fc798b473d52a16d5bfc363ab53a13b01764fed7477434f9c	2f988887e1d790dc99ae9017adccee5dd333ca829f1e62d7d4630c4e3fdac213	20	linked-historical-reference
0x001221b4	_Z6Op36M1v	220	src/snes9x/native_cpu_opcodes.cpp	local	7da75a9155ca353c69af5da9f740d6817d4821b952afab62bd6087a2f94f10dd	7da75a9155ca353c69af5da9f740d6817d4821b952afab62bd6087a2f94f10dd	7da75a9155ca353c69af5da9f740d6817d4821b952afab62bd6087a2f94f10dd	e6b31c0b4af43d593845ca22fed07167ad862251e015505dd4cbdcb83aa19fc4	18	linked-historical-reference
0x00122290	_Z6Op36M0v	260	src/snes9x/native_cpu_opcodes.cpp	local	1314abf9163080c919f95111d5500a3025486a997d28f7c68b115ce44f751862	c39e879140836f2f0ee2dd0048648ae950ce8790db07ef5d0e8d0b3477dac63f	1314abf9163080c919f95111d5500a3025486a997d28f7c68b115ce44f751862	9e45dae7b8a1dc039137067d4fc117a41f7abc548b1b5c9ec606d637a62f0fef	20	linked-historical-reference
0x00122394	_Z6Op2EM1v	212	src/snes9x/native_cpu_opcodes.cpp	local	1135d017b7baa6246c2169e83f7ab62ea06c6182645f2b1e227195c5b1e93f73	1135d017b7baa6246c2169e83f7ab62ea06c6182645f2b1e227195c5b1e93f73	1135d017b7baa6246c2169e83f7ab62ea06c6182645f2b1e227195c5b1e93f73	43208c3bda8200341fb68757e59ec42f923045a586be1a22f1946a1942592776	16	linked-historical-reference
0x00122468	_Z6Op2EM0v	244	src/snes9x/native_cpu_opcodes.cpp	local	bb3853e48ae2009f61bf4d985ef86f3187ed92f659041e8b0aa6f11f0065e7e0	5ba49327134bb6dc0c8451fbd1b232d9597483570edee15a93c8cebc9cf69021	bb3853e48ae2009f61bf4d985ef86f3187ed92f659041e8b0aa6f11f0065e7e0	306e5897453f5c0c7a8ec51af22434d575b8df555c907ee8490983a57a406e75	18	linked-historical-reference
0x0012255c	_Z6Op3EM1v	224	src/snes9x/native_cpu_opcodes.cpp	local	44b7e6e4ca4234263ca153da08a37f96caa085094f4aea375f5f4cff054a36d8	44b7e6e4ca4234263ca153da08a37f96caa085094f4aea375f5f4cff054a36d8	e61e6448dfd8d3773ab18ff5def68ebade8c8bfcf17f2e407d54ed00c634dd5b	1fc5af5d44027f9c2d9b799a18d9c4fed89e0201d785fde91388ec9b9f3e6c85	18	linked-historical-reference
0x0012263c	_Z6Op3EM0v	256	src/snes9x/native_cpu_opcodes.cpp	local	da24cff030cc14b2308f58c5d0f31ebe2b70207f214e4315c44bf485f6bcb79f	1218a32ebcc89e4ff5bbaee6bbd0272dd6f462bc1b5f2e9a444f5803d05c8a4c	5e97115b6ae0faeb4e37faa2f2acd6eaca0756c0fbd211610a0b02211eccb4dd	2ed649f98533d5097fa1660061e4506317c05602aedad2dc97039ccf17c8a795	20	linked-historical-reference
0x0012273c	_Z6Op6AM1v	100	src/snes9x/native_cpu_opcodes.cpp	local	446543b69898c0c29a452f9ce4ec3b8a7211fc19554e7fa3ae867fae83b0ee14	446543b69898c0c29a452f9ce4ec3b8a7211fc19554e7fa3ae867fae83b0ee14	446543b69898c0c29a452f9ce4ec3b8a7211fc19554e7fa3ae867fae83b0ee14	ec6d2014e22902958508c6d9ec0501c9a37b992c16b3f6bac85807c01a5a5945	11	linked-historical-reference
0x001227a0	_Z6Op6AM0v	112	src/snes9x/native_cpu_opcodes.cpp	local	279d4b1cc381b27c7c35439789d674877b2f1a8662fd2d4d15ba50a3bb47cc3c	0f3c6d5a8853f0c81e480ce3c16391cc4b657ed12ab97c7746b799d3e0de2ac1	279d4b1cc381b27c7c35439789d674877b2f1a8662fd2d4d15ba50a3bb47cc3c	01e528da669cd4607771ace8fd097ea8978c7c21d01f33b4b80cc149435c42ab	11	linked-historical-reference
0x00122810	_Z6Op66M1v	200	src/snes9x/native_cpu_opcodes.cpp	local	8db59d2947a3b018e7776ab36d41c30fa4216e1f71dfe65225d90200960188d4	8db59d2947a3b018e7776ab36d41c30fa4216e1f71dfe65225d90200960188d4	b7d67491fd64ff21c6bc07145a002212f1d5dcf864652a7b8ca8c450f4a8b1ec	c27514ac0e3bfda9eea4ea63cca7f071ea1a22bd07b182dea5291029255a2c54	20	linked-historical-reference
0x001228d8	_Z6Op66M0v	240	src/snes9x/native_cpu_opcodes.cpp	local	3bf31a580d5eecf48f7ab89d0487d5c956b60b1fb75d3de3b078aa23512c9643	c9b0e4fec6ece3ac3af6131a624c8007c5590b49d450124200cf8cac8697281f	d2153d88c77c04b9f2533452ed1abfd87338a703949fe693632b0345848537d7	62208f64e470c49160418927fcfae3377481e9991b71e375044b0bd50cd50724	22	linked-historical-reference
0x001229c8	_Z6Op76M1v	228	src/snes9x/native_cpu_opcodes.cpp	local	af5633208909e3affac1842d799a295921b78b53c205cd60ffc5f7a5953c46a4	af5633208909e3affac1842d799a295921b78b53c205cd60ffc5f7a5953c46a4	af5633208909e3affac1842d799a295921b78b53c205cd60ffc5f7a5953c46a4	424c3eca80b91e3792741266344fb5d0d8e8ac83e63347e825a1252e578eae70	20	linked-historical-reference
0x00122aac	_Z6Op76M0v	268	src/snes9x/native_cpu_opcodes.cpp	local	18ddb3b0a69ac1718570c48a40ff1ced3b68193faf21c1504fd3e75b2592dc89	f656c0dcad8d3ebad4308c7d8fd04274bb34c812e5e0cc9072c7337ecfe6a5fb	18ddb3b0a69ac1718570c48a40ff1ced3b68193faf21c1504fd3e75b2592dc89	808bcb340ab5f8a30ba5d07835d6dbe309d3c864572f40c74b884c095c6d4482	22	linked-historical-reference
0x00122bb8	_Z6Op6EM1v	220	src/snes9x/native_cpu_opcodes.cpp	local	d2ec1477b56523bbbf641bbe42074b6e8b90e52f6a62f4623c6975bbb3dedecd	d2ec1477b56523bbbf641bbe42074b6e8b90e52f6a62f4623c6975bbb3dedecd	d2ec1477b56523bbbf641bbe42074b6e8b90e52f6a62f4623c6975bbb3dedecd	61778d00f7af8d5a8989f4f522d2a55118fe8b1a015fcf5f9f27f2fb69ad9f72	18	linked-historical-reference
0x00122c94	_Z6Op6EM0v	252	src/snes9x/native_cpu_opcodes.cpp	local	7ac1bdea0b510f6dd9010b9186ec3418d165c39dc01ed5dd23d17a74914410d4	98c86d96af83f0c669fc1386030d9a94519ad43c46818c7328d14372b10c3475	7ac1bdea0b510f6dd9010b9186ec3418d165c39dc01ed5dd23d17a74914410d4	bd54f9db80c532d7ce0838a1251803d3e56e2abb99958f242bb956e99d63004a	20	linked-historical-reference
0x00122d90	_Z6Op7EM1v	232	src/snes9x/native_cpu_opcodes.cpp	local	da0640098955a5fe7d8eca72fce2792a5b21fb56d65a9319705b25710e1bc56a	da0640098955a5fe7d8eca72fce2792a5b21fb56d65a9319705b25710e1bc56a	483ef50d587ffb19d75eedea104e81ef1e2fb3ac42a76fe73b762fed7f9ec0a6	48c10c7acc180c4ef24d8631ab187d61014650df6be7215c92d2d166d3af87cb	20	linked-historical-reference
0x00122e78	_Z6Op7EM0v	264	src/snes9x/native_cpu_opcodes.cpp	local	7d8eacf602a4a676cf7d81b9ed58e9a85fa3bbb92ce5c82869e6966200672274	7b1031617f365dbc88335c79e7320a7356ca8fa63816d7dea9f52b2ebbd8552e	dfebe28b0c2a3bb5156e356c8a7e9cada1c59544b81fa96a51640a0e3729ca50	9aa17360aef1f7c858c8d7531cdef789d47173c22fa54a5f0d595474da5b2155	22	linked-historical-reference
0x00122f80	_Z6OpE9M1v	72	src/snes9x/native_cpu_opcodes.cpp	local	0aa9955c42df862fc0429dc7b418519e562b536a11f168b94e4925a620947a63	e005b81efeaf44782c8379b2c9dbad8a04facedf1d5581aaea88d7e89fe2769b	8c241f1286899871c24b349822a981216c8db84f13a3f8f0c2827309f5badbde	27ea7f21a5c738a232f487558d3f7d1fe7d03a3957ea2380cb3e9d48b1d8804c	7	linked-historical-reference
0x00122fc8	_Z6OpE9M0v	72	src/snes9x/native_cpu_opcodes.cpp	local	b3caa9f126fdf123a5421f4c2f0bdee5c5ca143ef474053c97c3085c6d435862	72149fa5c90f4484651c747bfdeb6b92ed7e9cdf8219ab9c42a2bc4dc7a5fbe4	be70fedbfe3ca56864ab70b94fdb608a847f377ef534bc49007e4397b92ab09b	b3c0feb21dcf658fd3ef2fc558395b1adeca91ea9779b1d0d2a2aa1ddc9fe377	7	linked-historical-reference
0x00123010	_Z6OpE5M1v	100	src/snes9x/native_cpu_opcodes.cpp	local	5a743686a82d21d6ad44dcea271fcc3e959738169b1b607d8460a1ecc0770472	e41d5559a8f42ab68452abedf0b2b092ce87d94758aba562ed8e897267cba124	5c0ea1d250a712aabfcf68fbab3085316e0c0b40ccf598f4325deb6544e4a737	64be4607f261fdc6efaedfff8893280f0238955b7eaad17ad2a01bf803113457	9	linked-historical-reference
0x00123074	_Z6OpE5M0v	100	src/snes9x/native_cpu_opcodes.cpp	local	fdccf040f1ac4461c22c0102656e17df6edaae3c8b41e16af20c88a2b735a672	e41d5559a8f42ab68452abedf0b2b092ce87d94758aba562ed8e897267cba124	5c0ea1d250a712aabfcf68fbab3085316e0c0b40ccf598f4325deb6544e4a737	791d46b3cf110864d11543eb858bd920b433a6c31f9c290c0b3dcaefe9effac7	9	linked-historical-reference
0x001230d8	_Z6OpF5M1v	132	src/snes9x/native_cpu_opcodes.cpp	local	979a776c75702bee5e8ef3785aaf2e0a33559c57d77be7b4a3303c090ddc056e	71151c6fd9f17dcbc34b59b46c6c4dfc045ca7cbf63f1ee45b9632a5417e19b4	71151c6fd9f17dcbc34b59b46c6c4dfc045ca7cbf63f1ee45b9632a5417e19b4	9f221788397f2d70179135e95c21448ccfa159d8535ed2666c9fd0b4ec982b77	9	linked-historical-reference
0x0012315c	_Z6OpF5M0v	132	src/snes9x/native_cpu_opcodes.cpp	local	f059614a55526b8eb8f2a7eae0a3fe1318872e9ac6005ce7eb02dcfa1c44a7c6	71151c6fd9f17dcbc34b59b46c6c4dfc045ca7cbf63f1ee45b9632a5417e19b4	71151c6fd9f17dcbc34b59b46c6c4dfc045ca7cbf63f1ee45b9632a5417e19b4	35b190cdb8b2e32fb764156e05c3c75b6d69fdbea673466996deaad03f415886	9	linked-historical-reference
0x001231e0	_Z6OpF2M1v	156	src/snes9x/native_cpu_opcodes.cpp	local	b418eb551959ee42018e64c5db05173b4ee3f56628e4721130ca4adecc1fa7da	b2aeef637acadca30276f58b1f2405c8bb377d4737fbcd9d003ddfadb20740b3	28a970a56b1ad0d53ab33f78178731fc2f4f46f9c81f5eed7c1df7118b3657f8	62daf692caea4ff61e3547802c3980619b6a416269ddae1c84dc8f5799abe116	15	linked-historical-reference
0x0012327c	_Z6OpF2M0v	156	src/snes9x/native_cpu_opcodes.cpp	local	647a06486d018183460209f2422f9aff99ae99f24254f49e586aa56cf37ef450	b2aeef637acadca30276f58b1f2405c8bb377d4737fbcd9d003ddfadb20740b3	28a970a56b1ad0d53ab33f78178731fc2f4f46f9c81f5eed7c1df7118b3657f8	ff6572761b4726fe56c8b43de4f0968d12a002e04417b1e11054aaebbd8330a4	15	linked-historical-reference
0x00123318	_Z6OpE1M1v	188	src/snes9x/native_cpu_opcodes.cpp	local	8512682d218bbec8b4c745c059b964efe68e77223fface00e832a59bf8050f9f	4621711f3146571d62a8f1333c856efe770ef69cc0c9beb28ea719838bfe3f7b	18dd340d7c069b64f1623e0069ab764ab14e97db3c676d193900ba87c39bb770	937e2686dfedb267f58262fdec82a6109297d43cca8d3b2d355a5050ebe8d12f	15	linked-historical-reference
0x001233d4	_Z6OpE1M0v	188	src/snes9x/native_cpu_opcodes.cpp	local	9738924448210b9a7a04c7f09fac9734e0b4c3cdf17b4a19344e4dd36e12cefb	4621711f3146571d62a8f1333c856efe770ef69cc0c9beb28ea719838bfe3f7b	18dd340d7c069b64f1623e0069ab764ab14e97db3c676d193900ba87c39bb770	7e3ec79cae8659813365106587dd143c4eeae6201672062b7bf5a76ed2a6b185	15	linked-historical-reference
0x00123490	_Z6OpF1M1v	184	src/snes9x/native_cpu_opcodes.cpp	local	b5b756489b9883cf7b62f5d286b74d6e32ae3e7fb9cfeda2aba4324721125cb2	1a40b7ab545f4f166baa158bdc1a38097868d5d67e5d118a3566142e77c333a7	a1126bb30788dec1e779d913c550f976543bafb8ce3a35673a605b37f4049407	6451de96852b7af5902a7dca6b1b593d4477e2bea9b4fa97eb07346df1882d4c	15	linked-historical-reference
0x00123548	_Z6OpF1M0v	184	src/snes9x/native_cpu_opcodes.cpp	local	661faf9fddb0c1578e19d3e24c6d5ebfdcda8d84b92bdcf17e28cf04a6e4dc9b	1a40b7ab545f4f166baa158bdc1a38097868d5d67e5d118a3566142e77c333a7	a1126bb30788dec1e779d913c550f976543bafb8ce3a35673a605b37f4049407	8d3f88202e890a4b429e98e2b8f8cc6c0d1851de2dc74d6fd7c4a7d70fde3e11	15	linked-historical-reference
0x00123600	_Z6OpE7M1v	172	src/snes9x/native_cpu_opcodes.cpp	local	460b21cd9d440bd3353c692f450d8537113fe825cb57448c30c6a10a8a8d0015	acfe9c99ba4cb65b1d9478a82801fc370afd17e8c53794c2ba9ab6b48546d536	a7fbf258fb622d5c5ae4cbdeaa7f404c90fee6c017ba6c25a167ccb2a3e951b0	3384a92763f130c7f37234db050a2707367c5d24c1eafabc2344a8ab4a9aa8d1	15	linked-historical-reference
0x001236ac	_Z6OpE7M0v	172	src/snes9x/native_cpu_opcodes.cpp	local	a7a8572820e16b9bc774f6bb6efe351ea94de3a8e85bab2c61f43df2d27be2a0	acfe9c99ba4cb65b1d9478a82801fc370afd17e8c53794c2ba9ab6b48546d536	a7fbf258fb622d5c5ae4cbdeaa7f404c90fee6c017ba6c25a167ccb2a3e951b0	31079070581550f553c58384803f38ae8f80b642530f5394efe473887bea89bd	15	linked-historical-reference
0x00123758	_Z6OpF7M1v	192	src/snes9x/native_cpu_opcodes.cpp	local	bf5a48e00aaabff9e52909868e3fff0b3a45b65ca247f9f2139a11e5e34c1de4	e364f1d6253adfa983b0b9a0bc9cba763d6d6636525d80bce21c55edd7aa4c09	e364f1d6253adfa983b0b9a0bc9cba763d6d6636525d80bce21c55edd7aa4c09	457df5c5fbb99cae372889f95b0ad35c498e6207ec79ea2dc22e4b030e1c20b6	15	linked-historical-reference
0x00123818	_Z6OpF7M0v	192	src/snes9x/native_cpu_opcodes.cpp	local	fd0664554717ace5fdf227f86b0ef6be9466a8cee0f491963972b833e617b17b	e364f1d6253adfa983b0b9a0bc9cba763d6d6636525d80bce21c55edd7aa4c09	e364f1d6253adfa983b0b9a0bc9cba763d6d6636525d80bce21c55edd7aa4c09	8b31a3b6de21402ea629d24e4985401f35133e6df605f9b98d543071ade892c9	15	linked-historical-reference
0x001238d8	_Z6OpEDM1v	116	src/snes9x/native_cpu_opcodes.cpp	local	61ce9665a99192c290393746e1fba3e2fdc2e23179a06303aae5c0e6874eb21c	9db6b2704adabf91ee1768cc970af549ea7b8e01ab1db8890e2323011243965b	8f96290d87fa3af5d9437e214848228e6a0864e7153bec6af6570cb1266d5bbd	40dbe34c5b4704c9f21c2475d7435ceedb8514ab0671f2d0fe8b39e1574713da	9	linked-historical-reference
0x0012394c	_Z6OpEDM0v	116	src/snes9x/native_cpu_opcodes.cpp	local	79021eb836b15b7bad5a6302e2b5fa00e81f70d928adcf1631fd6f42b798c0ea	9db6b2704adabf91ee1768cc970af549ea7b8e01ab1db8890e2323011243965b	8f96290d87fa3af5d9437e214848228e6a0864e7153bec6af6570cb1266d5bbd	c4c98de631a5b9b532b23fc49199c61ece91d2db4b1f9bf3c7188e197d612b51	9	linked-historical-reference
0x001239c0	_Z6OpFDM1v	128	src/snes9x/native_cpu_opcodes.cpp	local	c43cac3bbaf589d53591e87878793f3be325071ae55c6a5910ee35704bac7f16	7c084eec303141a31444304e3cf3150fda44d321b120a2150d96a97f21c83a77	ee3ab2c6cb5aed73900b7a1700b4a3116ba0d65de1bc7062907c76c21945fa04	38da239f4bb18a6aedee9570e337947cba4433be80ffa28d255737f652509501	11	linked-historical-reference
0x00123a40	_Z6OpFDM0v	128	src/snes9x/native_cpu_opcodes.cpp	local	32edaab419fcb3ed1f5e5a19fec88f866f4cb18670088bd07c20d9d60e177c3d	7c084eec303141a31444304e3cf3150fda44d321b120a2150d96a97f21c83a77	ee3ab2c6cb5aed73900b7a1700b4a3116ba0d65de1bc7062907c76c21945fa04	a690c8bdb96f4ad48f8ac9549ae7a863ad22888da56c829248a4ef3da8bd7fd1	11	linked-historical-reference
0x00123ac0	_Z6OpF9M1v	128	src/snes9x/native_cpu_opcodes.cpp	local	599c0713a30d40e359942a23fef5206b17b0fd0dfea7e41fb490dc7862974d0f	44c397e37b1a0163813aed137b676ea6f6067716e6869950223090f42c193185	ee3ab2c6cb5aed73900b7a1700b4a3116ba0d65de1bc7062907c76c21945fa04	b7f32a74becc10c96e7f0d097ab70ff2bf7b14499e08835be972da9e527747b0	11	linked-historical-reference
0x00123b40	_Z6OpF9M0v	128	src/snes9x/native_cpu_opcodes.cpp	local	0f6e40fc786c37b696eb4a3cf4749235eb20885d3e14632c0e35a114ba2aa061	44c397e37b1a0163813aed137b676ea6f6067716e6869950223090f42c193185	ee3ab2c6cb5aed73900b7a1700b4a3116ba0d65de1bc7062907c76c21945fa04	2c29419d4b2a4d8d19e0788a69dc751fbb734b328f5450dfb53e726b867a0ff3	11	linked-historical-reference
0x00123bc0	_Z6OpEFM1v	116	src/snes9x/native_cpu_opcodes.cpp	local	47e44d27b0133bfba8771822a70f07829b3fb1c160e1caa42607c9c2acab9fea	f0df0d716bacee3fe0fc7e141702b827c91eb368f20fc3f89bbbba25404680e7	f0df0d716bacee3fe0fc7e141702b827c91eb368f20fc3f89bbbba25404680e7	b50695e35504e4f16d15fddff4d08f93e4fa147f9295f765b2b0b79b9792f402	7	linked-historical-reference
0x00123c34	_Z6OpEFM0v	116	src/snes9x/native_cpu_opcodes.cpp	local	c8fbbfcbd56b3d6ec430a57554baf78edb11f98082d4d9399e6555523041cc41	f0df0d716bacee3fe0fc7e141702b827c91eb368f20fc3f89bbbba25404680e7	f0df0d716bacee3fe0fc7e141702b827c91eb368f20fc3f89bbbba25404680e7	18c082e1905a374fd62cba6c2ad09fdd6cc4b4cfe72d4c3eb3431f149627c5da	7	linked-historical-reference
0x00123ca8	_Z6OpFFM1v	140	src/snes9x/native_cpu_opcodes.cpp	local	2d7e2a8c3178f8ba4abb5199271e33ba857e9a5ff68aff962845d2faf48ec9a0	02e16845e1548289fbdab86d177d0fe0397966302ff5edd3cfc88627332837ea	e793878d85998b8e4625cb4208f3371e7e8c93beeb07e7214600a82ba20d873c	521a2280ebd952969e06dca7a73b6efcf2d9763865319d98226d50a8c559fcd5	9	linked-historical-reference
0x00123d34	_Z6OpFFM0v	140	src/snes9x/native_cpu_opcodes.cpp	local	7d1b3c866c9ef98a98e3ce1ac3c70c8e8df7588d06a41c94b6c3c5e9a49300d1	02e16845e1548289fbdab86d177d0fe0397966302ff5edd3cfc88627332837ea	e793878d85998b8e4625cb4208f3371e7e8c93beeb07e7214600a82ba20d873c	15bf4836582e11b71ce752bc4027327945d749fa391936c6c88df1c9989c4a1f	9	linked-historical-reference
0x00123dc0	_Z6OpE3M1v	104	src/snes9x/native_cpu_opcodes.cpp	local	869c1503646614cbc1c7733a01cd6798a14c55b679c424c3d20ec44483bb1721	2299c24c349d58cebac50955915dd4ee8604c9183a8b40f63a401c93536c7a6b	dc833fe5be36be8602092532e0173ee10f02a7594540cf767b7c8528a9e63af5	63874c6de4a3703defb8ca2cbac48763f977a294193c1dcaee18ef929d67799a	9	linked-historical-reference
0x00123e28	_Z6OpE3M0v	104	src/snes9x/native_cpu_opcodes.cpp	local	d4abbf3fe947f34800bac3a726d9667394be3d6d0300612044790b5c9378d3ba	2299c24c349d58cebac50955915dd4ee8604c9183a8b40f63a401c93536c7a6b	dc833fe5be36be8602092532e0173ee10f02a7594540cf767b7c8528a9e63af5	0d04f4ddca589231fae320fb59448934242b8f77cd182e42774dbf579ec96a44	9	linked-historical-reference
0x00123e90	_Z6OpF3M1v	192	src/snes9x/native_cpu_opcodes.cpp	local	10912d7c42db0035943ec23255cbdc3d4124dd2a2ee1b5cd8b6e49cfa59e5198	7b39eafd7d9317d2db303774f6682ea6d9c0253cc0c7fd0072ccba47d75bb1c5	37fc91447b891441b0b97db344635bdcf0c72cb942e49792aa1b2b064c7e8c7a	b720f4519eb7855daa79a5e1fe618fe67869823089dabc682e24538024aa3a14	15	linked-historical-reference
0x00123f50	_Z6OpF3M0v	192	src/snes9x/native_cpu_opcodes.cpp	local	9835a943b9a6d96354f709e45778151e6a32a89b182114a1ecfd5970e01e15c0	7b39eafd7d9317d2db303774f6682ea6d9c0253cc0c7fd0072ccba47d75bb1c5	37fc91447b891441b0b97db344635bdcf0c72cb942e49792aa1b2b064c7e8c7a	27991827358123bd96ce9dcadc226addf75456b2a86847f1b9baf7165f45223f	15	linked-historical-reference
0x00124010	_Z6Op85M1v	100	src/snes9x/native_cpu_opcodes.cpp	local	3023f535d810dbfe4cb35ada16a56098f48b116173225a0c8f78e48d2973400a	3023f535d810dbfe4cb35ada16a56098f48b116173225a0c8f78e48d2973400a	3023f535d810dbfe4cb35ada16a56098f48b116173225a0c8f78e48d2973400a	eb1d0593a6622c9f564e59c8eb49907bfbea9cb7968e9ffe6f05974aeed81af9	8	linked-historical-reference
0x00124074	_Z6Op85M0v	100	src/snes9x/native_cpu_opcodes.cpp	local	2d4507165eed461d63bdaa6915787967fdb68a3c32821ac95865968999305791	2d4507165eed461d63bdaa6915787967fdb68a3c32821ac95865968999305791	2d4507165eed461d63bdaa6915787967fdb68a3c32821ac95865968999305791	7cefb311be263ba4f63afc473bb3a870acf1aea3a16093807f09012e111bc6e4	8	linked-historical-reference
0x001240d8	_Z6Op95M1v	128	src/snes9x/native_cpu_opcodes.cpp	local	145cf456f6b7b5918f7fc28171196f826e5dfb40effbcd7aed1fdd30a2f6e2e2	145cf456f6b7b5918f7fc28171196f826e5dfb40effbcd7aed1fdd30a2f6e2e2	145cf456f6b7b5918f7fc28171196f826e5dfb40effbcd7aed1fdd30a2f6e2e2	ba3b71f892072f0ece5d56a48a9b1674b3a62c568fd375761d8bd407e5ee4872	8	linked-historical-reference
0x00124158	_Z6Op95M0v	128	src/snes9x/native_cpu_opcodes.cpp	local	d524d6bb92d86ef2109474ad514eece5e214094275203df44a626cc124f4bc33	d524d6bb92d86ef2109474ad514eece5e214094275203df44a626cc124f4bc33	d524d6bb92d86ef2109474ad514eece5e214094275203df44a626cc124f4bc33	f66ab4c9d4c7736cd77ea13a6989347ed1f771faf8e2e5100ee0507e9d8fb877	8	linked-historical-reference
0x001241d8	_Z6Op92M1v	152	src/snes9x/native_cpu_opcodes.cpp	local	04b777ca7f9f0da7ef5e93249d340801b20c8d85f2dbd93388e057a3af9d8896	04b777ca7f9f0da7ef5e93249d340801b20c8d85f2dbd93388e057a3af9d8896	f543f7e45c164f45c017a248b4612e35a9563fb5322e1b622ff85165fe6da0ee	60f5bb0fa734679ea43a5c4e02907570824619c1e04a68327f26c172d9517dbc	15	linked-historical-reference
0x00124270	_Z6Op92M0v	152	src/snes9x/native_cpu_opcodes.cpp	local	a2b40fd31ba76bb7fa32a796343e5ce6e9d15220e0150dc46ec910c6e1773faa	a2b40fd31ba76bb7fa32a796343e5ce6e9d15220e0150dc46ec910c6e1773faa	8676e53bbf3526267713d69399f5ad4f1413655fb772af6e595e616db65927c7	4b3a3b42742e1804f0258873c5beb978097e8704373c65effa2b597466d3004b	15	linked-historical-reference
0x00124308	_Z6Op81M1v	180	src/snes9x/native_cpu_opcodes.cpp	local	c8d780ec034fe109c72e68302617778eb742d1a0b3fd069e2f98fb005b15e483	c8d780ec034fe109c72e68302617778eb742d1a0b3fd069e2f98fb005b15e483	f8a972526ea7189ed608bac8c0753f917642c84e9a41dd408e4f9f6e28224e55	7996a15e10fa24c3852e11ffd46cd87d80d6d41124af37e777ab928971cf9060	15	linked-historical-reference
0x001243bc	_Z6Op81M0v	180	src/snes9x/native_cpu_opcodes.cpp	local	02bcfe17c60f30c4eb28e55ec3b14dca0c145178f7e29c19e522e50457d007b7	02bcfe17c60f30c4eb28e55ec3b14dca0c145178f7e29c19e522e50457d007b7	4d0c3efee5d7de5e021ea80ac12263d26836d43fba57aaccd1a9ddc2c87cfcad	c5c30ba4a26ef83b131aa2a2b03d5fdd59e9911974bb14b589c9fbe1e82e53d2	15	linked-historical-reference
0x00124470	_Z6Op91M1v	168	src/snes9x/native_cpu_opcodes.cpp	local	ab0d92934d22983026faeccba2853e437fade008c0bc59661449e8c4a3648b00	ab0d92934d22983026faeccba2853e437fade008c0bc59661449e8c4a3648b00	caff1fbcdeb30af79ac411da67a0a1b4e6ab7d6ec5a83057554abbc5951ed458	29fc9edfc86a8e218d4b8a6e31487c9faa61372895b4e7d17922afef8dbbd48a	15	linked-historical-reference
0x00124518	_Z6Op91M0v	168	src/snes9x/native_cpu_opcodes.cpp	local	65ddefff3b9c5dedbaab2b32493c5c19252f2c7b1ffc02ad35c04a066019bd38	65ddefff3b9c5dedbaab2b32493c5c19252f2c7b1ffc02ad35c04a066019bd38	7cb921c094118657cb81f1ca10bbfbdfb559655b6dd4b52c268a3670f8da9de3	eb4f26ca6dc1866b8f85f4438a888410116e6e3180baf9c6c4c30f111868be2f	15	linked-historical-reference
0x001245c0	_Z6Op87M1v	180	src/snes9x/native_cpu_opcodes.cpp	local	17d6099134f9b01718495c529eb4eaa2bb30e7ac5d66904444df24e7a8a26942	17d6099134f9b01718495c529eb4eaa2bb30e7ac5d66904444df24e7a8a26942	17d6099134f9b01718495c529eb4eaa2bb30e7ac5d66904444df24e7a8a26942	3692e0116a5ddfc699c8e3b1596c6841d0be73afa62ac996b7322d6778b65d70	15	linked-historical-reference
0x00124674	_Z6Op87M0v	180	src/snes9x/native_cpu_opcodes.cpp	local	522cad8924199d2f101340b0a71c334a093d2a88a35c348fd6be849464e80a5c	522cad8924199d2f101340b0a71c334a093d2a88a35c348fd6be849464e80a5c	522cad8924199d2f101340b0a71c334a093d2a88a35c348fd6be849464e80a5c	737e8b78642a4d0e8fec2ce1da670ebcf232e6989a5c08ed5d1730f0bb2b9510	15	linked-historical-reference
0x00124728	_Z6Op97M1v	188	src/snes9x/native_cpu_opcodes.cpp	local	881836e156eb3a90f1780a9cee2b4028a3e67f3e238a0db5184c7c664a18d831	881836e156eb3a90f1780a9cee2b4028a3e67f3e238a0db5184c7c664a18d831	881836e156eb3a90f1780a9cee2b4028a3e67f3e238a0db5184c7c664a18d831	422b64209fadab9f55de3475e060d6eb58ed1a1418eab44ec0ac70d5d83a6999	15	linked-historical-reference
0x001247e4	_Z6Op97M0v	188	src/snes9x/native_cpu_opcodes.cpp	local	6f5864f02f9dd34fb293c0b8d7ca179e8e151653d5fbcdad0592e00144fa543f	6f5864f02f9dd34fb293c0b8d7ca179e8e151653d5fbcdad0592e00144fa543f	6f5864f02f9dd34fb293c0b8d7ca179e8e151653d5fbcdad0592e00144fa543f	4b66fccf8ee7cd989342a1ee99ca3ca9f23a9368458d5426bd0a50ea47dae35a	15	linked-historical-reference
0x001248a0	_Z6Op8DM1v	116	src/snes9x/native_cpu_opcodes.cpp	local	a4a1f3085b5a6d904d455ea7e379e2707cc81e7fd2a2d72b045ad216b00e7aca	a4a1f3085b5a6d904d455ea7e379e2707cc81e7fd2a2d72b045ad216b00e7aca	41033e78f313d51a9621851aeb3886ad8200e8d25af084e24c54e4e92c1bff9f	6720269fe62f7b31c693c785e2b0d4fe71623dd1f50a14e47a980abcaca578b2	10	linked-historical-reference
0x00124914	_Z6Op8DM0v	116	src/snes9x/native_cpu_opcodes.cpp	local	de8b6d2f9269141585e33addfbf5207c4f8058b7052b575144039b5aa155d02a	de8b6d2f9269141585e33addfbf5207c4f8058b7052b575144039b5aa155d02a	97a4646fb8db53c4950457076e8ae0fda834ab0f488cffd59551cf1815059e40	8b29e50ff534959262e7f9066d73ff4180303f93981944811f04356eaf49bc66	10	linked-historical-reference
0x00124988	_Z6Op9DM1v	128	src/snes9x/native_cpu_opcodes.cpp	local	af775be481a952fb58e9a66ec8a21c64d33c47c59ad77ce8f755f3e42b004829	af775be481a952fb58e9a66ec8a21c64d33c47c59ad77ce8f755f3e42b004829	f65cd1e14046748c4b73ddbd7fcc13ec78a05e526e0a8c12d3b6bf9ced3ec56a	3e89c3e00585bf51ca425a719623c4ca560049768fa3de4d2ee9203105e8aecb	10	linked-historical-reference
0x00124a08	_Z6Op9DM0v	128	src/snes9x/native_cpu_opcodes.cpp	local	5cd6db9c09264fe8c7831bf50fb7e874dfdd43b019f6371d07e5e8adb818bbec	5cd6db9c09264fe8c7831bf50fb7e874dfdd43b019f6371d07e5e8adb818bbec	526ba2ac0b294b3dc39543b749216dcc90d1bec9675a0b8c635240e52464d5af	8d7b9494ec3d2437e729dd69d181d8a0854c3b68fd387fc42e53a80d34919367	10	linked-historical-reference
0x00124a88	_Z6Op99M1v	128	src/snes9x/native_cpu_opcodes.cpp	local	b9eca6855595ebfbc6b35e570afaceb39aa352090eda770b0d750e48e715b13b	b9eca6855595ebfbc6b35e570afaceb39aa352090eda770b0d750e48e715b13b	b3322dc3dfd4919d06e6a51996888dd9b741d8719b7322c8d2cf6147310765f0	ec3698784563e965038e88af1deac60507e066432fa811ba3d07588a2ff2b281	10	linked-historical-reference
0x00124b08	_Z6Op99M0v	128	src/snes9x/native_cpu_opcodes.cpp	local	328f0cb9b897f3eb1d66d94e8a0e9fd4cc0e8c0f93f2bce04751293f57088c8d	328f0cb9b897f3eb1d66d94e8a0e9fd4cc0e8c0f93f2bce04751293f57088c8d	ff5176f9df303f83d263a371c2fea8e1643b45590aeb469222f825bd5b80b74d	f1ce9f53cb84788506deae91f9ed60b8ade95ca54765bfbe433f8f965803ca45	10	linked-historical-reference
0x00124b88	_Z6Op8FM1v	116	src/snes9x/native_cpu_opcodes.cpp	local	038b6636b443f5b445f71a62f52060d3f79e76901d9023a9a6b3dd928be1ff9d	038b6636b443f5b445f71a62f52060d3f79e76901d9023a9a6b3dd928be1ff9d	e2e02d14e250e7ca348a93f8be977ad15ea2f10db41bd067efb3b215f9517fc2	9aaacd187f09f5c2bf4eb1c9baa6186520fadef617e8690251acb83a0a850cbb	8	linked-historical-reference
0x00124bfc	_Z6Op8FM0v	116	src/snes9x/native_cpu_opcodes.cpp	local	08c4d6a320959bb8fb0c912426ce412ef54b33058e1b1bd6a62d24445c0f0d17	08c4d6a320959bb8fb0c912426ce412ef54b33058e1b1bd6a62d24445c0f0d17	e0d68f25a1f10ceaee8637f761ac8bc95bdf8e3104c65a1a9c83296a66086352	adf9b3df2c2cdfb214895d5c78a023a86841056a1e09d7a5dae173acb3511a4d	8	linked-historical-reference
0x00124c70	_Z6Op9FM1v	140	src/snes9x/native_cpu_opcodes.cpp	local	da57c6537dd3ed4721c25477c1d3908d9f13eec5d18f3d4fcb71bc6338ae1040	da57c6537dd3ed4721c25477c1d3908d9f13eec5d18f3d4fcb71bc6338ae1040	da57c6537dd3ed4721c25477c1d3908d9f13eec5d18f3d4fcb71bc6338ae1040	87d0b5fd58fa2649c6dfd85256826d16ff5365e66d5adec83b48c7c6b44510f4	8	linked-historical-reference
0x00124cfc	_Z6Op9FM0v	140	src/snes9x/native_cpu_opcodes.cpp	local	eff7636916954e979bcc16376112277094567f60f378d0aadd19ed7a904e6fdd	eff7636916954e979bcc16376112277094567f60f378d0aadd19ed7a904e6fdd	eff7636916954e979bcc16376112277094567f60f378d0aadd19ed7a904e6fdd	752df73e3d839d982ee47d58eee637ab6b8c3f2c1ead9dc4a6633657aa188d92	8	linked-historical-reference
0x00124d88	_Z6Op83M1v	104	src/snes9x/native_cpu_opcodes.cpp	local	da6fc348560bc183438afe3f5ced03af9931dce10ee3eca156fd29be867ea11b	da6fc348560bc183438afe3f5ced03af9931dce10ee3eca156fd29be867ea11b	da6fc348560bc183438afe3f5ced03af9931dce10ee3eca156fd29be867ea11b	05cfeb7b6045b1078eedc5569ec1ab1954ffbf9a767a84fd100b3932cb253810	8	linked-historical-reference
0x00124df0	_Z6Op83M0v	104	src/snes9x/native_cpu_opcodes.cpp	local	7e25c98d015c73459da6a9b8c49ec7d5bdafd42df6d000a5baf9b8d1a4d44911	7e25c98d015c73459da6a9b8c49ec7d5bdafd42df6d000a5baf9b8d1a4d44911	7e25c98d015c73459da6a9b8c49ec7d5bdafd42df6d000a5baf9b8d1a4d44911	f44fdf0093b0990c8fa038d1e55edec6fc88980d4bdc1c00e033fae7d96ddb18	8	linked-historical-reference
0x00124e58	_Z6Op93M1v	176	src/snes9x/native_cpu_opcodes.cpp	local	468d1fc51067d68c20c2a44cde5796eb0c33600e3eaf82f5fb11112f2681036e	468d1fc51067d68c20c2a44cde5796eb0c33600e3eaf82f5fb11112f2681036e	7f486d665439ec4944e9650dd6dc141857cbb6197b9980d0477d07d9cd3a288e	6a1ba593639b348b97ad0cb2dde395895ca324bfe78b3cbbf52e2ff5ad5a90ce	15	linked-historical-reference
0x00124f08	_Z6Op93M0v	176	src/snes9x/native_cpu_opcodes.cpp	local	569385a2467e164449f3643205c47187f1f8d9c9f800e26689c15222a321d0a5	569385a2467e164449f3643205c47187f1f8d9c9f800e26689c15222a321d0a5	104881e998449e44cc5b0d3d18d23343861ab893a2464c429b052a280ef30fb4	907e4c6db3972abc537d14615f1267d993a1d1f166404c025e038a9dc29aa5b5	15	linked-historical-reference
0x00124fb8	_Z6Op86X1v	100	src/snes9x/native_cpu_opcodes.cpp	local	e7f907dc7af5066fbb805513c1782606ed3b408b91f3b213233b5dfb8596415e	e7f907dc7af5066fbb805513c1782606ed3b408b91f3b213233b5dfb8596415e	e7f907dc7af5066fbb805513c1782606ed3b408b91f3b213233b5dfb8596415e	2b32efdc77c93473ab8c6e30dbaeebf472c6d8e8f45f8ee606e27874c49d228f	8	linked-historical-reference
0x0012501c	_Z6Op86X0v	100	src/snes9x/native_cpu_opcodes.cpp	local	f0c1bd29e4d27cee0e52529a48162062c86b12c0ea7c6de2a590feb86276a840	f0c1bd29e4d27cee0e52529a48162062c86b12c0ea7c6de2a590feb86276a840	f0c1bd29e4d27cee0e52529a48162062c86b12c0ea7c6de2a590feb86276a840	8479f6934828ce6428cd4fea4d8549bdda16eb1afeeb38f59afde77d27c56bab	8	linked-historical-reference
0x00125080	_Z6Op96X1v	128	src/snes9x/native_cpu_opcodes.cpp	local	7c7342a3dd4f1b4e74d102bde0bf22b44d215cdad741d4f7ee9b39d7ed26d5b2	7c7342a3dd4f1b4e74d102bde0bf22b44d215cdad741d4f7ee9b39d7ed26d5b2	7c7342a3dd4f1b4e74d102bde0bf22b44d215cdad741d4f7ee9b39d7ed26d5b2	51c0d5cee70a715481473169d7e139a993f3d3e7f689034a1bf9c2f9061df113	8	linked-historical-reference
0x00125100	_Z6Op96X0v	128	src/snes9x/native_cpu_opcodes.cpp	local	25fce0fbf95fefb75ff5d5af15558a094e8724900c08f7f640fb131f0c52df4a	25fce0fbf95fefb75ff5d5af15558a094e8724900c08f7f640fb131f0c52df4a	25fce0fbf95fefb75ff5d5af15558a094e8724900c08f7f640fb131f0c52df4a	1169bf0e46be7d834bb605f0c70d667a1933fb2e902e0b5cbba45c03ad4a3734	8	linked-historical-reference
0x00125180	_Z6Op8EX1v	116	src/snes9x/native_cpu_opcodes.cpp	local	a221b1137acb2a0a479a1f5a959b296760cf08c82416c206f2bada4f72440432	a221b1137acb2a0a479a1f5a959b296760cf08c82416c206f2bada4f72440432	41033e78f313d51a9621851aeb3886ad8200e8d25af084e24c54e4e92c1bff9f	991ec837701f524351731ed9d8ba6c4e82cb5911d28a348e5dac8e5237b7afd9	10	linked-historical-reference
0x001251f4	_Z6Op8EX0v	116	src/snes9x/native_cpu_opcodes.cpp	local	10db855844a9e101171cfe560727df54f97cbb4d93ea645e98219e6349d04f85	10db855844a9e101171cfe560727df54f97cbb4d93ea645e98219e6349d04f85	97a4646fb8db53c4950457076e8ae0fda834ab0f488cffd59551cf1815059e40	0263cd27dc2a68203139703427288410b68e39a80a6b1051c4d3759e6dd1f83a	10	linked-historical-reference
0x00125268	_Z6Op84X1v	100	src/snes9x/native_cpu_opcodes.cpp	local	0f5b50c0ac7bb590066f521ae0662693df63af6dbfb57564e75f66a8d523bc3e	0f5b50c0ac7bb590066f521ae0662693df63af6dbfb57564e75f66a8d523bc3e	0f5b50c0ac7bb590066f521ae0662693df63af6dbfb57564e75f66a8d523bc3e	103e19cfa2ac97cf86aade35f1004f26be7b92602d8056adf3128294b407fa1d	8	linked-historical-reference
0x001252cc	_Z6Op84X0v	100	src/snes9x/native_cpu_opcodes.cpp	local	f6660b7ba473ccef1005bb12546431b0066876ceba48d09bc2c04ae7bda780ca	f6660b7ba473ccef1005bb12546431b0066876ceba48d09bc2c04ae7bda780ca	f6660b7ba473ccef1005bb12546431b0066876ceba48d09bc2c04ae7bda780ca	1d0939c8b82ad0d4f30d2aaee247191d49c17a805af32f987d2d035893001e3e	8	linked-historical-reference
0x00125330	_Z6Op94X1v	128	src/snes9x/native_cpu_opcodes.cpp	local	0a150fa22681ff90422c5661c0faa432a5e3a843d52aadda5e28ed39dc5b653a	0a150fa22681ff90422c5661c0faa432a5e3a843d52aadda5e28ed39dc5b653a	0a150fa22681ff90422c5661c0faa432a5e3a843d52aadda5e28ed39dc5b653a	efc50f3263d2ab14b457776b21a5eab684e07a0284b21644e9237fc371f0bd64	8	linked-historical-reference
0x001253b0	_Z6Op94X0v	128	src/snes9x/native_cpu_opcodes.cpp	local	36292e9481d3cd66331f84ec61b8bff0d606ff57985f4c8bc049551c76ff06d2	36292e9481d3cd66331f84ec61b8bff0d606ff57985f4c8bc049551c76ff06d2	36292e9481d3cd66331f84ec61b8bff0d606ff57985f4c8bc049551c76ff06d2	0bb27eba8604d01f5a5445b578709a5c73cd9b27e57458065d5d950b76d48be2	8	linked-historical-reference
0x00125430	_Z6Op8CX1v	116	src/snes9x/native_cpu_opcodes.cpp	local	434057337675b21520004f4640347126e0855e8305199ca97cf13c30d39af33a	434057337675b21520004f4640347126e0855e8305199ca97cf13c30d39af33a	41033e78f313d51a9621851aeb3886ad8200e8d25af084e24c54e4e92c1bff9f	a484ac58b9dcd3980ee5a354a39a02610082b95efbaa2a7f7ab04c1fbe3a0cee	10	linked-historical-reference
0x001254a4	_Z6Op8CX0v	116	src/snes9x/native_cpu_opcodes.cpp	local	08e066ad3cf285a6214203fce6d0e247befa32c255f5e49712f34ae7390a123d	08e066ad3cf285a6214203fce6d0e247befa32c255f5e49712f34ae7390a123d	97a4646fb8db53c4950457076e8ae0fda834ab0f488cffd59551cf1815059e40	334c23596fd3046f4fa6b5aa80769755ae494af2c06bef453ebe1e77d47d8bf8	10	linked-historical-reference
0x00125518	_Z6Op64M1v	96	src/snes9x/native_cpu_opcodes.cpp	local	dd17e5b98a07135d904f8d97cb57642caa07071704011565b21f3213d219d68a	dd17e5b98a07135d904f8d97cb57642caa07071704011565b21f3213d219d68a	50b43cce5326dc2386880bc66ebdcb471b51168f57a4c4ee0f07e94d0c9541f7	389bc9c5a9521aa89825e72044994d5f2a04ba96e89be7c513c3bd99d4b47308	8	linked-historical-reference
0x00125578	_Z6Op64M0v	96	src/snes9x/native_cpu_opcodes.cpp	local	dd17e5b98a07135d904f8d97cb57642caa07071704011565b21f3213d219d68a	dd17e5b98a07135d904f8d97cb57642caa07071704011565b21f3213d219d68a	50b43cce5326dc2386880bc66ebdcb471b51168f57a4c4ee0f07e94d0c9541f7	19bc591372370a9f512474070e8b2cd13dac54e35a13e53aefaab104ba1d1be3	8	linked-historical-reference
0x001255d8	_Z6Op74M1v	128	src/snes9x/native_cpu_opcodes.cpp	local	e14401fa59ce738542bc76851f81442f17981815c11d63935d5b4ee4dff4e6fb	e14401fa59ce738542bc76851f81442f17981815c11d63935d5b4ee4dff4e6fb	e14401fa59ce738542bc76851f81442f17981815c11d63935d5b4ee4dff4e6fb	ba03e25eb280876acb993662d47e1e27304dff89feda3184890e4131446727ba	8	linked-historical-reference
0x00125658	_Z6Op74M0v	128	src/snes9x/native_cpu_opcodes.cpp	local	e14401fa59ce738542bc76851f81442f17981815c11d63935d5b4ee4dff4e6fb	e14401fa59ce738542bc76851f81442f17981815c11d63935d5b4ee4dff4e6fb	e14401fa59ce738542bc76851f81442f17981815c11d63935d5b4ee4dff4e6fb	708e8b65c370933c72ccb28c50c5c71f6e5f84f7093fa9d9b736c9d15a80cefc	8	linked-historical-reference
0x001256d8	_Z6Op9CM1v	112	src/snes9x/native_cpu_opcodes.cpp	local	5c66b336e3f064fe9f090b1fb0d15a4bb1dbeedce8728c2a605d98e69b8d893d	5c66b336e3f064fe9f090b1fb0d15a4bb1dbeedce8728c2a605d98e69b8d893d	33dda731f582e66c18c83df9953c40c3af521a8c4fda4d9ee305df4fb4adb3b8	9612961a69bb874bd0b2213814b70e50d52a8fe647479561d697abad93ac9ff8	8	linked-historical-reference
0x00125748	_Z6Op9CM0v	112	src/snes9x/native_cpu_opcodes.cpp	local	5c66b336e3f064fe9f090b1fb0d15a4bb1dbeedce8728c2a605d98e69b8d893d	5c66b336e3f064fe9f090b1fb0d15a4bb1dbeedce8728c2a605d98e69b8d893d	33dda731f582e66c18c83df9953c40c3af521a8c4fda4d9ee305df4fb4adb3b8	f2fcc4d1649c05b73dbca22c7150e30fdbd90f5c7b77e7ea2f6949f902e68cb8	8	linked-historical-reference
0x001257b8	_Z6Op9EM1v	124	src/snes9x/native_cpu_opcodes.cpp	local	53414cf1dc1b3148c72f4de53a0e9990b0bb2267cbce12bd3d45f4661fe6ec25	53414cf1dc1b3148c72f4de53a0e9990b0bb2267cbce12bd3d45f4661fe6ec25	b8e0cb824f425f25e145dd7f6a0e439dddc85bbefc0e2b8cc39788845b478206	054aec7def5e9448575940657d92cc1f5b30ec678f550ded74f90506d8620fa5	10	linked-historical-reference
0x00125834	_Z6Op9EM0v	124	src/snes9x/native_cpu_opcodes.cpp	local	53414cf1dc1b3148c72f4de53a0e9990b0bb2267cbce12bd3d45f4661fe6ec25	53414cf1dc1b3148c72f4de53a0e9990b0bb2267cbce12bd3d45f4661fe6ec25	b8e0cb824f425f25e145dd7f6a0e439dddc85bbefc0e2b8cc39788845b478206	4ad322a97f6963608ebdae7d148a4782776aa47e050c8d58ed6b10ab5675b5fb	10	linked-historical-reference
0x001258b0	_Z6Op14M1v	172	src/snes9x/native_cpu_opcodes.cpp	local	13ce9a3f2f8d65d0fe16f77570b282f1aaccf4ce05305cbf15de57c5a4cbd7b8	13ce9a3f2f8d65d0fe16f77570b282f1aaccf4ce05305cbf15de57c5a4cbd7b8	d1558cfa9c2533db99b840a4d3c3f9c2b8bfe226f7b9b191058ecec3bde5a04e	6a344cd4fa0f6fb3ddddeacc815cd42ce239e7402d37fcae76bffaf38b04950d	16	linked-historical-reference
0x0012595c	_Z6Op14M0v	208	src/snes9x/native_cpu_opcodes.cpp	local	9dad6bfcfd0606b7515e5ded6a51e703ab8d58f4821aa04cf6f1a4b892a79c35	9dad6bfcfd0606b7515e5ded6a51e703ab8d58f4821aa04cf6f1a4b892a79c35	450766e7c39b7e25e21a43e3965316a22c58cc20f5c8c1a02692de7886f4d221	e3074934b9d234748a16a6e95db6e8ccbbd1e5a9aba6cf09dcd915e1020e8aa2	19	linked-historical-reference
0x00125a2c	_Z6Op1CM1v	188	src/snes9x/native_cpu_opcodes.cpp	local	e7be5fc71fdc27080ad5153d135d2e342c779debecd21169b62f0bc8a247196c	e7be5fc71fdc27080ad5153d135d2e342c779debecd21169b62f0bc8a247196c	abb2d29a0a252ed695a3c7543e5e4cbbb09c34ad9eea3f1f7c6df3224375f933	4e1f73cf158644f9e5e89f8d2349d039dfac71ac7dd9e02a79de79885cd596d9	16	linked-historical-reference
0x00125ae8	_Z6Op1CM0v	224	src/snes9x/native_cpu_opcodes.cpp	local	aaa235ba031c43c11563e7e8def901a6dd75c3a57fd24c3f825f65ea33b53ce4	aaa235ba031c43c11563e7e8def901a6dd75c3a57fd24c3f825f65ea33b53ce4	c2b71189cc410be8b354920bae4b94dded75a7472da72dea5018fbfdfc6e811e	d7e18451d24d22bffc39698b4d249bf88d489be95d338598d47adf5ffc687868	19	linked-historical-reference
0x00125bc8	_Z6Op04M1v	168	src/snes9x/native_cpu_opcodes.cpp	local	ce8c006760af9c70368a1195fc16ede6bfb4016535d98f641409786874075f4b	ce8c006760af9c70368a1195fc16ede6bfb4016535d98f641409786874075f4b	7fdb749724105fca4d4a8cef6b3a19229d880fca6ef245ab45cabdc5df282d29	3d4b2b4cb41106185a90aa86dd7815a2ef9f5806427f03c15beffd77f887d571	16	linked-historical-reference
0x00125c70	_Z6Op04M0v	208	src/snes9x/native_cpu_opcodes.cpp	local	a64caf535c7199edb4c489d735de6048738b066d2af0a2123afd6122ec8833e2	a64caf535c7199edb4c489d735de6048738b066d2af0a2123afd6122ec8833e2	ce9404bbbcce03cae81a5714dce764b6c337a3d5d4de52a07032efe8e206e68c	3de5e6fc819a058edc59e3510a484028ffb83e5a1da042ee4b2043348dcb3c00	19	linked-historical-reference
0x00125d40	_Z6Op0CM1v	184	src/snes9x/native_cpu_opcodes.cpp	local	9a869015e901f6647e79bf4711d302c9f8f912f4bfabd0c3e3c4c89e6cbd2e48	9a869015e901f6647e79bf4711d302c9f8f912f4bfabd0c3e3c4c89e6cbd2e48	9f6340b06aca65bdefd7a30a10ed6ad15de0e75063d3718d2a022465b3c1e6a2	3e69dc20e3c77b8edac7966ea6102b6ebc9e5d8ee80d1ff0d39811c4abac4216	16	linked-historical-reference
0x00125df8	_Z6Op0CM0v	220	src/snes9x/native_cpu_opcodes.cpp	local	977fb3aeae01ab7e36a63a2850d81eca2086074a3115710e9726c5d1f520d393	977fb3aeae01ab7e36a63a2850d81eca2086074a3115710e9726c5d1f520d393	240e1e5e84216636b24e420bb6b331680887716bc4168f6fe7585f383c2529b8	6ad276bfd625ec579159b899ebc514d8526dacd6f2c0d6b88664f863d70519f4	19	linked-historical-reference
0x00125ed4	_Z4Op90v	196	src/snes9x/native_cpu_opcodes.cpp	local	2205f6cb6321137a018505974c2e67e1aed5dddc52ad2bf170d0a31f5def1558	b9d350edc2ccc5ba63d620651295b5751531480aaa8d227dbd63789008355b35	7decc91341a643f0095131821824521dc8067bf2ad8c681926e4d0d0c3b44328	1ac38ff263a9b0551169de2e0759e0608dd8d96f3f656d3ee7a1e3913111e786	13	linked-historical-reference
0x00125f98	_Z4OpB0v	196	src/snes9x/native_cpu_opcodes.cpp	local	2ac673c7b75c258b307cfa33387913d8bb25e1096e6a7ce550720887fea6dba7	2c66eb441d0d4c51723ae302aebf4eeb7227c7480718df914c224f6f17f2acb1	fcf22d2bb729b47f30664b60ffe32bfe7de99ca5e53fa04732ca1f937eee6cde	234f0fbb39864548fd29751fa2f5c831c43ca59b2c5a6c1c38844e63c38f39e5	13	linked-historical-reference
0x0012605c	_Z4OpF0v	300	src/snes9x/native_cpu_opcodes.cpp	local	d6d88cc3ffb891e98285204a953913beb18519f73c73702c4b92a1e52ad7f7cb	a8d42ddd943c3fdc7fb6a8bfdb28681c9c464f133be9faf2b8905cf99cc95882	89c7694135e0f487b63fc48fad698d9e9a3bb392d26801c3e82412a1a5367909	131937b9e2089a129897531cb32f5da2930f6515420669e6f2749a925714ae80	25	linked-historical-reference
0x00126188	_Z4Op30v	292	src/snes9x/native_cpu_opcodes.cpp	local	c16dc548e0ec1d397f04024eaacf0392d7c72ad4e4808de7faa9212295f47a80	694de68acadaef1e662fb27e605e0e5d5be6b139ec378694af95cfbf0132b72c	e52113822a0f6e233ef49f6a5143ab148517e5c7199803d9dddc412865590ff9	ae425671e7048f7fabbaaf95ee57990d760ebc02080c39813f50ab209a426e31	23	linked-historical-reference
0x001262ac	_Z4OpD0v	288	src/snes9x/native_cpu_opcodes.cpp	local	b3cb3757d967a961b845ce3c14acd49b86ff65d70105c0f70627d242cb67301b	b68e991b4da9743c82469c28de8f3d0317b95b28d6a18806d8599662d1760bac	fe05be804a8d5ac63344c1e69d7600c05782c4ad7b1b37a6849f9f7be2688b5c	44a15bc9cd3cefe7c9d75eb94a3fa0df388da49592ee4dfb7fd5720f035509ab	23	linked-historical-reference
0x001263cc	_Z4Op10v	292	src/snes9x/native_cpu_opcodes.cpp	local	fa7d6c702b83740e7d40bade6d53aed24be018180b58edfd96cef07ad847a1fb	c9eabfcf61ef91106de6a19ef81de1eb335fce861f78512c6b84cbac9826a3c6	fece19424bfcf95c5b5823eca8ae1016137deb08ed131eeb1dcba6e7ef60c8f0	7b97a0edee96a6189b7f0fa627e907e6ff7ddca59ce4e6a1876deea354685550	23	linked-historical-reference
0x001264f0	_Z4Op80v	116	src/snes9x/native_cpu_opcodes.cpp	local	6caf212e94058a39db3856c9e1446989b1e4358e4bb734c05e91fa4d4bb92e12	a3a463f0ffe37290c8384f29c5d35d68286a4163841541914ee8b56aadf0eb14	6caf212e94058a39db3856c9e1446989b1e4358e4bb734c05e91fa4d4bb92e12	827451b7369583672ca5362227e5267a476c5bde18f9dc51f41311554f1c0eb0	8	linked-historical-reference
0x00126564	_Z4Op50v	196	src/snes9x/native_cpu_opcodes.cpp	local	67802597c624f95bf0e0bfa7df00a4c16bf49dd7bf461158a2b66acfbbf30898	a7c558557623b2c870db37ef047a8f6734e8b0f0405826b2bc961e01f0da9ec4	7decc91341a643f0095131821824521dc8067bf2ad8c681926e4d0d0c3b44328	91027b7402eb43bca15b80dcf6d6e39f76c44c40ada45faadf95d09f23fde177	13	linked-historical-reference
0x00126628	_Z4Op70v	196	src/snes9x/native_cpu_opcodes.cpp	local	eb83888fde98fe8d1e5910ca2e660536c1437463449a2584113310918b3e79bd	bd9acf89a467230c62ea163d072e98390f8d46b22302f9b97b5b9be89205eaa1	fcf22d2bb729b47f30664b60ffe32bfe7de99ca5e53fa04732ca1f937eee6cde	c6d6d089c14eb6593b007fc4c52849ee0e0c5be29b67ec4fcc91ae1b8fff2dcd	13	linked-historical-reference
0x001266ec	_Z4Op18v	32	src/snes9x/native_cpu_opcodes.cpp	local	894eaaaccd187c6c0cb465e3e071f6d50be29a7fe3b6e73a6e2290da9205e19a	894eaaaccd187c6c0cb465e3e071f6d50be29a7fe3b6e73a6e2290da9205e19a	f47017123a7a3de617075df18f4cd8d799692965f791716ac76e426b9ea27f73	873398c06d49532a98ddcb7cb6689cac8f0b49644646dac48921831c10e3fd9d	4	linked-historical-reference
0x0012670c	_Z4OpD8v	44	src/snes9x/native_cpu_opcodes.cpp	local	8efe8c898e177717365b35d39e87af73c61936f8cad1c0b4837f6db0f6786a58	8efe8c898e177717365b35d39e87af73c61936f8cad1c0b4837f6db0f6786a58	8efe8c898e177717365b35d39e87af73c61936f8cad1c0b4837f6db0f6786a58	23f29688a1af83fd6aec51abcf8f6b94c50f889148cc3d4f6ca46a61932b03b0	4	linked-historical-reference
0x00126738	_Z4Op58v	44	src/snes9x/native_cpu_opcodes.cpp	local	a4ee868dadd8b676e691066fdc21b37bf758477e415ffc21ca5281340efa2172	a4ee868dadd8b676e691066fdc21b37bf758477e415ffc21ca5281340efa2172	a4ee868dadd8b676e691066fdc21b37bf758477e415ffc21ca5281340efa2172	9bea5f918a3823e1a6b334a4b2e4b17b116e81c9755876eacd55243948cd5cfa	4	linked-historical-reference
0x00126764	_Z4OpB8v	32	src/snes9x/native_cpu_opcodes.cpp	local	76312654185ec9daa8d6291f70d304532d73cff27925273168eb3d45ed14c0af	76312654185ec9daa8d6291f70d304532d73cff27925273168eb3d45ed14c0af	f47017123a7a3de617075df18f4cd8d799692965f791716ac76e426b9ea27f73	cc85633233b520c10e465bf547f70f2d89affc13d872334a79b2f588b4afdde7	4	linked-historical-reference
0x00126784	_Z6OpCAX1v	68	src/snes9x/native_cpu_opcodes.cpp	local	bfb59fdafa522547a70b564ea3e30bd53655e5b4d274ae41199bf7d60b33bea3	bfb59fdafa522547a70b564ea3e30bd53655e5b4d274ae41199bf7d60b33bea3	bfb59fdafa522547a70b564ea3e30bd53655e5b4d274ae41199bf7d60b33bea3	63d7470736112ae0baf5648b470d49df564422cd1d30a2bc11cde98cc561503a	6	linked-historical-reference
0x001267c8	_Z6OpCAX0v	76	src/snes9x/native_cpu_opcodes.cpp	local	32337d5541413bda07525a468197ad79a533c09adcf16ec8a8bb27588fd84f38	32337d5541413bda07525a468197ad79a533c09adcf16ec8a8bb27588fd84f38	32337d5541413bda07525a468197ad79a533c09adcf16ec8a8bb27588fd84f38	99e003f31671bb81db429b76da21d06fd8d1f3c8c1faabcbef16fb9db0f4c409	6	linked-historical-reference
0x00126814	_Z6Op88X1v	68	src/snes9x/native_cpu_opcodes.cpp	local	f22c297129e320b491835563ba2621d17a0b3dca27287d86d714fb6a3d7536c2	f22c297129e320b491835563ba2621d17a0b3dca27287d86d714fb6a3d7536c2	f22c297129e320b491835563ba2621d17a0b3dca27287d86d714fb6a3d7536c2	5671fab7e746777a2b30891317003c8ffc6908d84deec49ba9e235285678469a	6	linked-historical-reference
0x00126858	_Z6Op88X0v	76	src/snes9x/native_cpu_opcodes.cpp	local	879004678916a93ef9d484cf68fd141b7d574d3f2e5c2d100961917daefb15b2	879004678916a93ef9d484cf68fd141b7d574d3f2e5c2d100961917daefb15b2	879004678916a93ef9d484cf68fd141b7d574d3f2e5c2d100961917daefb15b2	21e147bcdb3d8313ddfe8a110c620ea2c8021e55ae3d1b1e33324a813b9f6d2b	6	linked-historical-reference
0x001268a4	_Z6OpE8X1v	68	src/snes9x/native_cpu_opcodes.cpp	local	e61f655e26a0044ad609aa925e20a83e3da0c7daf96e1eb42a6b687fc5a69ed9	e61f655e26a0044ad609aa925e20a83e3da0c7daf96e1eb42a6b687fc5a69ed9	e61f655e26a0044ad609aa925e20a83e3da0c7daf96e1eb42a6b687fc5a69ed9	099a11b99f12e4b0bd553ef938d152a7899b496c3ac16c92f96f7e61182f34c5	6	linked-historical-reference
0x001268e8	_Z6OpE8X0v	76	src/snes9x/native_cpu_opcodes.cpp	local	dac888c4f79eb4ed3a001f381fbfb417745bdcd59d4c249c2d95fc039b4de58b	dac888c4f79eb4ed3a001f381fbfb417745bdcd59d4c249c2d95fc039b4de58b	dac888c4f79eb4ed3a001f381fbfb417745bdcd59d4c249c2d95fc039b4de58b	f850134aad130125a6209040caf73ffc3a9cc858e34fafad90d624e37ff84247	6	linked-historical-reference
0x00126934	_Z6OpC8X1v	68	src/snes9x/native_cpu_opcodes.cpp	local	e695cadbfdea4cddfc27b2bce2b591758af1c84127f4456c412fcee478c3d017	e695cadbfdea4cddfc27b2bce2b591758af1c84127f4456c412fcee478c3d017	e695cadbfdea4cddfc27b2bce2b591758af1c84127f4456c412fcee478c3d017	957141f77d02a3c28a2e585ca2f31648d352d0a0dadf4123bc9d137410290c76	6	linked-historical-reference
0x00126978	_Z6OpC8X0v	76	src/snes9x/native_cpu_opcodes.cpp	local	486bb8b2d47d7445a7193576a9abb8dc62057b064d7438706434289708808d2b	486bb8b2d47d7445a7193576a9abb8dc62057b064d7438706434289708808d2b	486bb8b2d47d7445a7193576a9abb8dc62057b064d7438706434289708808d2b	18c2fb0b30d14e8ed9f9b7b9d88221068eff76ece29bcb200b81a716f07f1cd5	6	linked-historical-reference
0x001269c4	_Z4OpEAv	24	src/snes9x/native_cpu_opcodes.cpp	local	86279fd385ce2d2001cf38a4ec5573bf6cd82d9a603b23c18e05aa13d03817ad	86279fd385ce2d2001cf38a4ec5573bf6cd82d9a603b23c18e05aa13d03817ad	86279fd385ce2d2001cf38a4ec5573bf6cd82d9a603b23c18e05aa13d03817ad	623f43196ccb9845bb250649a232c958294219f357d062898a9809c045822dbb	2	linked-historical-reference
0x001269dc	_Z4OpF4v	168	src/snes9x/native_cpu_opcodes.cpp	local	08b9cacfea5dfd370fd4468eb92cfd70014ce0f06ed3ddf2bbac63cc8e6eb631	08b9cacfea5dfd370fd4468eb92cfd70014ce0f06ed3ddf2bbac63cc8e6eb631	503f3dfa976a01becae6eb12ae57f47c5027843866879f182bbae046b94f20ad	c77126db929d523fa1e927a197c0e06ac9b124576ffbe807ada0edf68a1dd68a	12	linked-historical-reference
0x00126a84	_Z4OpD4v	184	src/snes9x/native_cpu_opcodes.cpp	local	abcf8915fc828dea95716c671ad4b120578c601690981f9634240ddd19397b43	abcf8915fc828dea95716c671ad4b120578c601690981f9634240ddd19397b43	f1554d979e0b54f892a86ea4258e5c6b42ccb118c6635f39b0c9c1b9be5b625e	f541f980eab261bc2345c9273307fa8c8e208c57c99ea74d8a0e790e7789f0f6	17	linked-historical-reference
0x00126b3c	_Z4Op62v	168	src/snes9x/native_cpu_opcodes.cpp	local	6e711539e7deecfd3ada6783ad185a4935501c0a06a880f8c3681a12aeef3777	6e711539e7deecfd3ada6783ad185a4935501c0a06a880f8c3681a12aeef3777	6e711539e7deecfd3ada6783ad185a4935501c0a06a880f8c3681a12aeef3777	7a64f26540d8ba07314db517d928103bdb3c197825d2c4681d84c7af82ef4508	10	linked-historical-reference
0x00126be4	_Z6Op48M1v	72	src/snes9x/native_cpu_opcodes.cpp	local	2fc208c83ee4b369df960842346a26a1f101e17d8050bc5e6378976a67b81ff0	2fc208c83ee4b369df960842346a26a1f101e17d8050bc5e6378976a67b81ff0	2fc208c83ee4b369df960842346a26a1f101e17d8050bc5e6378976a67b81ff0	b44d90f6e8b8cb909c642040865288eb16c9a778164a75ebb2c2c390c9fc835d	5	linked-historical-reference
0x00126c2c	_Z6Op48M0v	100	src/snes9x/native_cpu_opcodes.cpp	local	c778235b16d526be86dfa6c04ebe97531ad515dbacc54cf0cf0f7fa432342d51	c778235b16d526be86dfa6c04ebe97531ad515dbacc54cf0cf0f7fa432342d51	c778235b16d526be86dfa6c04ebe97531ad515dbacc54cf0cf0f7fa432342d51	3b6856d9b81ae294d62a23265a5781f9ec5a3ffb06abc354173194faa9e28adb	6	linked-historical-reference
0x00126c90	_Z4Op8Bv	72	src/snes9x/native_cpu_opcodes.cpp	local	9dfe55af44da64495f4798cdf6d2d982f2543bdfd4c34bf17deef6b32f98c1cc	9dfe55af44da64495f4798cdf6d2d982f2543bdfd4c34bf17deef6b32f98c1cc	9dfe55af44da64495f4798cdf6d2d982f2543bdfd4c34bf17deef6b32f98c1cc	d2494241213f9e40317326fdfbd5a1b888b7489693427bbd7252aa67047b074f	5	linked-historical-reference
0x00126cd8	_Z4Op0Bv	100	src/snes9x/native_cpu_opcodes.cpp	local	12804ede9467dd269059f2af4ed55c84dfd9aebc955db438ff9a9c3fec62c6e3	12804ede9467dd269059f2af4ed55c84dfd9aebc955db438ff9a9c3fec62c6e3	12804ede9467dd269059f2af4ed55c84dfd9aebc955db438ff9a9c3fec62c6e3	300e3abe42e6f00357bb49ad77488c7f3bdb4f7bb29b37a22b1607bfc8c75ffa	6	linked-historical-reference
0x00126d3c	_Z4Op4Bv	72	src/snes9x/native_cpu_opcodes.cpp	local	e1df749459f0412b25d5c72394241b9b3489686ea32c2e0f529f3b5e38e6faa8	e1df749459f0412b25d5c72394241b9b3489686ea32c2e0f529f3b5e38e6faa8	e1df749459f0412b25d5c72394241b9b3489686ea32c2e0f529f3b5e38e6faa8	4238fc33ece6989419551f89619d38560871e30ea9a2a008ef90e1855da8da89	6	linked-historical-reference
0x00126d84	_Z4Op08v	136	src/snes9x/native_cpu_opcodes.cpp	local	061f5b325af19144986af6686a111bb206ecb124edf0e90818fbcdb28b598879	061f5b325af19144986af6686a111bb206ecb124edf0e90818fbcdb28b598879	061f5b325af19144986af6686a111bb206ecb124edf0e90818fbcdb28b598879	9b862feb97c6a1d3f26507c5d26088be2fe9ed6de5543ef17951bfaaa06bfbfd	7	linked-historical-reference
0x00126e0c	_Z6OpDAX1v	72	src/snes9x/native_cpu_opcodes.cpp	local	118545b8e3479ad0eb610427bec368df82c36687db74e70861fc4babf3c077a5	118545b8e3479ad0eb610427bec368df82c36687db74e70861fc4babf3c077a5	118545b8e3479ad0eb610427bec368df82c36687db74e70861fc4babf3c077a5	497efe1ad7ef27a970e53eabcce953981bbfff087483ddba5d7414789ba25cb2	5	linked-historical-reference
0x00126e54	_Z6OpDAX0v	100	src/snes9x/native_cpu_opcodes.cpp	local	24b611aa32463fc70f5c611eeb518c90e30bfc38a3ed56fb3f7ea4a7bbaa2d21	24b611aa32463fc70f5c611eeb518c90e30bfc38a3ed56fb3f7ea4a7bbaa2d21	24b611aa32463fc70f5c611eeb518c90e30bfc38a3ed56fb3f7ea4a7bbaa2d21	3e75288ab457bc1d8df00d38633359beb8aa5c731f2b72597f14df37d75466a8	6	linked-historical-reference
0x00126eb8	_Z6Op5AX1v	72	src/snes9x/native_cpu_opcodes.cpp	local	ec965e703a0f4809b748a5615e210e016988a2d485c4886cd0a2cf274e75c478	ec965e703a0f4809b748a5615e210e016988a2d485c4886cd0a2cf274e75c478	ec965e703a0f4809b748a5615e210e016988a2d485c4886cd0a2cf274e75c478	1b541a24d0c2107554bc1f9a01552af06990a2af98a6fd424ac1ceb7589d5cb8	5	linked-historical-reference
0x00126f00	_Z6Op5AX0v	100	src/snes9x/native_cpu_opcodes.cpp	local	51e914bec5153201b8329a3722dc296877fd992c8a028519616011c491cca01f	51e914bec5153201b8329a3722dc296877fd992c8a028519616011c491cca01f	51e914bec5153201b8329a3722dc296877fd992c8a028519616011c491cca01f	a58692a9be3e7057307ef644ef590b226c83eeb09686d502ecd907ca905a566d	6	linked-historical-reference
0x00126f64	_Z6Op68M1v	96	src/snes9x/native_cpu_opcodes.cpp	local	c7aae76eaa782f214e6f408ca3b7682b83ed19c471fd126dd6d76317e6194ffd	c7aae76eaa782f214e6f408ca3b7682b83ed19c471fd126dd6d76317e6194ffd	c7aae76eaa782f214e6f408ca3b7682b83ed19c471fd126dd6d76317e6194ffd	ce510ac230aada8c5d3afc7e768be6652118dd9a9ab1c512ed40f77b7e94792c	7	linked-historical-reference
0x00126fc4	_Z6Op68M0v	108	src/snes9x/native_cpu_opcodes.cpp	local	c44f21e987dc52b6229a221fa33cd0daea1f3b72b66703f34cd4ab4d064f6baf	c44f21e987dc52b6229a221fa33cd0daea1f3b72b66703f34cd4ab4d064f6baf	c44f21e987dc52b6229a221fa33cd0daea1f3b72b66703f34cd4ab4d064f6baf	36431e8ed221ee20d1df2826daa406f7ea2b370bf442a07f624fa96b945a148d	7	linked-historical-reference
0x00127030	_Z4OpABv	104	src/snes9x/native_cpu_opcodes.cpp	local	060243259be5427c5cd45441d580acfbe52eb1330923adc6d37a70ec27c4d3b8	060243259be5427c5cd45441d580acfbe52eb1330923adc6d37a70ec27c4d3b8	060243259be5427c5cd45441d580acfbe52eb1330923adc6d37a70ec27c4d3b8	836334f0fe4f171c5ef465b6c177abbab56c36c178972b047420b3158aa57b83	7	linked-historical-reference
0x00127098	_Z4Op2Bv	108	src/snes9x/native_cpu_opcodes.cpp	local	8d93f41aae9185153082af97b847d3ad567219f27e1ad3ffaae62e189358192f	8d93f41aae9185153082af97b847d3ad567219f27e1ad3ffaae62e189358192f	8d93f41aae9185153082af97b847d3ad567219f27e1ad3ffaae62e189358192f	408f4abcce4b617cfdd81b11307f9801ff8ab2b604259687297b66cd599dbb6a	7	linked-historical-reference
0x00127104	_Z4Op28v	156	src/snes9x/native_cpu_opcodes.cpp	local	aac0d3709e843db11178680e75fb831411a9aa3b409e4ef5e5d3d72ee88c74e3	352f37ef2607bb666bcabe2b066f8272b0938eb7df867e59e7aa13487da5c999	352f37ef2607bb666bcabe2b066f8272b0938eb7df867e59e7aa13487da5c999	a50bf8369161c0f480ed162199e35c02860391c9ebf826bf878442833845481a	8	linked-historical-reference
0x001271a0	_Z6OpFAX1v	96	src/snes9x/native_cpu_opcodes.cpp	local	b82e1b933c39e6826bc6cd0af3ce9607aa606e8dc501142d50014197d0f3bca7	b82e1b933c39e6826bc6cd0af3ce9607aa606e8dc501142d50014197d0f3bca7	b82e1b933c39e6826bc6cd0af3ce9607aa606e8dc501142d50014197d0f3bca7	a9562013e15858ca5fea5b63c08cfa9f933775466f3eb72e70efe646297ce879	7	linked-historical-reference
0x00127200	_Z6OpFAX0v	108	src/snes9x/native_cpu_opcodes.cpp	local	f90fdf2145ffaafa9b2c330349aefb1695760f13d689b04ffcbf8a11cd9df7e8	f90fdf2145ffaafa9b2c330349aefb1695760f13d689b04ffcbf8a11cd9df7e8	f90fdf2145ffaafa9b2c330349aefb1695760f13d689b04ffcbf8a11cd9df7e8	f4887e1266a87ffaf5ad3072adf05ed85d988d2407c938b3fcb00260d53cb1c1	7	linked-historical-reference
0x0012726c	_Z6Op7AX1v	96	src/snes9x/native_cpu_opcodes.cpp	local	0b02877d0a0080a62a2e67f2ea5ccab46c9ebdffeab40a771d4bd7cfb955e9bc	0b02877d0a0080a62a2e67f2ea5ccab46c9ebdffeab40a771d4bd7cfb955e9bc	0b02877d0a0080a62a2e67f2ea5ccab46c9ebdffeab40a771d4bd7cfb955e9bc	aa1777ba05b5edaa0a9b09f2b9b871603c9c55354dd11a86e63e7740e7bdb9f9	7	linked-historical-reference
0x001272cc	_Z6Op7AX0v	108	src/snes9x/native_cpu_opcodes.cpp	local	454fe52603f4732b7bf1b3de5468a1a0cccb869de779335fdcd7bbbbc3ce550f	454fe52603f4732b7bf1b3de5468a1a0cccb869de779335fdcd7bbbbc3ce550f	454fe52603f4732b7bf1b3de5468a1a0cccb869de779335fdcd7bbbbc3ce550f	7cfcf766ce0a3b044f3bd3b73ae70a9038009fa1130508f756f1feb1c065d91f	7	linked-historical-reference
0x00127338	_Z4Op38v	36	src/snes9x/native_cpu_opcodes.cpp	local	e17bbd57a3ab5fa46c62e9f9509c1da5712fd4abeefc236215476d79a157ff89	e17bbd57a3ab5fa46c62e9f9509c1da5712fd4abeefc236215476d79a157ff89	ee2062fe779ab6ab53818b26f8c28b7903a31c2b65cf10ba5d1e0e016d2256d5	33cf8629f354771470e2855569ad2c3008d7b9ec5c19e185308d6722206fe9eb	4	linked-historical-reference
0x0012735c	_Z4OpF8v	56	src/snes9x/native_cpu_opcodes.cpp	local	024b941e4147f951a3caa54abb3fc9d9bb2a365a85addd4ed7f02b963d5e9072	024b941e4147f951a3caa54abb3fc9d9bb2a365a85addd4ed7f02b963d5e9072	15790b6074bec09e2b04e05e29845fe1eca4418c2f74badd3f47aeb207066f35	6b28fb1aa026269dd5f82e191f3b3201792120616e0d93633f5b1899ab128631	6	linked-historical-reference
0x00127394	_Z4Op78v	44	src/snes9x/native_cpu_opcodes.cpp	local	af7920ce58663a2c4588bbd6769d04a17ed6e6e2173b599cfe06c54cd12a0fc0	af7920ce58663a2c4588bbd6769d04a17ed6e6e2173b599cfe06c54cd12a0fc0	af7920ce58663a2c4588bbd6769d04a17ed6e6e2173b599cfe06c54cd12a0fc0	6d4bb19f51e8d064a8c0f4fe52c82db6bed25348f948076a4a06185c2258a1d2	4	linked-historical-reference
0x001273c0	_Z6OpAAX1v	56	src/snes9x/native_cpu_opcodes.cpp	local	a4ea9c746083e043f132b668364c870f9bb3e1fc075df9d9b052e71848080542	a4ea9c746083e043f132b668364c870f9bb3e1fc075df9d9b052e71848080542	a4ea9c746083e043f132b668364c870f9bb3e1fc075df9d9b052e71848080542	3d1bf3bfccc7aeb6bd3e9f98e261166973299121cee8df817e35631e0de51400	6	linked-historical-reference
0x001273f8	_Z6OpAAX0v	64	src/snes9x/native_cpu_opcodes.cpp	local	6a120e1bd0784ab28589ca67d6d0d71171b4b7634fe1ea5b57c2aec9161b9a6d	6a120e1bd0784ab28589ca67d6d0d71171b4b7634fe1ea5b57c2aec9161b9a6d	6a120e1bd0784ab28589ca67d6d0d71171b4b7634fe1ea5b57c2aec9161b9a6d	a54a4caa3aa7792323d1e20e9f33c0a4eb028bebfde3d6474307e1225e10f94b	6	linked-historical-reference
0x00127438	_Z6OpA8X1v	56	src/snes9x/native_cpu_opcodes.cpp	local	179bb3cee887e694a92120b605fa1af9ed374ff3323de8059a75a59c3f478742	179bb3cee887e694a92120b605fa1af9ed374ff3323de8059a75a59c3f478742	179bb3cee887e694a92120b605fa1af9ed374ff3323de8059a75a59c3f478742	3fb4c665922553bef76dd4681b40a73c11341c1de3a0e182244d9d134b594043	6	linked-historical-reference
0x00127470	_Z6OpA8X0v	64	src/snes9x/native_cpu_opcodes.cpp	local	e5290436cdece2a2f6c3b6d92d3a0ec9bcf0c9294ecb096fe086bb1bd0156f48	e5290436cdece2a2f6c3b6d92d3a0ec9bcf0c9294ecb096fe086bb1bd0156f48	e5290436cdece2a2f6c3b6d92d3a0ec9bcf0c9294ecb096fe086bb1bd0156f48	2816b60ea9b4322e715f200f18ad830b213de48af02b023823f8f4701a037470	6	linked-historical-reference
0x001274b0	_Z4Op5Bv	64	src/snes9x/native_cpu_opcodes.cpp	local	36b0b410acd0c56f99e10c5c74c2657bcf41e021c319a30e5641f13c4bab8414	36b0b410acd0c56f99e10c5c74c2657bcf41e021c319a30e5641f13c4bab8414	36b0b410acd0c56f99e10c5c74c2657bcf41e021c319a30e5641f13c4bab8414	7f9e55e577d8be97d10d626b0feee239069e377df90b81a50d6f282627f4d674	6	linked-historical-reference
0x001274f0	_Z4Op1Bv	64	src/snes9x/native_cpu_opcodes.cpp	local	a46308e7ef2583a7db544a2cd3699458487adc3cbfc20d79100e839513be9b43	a46308e7ef2583a7db544a2cd3699458487adc3cbfc20d79100e839513be9b43	a46308e7ef2583a7db544a2cd3699458487adc3cbfc20d79100e839513be9b43	da5adb668f40d6d150ba622edf58fb2a0eba899ab8ee72b456331a06ad34ec1e	4	linked-historical-reference
0x00127530	_Z4Op7Bv	64	src/snes9x/native_cpu_opcodes.cpp	local	bec055fba1e888e544962f7b477092ddfa1671ce6b4488d577d28682de8510fa	bec055fba1e888e544962f7b477092ddfa1671ce6b4488d577d28682de8510fa	bec055fba1e888e544962f7b477092ddfa1671ce6b4488d577d28682de8510fa	38a65703b68d1d6e66df8561ecc60dd1723f3fc459a5a64118ff0537c39decf7	6	linked-historical-reference
0x00127570	_Z4Op3Bv	64	src/snes9x/native_cpu_opcodes.cpp	local	e40cefce404ea08692ffcb51eff9677c2dd8bec0c68413c20c9a583a50e285ae	e40cefce404ea08692ffcb51eff9677c2dd8bec0c68413c20c9a583a50e285ae	e40cefce404ea08692ffcb51eff9677c2dd8bec0c68413c20c9a583a50e285ae	fa57077a50b9de8ec32a6545afd1e76a82113f14f0cfdc96948212235d7f5993	6	linked-historical-reference
0x001275b0	_Z6OpBAX1v	56	src/snes9x/native_cpu_opcodes.cpp	local	9c67e33991ed0da6d44a39a71e48da71f10e02203713236f1619e8d795619a9d	9c67e33991ed0da6d44a39a71e48da71f10e02203713236f1619e8d795619a9d	9c67e33991ed0da6d44a39a71e48da71f10e02203713236f1619e8d795619a9d	d99387373b4b155e9ba155456ff7f9e7b074933b3c17c8de8a93a4a25e7aa6ff	6	linked-historical-reference
0x001275e8	_Z6OpBAX0v	64	src/snes9x/native_cpu_opcodes.cpp	local	a59c82a7ae2699713d9809bdd51f7af7740e2a8b674ea8b6e894c4f510ad8558	a59c82a7ae2699713d9809bdd51f7af7740e2a8b674ea8b6e894c4f510ad8558	a59c82a7ae2699713d9809bdd51f7af7740e2a8b674ea8b6e894c4f510ad8558	a5bfb034310c235f9a382d6a2043ee67d2305b219ee15f4c19f9604bd9e88436	6	linked-historical-reference
0x00127628	_Z6Op8AM1v	56	src/snes9x/native_cpu_opcodes.cpp	local	3c00da3d0285adef001595264bd8eaf551b29d2429c0790b6399b23d48bbc1c5	3c00da3d0285adef001595264bd8eaf551b29d2429c0790b6399b23d48bbc1c5	3c00da3d0285adef001595264bd8eaf551b29d2429c0790b6399b23d48bbc1c5	7f2e08ebe97b3d844dd135f3029be75f83621825af6fd37a0f99a7b6f1f139c7	6	linked-historical-reference
0x00127660	_Z6Op8AM0v	64	src/snes9x/native_cpu_opcodes.cpp	local	902fbe0507ac7746706259bb64ed70464acda000f58ffe70822ffea17ddb4d0d	902fbe0507ac7746706259bb64ed70464acda000f58ffe70822ffea17ddb4d0d	902fbe0507ac7746706259bb64ed70464acda000f58ffe70822ffea17ddb4d0d	8f4c42527c523365e8f5396d360540304d76e7f115546841e1b1562ab6c061f6	6	linked-historical-reference
0x001276a0	_Z4Op9Av	64	src/snes9x/native_cpu_opcodes.cpp	local	1d20a1da9f0b97276ba49f8bf5c3b7c84f11e431dd03895dc2723922ea4dc1c4	1d20a1da9f0b97276ba49f8bf5c3b7c84f11e431dd03895dc2723922ea4dc1c4	1d20a1da9f0b97276ba49f8bf5c3b7c84f11e431dd03895dc2723922ea4dc1c4	b9421310cef5fe79625ce9e7868810793f03cafd8954759dc054b1f6367834e3	4	linked-historical-reference
0x001276e0	_Z6Op9BX1v	56	src/snes9x/native_cpu_opcodes.cpp	local	4af52bbed7165c54bf0eb55f7904f6cd2a7f596a73965bc3b0f115c1a5dfcb05	4af52bbed7165c54bf0eb55f7904f6cd2a7f596a73965bc3b0f115c1a5dfcb05	4af52bbed7165c54bf0eb55f7904f6cd2a7f596a73965bc3b0f115c1a5dfcb05	cf2f7926a9b6ee003670a7ebdb5403c2852a128280f9e27925d744cbf4c6a06c	6	linked-historical-reference
0x00127718	_Z6Op9BX0v	64	src/snes9x/native_cpu_opcodes.cpp	local	6a54e3386b1607b3e779eb5259ce99338fc35dfb060e3fc2ed399cd58d812ac9	6a54e3386b1607b3e779eb5259ce99338fc35dfb060e3fc2ed399cd58d812ac9	6a54e3386b1607b3e779eb5259ce99338fc35dfb060e3fc2ed399cd58d812ac9	6ab9e67c934ed26caa1da04b071299e3308421d632a4984ae76136e7bd901e71	6	linked-historical-reference
0x00127758	_Z6Op98M1v	56	src/snes9x/native_cpu_opcodes.cpp	local	0d3c55dcee0e083c20fb57e69b51e5e214ffb555358fe5880c332cd707175d2d	0d3c55dcee0e083c20fb57e69b51e5e214ffb555358fe5880c332cd707175d2d	0d3c55dcee0e083c20fb57e69b51e5e214ffb555358fe5880c332cd707175d2d	c11bce25e32e6d0d40235099ed702b1afed0d0fd713595d15e1d7d378b2d08d8	6	linked-historical-reference
0x00127790	_Z6Op98M0v	64	src/snes9x/native_cpu_opcodes.cpp	local	fa8b30eb3bc1d7725c040551a10589524b24e53c23fedfb8abf0f11cc4720aab	fa8b30eb3bc1d7725c040551a10589524b24e53c23fedfb8abf0f11cc4720aab	fa8b30eb3bc1d7725c040551a10589524b24e53c23fedfb8abf0f11cc4720aab	be68dd12b9938f47ac2c661acc33273e132ad3711e167394600bc8a99c0c7eeb	6	linked-historical-reference
0x001277d0	_Z6OpBBX1v	56	src/snes9x/native_cpu_opcodes.cpp	local	3da76cd0733b266665e7cdaa8e6afa10f4549b6a0126838157b500f383313f9e	3da76cd0733b266665e7cdaa8e6afa10f4549b6a0126838157b500f383313f9e	3da76cd0733b266665e7cdaa8e6afa10f4549b6a0126838157b500f383313f9e	c5c4c385dd20dd33c599f4daf01903ba94a984b68773c2fa53a514709ad079be	6	linked-historical-reference
0x00127808	_Z6OpBBX0v	64	src/snes9x/native_cpu_opcodes.cpp	local	d681f26730666923850cf15053ef2634d79000048224208357d30b76ce2e8a21	d681f26730666923850cf15053ef2634d79000048224208357d30b76ce2e8a21	d681f26730666923850cf15053ef2634d79000048224208357d30b76ce2e8a21	2aad83d908428062451f3eadb7d12688f21ab25addcd9e48da7ca322ec72cdd8	6	linked-historical-reference
0x00127848	_Z4OpFBv	160	src/snes9x/native_cpu_opcodes.cpp	local	6b17d84dc2464999805ebc2c42994d41d70bff85711184e619549afd2bd4fa82	f62ed8e77f6849577084dda179ec1b35b67037d54162f9f653f2a4874d94dc42	f62ed8e77f6849577084dda179ec1b35b67037d54162f9f653f2a4874d94dc42	f16f4c11d14544dc28446b9d87a616f46e892fb76678fab049117968d577b162	13	linked-historical-reference
0x001278e8	_Z4Op00v	536	src/snes9x/native_cpu_opcodes.cpp	local	5212a8cf1f01e5af59dbf9ef300d3d4f09253572c611c63852ae12c960167061	5212a8cf1f01e5af59dbf9ef300d3d4f09253572c611c63852ae12c960167061	5212a8cf1f01e5af59dbf9ef300d3d4f09253572c611c63852ae12c960167061	33facfa8c05e59bc6db3f5e8d69911250be63b2110111fdd9c86607618db0cc0	26	linked-historical-reference
0x00127b00	_Z4Op82v	120	src/snes9x/native_cpu_opcodes.cpp	local	e9d21b380449d5e9a5c0ba4543a783252300e265d5a87c26f4467dec6e87a72c	e9d21b380449d5e9a5c0ba4543a783252300e265d5a87c26f4467dec6e87a72c	5aad698a110f3c4d7c4de99732cef796ec8a9552aefdbfb4277b1e7048ee1eb4	8866203a8c8463b8e7043e14722866e37afb6d846e3547b2f14e10ed5dfcaa7d	8	linked-historical-reference
0x00128088	_Z4Op02v	536	src/snes9x/native_cpu_opcodes.cpp	local	51f176d4ebde599356a7d184a17f38e519f680df9cd0ea523ec99777b38d2a33	51f176d4ebde599356a7d184a17f38e519f680df9cd0ea523ec99777b38d2a33	51f176d4ebde599356a7d184a17f38e519f680df9cd0ea523ec99777b38d2a33	c22c21e1afcf68de0dc77388050cbc5d20b10e0c9231b2eca04900a79d3630a0	28	linked-historical-reference
0x001282a0	_Z4OpDCv	220	src/snes9x/native_cpu_opcodes.cpp	local	7c34356f78ea1f96b872d2f7a3e7d78fe8dfbed08dc038fe755f4c7d4d55ca8f	7c34356f78ea1f96b872d2f7a3e7d78fe8dfbed08dc038fe755f4c7d4d55ca8f	1a8005d7c96ab8aa64a25a30d0088c7eaedf549cd0fab0a358f7ec9314526797	da6332550c7a830ca68d3ec595e859e09cfbedbcc45f3757997ce3f9c870b68a	17	linked-historical-reference
0x0012837c	_Z4Op5Cv	148	src/snes9x/native_cpu_opcodes.cpp	local	a456ffef637e2fb3e409ccf7178609e5f802fbcabfb9278e3d6d236c7bf8021c	a456ffef637e2fb3e409ccf7178609e5f802fbcabfb9278e3d6d236c7bf8021c	e73d0fcd482302cb711653da0fef00fc8ab6a60ae726dc53e346fa2587ffb793	dd3fd4daa5c72579a57eefa05e3b6a96953c10206a161139bf148b18755ae9cb	10	linked-historical-reference
0x00128410	_Z4Op4Cv	128	src/snes9x/native_cpu_opcodes.cpp	local	f76ca941012c307152298f5bfc16f25c1b542b8bc42ca687c4086a79530d8db4	f76ca941012c307152298f5bfc16f25c1b542b8bc42ca687c4086a79530d8db4	f76ca941012c307152298f5bfc16f25c1b542b8bc42ca687c4086a79530d8db4	1998d9d3bef25b16676d7932b2cbfed9f06ff1303b8042e22c936e7dd1967243	7	linked-historical-reference
0x00128490	_Z4Op6Cv	148	src/snes9x/native_cpu_opcodes.cpp	local	419bd0e2d0df7a2ea896e3a5b78fae0c2799a39805acc2dd82dce3ecb846ee2d	419bd0e2d0df7a2ea896e3a5b78fae0c2799a39805acc2dd82dce3ecb846ee2d	96643ee91151d6c160ef7a774f110153a413ab5a7e2e9691a2dfce0fa8ddfafc	b0e45f99f8adefdf1378f09887f3640ed3d9577b53d3e4448f8fca76c070e306	13	linked-historical-reference
0x00128524	_Z4Op7Cv	188	src/snes9x/native_cpu_opcodes.cpp	local	7fe2d42a56de32e17be7f03ccb81f10b6daa7b67a920fad952a35de3c322baf8	7fe2d42a56de32e17be7f03ccb81f10b6daa7b67a920fad952a35de3c322baf8	315169e18ff4b06b292d448c29e141c837ad7c067ae3b60c3fd2eae99426cdb7	df132cb2f7e716a5431deb6610decdd8bd9573cef473601dcd2d30e8e469cbbc	15	linked-historical-reference
0x001285e0	_Z4Op22v	288	src/snes9x/native_cpu_opcodes.cpp	local	5ca67d28f2e2e81a323eb8aba5da8957be8f3972f4b3b162029cd4442d5b864c	5ca67d28f2e2e81a323eb8aba5da8957be8f3972f4b3b162029cd4442d5b864c	c4687082cf4680a9b05a3ef331c74e66b1c3acdf2cd3926b4b6e68a24add121b	bf92dce6ea5ff43000023fdf7afad71882f073f9fac8e129ec2734efd51c69b6	16	linked-historical-reference
0x00128700	_Z4Op6Bv	136	src/snes9x/native_cpu_opcodes.cpp	local	6cb2c3a9a2954ce1c7c8157ee67e82522efd76cdc84bfc9d7b1de8b98eeaf1c7	6cb2c3a9a2954ce1c7c8157ee67e82522efd76cdc84bfc9d7b1de8b98eeaf1c7	e402285b7aec7e9e8a0c943a82c2523fa19ad3bba32221a46ae19bb1abdae505	1bd9436c6ef2871193cc3a56b69adfa3e587b7559a0eea02ecef5073cc6e6afe	10	linked-historical-reference
0x00128788	_Z4Op20v	252	src/snes9x/native_cpu_opcodes.cpp	local	f4600495e604fb70f4f5c3dfced854bb0c0d4f15d35eff3b980a5ef4f2771b95	f4600495e604fb70f4f5c3dfced854bb0c0d4f15d35eff3b980a5ef4f2771b95	f4600495e604fb70f4f5c3dfced854bb0c0d4f15d35eff3b980a5ef4f2771b95	a62af074a43eecb83148b99be7ed09613840e534b8c93164670a7e0b1129613f	12	linked-historical-reference
0x00128884	_Z4OpFCv	276	src/snes9x/native_cpu_opcodes.cpp	local	873d20be86171c5064b72da6a682403d9311b69432c0ee3dee65fc31843b7c27	873d20be86171c5064b72da6a682403d9311b69432c0ee3dee65fc31843b7c27	873d20be86171c5064b72da6a682403d9311b69432c0ee3dee65fc31843b7c27	a176de13a8d2eb3b05a13f7778417a231388170c54d2316d1a289bf193ecaa17	17	linked-historical-reference
0x00128998	_Z4Op60v	108	src/snes9x/native_cpu_opcodes.cpp	local	4ad4975294a11df3b5e7e8368f217c89b8f3c742c1748177ad1cd40fb94788b3	4ad4975294a11df3b5e7e8368f217c89b8f3c742c1748177ad1cd40fb94788b3	263dc5dd5203b9c71d690ac1b0efbec575af1d5114ac1c4273e4087c69c80f98	3b258b3009b2c084d7574f48216ecb1da72aecbfaa3df462560b6e56a1c925c1	8	linked-historical-reference
0x00128a04	_Z6Op54X1v	232	src/snes9x/native_cpu_opcodes.cpp	local	917d74256c6696f298b9b2920d0445805af3d1532f464aec8f635607ea1236ad	917d74256c6696f298b9b2920d0445805af3d1532f464aec8f635607ea1236ad	917d74256c6696f298b9b2920d0445805af3d1532f464aec8f635607ea1236ad	3ac1e45ce302dd2d37bbc54a948fa41724102a55bdfac2009918787281dc92d6	10	linked-historical-reference
0x00128aec	_Z6Op54X0v	232	src/snes9x/native_cpu_opcodes.cpp	local	48dcaefbe8b315a368eba0c5407bf83658354ea9f53317961d04681a679ec350	48dcaefbe8b315a368eba0c5407bf83658354ea9f53317961d04681a679ec350	48dcaefbe8b315a368eba0c5407bf83658354ea9f53317961d04681a679ec350	7f67703baf8b3ac984362ba52c7eafd76cd73428a9355b36b3c0bd69d45066cb	10	linked-historical-reference
0x00128bd4	_Z6Op44X1v	232	src/snes9x/native_cpu_opcodes.cpp	local	004cf95d6513fa1271e36350647ff4f7244d8979e7d70419ee951a746b10e8d7	004cf95d6513fa1271e36350647ff4f7244d8979e7d70419ee951a746b10e8d7	004cf95d6513fa1271e36350647ff4f7244d8979e7d70419ee951a746b10e8d7	dbc95917f5ec9b918dc8997ae4a6c942cc780713203bdb00a5f762a34d40f9da	10	linked-historical-reference
0x00128cbc	_Z6Op44X0v	232	src/snes9x/native_cpu_opcodes.cpp	local	9dde93c60e0ff26fef378758b708de8c1a0e9877f8a95a3dc054790f487d6f2a	9dde93c60e0ff26fef378758b708de8c1a0e9877f8a95a3dc054790f487d6f2a	9dde93c60e0ff26fef378758b708de8c1a0e9877f8a95a3dc054790f487d6f2a	502ec353bf7fd48a673f63843422d71fe8b7f78153d7153650255c92778c37ca	10	linked-historical-reference
0x00128da4	_Z4OpC2v	228	src/snes9x/native_cpu_opcodes.cpp	local	3108a5a780c50b360e0a639401931d3b9ff3d59b29eccdb50c78128a7cc07133	f65daf6bf1d13ba61abcec58fd1afc4b0f12bcb158ea64e28d154e6a53e996c6	f65daf6bf1d13ba61abcec58fd1afc4b0f12bcb158ea64e28d154e6a53e996c6	9b5c03e438762fe3c840d0064a9283cd47e4d646353b1136c66580376e9e1787	11	linked-historical-reference
0x00128e88	_Z4OpE2v	224	src/snes9x/native_cpu_opcodes.cpp	local	fcb935c6a2bda0e730ee45ad079c768a4105c9b54279630d451aabf53c1952e3	c90f36d6afb628b1f3842b6aa33514ccff1ac3ad305dbe10c130e4d8d59a4eeb	c90f36d6afb628b1f3842b6aa33514ccff1ac3ad305dbe10c130e4d8d59a4eeb	67d692bc632cb593784e6e24f962fb364f34dd8928a9647772a62c7d9bc07e00	11	linked-historical-reference
0x00128f68	_Z4OpEBv	72	src/snes9x/native_cpu_opcodes.cpp	local	e6db628ebe3d31bb74aca9a7b013ffe129da003916ab68e21ddc7a714b30e2cd	e6db628ebe3d31bb74aca9a7b013ffe129da003916ab68e21ddc7a714b30e2cd	e6db628ebe3d31bb74aca9a7b013ffe129da003916ab68e21ddc7a714b30e2cd	02736e825a64c189138532f44469277e1f92a35a8e71f8fb0c5e367e0e8579b0	8	linked-historical-reference
0x00128fb0	_Z4Op40v	292	src/snes9x/native_cpu_opcodes.cpp	local	17f330e2b9b393728e6d51169967246fbec1c753b99f5d1aead60140d3914d58	75e584df7e0ecff0ce6b75538a9f6e621a79c2dce0fd3106745a39c90e2e3aef	e183e9bfe4235985250a157674343cb85297ab0f2011b542ad875554eb0c55a8	857993798c908ab2b8c78e970824b2dce6d6a9a1fb404389f5eefd1366ce8a06	18	linked-historical-reference
0x001290d4	_Z4OpCBv	228	src/snes9x/native_cpu_opcodes.cpp	local	88f78056b1441e6ed0b266485f1738b1469b96bba4cee4a6c7f39d0fb20abfad	88f78056b1441e6ed0b266485f1738b1469b96bba4cee4a6c7f39d0fb20abfad	4e4dfc0b645365201d4b7a64dc79f5773b3b089cf2c75c2f93e1ceafdfd23de2	d81c5a86aa2dc32a6acae067039087b47aeeb59506eb1b357f22acdfcf68412d	23	linked-historical-reference
0x001291b8	_Z4OpDBv	36	src/snes9x/native_cpu_opcodes.cpp	local	9c1a84aedff1900fbd4feb8210b870707fdc99c3050db66a4a702f9c57231004	9c1a84aedff1900fbd4feb8210b870707fdc99c3050db66a4a702f9c57231004	9c1a84aedff1900fbd4feb8210b870707fdc99c3050db66a4a702f9c57231004	e268008fb1394cf84a011c4c0b9f611866d708cde21c67247df7cd35c75e9807	4	linked-historical-reference
0x001291dc	_Z4Op42v	8	src/snes9x/native_cpu_opcodes.cpp	local	6d64edf91449c1b17746c1ef18afa2eb25c70bdf1322ab3df5a2630993b7e2f1	6d64edf91449c1b17746c1ef18afa2eb25c70bdf1322ab3df5a2630993b7e2f1	6d64edf91449c1b17746c1ef18afa2eb25c70bdf1322ab3df5a2630993b7e2f1	6d64edf91449c1b17746c1ef18afa2eb25c70bdf1322ab3df5a2630993b7e2f1	0	linked-historical-reference
0x001291e4	_Z12S9xFixCyclesv	108	src/snes9x/native_cpu_opcodes.cpp	local	25026d3f587841d643dc7845198cf2e2696cda8df5ea9ea3d8fb2f0f395c9975	25026d3f587841d643dc7845198cf2e2696cda8df5ea9ea3d8fb2f0f395c9975	4c03cc84bd77711916e171d73525e393e4be08d5e19ae3802350bfe5c6da9298	5ba5eec6608b625121db161b2dddec08dc43fc409dea7dbd2b5c30972c9e87ce	13	linked-historical-reference
0x00129250	_Z4ADC8v	464	src/snes9x/native_cpu_opcodes.cpp	local	29338c5bad1e36cac156a0259b9c18430cd156f69d48a89dcacb8c2db8c13200	29338c5bad1e36cac156a0259b9c18430cd156f69d48a89dcacb8c2db8c13200	25919043ebf5068dc4c899a3eb1b12ed5d163f61e3d82dd5a762bbe8e6b0b61a	6289b22588d7a4aa0914ba8cb3c66bb7ee22192188297d54bfe1e1a5cad4d48b	49	linked-historical-reference
0x00129420	_Z5ADC16v	676	src/snes9x/native_cpu_opcodes.cpp	local	71f6a188ebb3592bacc94f8fbc8362f30d0fae02965c11d5c5b70ef70eebe493	71f6a188ebb3592bacc94f8fbc8362f30d0fae02965c11d5c5b70ef70eebe493	7fe4efb79eaad74d86387b9aefa00460fdba9ebf9bc5b7d6e69b88462b8b015d	934bda7461a1d4f2f601c215f9d61ae8d860838b350f4ddf3cd8c55a9781e9b6	74	linked-historical-reference
0x001296c4	_Z5SBC16v	632	src/snes9x/native_cpu_opcodes.cpp	local	283d4e55842966698470381013e9006bbe07a30176de2928132485ca4d321c03	283d4e55842966698470381013e9006bbe07a30176de2928132485ca4d321c03	b43789c644389d71ab3035f44e697ea2b691f63bb29f2d4e847703942f07ed5b	784a0b6f8b4a270c64f85125adb6943722d6d9dcf0976580cb69719be95e65b8	70	linked-historical-reference
0x0012993c	_Z4SBC8v	440	src/snes9x/native_cpu_opcodes.cpp	local	20b0f2f27f2b889a8efd54b5e92f4ea49e990fa586ee9f0420e5d5f32ab62cfc	20b0f2f27f2b889a8efd54b5e92f4ea49e990fa586ee9f0420e5d5f32ab62cfc	0cca129b2eb346600faf7e470451e2c18ae44ccd0fd63404dc27cec67affae26	1800a2ea5d0b0b6b3e517961b2b8bf5e92becd816f7b7e4415ea142ba27af35a	47	linked-historical-reference
