address	symbol	size	source_file	binding	historical_raw_sha256	isolated_raw_sha256	normalized_sha256	linked_sha256	relocations	proof_level
0x00130bdc	_Z7fx_stopv	108	src/snes9x/native_fx_opcodes.cpp	local	8c5a53fe2afede50b7a5ed204af3f44fd703c76831eac2b71706b858a589d6f6	8c5a53fe2afede50b7a5ed204af3f44fd703c76831eac2b71706b858a589d6f6	8c5a53fe2afede50b7a5ed204af3f44fd703c76831eac2b71706b858a589d6f6	8f5a1212a1ee2b7abc149306e182f017ef5bf2682e0ec03965c386f0ffd3eef9	2	linked-historical-reference
0x00130c48	_Z6fx_nopv	48	src/snes9x/native_fx_opcodes.cpp	local	62553be5a7e3f2e297868db836db1d004136afd61bb664c91a02f5f6ca822347	62553be5a7e3f2e297868db836db1d004136afd61bb664c91a02f5f6ca822347	62553be5a7e3f2e297868db836db1d004136afd61bb664c91a02f5f6ca822347	4c35e5aa3c48919661de386213cf5ff754e7dde1a8960013e30c0be2d33b0c0f	2	linked-historical-reference
0x00130c78	_Z8fx_cachev	144	src/snes9x/native_fx_opcodes.cpp	local	4cf7765d1a8a88f87e8a413faf45afeda3094fa68a609db79c84deccf20a937e	4cf7765d1a8a88f87e8a413faf45afeda3094fa68a609db79c84deccf20a937e	4cf7765d1a8a88f87e8a413faf45afeda3094fa68a609db79c84deccf20a937e	cc6804d1d359f230855c38f97e67a3eba1aa68229fc78357e78bfcd8c5633e38	6	linked-historical-reference
0x00130d08	_Z6fx_lsrv	124	src/snes9x/native_fx_opcodes.cpp	local	179273ab355cfe6f71c1e0ec5ad9efbf71b415cd4ac7e5efa9c2874d93959f50	179273ab355cfe6f71c1e0ec5ad9efbf71b415cd4ac7e5efa9c2874d93959f50	179273ab355cfe6f71c1e0ec5ad9efbf71b415cd4ac7e5efa9c2874d93959f50	3fbc60809670000c316355a21ff6cc17808efa1da56f9a53169f9130a848d9d1	2	linked-historical-reference
0x00130d84	_Z6fx_rolv	132	src/snes9x/native_fx_opcodes.cpp	local	3ad30e028003406120d0c477db17f2b3b7e380d6399443db96c0d50a4799ed0c	3ad30e028003406120d0c477db17f2b3b7e380d6399443db96c0d50a4799ed0c	3ad30e028003406120d0c477db17f2b3b7e380d6399443db96c0d50a4799ed0c	9235b290c7c32941a46be1c7b3fb8116ec8db5f7f327cbde4e33be525373419e	2	linked-historical-reference
0x00130e08	_Z6fx_brav	64	src/snes9x/native_fx_opcodes.cpp	local	82691bd8ff18e4ffba42cc1e0e3e4df796f9a5f30db7e312e26887d938416187	82691bd8ff18e4ffba42cc1e0e3e4df796f9a5f30db7e312e26887d938416187	82691bd8ff18e4ffba42cc1e0e3e4df796f9a5f30db7e312e26887d938416187	761797b6890c3b6c2fe123708afd3bd44f2d2ed9f36152031ea2c04deb7d0336	2	linked-historical-reference
0x00130e48	_Z6fx_bltv	120	src/snes9x/native_fx_opcodes.cpp	local	4715367a5772b1998c504cf532af06039a996ee70cdeeadc8759f2ff41116066	4715367a5772b1998c504cf532af06039a996ee70cdeeadc8759f2ff41116066	4715367a5772b1998c504cf532af06039a996ee70cdeeadc8759f2ff41116066	2eae5e14904523bb242f8638c1ca1a704a82030063a394fb913ddbecd28e7e3c	2	linked-historical-reference
0x00130ec0	_Z6fx_bgev	124	src/snes9x/native_fx_opcodes.cpp	local	cb4a8a6b5071dc483f57f96f8cf0a5483f3f45990332bc217324f62841894c59	cb4a8a6b5071dc483f57f96f8cf0a5483f3f45990332bc217324f62841894c59	cb4a8a6b5071dc483f57f96f8cf0a5483f3f45990332bc217324f62841894c59	bedc7f2f86b5c7ef44e37291c80a56e39ab6bc3b486923401bc75ec93369f867	2	linked-historical-reference
0x00130f3c	_Z6fx_bnev	84	src/snes9x/native_fx_opcodes.cpp	local	b6c3d89abd215daa62ed03538e919038f08fa0c4310ecfa39c468f2448ced6b7	b6c3d89abd215daa62ed03538e919038f08fa0c4310ecfa39c468f2448ced6b7	b6c3d89abd215daa62ed03538e919038f08fa0c4310ecfa39c468f2448ced6b7	4a7a0922cf51d15aa9e562f4b40e178618a8da991a9fb5e9630f82a1c569537a	2	linked-historical-reference
0x00130f90	_Z6fx_beqv	84	src/snes9x/native_fx_opcodes.cpp	local	628dfa22ab931b140cf9d59ebe74f5247c2bf7fedce79df87e9eebfc4b342581	628dfa22ab931b140cf9d59ebe74f5247c2bf7fedce79df87e9eebfc4b342581	628dfa22ab931b140cf9d59ebe74f5247c2bf7fedce79df87e9eebfc4b342581	4794d63e37d334d6adbc8177ffd288c0db6d92315ac25d4fba17ec9dcf9bcf91	2	linked-historical-reference
0x00130fe4	_Z6fx_bplv	88	src/snes9x/native_fx_opcodes.cpp	local	43700cbd52a546e212f20f61498dc71d28987d86fad11fd83dba06cebd44c52a	43700cbd52a546e212f20f61498dc71d28987d86fad11fd83dba06cebd44c52a	43700cbd52a546e212f20f61498dc71d28987d86fad11fd83dba06cebd44c52a	6231a849d046fb5fb69376acf2cb7e6162f2562e880f6506f86ccb132bc3ba27	2	linked-historical-reference
0x0013103c	_Z6fx_bmiv	88	src/snes9x/native_fx_opcodes.cpp	local	e4bc5988f4a2d78b9d13c5e0bcd514435e48a3bcfe1ef19d2a84e1865fe5197f	e4bc5988f4a2d78b9d13c5e0bcd514435e48a3bcfe1ef19d2a84e1865fe5197f	e4bc5988f4a2d78b9d13c5e0bcd514435e48a3bcfe1ef19d2a84e1865fe5197f	a2b04821940c9df50af3e005c1815e823802d8308a06ca9ce0f61a07c8e0e1e8	2	linked-historical-reference
0x00131094	_Z6fx_bccv	92	src/snes9x/native_fx_opcodes.cpp	local	0ad38a7506ce782aa0cb95f93b284839fddcb33c14930d464d1fec07d8c37957	0ad38a7506ce782aa0cb95f93b284839fddcb33c14930d464d1fec07d8c37957	0ad38a7506ce782aa0cb95f93b284839fddcb33c14930d464d1fec07d8c37957	53fa531a849b18f8f49fbfc6db25f0fd2b3b1ef904313db0529abdcaca14e4df	2	linked-historical-reference
0x001310f0	_Z6fx_bcsv	88	src/snes9x/native_fx_opcodes.cpp	local	8f02c8d06595be23fe5c493c82b9fd3d42701d9ceceb6cae87d1e2174b3ddbb2	8f02c8d06595be23fe5c493c82b9fd3d42701d9ceceb6cae87d1e2174b3ddbb2	8f02c8d06595be23fe5c493c82b9fd3d42701d9ceceb6cae87d1e2174b3ddbb2	579cbca7dbd36067033da52008756a63c80443b47e2e57e862c015fa24448267	2	linked-historical-reference
0x00131148	_Z6fx_bvcv	100	src/snes9x/native_fx_opcodes.cpp	local	09784baea8800b748f62a053cfa394ccaf50dd9eef1f07be1d575b35bb64614f	09784baea8800b748f62a053cfa394ccaf50dd9eef1f07be1d575b35bb64614f	09784baea8800b748f62a053cfa394ccaf50dd9eef1f07be1d575b35bb64614f	484cdd421dc59b3e3d7cb5bab6c73b6b73a15b6720619d266b0c29cbbe0492f1	2	linked-historical-reference
0x001311ac	_Z6fx_bvsv	100	src/snes9x/native_fx_opcodes.cpp	local	a37f62dcf7abcb80a0132e38fbefb0c0f7c67a5adb644b2c7d30baec446ce96c	a37f62dcf7abcb80a0132e38fbefb0c0f7c67a5adb644b2c7d30baec446ce96c	a37f62dcf7abcb80a0132e38fbefb0c0f7c67a5adb644b2c7d30baec446ce96c	be64e00dfdc620b46c988336b37d1bbaa5380b17855e76dabc6b56e07614bd8a	2	linked-historical-reference
0x00131210	_Z8fx_to_r0v	80	src/snes9x/native_fx_opcodes.cpp	local	8e4f36a8fe79c44104bdfdbaa9c5926c03fed3ec1b89fbc45e11a956595bb273	8e4f36a8fe79c44104bdfdbaa9c5926c03fed3ec1b89fbc45e11a956595bb273	8e4f36a8fe79c44104bdfdbaa9c5926c03fed3ec1b89fbc45e11a956595bb273	c4fc7a2906b46ea3a6399e0168379a34db0d48691fe297d34e3f66c4f5772e7c	5	linked-historical-reference
0x00131260	_Z8fx_to_r1v	88	src/snes9x/native_fx_opcodes.cpp	local	c697c027a7a56da7d4e0323ab64611b19d64056d1f5f0a0f37164677c8f6c95c	c697c027a7a56da7d4e0323ab64611b19d64056d1f5f0a0f37164677c8f6c95c	c697c027a7a56da7d4e0323ab64611b19d64056d1f5f0a0f37164677c8f6c95c	a4a6926dda112cd745381da2223587e97ad249a1a06d8778f90b5e4bb923bc2d	4	linked-historical-reference
0x001312b8	_Z8fx_to_r2v	88	src/snes9x/native_fx_opcodes.cpp	local	0b93d6772bc9e1f10b6488c4133b44ed60cdd221575981d0adc4250b383ddb82	0b93d6772bc9e1f10b6488c4133b44ed60cdd221575981d0adc4250b383ddb82	0b93d6772bc9e1f10b6488c4133b44ed60cdd221575981d0adc4250b383ddb82	a49dad590412597f7989438d78e3e1d576165af565431efb105c46ebfa2a1a38	4	linked-historical-reference
0x00131310	_Z8fx_to_r3v	88	src/snes9x/native_fx_opcodes.cpp	local	36184caec3b16ad54aff49a8dfff74e83a39e142654175e9ad8b475aac4a108e	36184caec3b16ad54aff49a8dfff74e83a39e142654175e9ad8b475aac4a108e	36184caec3b16ad54aff49a8dfff74e83a39e142654175e9ad8b475aac4a108e	ef700ed7c09a45d69f312bea119cc9811058435045f207f975aac7c85e1e1cd8	4	linked-historical-reference
0x00131368	_Z8fx_to_r4v	88	src/snes9x/native_fx_opcodes.cpp	local	37fc9bc3ba496c58b41b9aecd18b693999aa07b6f5eeced8a73a0e9d8094774b	37fc9bc3ba496c58b41b9aecd18b693999aa07b6f5eeced8a73a0e9d8094774b	37fc9bc3ba496c58b41b9aecd18b693999aa07b6f5eeced8a73a0e9d8094774b	4a9752abbf72e76407ce41b2c5b5495c7e629f58b3f3eb3c430c5b8a4e0d9dd2	4	linked-historical-reference
0x001313c0	_Z8fx_to_r5v	88	src/snes9x/native_fx_opcodes.cpp	local	10147c41fd2d87058b9f1a0b84747eac4194175efd54d61a4fdd5ab679586d5e	10147c41fd2d87058b9f1a0b84747eac4194175efd54d61a4fdd5ab679586d5e	10147c41fd2d87058b9f1a0b84747eac4194175efd54d61a4fdd5ab679586d5e	8bff273dea91e0d25cf352bbb31997981140a2b409a80fbb985263eb47ee4f8d	4	linked-historical-reference
0x00131418	_Z8fx_to_r6v	88	src/snes9x/native_fx_opcodes.cpp	local	bcf776e1b4b8f5f61c2f9128fdfabb8538f56af9dcd35dadd199d93501ae52dc	bcf776e1b4b8f5f61c2f9128fdfabb8538f56af9dcd35dadd199d93501ae52dc	bcf776e1b4b8f5f61c2f9128fdfabb8538f56af9dcd35dadd199d93501ae52dc	742da2656d1178498646c9548a5676a487991ac2df99f8b8c34dba0e985dc4d8	4	linked-historical-reference
0x00131470	_Z8fx_to_r7v	88	src/snes9x/native_fx_opcodes.cpp	local	3785fb82b8188d003842d3c7986a47320f8f9fefc6e9c7b5a426b3c3fb9526e4	3785fb82b8188d003842d3c7986a47320f8f9fefc6e9c7b5a426b3c3fb9526e4	3785fb82b8188d003842d3c7986a47320f8f9fefc6e9c7b5a426b3c3fb9526e4	d6a70107c7fe686740664d3c0bdfd6d0d5b3b2bf22d0c7a4910c82ac52b4605e	4	linked-historical-reference
0x001314c8	_Z8fx_to_r8v	88	src/snes9x/native_fx_opcodes.cpp	local	c2aababb954309cbfbe1c7a14e00546b00b8ebd3e283ab784db365219b17784c	c2aababb954309cbfbe1c7a14e00546b00b8ebd3e283ab784db365219b17784c	c2aababb954309cbfbe1c7a14e00546b00b8ebd3e283ab784db365219b17784c	15cc1790afb789b49d27cc7083ce5402a9212feacee7d45b7c31ef257d6beb64	4	linked-historical-reference
0x00131520	_Z8fx_to_r9v	88	src/snes9x/native_fx_opcodes.cpp	local	82a09ac685638f2e1da5e32e8ce891b4beaf800dfe3f5af059be7304af3816d1	82a09ac685638f2e1da5e32e8ce891b4beaf800dfe3f5af059be7304af3816d1	82a09ac685638f2e1da5e32e8ce891b4beaf800dfe3f5af059be7304af3816d1	9ecf7eca60f7543d28dafa9f97584e71bd93ef2399674336c7091783432be918	4	linked-historical-reference
0x00131578	_Z9fx_to_r10v	88	src/snes9x/native_fx_opcodes.cpp	local	0a94d099b664d84e0b8f97bc40c947c26499df386389a40f56e073a16a0e7e45	0a94d099b664d84e0b8f97bc40c947c26499df386389a40f56e073a16a0e7e45	0a94d099b664d84e0b8f97bc40c947c26499df386389a40f56e073a16a0e7e45	c0fbf90286fd0d52162386cd19bb08bbf1fc9c06d1de0beb76b1a692d55f0dc1	4	linked-historical-reference
0x001315d0	_Z9fx_to_r11v	88	src/snes9x/native_fx_opcodes.cpp	local	3a78788a1139bec12e60ce67db2b4e6dfea6d0b057dfda3b442fb3b46112315d	3a78788a1139bec12e60ce67db2b4e6dfea6d0b057dfda3b442fb3b46112315d	3a78788a1139bec12e60ce67db2b4e6dfea6d0b057dfda3b442fb3b46112315d	cc9fadcbe0a97f7fa0c09e5d67b5767a35776567fa342f64d8e685da1027fe62	4	linked-historical-reference
0x00131628	_Z9fx_to_r12v	88	src/snes9x/native_fx_opcodes.cpp	local	410750770f477ca20b316ba4a82f69d57d0253def74014474445144409f159e3	410750770f477ca20b316ba4a82f69d57d0253def74014474445144409f159e3	410750770f477ca20b316ba4a82f69d57d0253def74014474445144409f159e3	72d6918ed06affcb85a2d4d40704c57c3d669d3e18cf4ba2b6ae1e087d8e5242	4	linked-historical-reference
0x00131680	_Z9fx_to_r13v	88	src/snes9x/native_fx_opcodes.cpp	local	75aa807b11a8ffbc51b26c3f2ad11075b9e9eaf5fd1b34a35882b23c8b4104c4	75aa807b11a8ffbc51b26c3f2ad11075b9e9eaf5fd1b34a35882b23c8b4104c4	75aa807b11a8ffbc51b26c3f2ad11075b9e9eaf5fd1b34a35882b23c8b4104c4	bddc64285f588fd82121fbd5c7b0453dfa65a739b76d870dc7794b08cb10ebbc	4	linked-historical-reference
0x001316d8	_Z9fx_to_r14v	108	src/snes9x/native_fx_opcodes.cpp	local	3f90a2e6d0137c6f312617fa8bbfc2fd7c647b03db3732112854c48cec2e13e8	3f90a2e6d0137c6f312617fa8bbfc2fd7c647b03db3732112854c48cec2e13e8	3f90a2e6d0137c6f312617fa8bbfc2fd7c647b03db3732112854c48cec2e13e8	1560b9050fe06285d7416793b9eca67af47afd592c9d5a639689da6c035b10c5	4	linked-historical-reference
0x00131744	_Z9fx_to_r15v	80	src/snes9x/native_fx_opcodes.cpp	local	1421c10e7769b82dab8c63a13865179a2404213a42bb62f0e25015b6ab8b9b64	1421c10e7769b82dab8c63a13865179a2404213a42bb62f0e25015b6ab8b9b64	1421c10e7769b82dab8c63a13865179a2404213a42bb62f0e25015b6ab8b9b64	a7aea0c5dc7bee487237dabc4790d66a1bc71ea9d46500da1d919da9e6a5a6b2	2	linked-historical-reference
0x00131794	_Z10fx_with_r0v	44	src/snes9x/native_fx_opcodes.cpp	local	7033ae822fecc5b93be73e12b9795e7666de68cd1e0663b32a5ebae27be080a7	7033ae822fecc5b93be73e12b9795e7666de68cd1e0663b32a5ebae27be080a7	7033ae822fecc5b93be73e12b9795e7666de68cd1e0663b32a5ebae27be080a7	bead608a92dbd76e876d9d624a79e075bc13ac0701cbc7717ae9e1eedf31d7d6	2	linked-historical-reference
0x001317c0	_Z10fx_with_r1v	48	src/snes9x/native_fx_opcodes.cpp	local	84e852799f90ecf38102b7713a344585fca208f1dc4441abf0535d46054955f7	84e852799f90ecf38102b7713a344585fca208f1dc4441abf0535d46054955f7	84e852799f90ecf38102b7713a344585fca208f1dc4441abf0535d46054955f7	828a997b1968476566c84fd84782d9601aa0386b7781cb1a07abb20efdd7f074	2	linked-historical-reference
0x001317f0	_Z10fx_with_r2v	48	src/snes9x/native_fx_opcodes.cpp	local	a5e18a5d075ed06436618eec3ae9358143fe1a7cd034dd812e8370494c68e726	a5e18a5d075ed06436618eec3ae9358143fe1a7cd034dd812e8370494c68e726	a5e18a5d075ed06436618eec3ae9358143fe1a7cd034dd812e8370494c68e726	5684b872a7c764ed713174da5a4131e2792327cda9aaa41b0415a0c5d1fee12e	2	linked-historical-reference
0x00131820	_Z10fx_with_r3v	48	src/snes9x/native_fx_opcodes.cpp	local	b60ed75c81a88b4a7b32f4a0aa681e7b8485527a1b8408e84f0646cca6d6e87c	b60ed75c81a88b4a7b32f4a0aa681e7b8485527a1b8408e84f0646cca6d6e87c	b60ed75c81a88b4a7b32f4a0aa681e7b8485527a1b8408e84f0646cca6d6e87c	5656a3eb65df56d4084ccb4c89e5357b2b06bffaa92e97e5b9e9720d4f2ab09a	2	linked-historical-reference
0x00131850	_Z10fx_with_r4v	48	src/snes9x/native_fx_opcodes.cpp	local	80b8807d029a5d0dea4ab86a100cf36d2a292a16c96eacff929b24e4ae54e9b8	80b8807d029a5d0dea4ab86a100cf36d2a292a16c96eacff929b24e4ae54e9b8	80b8807d029a5d0dea4ab86a100cf36d2a292a16c96eacff929b24e4ae54e9b8	96512263d7d899bf33cccf47876cc5d85b0c37cb93367233b3d74ccf79fe2137	2	linked-historical-reference
0x00131880	_Z10fx_with_r5v	48	src/snes9x/native_fx_opcodes.cpp	local	a0235f8bcbcf69f1697fb05370f555a2baa20b904c208d9668f7001bf195f406	a0235f8bcbcf69f1697fb05370f555a2baa20b904c208d9668f7001bf195f406	a0235f8bcbcf69f1697fb05370f555a2baa20b904c208d9668f7001bf195f406	cd1eb90055ba34eb71e579e722d4353ae5f0253ec28ec2e306e8e7350c71fa09	2	linked-historical-reference
0x001318b0	_Z10fx_with_r6v	48	src/snes9x/native_fx_opcodes.cpp	local	ad31875ad789acba2abbfa56abba56fea86be425800f7a8b476891fc18e31f71	ad31875ad789acba2abbfa56abba56fea86be425800f7a8b476891fc18e31f71	ad31875ad789acba2abbfa56abba56fea86be425800f7a8b476891fc18e31f71	e5b92d16204c6160494ba09048825f34ad797ec0a16a007cb3f3bbcf5977a4fc	2	linked-historical-reference
0x001318e0	_Z10fx_with_r7v	48	src/snes9x/native_fx_opcodes.cpp	local	acd0833fa71b4ded9d5f4708de36296198bcf81f1525c944bfcd43d1d0cb17ca	acd0833fa71b4ded9d5f4708de36296198bcf81f1525c944bfcd43d1d0cb17ca	acd0833fa71b4ded9d5f4708de36296198bcf81f1525c944bfcd43d1d0cb17ca	3750187fb77a0fb71b3e282b7101e2aa487b6817dfa48f51e932047a4d54b765	2	linked-historical-reference
0x00131910	_Z10fx_with_r8v	48	src/snes9x/native_fx_opcodes.cpp	local	a4433d20fd0eda4ed6032559e3c4f603b1c3058ed154fc209b22142ebb454be4	a4433d20fd0eda4ed6032559e3c4f603b1c3058ed154fc209b22142ebb454be4	a4433d20fd0eda4ed6032559e3c4f603b1c3058ed154fc209b22142ebb454be4	4691b3bae2a4e471f8ba4166b1870de9111fc6534a627b58a5bca8861464a88a	2	linked-historical-reference
0x00131940	_Z10fx_with_r9v	48	src/snes9x/native_fx_opcodes.cpp	local	43992de7361a2bc3e82f05c076618c1d2f7b38d7c8b46a892d7a769c0139c3db	43992de7361a2bc3e82f05c076618c1d2f7b38d7c8b46a892d7a769c0139c3db	43992de7361a2bc3e82f05c076618c1d2f7b38d7c8b46a892d7a769c0139c3db	be1605a7529c40e23bbdf585f3b1116d80495a59315d8103110a1ad11c66a990	2	linked-historical-reference
0x00131970	_Z11fx_with_r10v	48	src/snes9x/native_fx_opcodes.cpp	local	4bda1198197eceb81b4257e5560ae0855b3c427dceb9313426decee94acbf663	4bda1198197eceb81b4257e5560ae0855b3c427dceb9313426decee94acbf663	4bda1198197eceb81b4257e5560ae0855b3c427dceb9313426decee94acbf663	52ab25f5045092614ebde3e63d6414a17a5f786dd1ffdaecdc9e6080383e17ac	2	linked-historical-reference
0x001319a0	_Z11fx_with_r11v	48	src/snes9x/native_fx_opcodes.cpp	local	3217eca426851e49bd732e22062b656a3d0dc6bc6a01f7cf23b364d0143b60e6	3217eca426851e49bd732e22062b656a3d0dc6bc6a01f7cf23b364d0143b60e6	3217eca426851e49bd732e22062b656a3d0dc6bc6a01f7cf23b364d0143b60e6	0efa9f1a178e5eec50e87aeca9d00ac6e6aa33539c89ef18fc3de669ff54f8d8	2	linked-historical-reference
0x001319d0	_Z11fx_with_r12v	48	src/snes9x/native_fx_opcodes.cpp	local	2ae7ad659d1c22808eb050072b95e065d1897d4c394de7ab9d178d03fa2127ca	2ae7ad659d1c22808eb050072b95e065d1897d4c394de7ab9d178d03fa2127ca	2ae7ad659d1c22808eb050072b95e065d1897d4c394de7ab9d178d03fa2127ca	8674b46e9184e0d5cc5b597138125c5a995981813b339de302006e223ae0dbfb	2	linked-historical-reference
0x00131a00	_Z11fx_with_r13v	48	src/snes9x/native_fx_opcodes.cpp	local	13c3e98d645c1a97e484e7c3059c516ed25ab93ebe1d3cceed305548eefcd40f	13c3e98d645c1a97e484e7c3059c516ed25ab93ebe1d3cceed305548eefcd40f	13c3e98d645c1a97e484e7c3059c516ed25ab93ebe1d3cceed305548eefcd40f	18fab8e479910d45719b1056a08e692e522381d30c083e0a5b7cbb33796b1e47	2	linked-historical-reference
0x00131a30	_Z11fx_with_r14v	48	src/snes9x/native_fx_opcodes.cpp	local	baf9fcd405f5ad7acb0285de55d8aaf7d9586cfff4f78073eab0dd586d9091e9	baf9fcd405f5ad7acb0285de55d8aaf7d9586cfff4f78073eab0dd586d9091e9	baf9fcd405f5ad7acb0285de55d8aaf7d9586cfff4f78073eab0dd586d9091e9	0ff144d8a6ba835f1b1ec9745e08ab3d6fb0a5272ca96210c85472e8eb4de601	2	linked-historical-reference
0x00131a60	_Z11fx_with_r15v	48	src/snes9x/native_fx_opcodes.cpp	local	55538b37be7541988cf9752f579a73bb22b3712e3e019eb4969ab86c17660fc3	55538b37be7541988cf9752f579a73bb22b3712e3e019eb4969ab86c17660fc3	55538b37be7541988cf9752f579a73bb22b3712e3e019eb4969ab86c17660fc3	05810b449889ebb2bfc0c9d9f79487e5936472354d15d66527a6f1e96fc31b3a	2	linked-historical-reference
0x00131a90	_Z9fx_stw_r0v	112	src/snes9x/native_fx_opcodes.cpp	local	2a6542ed9e9d5bfb88c07390b9fe2d7d4cb4328430dcfd4154b46e0b14a5091c	2a6542ed9e9d5bfb88c07390b9fe2d7d4cb4328430dcfd4154b46e0b14a5091c	2a6542ed9e9d5bfb88c07390b9fe2d7d4cb4328430dcfd4154b46e0b14a5091c	b0b57c90b65c17da4c1b9c02cc174159545f2aaf749df9518ea18f27ccfcf812	5	linked-historical-reference
0x00131b00	_Z9fx_stw_r1v	112	src/snes9x/native_fx_opcodes.cpp	local	59b428cdc1e1b10c41197ab1b6bc60f030ca08e21210f4edd58b719ad5a60c31	59b428cdc1e1b10c41197ab1b6bc60f030ca08e21210f4edd58b719ad5a60c31	59b428cdc1e1b10c41197ab1b6bc60f030ca08e21210f4edd58b719ad5a60c31	642ee3bc8613a322cd19a958e723d487a179a278d14708f4638c197918688f6e	2	linked-historical-reference
0x00131b70	_Z9fx_stw_r2v	112	src/snes9x/native_fx_opcodes.cpp	local	05996f45307b65a4bd5e0afb09c1eeb2dc959b65d423c36c670ab2eec6d700fd	05996f45307b65a4bd5e0afb09c1eeb2dc959b65d423c36c670ab2eec6d700fd	05996f45307b65a4bd5e0afb09c1eeb2dc959b65d423c36c670ab2eec6d700fd	e3991cd163b469988ad5884798641536a2bf945af8924d1f604164f010bbe17b	2	linked-historical-reference
0x00131be0	_Z9fx_stw_r3v	112	src/snes9x/native_fx_opcodes.cpp	local	8184a4347bad67a4ccb1d8fbdca963f37c08376c0931232ebb2abbb26a01163d	8184a4347bad67a4ccb1d8fbdca963f37c08376c0931232ebb2abbb26a01163d	8184a4347bad67a4ccb1d8fbdca963f37c08376c0931232ebb2abbb26a01163d	bc8663182140026f64ea41e1b164c6c986ffa94940f2649e5013a5fa725d1a46	2	linked-historical-reference
0x00131c50	_Z9fx_stw_r4v	112	src/snes9x/native_fx_opcodes.cpp	local	be05a18484378ca2eb14a37006bc62a072cad1ee2c2c5d9fd3455c597eeac669	be05a18484378ca2eb14a37006bc62a072cad1ee2c2c5d9fd3455c597eeac669	be05a18484378ca2eb14a37006bc62a072cad1ee2c2c5d9fd3455c597eeac669	ee206c745a0cb5f6e41013a90d1d013ef787c2f48b6c8aecc0c7b19e08eba7b1	2	linked-historical-reference
0x00131cc0	_Z9fx_stw_r5v	112	src/snes9x/native_fx_opcodes.cpp	local	4672beedc5d113bf97fe2a5f953c9acc1af37c2cd6f9a5bb6de0b8b6bbfea1f0	4672beedc5d113bf97fe2a5f953c9acc1af37c2cd6f9a5bb6de0b8b6bbfea1f0	4672beedc5d113bf97fe2a5f953c9acc1af37c2cd6f9a5bb6de0b8b6bbfea1f0	70945ba83f00cab1b1f0daa2444267fc46f8442264cf7b76d2e621a47057851e	2	linked-historical-reference
0x00131d30	_Z9fx_stw_r6v	112	src/snes9x/native_fx_opcodes.cpp	local	cd8560b18df3bb5b613a485c257051d89a6400626214a6553476b3cfd3fdc393	cd8560b18df3bb5b613a485c257051d89a6400626214a6553476b3cfd3fdc393	cd8560b18df3bb5b613a485c257051d89a6400626214a6553476b3cfd3fdc393	47e268a6d6d08e6a5b5e3325ae556c0eb97b3d9dbb0dd43e3a0d18c9721ce1c9	2	linked-historical-reference
0x00131da0	_Z9fx_stw_r7v	112	src/snes9x/native_fx_opcodes.cpp	local	bb23c0ebc51793c1d60006e4ce3a8af854ac548152d00cda73dcc9c70ad7e6b7	bb23c0ebc51793c1d60006e4ce3a8af854ac548152d00cda73dcc9c70ad7e6b7	bb23c0ebc51793c1d60006e4ce3a8af854ac548152d00cda73dcc9c70ad7e6b7	9730d6ca852cef093b6d43e78c97e34f306cd701a53113095c1b7d09a34dca63	2	linked-historical-reference
0x00131e10	_Z9fx_stw_r8v	112	src/snes9x/native_fx_opcodes.cpp	local	f450febb0beea2a18f9404f24d304e82e0434e371c010ec0c06d2232a5e3f082	f450febb0beea2a18f9404f24d304e82e0434e371c010ec0c06d2232a5e3f082	f450febb0beea2a18f9404f24d304e82e0434e371c010ec0c06d2232a5e3f082	6c965abc575d36ab0fc56e6a669b0e22286f2d8289d0d85872a34eec0257039a	2	linked-historical-reference
0x00131e80	_Z9fx_stw_r9v	112	src/snes9x/native_fx_opcodes.cpp	local	5b4bbb7b7fd2c69bedbf2e4898146add56350a8ebf75bb378b0ee431e954b36f	5b4bbb7b7fd2c69bedbf2e4898146add56350a8ebf75bb378b0ee431e954b36f	5b4bbb7b7fd2c69bedbf2e4898146add56350a8ebf75bb378b0ee431e954b36f	60c70942b24465f87530c70b7f4e923be79a9f5378ae6f3fdb40b068dd9a7efd	2	linked-historical-reference
0x00131ef0	_Z10fx_stw_r10v	112	src/snes9x/native_fx_opcodes.cpp	local	bfb32607c25474029c0f74c5338d74243ec4fa519e24109ace843f3a5c981a0a	bfb32607c25474029c0f74c5338d74243ec4fa519e24109ace843f3a5c981a0a	bfb32607c25474029c0f74c5338d74243ec4fa519e24109ace843f3a5c981a0a	ae5a2775d81f8df047eb68f8f98d44469223ab9cf48e44de1e94349b413ba3ed	2	linked-historical-reference
0x00131f60	_Z10fx_stw_r11v	112	src/snes9x/native_fx_opcodes.cpp	local	cdabd4fef463288552c2b369257c84921d0dc42f633278e41ff34d656caca718	cdabd4fef463288552c2b369257c84921d0dc42f633278e41ff34d656caca718	cdabd4fef463288552c2b369257c84921d0dc42f633278e41ff34d656caca718	bfc53e5d6a70568af59225a949b955dd531709ad5f37abb735aa1f9b89e6e2fa	2	linked-historical-reference
0x00131fd0	_Z9fx_stb_r0v	80	src/snes9x/native_fx_opcodes.cpp	local	0425252062641805aeb52316ac202c02cea90b60b78448ae70d74eea62d6b7f7	0425252062641805aeb52316ac202c02cea90b60b78448ae70d74eea62d6b7f7	0425252062641805aeb52316ac202c02cea90b60b78448ae70d74eea62d6b7f7	a41123b0f7a97da54aebedcf637ac3942e4bd6f916b30886989f062c4e994489	4	linked-historical-reference
0x00132020	_Z9fx_stb_r1v	80	src/snes9x/native_fx_opcodes.cpp	local	a6b97208f700d3dc6122731d51b6483ad2c91e90d39c81213623f57082ffc07a	a6b97208f700d3dc6122731d51b6483ad2c91e90d39c81213623f57082ffc07a	a6b97208f700d3dc6122731d51b6483ad2c91e90d39c81213623f57082ffc07a	fb12cc3177250473077c4e6cda0d894e6859821ea4a7b3ee1abaa9ecd6dd02da	2	linked-historical-reference
0x00132070	_Z9fx_stb_r2v	80	src/snes9x/native_fx_opcodes.cpp	local	0c3f2a8ce304d3f4e0359c1da631a7d36d176a4b72e452ac36ad27b2f25ba63d	0c3f2a8ce304d3f4e0359c1da631a7d36d176a4b72e452ac36ad27b2f25ba63d	0c3f2a8ce304d3f4e0359c1da631a7d36d176a4b72e452ac36ad27b2f25ba63d	e9335febad38948c939a0cb177daabb1fb4c6be6bc180440c42140278785ab1b	2	linked-historical-reference
0x001320c0	_Z9fx_stb_r3v	80	src/snes9x/native_fx_opcodes.cpp	local	004daa9e1b6d9b8d3199f5dada163eb143cdfb8031e8d86f2ef8510e81584919	004daa9e1b6d9b8d3199f5dada163eb143cdfb8031e8d86f2ef8510e81584919	004daa9e1b6d9b8d3199f5dada163eb143cdfb8031e8d86f2ef8510e81584919	c7c59805ee2b6fa12edd93e10cc189288108a57b20cfde3b92b06c3d2014cf99	2	linked-historical-reference
0x00132110	_Z9fx_stb_r4v	80	src/snes9x/native_fx_opcodes.cpp	local	5826259544f3afd775b7f97c61c4581d6113cc60208dca1824f1654810f6bfc9	5826259544f3afd775b7f97c61c4581d6113cc60208dca1824f1654810f6bfc9	5826259544f3afd775b7f97c61c4581d6113cc60208dca1824f1654810f6bfc9	b5c5541bf5307dd7bc394e4884b4c71e6cb2d1d96b15721d3edbe9a211343b34	2	linked-historical-reference
0x00132160	_Z9fx_stb_r5v	80	src/snes9x/native_fx_opcodes.cpp	local	1fcf517ce56162df30b61847349aa7b23b2f169b3d9b87b0dfba14daa86585cf	1fcf517ce56162df30b61847349aa7b23b2f169b3d9b87b0dfba14daa86585cf	1fcf517ce56162df30b61847349aa7b23b2f169b3d9b87b0dfba14daa86585cf	4c3b9d20472a4d8dd10502038efec756579a35f6c8c09b26f709631da2e0e647	2	linked-historical-reference
0x001321b0	_Z9fx_stb_r6v	80	src/snes9x/native_fx_opcodes.cpp	local	60e2183f538ac98dbf182a0bb077feaaca4d5ae24abf76aed3a2954d0bf41588	60e2183f538ac98dbf182a0bb077feaaca4d5ae24abf76aed3a2954d0bf41588	60e2183f538ac98dbf182a0bb077feaaca4d5ae24abf76aed3a2954d0bf41588	279dc887d49f60c72e8e0ff44f2b557477359d451a89befc9b99155e90d7ec2b	2	linked-historical-reference
0x00132200	_Z9fx_stb_r7v	80	src/snes9x/native_fx_opcodes.cpp	local	685ca8a229c0c4e051dae42586c5688c75aed7914c9bf2e83a082239702d688b	685ca8a229c0c4e051dae42586c5688c75aed7914c9bf2e83a082239702d688b	685ca8a229c0c4e051dae42586c5688c75aed7914c9bf2e83a082239702d688b	a10ef3cca9b020d288edec77b5432a9808f234e93842a3d273bf72f31a18d217	2	linked-historical-reference
0x00132250	_Z9fx_stb_r8v	80	src/snes9x/native_fx_opcodes.cpp	local	9210a109e67de035dd79cd74b5611f2483ef48aff49200323f1ed8149788745c	9210a109e67de035dd79cd74b5611f2483ef48aff49200323f1ed8149788745c	9210a109e67de035dd79cd74b5611f2483ef48aff49200323f1ed8149788745c	87406cbded462521c79c59e7901fcc08a7e054240d302bada802c6b0a01021c1	2	linked-historical-reference
0x001322a0	_Z9fx_stb_r9v	80	src/snes9x/native_fx_opcodes.cpp	local	d2999ea839916fb5aa1994a4af36de756496986cfe6baf10eba97d1f26f42dbd	d2999ea839916fb5aa1994a4af36de756496986cfe6baf10eba97d1f26f42dbd	d2999ea839916fb5aa1994a4af36de756496986cfe6baf10eba97d1f26f42dbd	3f87582ebeb38e71b51aeb45898b23da5dc8cf3ab1cc45290152b17f4858a4d6	2	linked-historical-reference
0x001322f0	_Z10fx_stb_r10v	80	src/snes9x/native_fx_opcodes.cpp	local	f23f806e9f9d9da4046e4288cb464eab04aa59c7e14f0da768f6acaaa9ef68cc	f23f806e9f9d9da4046e4288cb464eab04aa59c7e14f0da768f6acaaa9ef68cc	f23f806e9f9d9da4046e4288cb464eab04aa59c7e14f0da768f6acaaa9ef68cc	1fbbf5702b3ec668345f50ddfc520ddffa3a9cb1272b57c50feaa6dfa1414c5d	2	linked-historical-reference
0x00132340	_Z10fx_stb_r11v	80	src/snes9x/native_fx_opcodes.cpp	local	d0a826e85c48f94719cb439c3d699dc8b14b08406480c3fe071ccf9f0b5cdef6	d0a826e85c48f94719cb439c3d699dc8b14b08406480c3fe071ccf9f0b5cdef6	d0a826e85c48f94719cb439c3d699dc8b14b08406480c3fe071ccf9f0b5cdef6	058bba0c563929549856e5d78c7fdf8b27b27e8a987314157c8af54eb1867005	2	linked-historical-reference
0x00132390	_Z7fx_loopv	92	src/snes9x/native_fx_opcodes.cpp	local	40afbddb31b4d75831c178a5ddc76f247cd06a220f0b7792d84c2e426371ccc0	40afbddb31b4d75831c178a5ddc76f247cd06a220f0b7792d84c2e426371ccc0	40afbddb31b4d75831c178a5ddc76f247cd06a220f0b7792d84c2e426371ccc0	3ebfbbc1494a04a95ac919c220ac9a533171a19ead322581f8407640dbb7027a	4	linked-historical-reference
0x001323ec	_Z7fx_alt1v	44	src/snes9x/native_fx_opcodes.cpp	local	af722a3da9517074a5ab1fd589f3b0d8ec5493a8da51d4aa91ef0ca09e1f31bd	af722a3da9517074a5ab1fd589f3b0d8ec5493a8da51d4aa91ef0ca09e1f31bd	af722a3da9517074a5ab1fd589f3b0d8ec5493a8da51d4aa91ef0ca09e1f31bd	7836412ed1006e0c630ec10a609c4c937476f1deea3302567d0ea3a65f6053be	2	linked-historical-reference
0x00132418	_Z7fx_alt2v	44	src/snes9x/native_fx_opcodes.cpp	local	d64d706a3b6f1666d52c3e34410f749879a70bae545209d803f94120028f274d	d64d706a3b6f1666d52c3e34410f749879a70bae545209d803f94120028f274d	d64d706a3b6f1666d52c3e34410f749879a70bae545209d803f94120028f274d	ff3e51540d9f1551b30a2e7ed57b25417cfa85e4546f5d8069068d850cb021d3	2	linked-historical-reference
0x00132444	_Z7fx_alt3v	44	src/snes9x/native_fx_opcodes.cpp	local	4da3c582611cec249bbbf3ce351010cacd82debfdd3481e674562c5840c4633d	4da3c582611cec249bbbf3ce351010cacd82debfdd3481e674562c5840c4633d	4da3c582611cec249bbbf3ce351010cacd82debfdd3481e674562c5840c4633d	8636ee863936d0eb2e5bfad56ce95f87df10d2bbc375faaa72929ecc95ea173b	2	linked-historical-reference
0x00132470	_Z9fx_ldw_r0v	136	src/snes9x/native_fx_opcodes.cpp	local	9ff5e05fa6d64bb4470708100e72e57658b35b9d6a74bed36030957ac1f3a317	9ff5e05fa6d64bb4470708100e72e57658b35b9d6a74bed36030957ac1f3a317	9ff5e05fa6d64bb4470708100e72e57658b35b9d6a74bed36030957ac1f3a317	3d52382bd70a586f4b1f6c5543ceca4b9306a7ddca93a1914853c0404b630aa6	4	linked-historical-reference
0x001324f8	_Z9fx_ldw_r1v	136	src/snes9x/native_fx_opcodes.cpp	local	0bd712f6f3422b054f4cdcf6f0423fee20373eb9e585bc19c83c640cfda7e6e9	0bd712f6f3422b054f4cdcf6f0423fee20373eb9e585bc19c83c640cfda7e6e9	0bd712f6f3422b054f4cdcf6f0423fee20373eb9e585bc19c83c640cfda7e6e9	383839b6039a0ee852aa1a1d29f67296eed855ecd0f8028301c5fe1affab41e7	2	linked-historical-reference
0x00132580	_Z9fx_ldw_r2v	136	src/snes9x/native_fx_opcodes.cpp	local	4e3c59cbee028a7b5a9e9fdd52606025076eea793e4f03971317911fa5da8da7	4e3c59cbee028a7b5a9e9fdd52606025076eea793e4f03971317911fa5da8da7	4e3c59cbee028a7b5a9e9fdd52606025076eea793e4f03971317911fa5da8da7	3c2f48e6e157dc01c6c9ddaa2b20cd5fd297461008d1b1684b1e588bfb55d8d6	2	linked-historical-reference
0x00132608	_Z9fx_ldw_r3v	136	src/snes9x/native_fx_opcodes.cpp	local	3ad8fe5201a794508ac18fd6432049d054ae10ab0e037c1ef805bcfd399304a0	3ad8fe5201a794508ac18fd6432049d054ae10ab0e037c1ef805bcfd399304a0	3ad8fe5201a794508ac18fd6432049d054ae10ab0e037c1ef805bcfd399304a0	198adb338178c927c9930f3672b49b8e64af9748a6a63d0962bc31e58af7499d	2	linked-historical-reference
0x00132690	_Z9fx_ldw_r4v	136	src/snes9x/native_fx_opcodes.cpp	local	58edf2ce6e7d70475180cda1ed2a0b67fc9133bce3d090bb0a0fd990cbc79a73	58edf2ce6e7d70475180cda1ed2a0b67fc9133bce3d090bb0a0fd990cbc79a73	58edf2ce6e7d70475180cda1ed2a0b67fc9133bce3d090bb0a0fd990cbc79a73	4067531d9d95756f5064796053808caf9eea607364f5ea8bb0f769dd8cb920b3	2	linked-historical-reference
0x00132718	_Z9fx_ldw_r5v	136	src/snes9x/native_fx_opcodes.cpp	local	4221b16c07c7f89c0e4bfbba5a23555a11788ecd87abe3f4e5d76d8c63bdb6ff	4221b16c07c7f89c0e4bfbba5a23555a11788ecd87abe3f4e5d76d8c63bdb6ff	4221b16c07c7f89c0e4bfbba5a23555a11788ecd87abe3f4e5d76d8c63bdb6ff	bc85e5b6dd4df7a9b0d6e320163a88270f920192eaa01c86afbab596071f75d2	2	linked-historical-reference
0x001327a0	_Z9fx_ldw_r6v	136	src/snes9x/native_fx_opcodes.cpp	local	af5f478ea04e46de6bb0e0cc8dd35e4b1d4bdeb423b3b2c4230ddcf7ca09ebfd	af5f478ea04e46de6bb0e0cc8dd35e4b1d4bdeb423b3b2c4230ddcf7ca09ebfd	af5f478ea04e46de6bb0e0cc8dd35e4b1d4bdeb423b3b2c4230ddcf7ca09ebfd	a6b24c9733ee3ed22ae86d9ccaee9cce5b44f6e2e3bf4b0f7d6696aac0b0096f	2	linked-historical-reference
0x00132828	_Z9fx_ldw_r7v	136	src/snes9x/native_fx_opcodes.cpp	local	b61b11e1a81bda37fba3c2379f9061bea50d99e097a7e65c1943c99ff45e3c04	b61b11e1a81bda37fba3c2379f9061bea50d99e097a7e65c1943c99ff45e3c04	b61b11e1a81bda37fba3c2379f9061bea50d99e097a7e65c1943c99ff45e3c04	b5be2a65988420a3ef2d3f200832d05ad2c50c686edc5c3882d3c0473125175e	2	linked-historical-reference
0x001328b0	_Z9fx_ldw_r8v	136	src/snes9x/native_fx_opcodes.cpp	local	f47097da2efec9dce089ac2f2dc3ddd7ad06ff981d324223b939a2be02b01c6c	f47097da2efec9dce089ac2f2dc3ddd7ad06ff981d324223b939a2be02b01c6c	f47097da2efec9dce089ac2f2dc3ddd7ad06ff981d324223b939a2be02b01c6c	097cb5d1d6c4d0ebd3c7664629b54b5242aab07906becd066fa7b46eeeac6f0f	2	linked-historical-reference
0x00132938	_Z9fx_ldw_r9v	136	src/snes9x/native_fx_opcodes.cpp	local	e62020351ee059ad15db81380eb71ceb79b71f37cb263f5b085b680076a3e25b	e62020351ee059ad15db81380eb71ceb79b71f37cb263f5b085b680076a3e25b	e62020351ee059ad15db81380eb71ceb79b71f37cb263f5b085b680076a3e25b	27890184f7254b070751e3619ca4df5a2a24eed7d81ab577a3deec23cf29d39f	2	linked-historical-reference
0x001329c0	_Z10fx_ldw_r10v	136	src/snes9x/native_fx_opcodes.cpp	local	8e1de71473a2cbe5d28a554d43a2af18dd6c261ef13bcc248adf680135f5c2db	8e1de71473a2cbe5d28a554d43a2af18dd6c261ef13bcc248adf680135f5c2db	8e1de71473a2cbe5d28a554d43a2af18dd6c261ef13bcc248adf680135f5c2db	5a7a22c2dcabc9a56d93b10e76c39eaf3becaf3977888bd0b0996a9ab57116dd	2	linked-historical-reference
0x00132a48	_Z10fx_ldw_r11v	136	src/snes9x/native_fx_opcodes.cpp	local	d68f79426f85899cb89f55a14bb7c7f019bdd43d693ba62c85cf683544cc9e71	d68f79426f85899cb89f55a14bb7c7f019bdd43d693ba62c85cf683544cc9e71	d68f79426f85899cb89f55a14bb7c7f019bdd43d693ba62c85cf683544cc9e71	61bc3f0545b12c52fa1f2870872d31b37d4918cd89ea6c2a2a17aee2393f063e	2	linked-historical-reference
0x00132ad0	_Z9fx_ldb_r0v	116	src/snes9x/native_fx_opcodes.cpp	local	431e91a31d6edd07bf938eac655205442e24994e117b0371f6524b5bf989c2fa	431e91a31d6edd07bf938eac655205442e24994e117b0371f6524b5bf989c2fa	431e91a31d6edd07bf938eac655205442e24994e117b0371f6524b5bf989c2fa	4f3e5dcba0aa72db2209a1c9a853a4fc2a437df7290f02e5aec16b57d1633f11	4	linked-historical-reference
0x00132b44	_Z9fx_ldb_r1v	116	src/snes9x/native_fx_opcodes.cpp	local	0c0845f4c4429626bd4eb6f25163b9a14be9f51ac8f5aaeb0af03686052af599	0c0845f4c4429626bd4eb6f25163b9a14be9f51ac8f5aaeb0af03686052af599	0c0845f4c4429626bd4eb6f25163b9a14be9f51ac8f5aaeb0af03686052af599	af0bfbf8e70ea7252afd26a1a586db596667e9799516976a5fc9c9c7227a0e6c	2	linked-historical-reference
0x00132bb8	_Z9fx_ldb_r2v	116	src/snes9x/native_fx_opcodes.cpp	local	14fbbf02c274b3b2816276c855aeecfd327c656cf88deb6a141e064a02f98e72	14fbbf02c274b3b2816276c855aeecfd327c656cf88deb6a141e064a02f98e72	14fbbf02c274b3b2816276c855aeecfd327c656cf88deb6a141e064a02f98e72	f4cf9a1d200003c75dc74a3267b6fedcb5d9bbcb606296ee0f920c185a02cc45	2	linked-historical-reference
0x00132c2c	_Z9fx_ldb_r3v	116	src/snes9x/native_fx_opcodes.cpp	local	8cf27b42d805095280ad498d7b5d5d290111d4346d0eeb4c6921549ba89a48d5	8cf27b42d805095280ad498d7b5d5d290111d4346d0eeb4c6921549ba89a48d5	8cf27b42d805095280ad498d7b5d5d290111d4346d0eeb4c6921549ba89a48d5	6a0114bc39cee1d979d4ecb7292ab9a58efd2c279d9c38028942581f976abddd	2	linked-historical-reference
0x00132ca0	_Z9fx_ldb_r4v	116	src/snes9x/native_fx_opcodes.cpp	local	62b70e591d9496216c9d2d80bde9767367582d1f7300dc12378e2986577ef7ee	62b70e591d9496216c9d2d80bde9767367582d1f7300dc12378e2986577ef7ee	62b70e591d9496216c9d2d80bde9767367582d1f7300dc12378e2986577ef7ee	a012e36a036222a5895d5987b314639bffb629d9fe43b2964389f22909e028ad	2	linked-historical-reference
0x00132d14	_Z9fx_ldb_r5v	116	src/snes9x/native_fx_opcodes.cpp	local	d7e6a3bb8e5fee602c7caf5938fa1206e72b4adbdd7d23e300ddd5e70f4799a3	d7e6a3bb8e5fee602c7caf5938fa1206e72b4adbdd7d23e300ddd5e70f4799a3	d7e6a3bb8e5fee602c7caf5938fa1206e72b4adbdd7d23e300ddd5e70f4799a3	e9bf05e587a73b1b222b8f4b0aa7535cfd41d9e65d4e49780db9603c4af5cba2	2	linked-historical-reference
0x00132d88	_Z9fx_ldb_r6v	116	src/snes9x/native_fx_opcodes.cpp	local	3d2c86e9dc9a36f8854603417892699616d6eb0491fa62cb7ece52c07445a7ba	3d2c86e9dc9a36f8854603417892699616d6eb0491fa62cb7ece52c07445a7ba	3d2c86e9dc9a36f8854603417892699616d6eb0491fa62cb7ece52c07445a7ba	a4dce98707bf5702eb74c3c4f6537e84f6026692a8a8b1e7066ab768b61aa061	2	linked-historical-reference
0x00132dfc	_Z9fx_ldb_r7v	116	src/snes9x/native_fx_opcodes.cpp	local	44020078e454843456679a2fcee881833899fb1bdbda4734c325595fd8ac6358	44020078e454843456679a2fcee881833899fb1bdbda4734c325595fd8ac6358	44020078e454843456679a2fcee881833899fb1bdbda4734c325595fd8ac6358	62ea5986d01e165466c289dfd6ec58de6b319b36fdbac2696033f7f5216d071e	2	linked-historical-reference
0x00132e70	_Z9fx_ldb_r8v	116	src/snes9x/native_fx_opcodes.cpp	local	050d141bfc222f506d467c83bf98dc7deeb0b3412ebfbcc989d61a0ef10b1766	050d141bfc222f506d467c83bf98dc7deeb0b3412ebfbcc989d61a0ef10b1766	050d141bfc222f506d467c83bf98dc7deeb0b3412ebfbcc989d61a0ef10b1766	ca70d06360c2ad4a8dfcb24a9535c7ac0b8ed5beabe778aed1bf1b3822a43976	2	linked-historical-reference
0x00132ee4	_Z9fx_ldb_r9v	116	src/snes9x/native_fx_opcodes.cpp	local	e688a2f6d816b1394ff4527a90e847a50ffcccd200a74fe04da595cff9b7c050	e688a2f6d816b1394ff4527a90e847a50ffcccd200a74fe04da595cff9b7c050	e688a2f6d816b1394ff4527a90e847a50ffcccd200a74fe04da595cff9b7c050	600411705c56e9581855f70ed99e2d82e57ab6e6ff72c81f71826745ffc2acba	2	linked-historical-reference
0x00132f58	_Z10fx_ldb_r10v	116	src/snes9x/native_fx_opcodes.cpp	local	f6a780c180316a49b7df0585974e81f0260ac6003569afbd452b2d128273b6f6	f6a780c180316a49b7df0585974e81f0260ac6003569afbd452b2d128273b6f6	f6a780c180316a49b7df0585974e81f0260ac6003569afbd452b2d128273b6f6	2f58cae8b77a0e9245a793a1bf40d9275950cecfe4ac4406be06bf0e106b4090	2	linked-historical-reference
0x00132fcc	_Z10fx_ldb_r11v	116	src/snes9x/native_fx_opcodes.cpp	local	86cc7dff150b32509faa164dd28ebf2a0e8fab9835320bea16302d30a6e1145c	86cc7dff150b32509faa164dd28ebf2a0e8fab9835320bea16302d30a6e1145c	86cc7dff150b32509faa164dd28ebf2a0e8fab9835320bea16302d30a6e1145c	a30aae91ba31df513cb523e505f337ae679821cbf4cfbff4354c5cf9e21f6075	2	linked-historical-reference
0x00133040	_Z12fx_plot_2bitv	300	src/snes9x/native_fx_opcodes.cpp	local	948e88a616cca65e169a5635f906f9ed957239f09de5c7d79cb36cb92834cf64	948e88a616cca65e169a5635f906f9ed957239f09de5c7d79cb36cb92834cf64	948e88a616cca65e169a5635f906f9ed957239f09de5c7d79cb36cb92834cf64	846e7b9adb0fc0bb56f8dbf879eeec3eaab0d9467c225b6189eb5d4abbe438ba	4	linked-historical-reference
0x0013316c	_Z12fx_rpix_2bitv	176	src/snes9x/native_fx_opcodes.cpp	local	af58d66094285b08cc97af5b71e7954c21de3da26d2da5ff06fd815f2004146d	af58d66094285b08cc97af5b71e7954c21de3da26d2da5ff06fd815f2004146d	af58d66094285b08cc97af5b71e7954c21de3da26d2da5ff06fd815f2004146d	b30b1255a31fae4ece1a8f688276e21d1dada70af96862b19c555cf66373306d	5	linked-historical-reference
0x0013321c	_Z12fx_plot_4bitv	364	src/snes9x/native_fx_opcodes.cpp	local	0e2f61d595784e984f788bec788f964a4ae3625c91c8a8ae00c7b427158fa138	0e2f61d595784e984f788bec788f964a4ae3625c91c8a8ae00c7b427158fa138	0e2f61d595784e984f788bec788f964a4ae3625c91c8a8ae00c7b427158fa138	82b8a9041ab968712caf0465ba9ab9f41da12fe2238dd4bc1a5b72f0d77ce12a	4	linked-historical-reference
0x00133388	_Z12fx_rpix_4bitv	216	src/snes9x/native_fx_opcodes.cpp	local	a7618f9aead8065a39da9bdab2f1dd72c6a87e0d4fe29e61fac82454a39179a8	a7618f9aead8065a39da9bdab2f1dd72c6a87e0d4fe29e61fac82454a39179a8	a7618f9aead8065a39da9bdab2f1dd72c6a87e0d4fe29e61fac82454a39179a8	6c4d4a05109408fc66817554fd52ebed631b5fc136e1a7e3445dbe5742fb0f4a	7	linked-historical-reference
0x00133460	_Z12fx_plot_8bitv	476	src/snes9x/native_fx_opcodes.cpp	local	893994e769536acfa5e443c33bd829c0891d7920504267216584d9c3eb821d9b	893994e769536acfa5e443c33bd829c0891d7920504267216584d9c3eb821d9b	893994e769536acfa5e443c33bd829c0891d7920504267216584d9c3eb821d9b	6486075c6d53d7eb658bee9b7fa01e722676fd2306c96fef4333c24f586bfc1d	4	linked-historical-reference
0x0013363c	_Z12fx_rpix_8bitv	296	src/snes9x/native_fx_opcodes.cpp	local	adef33f528cf99093cadf8c613cd6633c534c38ff54f8159eae951ad066edce0	adef33f528cf99093cadf8c613cd6633c534c38ff54f8159eae951ad066edce0	adef33f528cf99093cadf8c613cd6633c534c38ff54f8159eae951ad066edce0	7ed58a2d525b99b51fe633d1aed718cd3502f0f6438d5cc6979a284f8baf3800	11	linked-historical-reference
0x00133764	_Z11fx_plot_objv	32	src/snes9x/native_fx_opcodes.cpp	local	4d812dabff0477546f5a4ebeb9b1becb0bb2440e19291679c5c94be63a9bc2dc	4d812dabff0477546f5a4ebeb9b1becb0bb2440e19291679c5c94be63a9bc2dc	4d812dabff0477546f5a4ebeb9b1becb0bb2440e19291679c5c94be63a9bc2dc	6b561080c40834d971c03c2b8e08aa3b74801787ad375ae4fa1db2df2e14ca5f	3	linked-historical-reference
0x00133784	_Z11fx_rpix_objv	32	src/snes9x/native_fx_opcodes.cpp	local	d75bc0e9bfbc6cb8f9b02f2f8c106b65e4a30491cfa50c6b7c9eb2671fc0a5ab	d75bc0e9bfbc6cb8f9b02f2f8c106b65e4a30491cfa50c6b7c9eb2671fc0a5ab	4d812dabff0477546f5a4ebeb9b1becb0bb2440e19291679c5c94be63a9bc2dc	3b0388eaf731e71a0fe4c63b9e82d3e6b405c422a18d9badeaff418818106e03	3	linked-historical-reference
0x001337a4	_Z7fx_swapv	120	src/snes9x/native_fx_opcodes.cpp	local	bf3a708bea30341a1dc307ee9e2bc6c368623277b7d61979772105ac7e439d25	bf3a708bea30341a1dc307ee9e2bc6c368623277b7d61979772105ac7e439d25	bf3a708bea30341a1dc307ee9e2bc6c368623277b7d61979772105ac7e439d25	9221407adebb935c2c61d502768dff2577be233be32de6bded5c8d28322464f3	2	linked-historical-reference
0x0013381c	_Z8fx_colorv	124	src/snes9x/native_fx_opcodes.cpp	local	dd8b42f11f76c23b73392ad30509a5398442425cc713ed1652918cfdcd451d16	dd8b42f11f76c23b73392ad30509a5398442425cc713ed1652918cfdcd451d16	dd8b42f11f76c23b73392ad30509a5398442425cc713ed1652918cfdcd451d16	44bef921a9f47ab9b68de6efff36aa4c8536d8a19cfad7a15515e7f6d575a019	4	linked-historical-reference
0x00133898	_Z8fx_cmodev	108	src/snes9x/native_fx_opcodes.cpp	local	f9d6819bbd6417f693452da93ca2c28a86ecab49ae51e40ebaf005cd9183e2e9	f9d6819bbd6417f693452da93ca2c28a86ecab49ae51e40ebaf005cd9183e2e9	f9d6819bbd6417f693452da93ca2c28a86ecab49ae51e40ebaf005cd9183e2e9	908ba62f77ee192cd44795251edc18020cd14bdcd2bf09b558d6cb1daabb7856	5	linked-historical-reference
0x00133904	_Z6fx_notv	112	src/snes9x/native_fx_opcodes.cpp	local	11cf0cf8e4f670185f188bbd28adcc28db008381b40d52334d38721adc8ef87b	11cf0cf8e4f670185f188bbd28adcc28db008381b40d52334d38721adc8ef87b	11cf0cf8e4f670185f188bbd28adcc28db008381b40d52334d38721adc8ef87b	99ea8443bf4fe96ae6b7f82a2d3afd13fb47e4f747ed9d9143cc26333b34e014	2	linked-historical-reference
0x00133974	_Z9fx_add_r0v	160	src/snes9x/native_fx_opcodes.cpp	local	09471f20ae7c84f5bff3819bd26e49fb00d093b6e04b9ec4913f250dc1baee16	09471f20ae7c84f5bff3819bd26e49fb00d093b6e04b9ec4913f250dc1baee16	09471f20ae7c84f5bff3819bd26e49fb00d093b6e04b9ec4913f250dc1baee16	1ce5abf82493ae901edb46f9ef51fc27af697e65221dcd77e0e511f6d8f0d815	4	linked-historical-reference
0x00133a14	_Z9fx_add_r1v	160	src/snes9x/native_fx_opcodes.cpp	local	c29b15c8f3c33cc9eacbca319a218cfae46ffabcd9ce11cba22223717592f2b0	c29b15c8f3c33cc9eacbca319a218cfae46ffabcd9ce11cba22223717592f2b0	c29b15c8f3c33cc9eacbca319a218cfae46ffabcd9ce11cba22223717592f2b0	37b2a839549458bbf69e2f0a8013d0cd784bb4b124385e259e7a0b9256fe70f8	2	linked-historical-reference
0x00133ab4	_Z9fx_add_r2v	160	src/snes9x/native_fx_opcodes.cpp	local	6dda00be2da09dc8520c9807aa4b819ec91f79e4fb1eefc86b0097fdeb584506	6dda00be2da09dc8520c9807aa4b819ec91f79e4fb1eefc86b0097fdeb584506	6dda00be2da09dc8520c9807aa4b819ec91f79e4fb1eefc86b0097fdeb584506	950903f8a4efbd5d0eb5313c2ed5fc22eaa7053bdada116b01eb559e132defb9	2	linked-historical-reference
0x00133b54	_Z9fx_add_r3v	160	src/snes9x/native_fx_opcodes.cpp	local	c642a1e9ad78dde63e9962adceca731285714a2d01b40b3ba41385645bf6c5d9	c642a1e9ad78dde63e9962adceca731285714a2d01b40b3ba41385645bf6c5d9	c642a1e9ad78dde63e9962adceca731285714a2d01b40b3ba41385645bf6c5d9	0e09fc96775427c9f53de6730d4e7a079d9742d40d0fcc94a256fc1bfddeacf8	2	linked-historical-reference
0x00133bf4	_Z9fx_add_r4v	160	src/snes9x/native_fx_opcodes.cpp	local	b15b39c7fb8561eeecc9c72a0fec883c4eca6c35c683c49edd56f2fdea0b0c7d	b15b39c7fb8561eeecc9c72a0fec883c4eca6c35c683c49edd56f2fdea0b0c7d	b15b39c7fb8561eeecc9c72a0fec883c4eca6c35c683c49edd56f2fdea0b0c7d	9fc56244f601696c6c603f6ad64150a6788fca0aa0b065dd3f9ca880c07ea8fb	2	linked-historical-reference
0x00133c94	_Z9fx_add_r5v	160	src/snes9x/native_fx_opcodes.cpp	local	c514901ce3df96ba0713d68d0a8a91ba5025b94b7439e9bad345ef96f2c058c2	c514901ce3df96ba0713d68d0a8a91ba5025b94b7439e9bad345ef96f2c058c2	c514901ce3df96ba0713d68d0a8a91ba5025b94b7439e9bad345ef96f2c058c2	02b540b2a0c71167a35367e7967445f8e7342dddea820ee5976e316a54148d7a	2	linked-historical-reference
0x00133d34	_Z9fx_add_r6v	160	src/snes9x/native_fx_opcodes.cpp	local	cf8214803cb81dcdd6c75d6d5c855c4dfe7c3da3c4dba69b5614424897248d8c	cf8214803cb81dcdd6c75d6d5c855c4dfe7c3da3c4dba69b5614424897248d8c	cf8214803cb81dcdd6c75d6d5c855c4dfe7c3da3c4dba69b5614424897248d8c	0801a54f0c866554567f8879ffd5cfd2ea61f9f464d0cc5696f7a4f5d77e4695	2	linked-historical-reference
0x00133dd4	_Z9fx_add_r7v	160	src/snes9x/native_fx_opcodes.cpp	local	d602a57a986a5ccf05fa9e2244731bed8c2c0cb1f12d1037242102fc09008af9	d602a57a986a5ccf05fa9e2244731bed8c2c0cb1f12d1037242102fc09008af9	d602a57a986a5ccf05fa9e2244731bed8c2c0cb1f12d1037242102fc09008af9	f032607136dff10d1f707e087a23f4f138fd83a149e99deca1e9f4ff3da67282	2	linked-historical-reference
0x00133e74	_Z9fx_add_r8v	160	src/snes9x/native_fx_opcodes.cpp	local	355cbb082095d676ec35a35e9953b9ce926532e477d6f2965a5f83367553fae5	355cbb082095d676ec35a35e9953b9ce926532e477d6f2965a5f83367553fae5	355cbb082095d676ec35a35e9953b9ce926532e477d6f2965a5f83367553fae5	17cf60024d84af256a9aa0c730ed7cd3209428592cc86962a4b2c1ecc48cf219	2	linked-historical-reference
0x00133f14	_Z9fx_add_r9v	160	src/snes9x/native_fx_opcodes.cpp	local	6c05f9370b73550d287b0063a787ff66f50faa62dfa97b2ba3163998ec16c1b7	6c05f9370b73550d287b0063a787ff66f50faa62dfa97b2ba3163998ec16c1b7	6c05f9370b73550d287b0063a787ff66f50faa62dfa97b2ba3163998ec16c1b7	96292e3b2765c7dd66a3723475db8999ea3590e9d1ec101eb6fa5c93b3adab71	2	linked-historical-reference
0x00133fb4	_Z10fx_add_r10v	160	src/snes9x/native_fx_opcodes.cpp	local	0f2ada053d77e2fd34c57134c9cc1dd6e033480bbbb36aebcec84edde6916247	0f2ada053d77e2fd34c57134c9cc1dd6e033480bbbb36aebcec84edde6916247	0f2ada053d77e2fd34c57134c9cc1dd6e033480bbbb36aebcec84edde6916247	9ab672d7412984e4e871103acd2e6882bb739d709ca77f19fe6aa044710af5e6	2	linked-historical-reference
0x00134054	_Z10fx_add_r11v	160	src/snes9x/native_fx_opcodes.cpp	local	2b20988614336fe69834aa28b779bf8f9e7fc6d792bbac41119a5c93868e7154	2b20988614336fe69834aa28b779bf8f9e7fc6d792bbac41119a5c93868e7154	2b20988614336fe69834aa28b779bf8f9e7fc6d792bbac41119a5c93868e7154	61be7c8b9884bc2ab55ac4f6a49f34aa3f53887976854c997cd62c68d2f6912f	2	linked-historical-reference
0x001340f4	_Z10fx_add_r12v	160	src/snes9x/native_fx_opcodes.cpp	local	21aa7efd732a3d289076d9f96dc77581b7e16c5fdff4eaab74c88bc989fa635c	21aa7efd732a3d289076d9f96dc77581b7e16c5fdff4eaab74c88bc989fa635c	21aa7efd732a3d289076d9f96dc77581b7e16c5fdff4eaab74c88bc989fa635c	5d4b0077704560d9c7004b7e785c6536b986c22acc8fae9b5de2d039c2db0f51	2	linked-historical-reference
0x00134194	_Z10fx_add_r13v	160	src/snes9x/native_fx_opcodes.cpp	local	b2b68c66c980a42eb6323e73cf40bebab44021460a3ee4e407b708ce3be79fae	b2b68c66c980a42eb6323e73cf40bebab44021460a3ee4e407b708ce3be79fae	b2b68c66c980a42eb6323e73cf40bebab44021460a3ee4e407b708ce3be79fae	eb17da9b955dfa2a2eaba8ebdb525411911f4518ee6273645a2aefdb2fbf61e0	2	linked-historical-reference
0x00134234	_Z10fx_add_r14v	160	src/snes9x/native_fx_opcodes.cpp	local	07f122ec1a863602da475646107b0396ca4037da04e86c771ec6660adadd4f92	07f122ec1a863602da475646107b0396ca4037da04e86c771ec6660adadd4f92	07f122ec1a863602da475646107b0396ca4037da04e86c771ec6660adadd4f92	803fd213fa173fc8a6ce71392e0ffbd424110619c19c93d942fbcc8d46c0e67c	2	linked-historical-reference
0x001342d4	_Z10fx_add_r15v	156	src/snes9x/native_fx_opcodes.cpp	local	57957f6d93600bf2e532122fa296ddd675b57e09a7d20aa4eca296762a81b8a8	57957f6d93600bf2e532122fa296ddd675b57e09a7d20aa4eca296762a81b8a8	57957f6d93600bf2e532122fa296ddd675b57e09a7d20aa4eca296762a81b8a8	553294729569b23b195d7567721d7afc5fb9e6a43fe50c5f58ee3e967ea384fd	2	linked-historical-reference
0x00134370	_Z9fx_adc_r0v	168	src/snes9x/native_fx_opcodes.cpp	local	59bdb5c7ff56b8bd4c5f7098b88b1adc6e316fe94b935d5bbc8e4c919aba3840	59bdb5c7ff56b8bd4c5f7098b88b1adc6e316fe94b935d5bbc8e4c919aba3840	59bdb5c7ff56b8bd4c5f7098b88b1adc6e316fe94b935d5bbc8e4c919aba3840	9cb63ede11aadde6851d51cb7b230774d6963f2fe30ef80dbc4bdbd294b3f07e	4	linked-historical-reference
0x00134418	_Z9fx_adc_r1v	168	src/snes9x/native_fx_opcodes.cpp	local	3c4ee4eb568a761c99043a83029978e4420d994c8dcd88de88c0571172be4674	3c4ee4eb568a761c99043a83029978e4420d994c8dcd88de88c0571172be4674	3c4ee4eb568a761c99043a83029978e4420d994c8dcd88de88c0571172be4674	eb3dab56ed465cd86a8afdbb0cc239d87f11be0582b32caa1c6c7e28ce24c47e	2	linked-historical-reference
0x001344c0	_Z9fx_adc_r2v	168	src/snes9x/native_fx_opcodes.cpp	local	b52e5125f72c87193a49ec91eba8edae269b94f71a85b2fd7d56638ab7e73b76	b52e5125f72c87193a49ec91eba8edae269b94f71a85b2fd7d56638ab7e73b76	b52e5125f72c87193a49ec91eba8edae269b94f71a85b2fd7d56638ab7e73b76	b2156b0cde6e94d9e3331b6945ffba9898fe77e3dadb34317c7eeae4e8f8f699	2	linked-historical-reference
0x00134568	_Z9fx_adc_r3v	168	src/snes9x/native_fx_opcodes.cpp	local	a1f1f74a8bd906daee8a45a6d358ed17c3debc0497a23251a73ceaaeb684f916	a1f1f74a8bd906daee8a45a6d358ed17c3debc0497a23251a73ceaaeb684f916	a1f1f74a8bd906daee8a45a6d358ed17c3debc0497a23251a73ceaaeb684f916	fefe76a4c98aa5268ac6a526e8a52cded73a70f30cfda2eba872153b0a0f2670	2	linked-historical-reference
0x00134610	_Z9fx_adc_r4v	168	src/snes9x/native_fx_opcodes.cpp	local	ecee4f410217bdc0449d49e9241bcacbc3cfd85d66053f146339386ca9b72942	ecee4f410217bdc0449d49e9241bcacbc3cfd85d66053f146339386ca9b72942	ecee4f410217bdc0449d49e9241bcacbc3cfd85d66053f146339386ca9b72942	0ad389db89fe95856c2c799312457417bafcecf3e176a4865b39b8139a099592	2	linked-historical-reference
0x001346b8	_Z9fx_adc_r5v	168	src/snes9x/native_fx_opcodes.cpp	local	fa6429fb9731a3be76489e44e30eaa265935e9d768f1d47bb6a2f06daf532928	fa6429fb9731a3be76489e44e30eaa265935e9d768f1d47bb6a2f06daf532928	fa6429fb9731a3be76489e44e30eaa265935e9d768f1d47bb6a2f06daf532928	9fb12eae73c53c64ccb0d9a56ca1709029e16429c8680d271358d92af58a55ab	2	linked-historical-reference
0x00134760	_Z9fx_adc_r6v	168	src/snes9x/native_fx_opcodes.cpp	local	9644b5e804addb3edc736223301ee79d50eccd70209ed8aada9c874403222400	9644b5e804addb3edc736223301ee79d50eccd70209ed8aada9c874403222400	9644b5e804addb3edc736223301ee79d50eccd70209ed8aada9c874403222400	b83a2a67cc20a6ab567b4058dd45627224af8178088b91a31d85f88b4823f15b	2	linked-historical-reference
0x00134808	_Z9fx_adc_r7v	168	src/snes9x/native_fx_opcodes.cpp	local	de282ad0faea6429809a0cb466bf352e99a51e45d7cdb7e4222e4948c84af5c7	de282ad0faea6429809a0cb466bf352e99a51e45d7cdb7e4222e4948c84af5c7	de282ad0faea6429809a0cb466bf352e99a51e45d7cdb7e4222e4948c84af5c7	81df57d58ce48e49bac1b296ab324e546f817a3de980ceb968add67d1cd80ec7	2	linked-historical-reference
0x001348b0	_Z9fx_adc_r8v	168	src/snes9x/native_fx_opcodes.cpp	local	5e8942413fd8aaf513506f371ee5eb1b4b26dae88b29b2b40c60b1c10ce7d9f0	5e8942413fd8aaf513506f371ee5eb1b4b26dae88b29b2b40c60b1c10ce7d9f0	5e8942413fd8aaf513506f371ee5eb1b4b26dae88b29b2b40c60b1c10ce7d9f0	66b8a8892159c123c333ddc703e593b47915ad47ff6c7ce8ddc5a628d1ac298a	2	linked-historical-reference
0x00134958	_Z9fx_adc_r9v	168	src/snes9x/native_fx_opcodes.cpp	local	cffa770bdc9be2d07996d47f08ee86fdb81497c93cce5401e49331acd9fee5a5	cffa770bdc9be2d07996d47f08ee86fdb81497c93cce5401e49331acd9fee5a5	cffa770bdc9be2d07996d47f08ee86fdb81497c93cce5401e49331acd9fee5a5	cc5a8b4d94cfb91b16343da6448ba883d8540a6559a23660ca60294323f5dd54	2	linked-historical-reference
0x00134a00	_Z10fx_adc_r10v	168	src/snes9x/native_fx_opcodes.cpp	local	4cae704f6ae8ea978984ad9199c1f4267d944184da1e977961e00311c076bd48	4cae704f6ae8ea978984ad9199c1f4267d944184da1e977961e00311c076bd48	4cae704f6ae8ea978984ad9199c1f4267d944184da1e977961e00311c076bd48	ed47827d417044cc35f92712fb8259003d094d1647467df791050d786a9a8b65	2	linked-historical-reference
0x00134aa8	_Z10fx_adc_r11v	168	src/snes9x/native_fx_opcodes.cpp	local	05f612ad458c70546490fb18ff44e3cebedab455287f6259d7141c6f2bc5e223	05f612ad458c70546490fb18ff44e3cebedab455287f6259d7141c6f2bc5e223	05f612ad458c70546490fb18ff44e3cebedab455287f6259d7141c6f2bc5e223	edb85d1a18cc6ed3eaf12e2d218733dd2120276451a76f8b90c11ce392ab2928	2	linked-historical-reference
0x00134b50	_Z10fx_adc_r12v	168	src/snes9x/native_fx_opcodes.cpp	local	814ae43330ae8e4dc01bef510352b3ad488a08fe23321b8b4b3d303fd3deb081	814ae43330ae8e4dc01bef510352b3ad488a08fe23321b8b4b3d303fd3deb081	814ae43330ae8e4dc01bef510352b3ad488a08fe23321b8b4b3d303fd3deb081	2399194731993f504da553ca836a1c52b89b0121711eb36a7b94cf340010c556	2	linked-historical-reference
0x00134bf8	_Z10fx_adc_r13v	168	src/snes9x/native_fx_opcodes.cpp	local	2d9229c4c4d18fc6c3a81d8ea75681804bd24b0ede66d52662a80c0edb7795e1	2d9229c4c4d18fc6c3a81d8ea75681804bd24b0ede66d52662a80c0edb7795e1	2d9229c4c4d18fc6c3a81d8ea75681804bd24b0ede66d52662a80c0edb7795e1	f34f370d2fd85ba0018629a34cc42b921a15e49bf3b32e29f263362029a0faef	2	linked-historical-reference
0x00134ca0	_Z10fx_adc_r14v	168	src/snes9x/native_fx_opcodes.cpp	local	c7486c76097118646c0bd87675909ee9a29e52e3f937060c7ca2d3cd8f7ca494	c7486c76097118646c0bd87675909ee9a29e52e3f937060c7ca2d3cd8f7ca494	c7486c76097118646c0bd87675909ee9a29e52e3f937060c7ca2d3cd8f7ca494	6ec424010e6f2b82c9b068e99e35388ab546b5f9ba32fcd9f0b00dc186b1add9	2	linked-historical-reference
0x00134d48	_Z10fx_adc_r15v	164	src/snes9x/native_fx_opcodes.cpp	local	ed868507be397d963821d195925c56f52dbda0b44dbdc80c82ccaaf49ef37b4b	ed868507be397d963821d195925c56f52dbda0b44dbdc80c82ccaaf49ef37b4b	ed868507be397d963821d195925c56f52dbda0b44dbdc80c82ccaaf49ef37b4b	9c6c91105eb2d0c8bca3854c0eeb30db0475feb84f3e3eb4c7732aad9b726682	2	linked-historical-reference
0x00134dec	_Z9fx_add_i0v	140	src/snes9x/native_fx_opcodes.cpp	local	ee44d13902fc148c46d22c2be577e1d1822a95933ed28711c24c2007f66e64f4	ee44d13902fc148c46d22c2be577e1d1822a95933ed28711c24c2007f66e64f4	ee44d13902fc148c46d22c2be577e1d1822a95933ed28711c24c2007f66e64f4	2d544baec7ce82ea82e234fb62ff5c4110912cf39b9d17090fee40ce39136535	2	linked-historical-reference
0x00134e78	_Z9fx_add_i1v	148	src/snes9x/native_fx_opcodes.cpp	local	eb4fe6d8f0b99f0338fa55a52f8602210222e4643db2e1fcbdb0104b18c0dd19	eb4fe6d8f0b99f0338fa55a52f8602210222e4643db2e1fcbdb0104b18c0dd19	eb4fe6d8f0b99f0338fa55a52f8602210222e4643db2e1fcbdb0104b18c0dd19	7208cbfc03ef43df5eb9b3e2dcb5b1dad0cb4a3832d72fdeb39d59a0b67d7667	2	linked-historical-reference
0x00134f0c	_Z9fx_add_i2v	148	src/snes9x/native_fx_opcodes.cpp	local	a6f0329c34749d0b4f4ae640eb8c2ed3b6c931b9753f3652b867e54683f666c9	a6f0329c34749d0b4f4ae640eb8c2ed3b6c931b9753f3652b867e54683f666c9	a6f0329c34749d0b4f4ae640eb8c2ed3b6c931b9753f3652b867e54683f666c9	e05a9ec974e988a9b2426e59ed2dc11132ac648ba0100e7016ba34673f7257f0	2	linked-historical-reference
0x00134fa0	_Z9fx_add_i3v	148	src/snes9x/native_fx_opcodes.cpp	local	53f17d7e989d7d3f6343a2ac6732f65786ddc13d50d779b28bcfa53180b954e2	53f17d7e989d7d3f6343a2ac6732f65786ddc13d50d779b28bcfa53180b954e2	53f17d7e989d7d3f6343a2ac6732f65786ddc13d50d779b28bcfa53180b954e2	0a6a8fe8b88fffc58da7f147f474c1379e5b7a7b2c7c68d290a894a0d81fe215	2	linked-historical-reference
0x00135034	_Z9fx_add_i4v	148	src/snes9x/native_fx_opcodes.cpp	local	2ed1164a0411e2bc7f1aa03c22b7901af14296043e22104b4c86fdd3007e83ff	2ed1164a0411e2bc7f1aa03c22b7901af14296043e22104b4c86fdd3007e83ff	2ed1164a0411e2bc7f1aa03c22b7901af14296043e22104b4c86fdd3007e83ff	259a90fb58412ce95cfb467adaca8d3dc408de091b5ccdd40f272393ccdb8c29	2	linked-historical-reference
0x001350c8	_Z9fx_add_i5v	148	src/snes9x/native_fx_opcodes.cpp	local	e19e1d2568cd9d26ba049d1907d2a5255ac8cb3e1282001459d93e765d7c1310	e19e1d2568cd9d26ba049d1907d2a5255ac8cb3e1282001459d93e765d7c1310	e19e1d2568cd9d26ba049d1907d2a5255ac8cb3e1282001459d93e765d7c1310	d1452fd15d940ee206c09aa092b8ec7e1f9c79e04742e217766945ba7f555a83	2	linked-historical-reference
0x0013515c	_Z9fx_add_i6v	148	src/snes9x/native_fx_opcodes.cpp	local	b1139acd40840639ba02c2530708d6f96c38bbb85cd7f32ffe36f2eb0eb49fdf	b1139acd40840639ba02c2530708d6f96c38bbb85cd7f32ffe36f2eb0eb49fdf	b1139acd40840639ba02c2530708d6f96c38bbb85cd7f32ffe36f2eb0eb49fdf	49a35f3be06a3a4cfbe0a19772413f83a3bea2150af89fd1fbf6b5e0e87213e4	2	linked-historical-reference
0x001351f0	_Z9fx_add_i7v	148	src/snes9x/native_fx_opcodes.cpp	local	13bb4291820eda317c20d0d17d6c6377eedbfebae5fc509f511ded827d1ed55a	13bb4291820eda317c20d0d17d6c6377eedbfebae5fc509f511ded827d1ed55a	13bb4291820eda317c20d0d17d6c6377eedbfebae5fc509f511ded827d1ed55a	daa2537e6a573f98365f5770f70af9b11d0ff2b6896b68d06d71e06520583f40	2	linked-historical-reference
0x00135284	_Z9fx_add_i8v	148	src/snes9x/native_fx_opcodes.cpp	local	b324ed3a1fe2f940beba7916bd2312d5850c6a7f62704ba6bcee50e8ba92784b	b324ed3a1fe2f940beba7916bd2312d5850c6a7f62704ba6bcee50e8ba92784b	b324ed3a1fe2f940beba7916bd2312d5850c6a7f62704ba6bcee50e8ba92784b	3c6e7cda893d12fb15c4aab7fb86dbef8803a9240fb82a60fe5adf456fbb96d6	2	linked-historical-reference
0x00135318	_Z9fx_add_i9v	148	src/snes9x/native_fx_opcodes.cpp	local	4942598585a16659e9ce6806817353d43f0a4e4d2f1870a5a960f5cfaa8d6251	4942598585a16659e9ce6806817353d43f0a4e4d2f1870a5a960f5cfaa8d6251	4942598585a16659e9ce6806817353d43f0a4e4d2f1870a5a960f5cfaa8d6251	626abe0923396ddfc29185c6b442f74cf1c14ffe00d867861928578fc0a2d263	2	linked-historical-reference
0x001353ac	_Z10fx_add_i10v	148	src/snes9x/native_fx_opcodes.cpp	local	49fea9b60c285b6169b57879e6644b25f7422c33b5b61c8a6d54539d4cacb5cb	49fea9b60c285b6169b57879e6644b25f7422c33b5b61c8a6d54539d4cacb5cb	49fea9b60c285b6169b57879e6644b25f7422c33b5b61c8a6d54539d4cacb5cb	633693cd14a963ddbc2d223f1ef97c49399fe93af18161f21546efd6b3a95b8b	2	linked-historical-reference
0x00135440	_Z10fx_add_i11v	148	src/snes9x/native_fx_opcodes.cpp	local	150ee13845258354d70e66f0cda286b4f036aa1769618e462a0a73a03d3b7c64	150ee13845258354d70e66f0cda286b4f036aa1769618e462a0a73a03d3b7c64	150ee13845258354d70e66f0cda286b4f036aa1769618e462a0a73a03d3b7c64	8ad458998a3dee495bf1480440fabb08dfc13c42092b8bbf9f6672d12787b8a2	2	linked-historical-reference
0x001354d4	_Z10fx_add_i12v	148	src/snes9x/native_fx_opcodes.cpp	local	1a843af9d27e83d6a51a59da1b6921283c8e0c28902473dd212df899c73d48b8	1a843af9d27e83d6a51a59da1b6921283c8e0c28902473dd212df899c73d48b8	1a843af9d27e83d6a51a59da1b6921283c8e0c28902473dd212df899c73d48b8	4b650da3ba9f4984508ec2d520ce136f074ae2fbc080b1587f404064290196e7	2	linked-historical-reference
0x00135568	_Z10fx_add_i13v	148	src/snes9x/native_fx_opcodes.cpp	local	cfde6d3e4802ffd08c38164437decc7b8687b338a07fd0dc17e34c7851bc0599	cfde6d3e4802ffd08c38164437decc7b8687b338a07fd0dc17e34c7851bc0599	cfde6d3e4802ffd08c38164437decc7b8687b338a07fd0dc17e34c7851bc0599	15cbe5ef59657c83c81553a63784848307553b058eb896730c5935c5ed3d7b1b	2	linked-historical-reference
0x001355fc	_Z10fx_add_i14v	148	src/snes9x/native_fx_opcodes.cpp	local	3fd8237941601c4c694cf025e00a0b7212317029279e2bc0dd58179bc2e953ba	3fd8237941601c4c694cf025e00a0b7212317029279e2bc0dd58179bc2e953ba	3fd8237941601c4c694cf025e00a0b7212317029279e2bc0dd58179bc2e953ba	379f5727f699284abb53b18e193c73568af9cde7b30223396898b6d0a5066938	2	linked-historical-reference
0x00135690	_Z10fx_add_i15v	148	src/snes9x/native_fx_opcodes.cpp	local	6835937c104136bab649afc39c71b4cee124b27441d310726370c6ac38c4ba08	6835937c104136bab649afc39c71b4cee124b27441d310726370c6ac38c4ba08	6835937c104136bab649afc39c71b4cee124b27441d310726370c6ac38c4ba08	d8e6ebe31e55fb3b209e68c5853da467be67885b63ad4242c41e9f31018792b2	2	linked-historical-reference
0x00135724	_Z9fx_adc_i0v	148	src/snes9x/native_fx_opcodes.cpp	local	7be563cc4e76bccd5b16ecf7ae40fd1dd60db50f8591cb18c32ae2782521e1f8	7be563cc4e76bccd5b16ecf7ae40fd1dd60db50f8591cb18c32ae2782521e1f8	7be563cc4e76bccd5b16ecf7ae40fd1dd60db50f8591cb18c32ae2782521e1f8	be53e0635b344aa4ee2e4dc0fe6ec11de180d27b58ee6124b4b264309c862015	2	linked-historical-reference
0x001357b8	_Z9fx_adc_i1v	156	src/snes9x/native_fx_opcodes.cpp	local	f5305fd3d0ba3f504bab3a3f14524786f88db80e7f27ad505b60a4228fe22e09	f5305fd3d0ba3f504bab3a3f14524786f88db80e7f27ad505b60a4228fe22e09	f5305fd3d0ba3f504bab3a3f14524786f88db80e7f27ad505b60a4228fe22e09	31568551c3a274afde4973187aa1fd92c97630a39703f20038a9454434d0ee29	2	linked-historical-reference
0x00135854	_Z9fx_adc_i2v	156	src/snes9x/native_fx_opcodes.cpp	local	799498b856c3ad656c8f8074021cc73c96503289b04a48996b0e86b3773350c3	799498b856c3ad656c8f8074021cc73c96503289b04a48996b0e86b3773350c3	799498b856c3ad656c8f8074021cc73c96503289b04a48996b0e86b3773350c3	71a9e22ea3503867686958a46c294daa753438d9c601dc5ebc3f52571ab5de3b	2	linked-historical-reference
0x001358f0	_Z9fx_adc_i3v	156	src/snes9x/native_fx_opcodes.cpp	local	4de3c5a016604c4de4089ca73d0a0da962c7f3f58a7d10dc1cf918163d16f80f	4de3c5a016604c4de4089ca73d0a0da962c7f3f58a7d10dc1cf918163d16f80f	4de3c5a016604c4de4089ca73d0a0da962c7f3f58a7d10dc1cf918163d16f80f	39b49d24e873a61c0d78c09b146e6bbc0e48ca050b66acb2a66c5ae6b770caa9	2	linked-historical-reference
0x0013598c	_Z9fx_adc_i4v	156	src/snes9x/native_fx_opcodes.cpp	local	a5624f7796d80eff5031ecac7b28788fe52f9c0497a7f0e0c791ddf307007d64	a5624f7796d80eff5031ecac7b28788fe52f9c0497a7f0e0c791ddf307007d64	a5624f7796d80eff5031ecac7b28788fe52f9c0497a7f0e0c791ddf307007d64	c07f38f18dbec6b1752f41aa2952090ca04ad52570d5df5681d416562c4bfaa6	2	linked-historical-reference
0x00135a28	_Z9fx_adc_i5v	156	src/snes9x/native_fx_opcodes.cpp	local	05c035593f5aae36690b041c12db2b939a7cf3092b4b94019ec2eb4abc676e12	05c035593f5aae36690b041c12db2b939a7cf3092b4b94019ec2eb4abc676e12	05c035593f5aae36690b041c12db2b939a7cf3092b4b94019ec2eb4abc676e12	d01ea75bb89b49945fe0aa5de03df079ac2cdd11e3c4e304619aeac4219cc21d	2	linked-historical-reference
0x00135ac4	_Z9fx_adc_i6v	156	src/snes9x/native_fx_opcodes.cpp	local	db0c119afdaa26f9a7ba29efdd462a97b5f9206c06a8b87b3cf338aa89dfd555	db0c119afdaa26f9a7ba29efdd462a97b5f9206c06a8b87b3cf338aa89dfd555	db0c119afdaa26f9a7ba29efdd462a97b5f9206c06a8b87b3cf338aa89dfd555	0cf9863a866828f91dbfafdac26a1e9b01b2ed4942ba0d82dad9d2353fe7a201	2	linked-historical-reference
0x00135b60	_Z9fx_adc_i7v	156	src/snes9x/native_fx_opcodes.cpp	local	b2d02778898423bbdea67db629e72fafbd9d9543b441d3325a15ad330b2b370f	b2d02778898423bbdea67db629e72fafbd9d9543b441d3325a15ad330b2b370f	b2d02778898423bbdea67db629e72fafbd9d9543b441d3325a15ad330b2b370f	e2038273ca4c3336f4e291af3357d562c5c55ec5932b64213ce9a8286778d16b	2	linked-historical-reference
0x00135bfc	_Z9fx_adc_i8v	156	src/snes9x/native_fx_opcodes.cpp	local	d3ecf228e26fec2b232587a3636207262eb2430d53f2f478041f7c97e1d8a6d8	d3ecf228e26fec2b232587a3636207262eb2430d53f2f478041f7c97e1d8a6d8	d3ecf228e26fec2b232587a3636207262eb2430d53f2f478041f7c97e1d8a6d8	8b79e14e191d5d80e1d8d0a32420c00f9e7814d447cf46126e3a5a37cf172e54	2	linked-historical-reference
0x00135c98	_Z9fx_adc_i9v	156	src/snes9x/native_fx_opcodes.cpp	local	412de3707390552677cdfd5ce513f0e9b95ce17cdde45d1d5f962df94d13f851	412de3707390552677cdfd5ce513f0e9b95ce17cdde45d1d5f962df94d13f851	412de3707390552677cdfd5ce513f0e9b95ce17cdde45d1d5f962df94d13f851	2470947181e52043e8e1edeeaea7cbc4a07a297544224763fc7fe3b9d1c603d4	2	linked-historical-reference
0x00135d34	_Z10fx_adc_i10v	156	src/snes9x/native_fx_opcodes.cpp	local	7a0f9e16ec767ea623e351e8ffef4fe884193247c0901345cc5497c410ff656d	7a0f9e16ec767ea623e351e8ffef4fe884193247c0901345cc5497c410ff656d	7a0f9e16ec767ea623e351e8ffef4fe884193247c0901345cc5497c410ff656d	997e4766878a11e3839302f17924147540aeac54ed73f543ccfacec6dbd5e5bc	2	linked-historical-reference
0x00135dd0	_Z10fx_adc_i11v	156	src/snes9x/native_fx_opcodes.cpp	local	db91bfa10b79149af40a3ae9672de20789bac2bb44df4f50626c763cb9839f75	db91bfa10b79149af40a3ae9672de20789bac2bb44df4f50626c763cb9839f75	db91bfa10b79149af40a3ae9672de20789bac2bb44df4f50626c763cb9839f75	4c6fcfca4e65077bf0c6371252ecd9aa25e0380ad2f1ad54ead6501c6ff13953	2	linked-historical-reference
0x00135e6c	_Z10fx_adc_i12v	156	src/snes9x/native_fx_opcodes.cpp	local	40cc99d851bfa53b61387b6f6884c9a64b1c99752c301581f02e5b27b1b7333b	40cc99d851bfa53b61387b6f6884c9a64b1c99752c301581f02e5b27b1b7333b	40cc99d851bfa53b61387b6f6884c9a64b1c99752c301581f02e5b27b1b7333b	c5f82945352359cbfe09c75cb1a365bfd01f704a155103c63aa9a1d1c4a25b1b	2	linked-historical-reference
0x00135f08	_Z10fx_adc_i13v	156	src/snes9x/native_fx_opcodes.cpp	local	4497802f1c4f5fb7250b982ddacbbd5c618f67b02757952a768ade82a3850e63	4497802f1c4f5fb7250b982ddacbbd5c618f67b02757952a768ade82a3850e63	4497802f1c4f5fb7250b982ddacbbd5c618f67b02757952a768ade82a3850e63	f201d43480cb9b401f35f873496f714e02133debde7b8da85b6485329e0e7e33	2	linked-historical-reference
0x00135fa4	_Z10fx_adc_i14v	156	src/snes9x/native_fx_opcodes.cpp	local	98739652a083615895a2e5ce785e052e9b9ddc9f47b3a4477d80c16dcbb81f27	98739652a083615895a2e5ce785e052e9b9ddc9f47b3a4477d80c16dcbb81f27	98739652a083615895a2e5ce785e052e9b9ddc9f47b3a4477d80c16dcbb81f27	eee580d6e954fb0a6184c801520e83cfe9b42fe87c2bc821d8288d571dc8c314	2	linked-historical-reference
0x00136040	_Z10fx_adc_i15v	156	src/snes9x/native_fx_opcodes.cpp	local	e6e705dbbac62c2635b0cc0a27953e3c25e9c110d3d2920916d61c90f8d25b21	e6e705dbbac62c2635b0cc0a27953e3c25e9c110d3d2920916d61c90f8d25b21	e6e705dbbac62c2635b0cc0a27953e3c25e9c110d3d2920916d61c90f8d25b21	9f0e854bd9844ebbd550a65b1342b1d8c4a6e1372de33b24621f120878baacdd	2	linked-historical-reference
0x001360dc	_Z9fx_sub_r0v	156	src/snes9x/native_fx_opcodes.cpp	local	4f2138d123c15bcf21b6a2d3a2933fa9eb29de591abe4884fe78b59bfafcb840	4f2138d123c15bcf21b6a2d3a2933fa9eb29de591abe4884fe78b59bfafcb840	4f2138d123c15bcf21b6a2d3a2933fa9eb29de591abe4884fe78b59bfafcb840	7e829542b69de4d92697b5d854ed49b02c66cd939664c162c936334db473ff13	4	linked-historical-reference
0x00136178	_Z9fx_sub_r1v	156	src/snes9x/native_fx_opcodes.cpp	local	c0e0e356c9905605fa79082e60724e08c8e6a945ee76488fba58c7d304d3d81c	c0e0e356c9905605fa79082e60724e08c8e6a945ee76488fba58c7d304d3d81c	c0e0e356c9905605fa79082e60724e08c8e6a945ee76488fba58c7d304d3d81c	5ff0f668a6b27219734e922168ed15bc4ccfef2f065a8e2f50bd1815e72c9721	2	linked-historical-reference
0x00136214	_Z9fx_sub_r2v	156	src/snes9x/native_fx_opcodes.cpp	local	a79f357a3aa5ec6dfd47290c5dad722754432ec225d8e7b43544624ecd935f2d	a79f357a3aa5ec6dfd47290c5dad722754432ec225d8e7b43544624ecd935f2d	a79f357a3aa5ec6dfd47290c5dad722754432ec225d8e7b43544624ecd935f2d	4b3fb106fcfdb890a488c0d58e7c79e5352535f455705a62b18c51b083eb1927	2	linked-historical-reference
0x001362b0	_Z9fx_sub_r3v	156	src/snes9x/native_fx_opcodes.cpp	local	67cf07b32d592b1a165d1c3e146b26c86fc40731d1a0e1f8f6c4829ef012efbf	67cf07b32d592b1a165d1c3e146b26c86fc40731d1a0e1f8f6c4829ef012efbf	67cf07b32d592b1a165d1c3e146b26c86fc40731d1a0e1f8f6c4829ef012efbf	1c4c1844d6451526375f8c972dc3aa6693f5eb4e2ea11cc135dde7a5043bdc23	2	linked-historical-reference
0x0013634c	_Z9fx_sub_r4v	156	src/snes9x/native_fx_opcodes.cpp	local	c9a1ef790e8c724cec5e3c82eaa27b43ecd1dd5e61c5d9c7181106e4a2306a69	c9a1ef790e8c724cec5e3c82eaa27b43ecd1dd5e61c5d9c7181106e4a2306a69	c9a1ef790e8c724cec5e3c82eaa27b43ecd1dd5e61c5d9c7181106e4a2306a69	0a7ed6f3c7c362b5aca392b5a582496b06428f0a19deec10aa72f7b066f01d83	2	linked-historical-reference
0x001363e8	_Z9fx_sub_r5v	156	src/snes9x/native_fx_opcodes.cpp	local	ba92dc5e68028f480c144f798b9a65a0b976f3ea463313fbe27ba402c7c0b39b	ba92dc5e68028f480c144f798b9a65a0b976f3ea463313fbe27ba402c7c0b39b	ba92dc5e68028f480c144f798b9a65a0b976f3ea463313fbe27ba402c7c0b39b	05a0b8c27e0581a0c04b6a2bbec649a11e0fe9a69dbb214c56b2e180738eb561	2	linked-historical-reference
0x00136484	_Z9fx_sub_r6v	156	src/snes9x/native_fx_opcodes.cpp	local	d5b797e3fd71df081cbe737783bd7a250e83233c53c7b32efc292c649fa379f7	d5b797e3fd71df081cbe737783bd7a250e83233c53c7b32efc292c649fa379f7	d5b797e3fd71df081cbe737783bd7a250e83233c53c7b32efc292c649fa379f7	4bed3cd0ea35fcec2d91c950e20c11273c06a36adf79c6928bf7ab37c8c042a0	2	linked-historical-reference
0x00136520	_Z9fx_sub_r7v	156	src/snes9x/native_fx_opcodes.cpp	local	061306f72ee57983a04ac8fc847ddca8c2b53e84968fe9b1e6aceaf553307dde	061306f72ee57983a04ac8fc847ddca8c2b53e84968fe9b1e6aceaf553307dde	061306f72ee57983a04ac8fc847ddca8c2b53e84968fe9b1e6aceaf553307dde	fa1f00fbc1942251334d55ad5a4f5eb8752b58bc728048b609731e269367b81e	2	linked-historical-reference
0x001365bc	_Z9fx_sub_r8v	156	src/snes9x/native_fx_opcodes.cpp	local	13f285462d8a5a9d0cc1c71c14b5a8f241f427451c376e64b63098e323f4b5bd	13f285462d8a5a9d0cc1c71c14b5a8f241f427451c376e64b63098e323f4b5bd	13f285462d8a5a9d0cc1c71c14b5a8f241f427451c376e64b63098e323f4b5bd	57eb2ac17ac8773a84a03557426b17df15bd6124041375ac707df722e14dd414	2	linked-historical-reference
0x00136658	_Z9fx_sub_r9v	156	src/snes9x/native_fx_opcodes.cpp	local	c9e77ae15178f6c5fc194c81459ce0d6fceddd5fa51b65e45ff0b41c2afbd9fb	c9e77ae15178f6c5fc194c81459ce0d6fceddd5fa51b65e45ff0b41c2afbd9fb	c9e77ae15178f6c5fc194c81459ce0d6fceddd5fa51b65e45ff0b41c2afbd9fb	69ccfe64b88aca2cda85e77d86206a0b473a05c39c1154275ac396a067c6aa08	2	linked-historical-reference
0x001366f4	_Z10fx_sub_r10v	156	src/snes9x/native_fx_opcodes.cpp	local	9a9277c927de424154e3367bf62314f9be0aa5f185a93d4b80ea75300e721018	9a9277c927de424154e3367bf62314f9be0aa5f185a93d4b80ea75300e721018	9a9277c927de424154e3367bf62314f9be0aa5f185a93d4b80ea75300e721018	495e436bd05de21af65d2e4469bc8830915c74ca46f3367446d73dece222baeb	2	linked-historical-reference
0x00136790	_Z10fx_sub_r11v	156	src/snes9x/native_fx_opcodes.cpp	local	90170e0fd875dc8c4040e5149cd07f1a05c1fbe74f9f6c27f0bf9ea43e498ec9	90170e0fd875dc8c4040e5149cd07f1a05c1fbe74f9f6c27f0bf9ea43e498ec9	90170e0fd875dc8c4040e5149cd07f1a05c1fbe74f9f6c27f0bf9ea43e498ec9	4cbfdc77407f37d2734238910286d324858f8be65af79a50a704f2989619e3d4	2	linked-historical-reference
0x0013682c	_Z10fx_sub_r12v	156	src/snes9x/native_fx_opcodes.cpp	local	20caefbfaa1b606916dbc76441fab075ee5f5382f6f7f4059b259500a5927c4c	20caefbfaa1b606916dbc76441fab075ee5f5382f6f7f4059b259500a5927c4c	20caefbfaa1b606916dbc76441fab075ee5f5382f6f7f4059b259500a5927c4c	982fa52a141d700a880c88d8ddd7c002cc5746e91cf41d453395c854f81010ac	2	linked-historical-reference
0x001368c8	_Z10fx_sub_r13v	156	src/snes9x/native_fx_opcodes.cpp	local	d94b7f5747e11678e623d63fb8dc7afcd6b8b888a5d196e08af16382209de0e1	d94b7f5747e11678e623d63fb8dc7afcd6b8b888a5d196e08af16382209de0e1	d94b7f5747e11678e623d63fb8dc7afcd6b8b888a5d196e08af16382209de0e1	4b240d5ca18847fba68e1018e9719f123d8a9dae61bcf705aae9ee3a086614f9	2	linked-historical-reference
0x00136964	_Z10fx_sub_r14v	156	src/snes9x/native_fx_opcodes.cpp	local	1f88a31a8b29224ec027e5d7fa300a6118f1d709b31cb7381d3324c25f3cbd4b	1f88a31a8b29224ec027e5d7fa300a6118f1d709b31cb7381d3324c25f3cbd4b	1f88a31a8b29224ec027e5d7fa300a6118f1d709b31cb7381d3324c25f3cbd4b	f432da9ae7c05b4613836fbae25936325dfa78782db8773a2abd6eed5335688d	2	linked-historical-reference
0x00136a00	_Z10fx_sub_r15v	152	src/snes9x/native_fx_opcodes.cpp	local	318c2b7f1983eebfaa37b17f558fa2f27d3dd0ebe216b27f22fcc10e11c092b2	318c2b7f1983eebfaa37b17f558fa2f27d3dd0ebe216b27f22fcc10e11c092b2	318c2b7f1983eebfaa37b17f558fa2f27d3dd0ebe216b27f22fcc10e11c092b2	4e47379b21df3d022d805a9921b806abc0c5e4b2b66ae1ec47076b46afbe3c75	2	linked-historical-reference
0x00136a98	_Z9fx_sbc_r0v	168	src/snes9x/native_fx_opcodes.cpp	local	2e8b17930dd605d7d4f0e755ab4429adf5a59e7b31129f3c74b3aef1f9f23a69	2e8b17930dd605d7d4f0e755ab4429adf5a59e7b31129f3c74b3aef1f9f23a69	2e8b17930dd605d7d4f0e755ab4429adf5a59e7b31129f3c74b3aef1f9f23a69	bbb27f94a1f95a624ab07f8a6f53b70574740fc6e89690aed8e3e2528c78fb0e	4	linked-historical-reference
0x00136b40	_Z9fx_sbc_r1v	168	src/snes9x/native_fx_opcodes.cpp	local	eccc0c7c9311d8d24b41ffd6c7d4cc68c38c02e177e9d78427418a0ff27007bd	eccc0c7c9311d8d24b41ffd6c7d4cc68c38c02e177e9d78427418a0ff27007bd	eccc0c7c9311d8d24b41ffd6c7d4cc68c38c02e177e9d78427418a0ff27007bd	95d5c92be510325a73c170501f378bb44bee39f83a089bca60c69e1a9d924298	2	linked-historical-reference
0x00136be8	_Z9fx_sbc_r2v	168	src/snes9x/native_fx_opcodes.cpp	local	dda38c90e2bbed2ba75bd3dd787ed6330ed8747652a4c5389bd276612a3859a5	dda38c90e2bbed2ba75bd3dd787ed6330ed8747652a4c5389bd276612a3859a5	dda38c90e2bbed2ba75bd3dd787ed6330ed8747652a4c5389bd276612a3859a5	76cdc8eedf66c737174856a92c2c05d4cfb0f0780f48d3583a68eba3121feda5	2	linked-historical-reference
0x00136c90	_Z9fx_sbc_r3v	168	src/snes9x/native_fx_opcodes.cpp	local	35ad5d65213189e568d13ab0d41325f5e7ba595066e7f464eb4e47af38e28a59	35ad5d65213189e568d13ab0d41325f5e7ba595066e7f464eb4e47af38e28a59	35ad5d65213189e568d13ab0d41325f5e7ba595066e7f464eb4e47af38e28a59	309d70c938de58c396a0985d9bf62ca454b5084bfbd526abc11227fe580f0b05	2	linked-historical-reference
0x00136d38	_Z9fx_sbc_r4v	168	src/snes9x/native_fx_opcodes.cpp	local	7abc2d5a956d88614dd0dbc3fbd00a5a4c97e1dbca6ea8de6f87a6172044dddf	7abc2d5a956d88614dd0dbc3fbd00a5a4c97e1dbca6ea8de6f87a6172044dddf	7abc2d5a956d88614dd0dbc3fbd00a5a4c97e1dbca6ea8de6f87a6172044dddf	0a4e64fc9bf6662b4fafacb55aab706605cbf3405918b81ff1cad3efe874d2e2	2	linked-historical-reference
0x00136de0	_Z9fx_sbc_r5v	168	src/snes9x/native_fx_opcodes.cpp	local	3a722d8c0e8e3fc7bb10aa3fc937700f2d7557c063f411b4b68d9b6a53cea5b1	3a722d8c0e8e3fc7bb10aa3fc937700f2d7557c063f411b4b68d9b6a53cea5b1	3a722d8c0e8e3fc7bb10aa3fc937700f2d7557c063f411b4b68d9b6a53cea5b1	41dc4db81d16b18d8037bfff4e20105cef2c4b6d9d0c3fceb9d4d82df2047919	2	linked-historical-reference
0x00136e88	_Z9fx_sbc_r6v	168	src/snes9x/native_fx_opcodes.cpp	local	17100306d31fe3c749a693e28d3b55eb34012d8d4ccbd229300a16d44a8eda47	17100306d31fe3c749a693e28d3b55eb34012d8d4ccbd229300a16d44a8eda47	17100306d31fe3c749a693e28d3b55eb34012d8d4ccbd229300a16d44a8eda47	26e6ac60c95bd15db35527fc40f62f6528d5eb9a2342cc255ac777dc1405c736	2	linked-historical-reference
0x00136f30	_Z9fx_sbc_r7v	168	src/snes9x/native_fx_opcodes.cpp	local	5f588a59f039c34ec848a5752818dbf8f490e0fb94fd0be78012c4ea172c44eb	5f588a59f039c34ec848a5752818dbf8f490e0fb94fd0be78012c4ea172c44eb	5f588a59f039c34ec848a5752818dbf8f490e0fb94fd0be78012c4ea172c44eb	2bbbbb1c5dc505596782176e1aef31524a3911ce81a24830f99dee815026af93	2	linked-historical-reference
0x00136fd8	_Z9fx_sbc_r8v	168	src/snes9x/native_fx_opcodes.cpp	local	550da7704d2e74c225f2f576c5191465d72442335d2a1ce417dc92be87b472a5	550da7704d2e74c225f2f576c5191465d72442335d2a1ce417dc92be87b472a5	550da7704d2e74c225f2f576c5191465d72442335d2a1ce417dc92be87b472a5	bfca994802bcf289a3fdb8f2acd8457dded6a55bd8d1ea02b4f4fab91915103f	2	linked-historical-reference
0x00137080	_Z9fx_sbc_r9v	168	src/snes9x/native_fx_opcodes.cpp	local	459e607fa4d4e1c5130ac99d3f9e4c40a7f40d5f47aa3331981083344d9a8a07	459e607fa4d4e1c5130ac99d3f9e4c40a7f40d5f47aa3331981083344d9a8a07	459e607fa4d4e1c5130ac99d3f9e4c40a7f40d5f47aa3331981083344d9a8a07	7e59cbbc24f23cbab24868b5fb2e2b21cb0076564b49c0b209bf9ae9d2deb95a	2	linked-historical-reference
0x00137128	_Z10fx_sbc_r10v	168	src/snes9x/native_fx_opcodes.cpp	local	314ecbfbe7f2be505544c57c61375dd90539af8662a5d5402e5a1d81ef1318ff	314ecbfbe7f2be505544c57c61375dd90539af8662a5d5402e5a1d81ef1318ff	314ecbfbe7f2be505544c57c61375dd90539af8662a5d5402e5a1d81ef1318ff	d1ce454b83a9f35c985cac46dcce5f417c3f0e48637251bbfd1ea1e0b247a01d	2	linked-historical-reference
0x001371d0	_Z10fx_sbc_r11v	168	src/snes9x/native_fx_opcodes.cpp	local	e2af724b1fb88466eec7b4786d5fd4409ef7f29550f32ee8e6a05c5fcb7550d1	e2af724b1fb88466eec7b4786d5fd4409ef7f29550f32ee8e6a05c5fcb7550d1	e2af724b1fb88466eec7b4786d5fd4409ef7f29550f32ee8e6a05c5fcb7550d1	084de7665a951942323df09a25c386f550d37cbfc73f2980e664f0030122f74e	2	linked-historical-reference
0x00137278	_Z10fx_sbc_r12v	168	src/snes9x/native_fx_opcodes.cpp	local	04b0f01c1cbb5b46fc99d065039be7ae5127c726df6010ef6a1c40dc725dafe7	04b0f01c1cbb5b46fc99d065039be7ae5127c726df6010ef6a1c40dc725dafe7	04b0f01c1cbb5b46fc99d065039be7ae5127c726df6010ef6a1c40dc725dafe7	6a6356169382804cf808b51d8ddbfd57b7b359760bf647d2cd9b1efb444e2f09	2	linked-historical-reference
0x00137320	_Z10fx_sbc_r13v	168	src/snes9x/native_fx_opcodes.cpp	local	f9f2eb87be06bd441ef35bdc3e61d25fa2b90c2d7c85e524ef1ec1409e36bbe2	f9f2eb87be06bd441ef35bdc3e61d25fa2b90c2d7c85e524ef1ec1409e36bbe2	f9f2eb87be06bd441ef35bdc3e61d25fa2b90c2d7c85e524ef1ec1409e36bbe2	25ef09f439f985df5b49cf426007810567231ffad555ebd68881185a260166f3	2	linked-historical-reference
0x001373c8	_Z10fx_sbc_r14v	168	src/snes9x/native_fx_opcodes.cpp	local	2448d999dec86e8b1f894fe13504bbe5579366d6855be3475703ffffd8f3a973	2448d999dec86e8b1f894fe13504bbe5579366d6855be3475703ffffd8f3a973	2448d999dec86e8b1f894fe13504bbe5579366d6855be3475703ffffd8f3a973	f94426424154203127cb816c5fe68d4d74ac687dc249b96a514e400ed06665bf	2	linked-historical-reference
0x00137470	_Z10fx_sbc_r15v	164	src/snes9x/native_fx_opcodes.cpp	local	8cd8df3048be3301a86bc6cb425cf75520cb23a2c8f119410a2805bd666c3f81	8cd8df3048be3301a86bc6cb425cf75520cb23a2c8f119410a2805bd666c3f81	8cd8df3048be3301a86bc6cb425cf75520cb23a2c8f119410a2805bd666c3f81	4d9c11904a98190838539b9549aa1302e56adc63b70f68159b66e739a74cf82e	2	linked-historical-reference
0x00137514	_Z9fx_sub_i0v	136	src/snes9x/native_fx_opcodes.cpp	local	00aa346272e9a0cd9689f088080cd94d5ebdbe024bdfea6056372f90a3c29b54	00aa346272e9a0cd9689f088080cd94d5ebdbe024bdfea6056372f90a3c29b54	00aa346272e9a0cd9689f088080cd94d5ebdbe024bdfea6056372f90a3c29b54	c3dee27c56577c8e357db0e045ce744905b7481e7979a793ec9484d9e731cd91	2	linked-historical-reference
0x0013759c	_Z9fx_sub_i1v	144	src/snes9x/native_fx_opcodes.cpp	local	3e8a4b7022cec35c5a8ca1219877f891ab1cd3e146b8d715bd26d53826e833b5	3e8a4b7022cec35c5a8ca1219877f891ab1cd3e146b8d715bd26d53826e833b5	3e8a4b7022cec35c5a8ca1219877f891ab1cd3e146b8d715bd26d53826e833b5	5208cadfee0e534c15f5adbb83bed3967671d783bde8f998901682cb87fae5a6	2	linked-historical-reference
0x0013762c	_Z9fx_sub_i2v	144	src/snes9x/native_fx_opcodes.cpp	local	ffc5fc4f37ea14fc473ce11ee2fdc566059f34940954f9f71cf894857880b802	ffc5fc4f37ea14fc473ce11ee2fdc566059f34940954f9f71cf894857880b802	ffc5fc4f37ea14fc473ce11ee2fdc566059f34940954f9f71cf894857880b802	a5fa86b06387b8a5da0a5c0bfb60df3b73e1c75297072b641dfee03b8dad0ba3	2	linked-historical-reference
0x001376bc	_Z9fx_sub_i3v	144	src/snes9x/native_fx_opcodes.cpp	local	35b038033c73829207f9ede2b67d9c8b740f31a7eea6bcbc439a37f35ac87830	35b038033c73829207f9ede2b67d9c8b740f31a7eea6bcbc439a37f35ac87830	35b038033c73829207f9ede2b67d9c8b740f31a7eea6bcbc439a37f35ac87830	e43e4c8577170ae5593be4ed6065181a3d05ce00037bc82ff54dbf01e8169e9c	2	linked-historical-reference
0x0013774c	_Z9fx_sub_i4v	144	src/snes9x/native_fx_opcodes.cpp	local	52e603733bcac8f4a48f6c979ef10662fd23ee02603fb71d46e0a1142aa5a7f8	52e603733bcac8f4a48f6c979ef10662fd23ee02603fb71d46e0a1142aa5a7f8	52e603733bcac8f4a48f6c979ef10662fd23ee02603fb71d46e0a1142aa5a7f8	de1a38ebfba93b91f6d3228f2793b8b0d73022b79810df18f1a4bf56b046ef4a	2	linked-historical-reference
0x001377dc	_Z9fx_sub_i5v	144	src/snes9x/native_fx_opcodes.cpp	local	3786f2e57223f652a8639523d31d159259051647a9bfd0f7d8e444fe2631e509	3786f2e57223f652a8639523d31d159259051647a9bfd0f7d8e444fe2631e509	3786f2e57223f652a8639523d31d159259051647a9bfd0f7d8e444fe2631e509	21bcbac9a4b8c0a72422329a980c26fe17277c44880b0f77b657756ccf60d1fd	2	linked-historical-reference
0x0013786c	_Z9fx_sub_i6v	144	src/snes9x/native_fx_opcodes.cpp	local	6ec39d09b71475b9af60f326a7c297d8b6210ba6dd48f923c85e1f166092adbd	6ec39d09b71475b9af60f326a7c297d8b6210ba6dd48f923c85e1f166092adbd	6ec39d09b71475b9af60f326a7c297d8b6210ba6dd48f923c85e1f166092adbd	5681b56d43a1753ba485f5c956a918c601d56b074b4e28869fcbb0498fab412b	2	linked-historical-reference
0x001378fc	_Z9fx_sub_i7v	144	src/snes9x/native_fx_opcodes.cpp	local	b3800104f05c02b71481d0eed992c96d806329c444bde519a4471fd94817087f	b3800104f05c02b71481d0eed992c96d806329c444bde519a4471fd94817087f	b3800104f05c02b71481d0eed992c96d806329c444bde519a4471fd94817087f	b3e564685b36a4117a33117069a0e23cb32f11501fa905cd7c5fcc74ddfdd8e5	2	linked-historical-reference
0x0013798c	_Z9fx_sub_i8v	144	src/snes9x/native_fx_opcodes.cpp	local	a734d494b0ea02aaef4827d019b7433c5b0902ded1c2c110eafee9d2b784b7e8	a734d494b0ea02aaef4827d019b7433c5b0902ded1c2c110eafee9d2b784b7e8	a734d494b0ea02aaef4827d019b7433c5b0902ded1c2c110eafee9d2b784b7e8	b1b091f8ee14785aec015fccc4b29a9da31402ecfd5cf0554fa0471ec52fc9fe	2	linked-historical-reference
0x00137a1c	_Z9fx_sub_i9v	144	src/snes9x/native_fx_opcodes.cpp	local	42e0d53af45f3c1c5036c828d0d920eb6d3c460e1c6d5e286fc381c2d5b0aa7c	42e0d53af45f3c1c5036c828d0d920eb6d3c460e1c6d5e286fc381c2d5b0aa7c	42e0d53af45f3c1c5036c828d0d920eb6d3c460e1c6d5e286fc381c2d5b0aa7c	002c3e5222e44d07b611dfe35894bc891514664234be80f7dd104d70ad816847	2	linked-historical-reference
0x00137aac	_Z10fx_sub_i10v	144	src/snes9x/native_fx_opcodes.cpp	local	133866b243e35e6e19b9e2f4df2d8d8bd1fcfb8dc5adc6e978c0618e3ad6333d	133866b243e35e6e19b9e2f4df2d8d8bd1fcfb8dc5adc6e978c0618e3ad6333d	133866b243e35e6e19b9e2f4df2d8d8bd1fcfb8dc5adc6e978c0618e3ad6333d	203869a296d79f0e0cdef23e69c550cb692de92451d3e327e88ca839600de085	2	linked-historical-reference
0x00137b3c	_Z10fx_sub_i11v	144	src/snes9x/native_fx_opcodes.cpp	local	cc2eeda1033d0243a4d66bf628962c53fe490f4908b5f98699f1cbffc62823ae	cc2eeda1033d0243a4d66bf628962c53fe490f4908b5f98699f1cbffc62823ae	cc2eeda1033d0243a4d66bf628962c53fe490f4908b5f98699f1cbffc62823ae	9414dbcdedb1dcb29f6aa1b5ac4c05428b694e2964fa1da543e4207e8e18dbac	2	linked-historical-reference
0x00137bcc	_Z10fx_sub_i12v	144	src/snes9x/native_fx_opcodes.cpp	local	f5ae1db25023d254bf9021d47042707b36910e398bba210c1ed7f0c6af050552	f5ae1db25023d254bf9021d47042707b36910e398bba210c1ed7f0c6af050552	f5ae1db25023d254bf9021d47042707b36910e398bba210c1ed7f0c6af050552	03ed2203fb06c6c81583968e6a53ae570dc0f289a0a958af4e047b8263323cd6	2	linked-historical-reference
0x00137c5c	_Z10fx_sub_i13v	144	src/snes9x/native_fx_opcodes.cpp	local	0152753e26b06519e77788a9311d2cfcb2a898896ea5e9d1dd226196c0efc175	0152753e26b06519e77788a9311d2cfcb2a898896ea5e9d1dd226196c0efc175	0152753e26b06519e77788a9311d2cfcb2a898896ea5e9d1dd226196c0efc175	1e4048808098d080965dcfda05523c1fa126035cdc354962f7455ad5b5bb1f49	2	linked-historical-reference
0x00137cec	_Z10fx_sub_i14v	144	src/snes9x/native_fx_opcodes.cpp	local	204739d16c9f13c6d086d10171061d66dae9474e99aede2b82d412621b581b2c	204739d16c9f13c6d086d10171061d66dae9474e99aede2b82d412621b581b2c	204739d16c9f13c6d086d10171061d66dae9474e99aede2b82d412621b581b2c	d5401aa5da0aa71313ec51e83b76a252b91a2720756eb1b2e14a31348ee1bd5a	2	linked-historical-reference
0x00137d7c	_Z10fx_sub_i15v	144	src/snes9x/native_fx_opcodes.cpp	local	f1c2808b823b60a08e58b98ef2cb1c2ca44918d954eb77a5deaee04befdf2302	f1c2808b823b60a08e58b98ef2cb1c2ca44918d954eb77a5deaee04befdf2302	f1c2808b823b60a08e58b98ef2cb1c2ca44918d954eb77a5deaee04befdf2302	cea519ae44c00ea2f7abfc9b90f998c7581fbb297ae8fe470faff5cf0f002258	2	linked-historical-reference
0x00137e0c	_Z9fx_cmp_r0v	112	src/snes9x/native_fx_opcodes.cpp	local	76e9b945d7ea06f2cffd9680cb4736b8afab07f7598429baa09e0702fbb23faa	76e9b945d7ea06f2cffd9680cb4736b8afab07f7598429baa09e0702fbb23faa	76e9b945d7ea06f2cffd9680cb4736b8afab07f7598429baa09e0702fbb23faa	a5b7e79e9b16c8f952326a9f0d122df1c22ef7f3f30b2aecf3ce2baf1154a266	4	linked-historical-reference
0x00137e7c	_Z9fx_cmp_r1v	112	src/snes9x/native_fx_opcodes.cpp	local	0dc9330a07510596194ee7e6f9a3a00ba1429fb78ebd7c6bbc23d5919a7eb74a	0dc9330a07510596194ee7e6f9a3a00ba1429fb78ebd7c6bbc23d5919a7eb74a	0dc9330a07510596194ee7e6f9a3a00ba1429fb78ebd7c6bbc23d5919a7eb74a	8794ff87c9068eb28deaaa2d75c104f70e5c40d22da21a7eb5fe854aa6592ff0	2	linked-historical-reference
0x00137eec	_Z9fx_cmp_r2v	112	src/snes9x/native_fx_opcodes.cpp	local	c07a9d29e6486239b3fe52992bc983b1380cf96d0f6cf6ab3687c4cd26394718	c07a9d29e6486239b3fe52992bc983b1380cf96d0f6cf6ab3687c4cd26394718	c07a9d29e6486239b3fe52992bc983b1380cf96d0f6cf6ab3687c4cd26394718	227d942dc4d1c7b5ccc85e8454d091d7c140854f9fa2e3bc4d485588fa9066ba	2	linked-historical-reference
0x00137f5c	_Z9fx_cmp_r3v	112	src/snes9x/native_fx_opcodes.cpp	local	6e2fd9d1de984f9748aab15f0e2f9be1c9b44a9d4e4ab06af37d45d2f7b7cb78	6e2fd9d1de984f9748aab15f0e2f9be1c9b44a9d4e4ab06af37d45d2f7b7cb78	6e2fd9d1de984f9748aab15f0e2f9be1c9b44a9d4e4ab06af37d45d2f7b7cb78	c716886033d82d13f8c13b8366e5c83a8f0c3a4b3d9ab9981ba44cf8bcbb4954	2	linked-historical-reference
0x00137fcc	_Z9fx_cmp_r4v	112	src/snes9x/native_fx_opcodes.cpp	local	50b346eb53a4ac1d78ee073ddcf88e4474c66bee9c0bed407e44e05afbc7bd46	50b346eb53a4ac1d78ee073ddcf88e4474c66bee9c0bed407e44e05afbc7bd46	50b346eb53a4ac1d78ee073ddcf88e4474c66bee9c0bed407e44e05afbc7bd46	69815cd51f660e524e249633a02772317783d3cd0b339bbca58b5efe3984bf02	2	linked-historical-reference
0x0013803c	_Z9fx_cmp_r5v	112	src/snes9x/native_fx_opcodes.cpp	local	8b4944f6f77522a577ab1aeb50a4a571a74b1b0d1cf4cd059dd3ac2c9a087674	8b4944f6f77522a577ab1aeb50a4a571a74b1b0d1cf4cd059dd3ac2c9a087674	8b4944f6f77522a577ab1aeb50a4a571a74b1b0d1cf4cd059dd3ac2c9a087674	79df5e6fa942ab3488f3e4452533ff59482ab4c59023c4772dc818080cfc0196	2	linked-historical-reference
0x001380ac	_Z9fx_cmp_r6v	112	src/snes9x/native_fx_opcodes.cpp	local	333c6043216edd3da376c545117b85c3fed566fadde16be7532078c507d35b65	333c6043216edd3da376c545117b85c3fed566fadde16be7532078c507d35b65	333c6043216edd3da376c545117b85c3fed566fadde16be7532078c507d35b65	50ff32135e35a92fb42ece2d52b9f3843fde82f04a1978843eea95e0f5ed0ad2	2	linked-historical-reference
0x0013811c	_Z9fx_cmp_r7v	112	src/snes9x/native_fx_opcodes.cpp	local	895e462d58484b5c2670135a0160d145f315ee4836ca2563b4f87dd82d9b8c15	895e462d58484b5c2670135a0160d145f315ee4836ca2563b4f87dd82d9b8c15	895e462d58484b5c2670135a0160d145f315ee4836ca2563b4f87dd82d9b8c15	22948635bc0a1d032b75339c06d47e59b93387c157fceb7760e4fc8cc37c8590	2	linked-historical-reference
0x0013818c	_Z9fx_cmp_r8v	112	src/snes9x/native_fx_opcodes.cpp	local	6f89a1aa1f6bd1033cf436e42b62b70b4910c2945c022949a4aa103b9e77fbe5	6f89a1aa1f6bd1033cf436e42b62b70b4910c2945c022949a4aa103b9e77fbe5	6f89a1aa1f6bd1033cf436e42b62b70b4910c2945c022949a4aa103b9e77fbe5	1bab679fc8f2cc8f297235fb8ef1c28f04fc2744b72adfe16665d159337d22f1	2	linked-historical-reference
0x001381fc	_Z9fx_cmp_r9v	112	src/snes9x/native_fx_opcodes.cpp	local	33e247fbb45a281f97db2609034ca53b0179c946a0f1234e606ee35b3b5b3140	33e247fbb45a281f97db2609034ca53b0179c946a0f1234e606ee35b3b5b3140	33e247fbb45a281f97db2609034ca53b0179c946a0f1234e606ee35b3b5b3140	939f82023613b9fb448c2a1903e81009317cb5a15601ac13c0f36af6f3a573a9	2	linked-historical-reference
0x0013826c	_Z10fx_cmp_r10v	112	src/snes9x/native_fx_opcodes.cpp	local	2bde477efdf05919ee4ed7cb002a320491f745ce8b3ca0fedf40fe38e487f152	2bde477efdf05919ee4ed7cb002a320491f745ce8b3ca0fedf40fe38e487f152	2bde477efdf05919ee4ed7cb002a320491f745ce8b3ca0fedf40fe38e487f152	d9ddfe22794d87b668ae4845519607baa9896226083aee46580766d0741a538b	2	linked-historical-reference
0x001382dc	_Z10fx_cmp_r11v	112	src/snes9x/native_fx_opcodes.cpp	local	ed11f7ce1b322bdd7e526052ddd489b81981625f0c39c1fccf5e456f27f45b8c	ed11f7ce1b322bdd7e526052ddd489b81981625f0c39c1fccf5e456f27f45b8c	ed11f7ce1b322bdd7e526052ddd489b81981625f0c39c1fccf5e456f27f45b8c	cee17e48812575dce1f1da976e8eac449ba34c7889ba0dd704474e1f85dd6089	2	linked-historical-reference
0x0013834c	_Z10fx_cmp_r12v	112	src/snes9x/native_fx_opcodes.cpp	local	04c9db18a8657ab40c622f701e094030a529ee8db684d5ff90666049c3fe0357	04c9db18a8657ab40c622f701e094030a529ee8db684d5ff90666049c3fe0357	04c9db18a8657ab40c622f701e094030a529ee8db684d5ff90666049c3fe0357	5b52ce8ce23c4b53350141558761cc2b56a37e3a36e5f2222d59181bc55af46a	2	linked-historical-reference
0x001383bc	_Z10fx_cmp_r13v	112	src/snes9x/native_fx_opcodes.cpp	local	32fd579ab72d1103ca8308e8519276114a1e21c5eb67d26d9c0ed4dc28ed868b	32fd579ab72d1103ca8308e8519276114a1e21c5eb67d26d9c0ed4dc28ed868b	32fd579ab72d1103ca8308e8519276114a1e21c5eb67d26d9c0ed4dc28ed868b	e21e3b7efbd812ffbf84dc477e9b99cdf392a23f11cf4609744e23c16a88f126	2	linked-historical-reference
0x0013842c	_Z10fx_cmp_r14v	112	src/snes9x/native_fx_opcodes.cpp	local	ad16cbaa5e15490308870666959248f5eb719b1242af3dadd542088a737285b6	ad16cbaa5e15490308870666959248f5eb719b1242af3dadd542088a737285b6	ad16cbaa5e15490308870666959248f5eb719b1242af3dadd542088a737285b6	cdeb7002f5f872dcebd7fc3aa1aa3af03fcb01aa745812a4a8a81e487b4f30b2	2	linked-historical-reference
0x0013849c	_Z10fx_cmp_r15v	108	src/snes9x/native_fx_opcodes.cpp	local	8ef1b3a6feee93ec3e784ab3a2037a1014a525265d34662d05d7e380a701e013	8ef1b3a6feee93ec3e784ab3a2037a1014a525265d34662d05d7e380a701e013	8ef1b3a6feee93ec3e784ab3a2037a1014a525265d34662d05d7e380a701e013	27aa5cd537c834a4007214847e5d8dea79b80836dd3981341adab5e285bff2af	2	linked-historical-reference
0x00138508	_Z8fx_mergev	160	src/snes9x/native_fx_opcodes.cpp	local	76f4d0a56fcceba8d2eec2fc5942fdd27fb848ba1efb2274a2b0a734a827590e	76f4d0a56fcceba8d2eec2fc5942fdd27fb848ba1efb2274a2b0a734a827590e	76f4d0a56fcceba8d2eec2fc5942fdd27fb848ba1efb2274a2b0a734a827590e	3a241c806908b2975321af0b34bbfa8fcc34a6aaeb01fa55e90a8e7bba1fc2e6	2	linked-historical-reference
0x001385a8	_Z9fx_and_r1v	116	src/snes9x/native_fx_opcodes.cpp	local	977552a8055a2f4c69ae18b3a9ba8822ce81ff295335e37becff3765e6697eba	977552a8055a2f4c69ae18b3a9ba8822ce81ff295335e37becff3765e6697eba	977552a8055a2f4c69ae18b3a9ba8822ce81ff295335e37becff3765e6697eba	75e052aea2d446a9336fcf67ef1bb6641c11ac9e7304d9cffebd739ac2255ec7	2	linked-historical-reference
0x0013861c	_Z9fx_and_r2v	116	src/snes9x/native_fx_opcodes.cpp	local	5a878dad82b86d7873ff526a9cdb5e69a3e07bb833641dd5882d763bc4b599ef	5a878dad82b86d7873ff526a9cdb5e69a3e07bb833641dd5882d763bc4b599ef	5a878dad82b86d7873ff526a9cdb5e69a3e07bb833641dd5882d763bc4b599ef	30ebc55e9752ea0ba6dd51bc204e9e12ff679666c70f734ca7222a24056832b0	2	linked-historical-reference
0x00138690	_Z9fx_and_r3v	116	src/snes9x/native_fx_opcodes.cpp	local	c720c9d1af3bdc98129e15f42a4b41ba0ae79f40254c4403ca7ced4f445bbf0d	c720c9d1af3bdc98129e15f42a4b41ba0ae79f40254c4403ca7ced4f445bbf0d	c720c9d1af3bdc98129e15f42a4b41ba0ae79f40254c4403ca7ced4f445bbf0d	119fe420954eaf49f44b8fca19794250fd0a3526d3f226ae8d2f6f1cbaa88d37	2	linked-historical-reference
0x00138704	_Z9fx_and_r4v	116	src/snes9x/native_fx_opcodes.cpp	local	cb5aeefaf9d8db057159edad7e8b9cc241a3dce815d2d74bf9ebea50b849694a	cb5aeefaf9d8db057159edad7e8b9cc241a3dce815d2d74bf9ebea50b849694a	cb5aeefaf9d8db057159edad7e8b9cc241a3dce815d2d74bf9ebea50b849694a	ee641015591d11e4682183751e1b0c1eef1f2dc7a778307c9c1f4237e817d115	2	linked-historical-reference
0x00138778	_Z9fx_and_r5v	116	src/snes9x/native_fx_opcodes.cpp	local	1b259580b88b1c2ea9669e17b75ac1e53180b6faa04bdf205c52ed54a23532e1	1b259580b88b1c2ea9669e17b75ac1e53180b6faa04bdf205c52ed54a23532e1	1b259580b88b1c2ea9669e17b75ac1e53180b6faa04bdf205c52ed54a23532e1	31dd81436ba802170fc7ee6da2290d6ba07ae8bba5b71f16b9c7fb2511a2518d	2	linked-historical-reference
0x001387ec	_Z9fx_and_r6v	116	src/snes9x/native_fx_opcodes.cpp	local	e49157da2db3d669b4934a019b14a7067dc759959de83bd047a99dc6a45a2f01	e49157da2db3d669b4934a019b14a7067dc759959de83bd047a99dc6a45a2f01	e49157da2db3d669b4934a019b14a7067dc759959de83bd047a99dc6a45a2f01	416b38589945c2d4e2f7a4ac9ab4046ed0eb1308c6dd4c2f8181cc4b1d824d2d	2	linked-historical-reference
0x00138860	_Z9fx_and_r7v	116	src/snes9x/native_fx_opcodes.cpp	local	e49c3c7db2a240a42deb03ffd81a62afd3f96c027fc62cb1da05ee1cde0ac3d4	e49c3c7db2a240a42deb03ffd81a62afd3f96c027fc62cb1da05ee1cde0ac3d4	e49c3c7db2a240a42deb03ffd81a62afd3f96c027fc62cb1da05ee1cde0ac3d4	f015f8a69c7573bc2a61f22762843d05afcc3198283ee6437dd7c06a10ffa7c6	2	linked-historical-reference
0x001388d4	_Z9fx_and_r8v	116	src/snes9x/native_fx_opcodes.cpp	local	5a62e96e3ccae10d08b5e6525fc1a7ec8c0a305146af7c452a9cee935678d38f	5a62e96e3ccae10d08b5e6525fc1a7ec8c0a305146af7c452a9cee935678d38f	5a62e96e3ccae10d08b5e6525fc1a7ec8c0a305146af7c452a9cee935678d38f	82c984498cfaf4919b08852a3ccf865c17f22e1ab7bca100d498d106a7127f9e	2	linked-historical-reference
0x00138948	_Z9fx_and_r9v	116	src/snes9x/native_fx_opcodes.cpp	local	1970e8287310020e27ec47f77b0b3809c7a11c92a29d360212b24993bbdd08f2	1970e8287310020e27ec47f77b0b3809c7a11c92a29d360212b24993bbdd08f2	1970e8287310020e27ec47f77b0b3809c7a11c92a29d360212b24993bbdd08f2	2014da4bb189f2ff7e89562e1c90005dcf491ac000bdf3963f1dacf381e122fe	2	linked-historical-reference
0x001389bc	_Z10fx_and_r10v	116	src/snes9x/native_fx_opcodes.cpp	local	2b7d15ab204c5f3a7204311c8720569f46054f40b2d7280424dea17ee598a3ac	2b7d15ab204c5f3a7204311c8720569f46054f40b2d7280424dea17ee598a3ac	2b7d15ab204c5f3a7204311c8720569f46054f40b2d7280424dea17ee598a3ac	44fdf949849adfb4b42d6d063777b3aa58d60a88cd76304dcb8d9a9efe330bab	2	linked-historical-reference
0x00138a30	_Z10fx_and_r11v	116	src/snes9x/native_fx_opcodes.cpp	local	d469fa12781b0e844571b809e1d4175fe40a990ae7d081d5a7c331de6363e709	d469fa12781b0e844571b809e1d4175fe40a990ae7d081d5a7c331de6363e709	d469fa12781b0e844571b809e1d4175fe40a990ae7d081d5a7c331de6363e709	5d8ea4eeb4b551771e4fdcad38e084a8ee14ac4fbe0b5a97283df51bbefe0fd8	2	linked-historical-reference
0x00138aa4	_Z10fx_and_r12v	116	src/snes9x/native_fx_opcodes.cpp	local	db219bc2e9d2c197f25e32471dc6b998de2b18b98d57950b878c96581b6d89fc	db219bc2e9d2c197f25e32471dc6b998de2b18b98d57950b878c96581b6d89fc	db219bc2e9d2c197f25e32471dc6b998de2b18b98d57950b878c96581b6d89fc	fb7b37c431b16ffb9fcbdd98f4987fb960f428a966a3bf1da0be653afce1e592	2	linked-historical-reference
0x00138b18	_Z10fx_and_r13v	116	src/snes9x/native_fx_opcodes.cpp	local	aeb97fbf2a9d05dc87d059c53ad4f4f41cca916a22d13006d708bab3e687d637	aeb97fbf2a9d05dc87d059c53ad4f4f41cca916a22d13006d708bab3e687d637	aeb97fbf2a9d05dc87d059c53ad4f4f41cca916a22d13006d708bab3e687d637	3a9105d1b2ad30559891af49dfe5dd48684006bb03359d8242db861bb06d8d28	2	linked-historical-reference
0x00138b8c	_Z10fx_and_r14v	116	src/snes9x/native_fx_opcodes.cpp	local	e19a8daf2a352b503f837a882e2639e3aee3366b9aef1437bc23b156f85f2b73	e19a8daf2a352b503f837a882e2639e3aee3366b9aef1437bc23b156f85f2b73	e19a8daf2a352b503f837a882e2639e3aee3366b9aef1437bc23b156f85f2b73	c1c1a4d41c4ac3ff6d803458b3ffe4ac887efaf73a5579bfcc5c6941963003c5	2	linked-historical-reference
0x00138c00	_Z10fx_and_r15v	112	src/snes9x/native_fx_opcodes.cpp	local	e232d6119bb454b05fd3adc8efc402ecf931e52f54d952d8408065565fa58631	e232d6119bb454b05fd3adc8efc402ecf931e52f54d952d8408065565fa58631	e232d6119bb454b05fd3adc8efc402ecf931e52f54d952d8408065565fa58631	dbd19e8015baa9be7d0b71847b9ba6252ec78b6106c641a8142a3423f7866eb6	2	linked-historical-reference
0x00138c70	_Z9fx_bic_r1v	116	src/snes9x/native_fx_opcodes.cpp	local	977552a8055a2f4c69ae18b3a9ba8822ce81ff295335e37becff3765e6697eba	977552a8055a2f4c69ae18b3a9ba8822ce81ff295335e37becff3765e6697eba	977552a8055a2f4c69ae18b3a9ba8822ce81ff295335e37becff3765e6697eba	75e052aea2d446a9336fcf67ef1bb6641c11ac9e7304d9cffebd739ac2255ec7	2	linked-historical-reference
0x00138ce4	_Z9fx_bic_r2v	116	src/snes9x/native_fx_opcodes.cpp	local	5a878dad82b86d7873ff526a9cdb5e69a3e07bb833641dd5882d763bc4b599ef	5a878dad82b86d7873ff526a9cdb5e69a3e07bb833641dd5882d763bc4b599ef	5a878dad82b86d7873ff526a9cdb5e69a3e07bb833641dd5882d763bc4b599ef	30ebc55e9752ea0ba6dd51bc204e9e12ff679666c70f734ca7222a24056832b0	2	linked-historical-reference
0x00138d58	_Z9fx_bic_r3v	116	src/snes9x/native_fx_opcodes.cpp	local	c720c9d1af3bdc98129e15f42a4b41ba0ae79f40254c4403ca7ced4f445bbf0d	c720c9d1af3bdc98129e15f42a4b41ba0ae79f40254c4403ca7ced4f445bbf0d	c720c9d1af3bdc98129e15f42a4b41ba0ae79f40254c4403ca7ced4f445bbf0d	119fe420954eaf49f44b8fca19794250fd0a3526d3f226ae8d2f6f1cbaa88d37	2	linked-historical-reference
0x00138dcc	_Z9fx_bic_r4v	116	src/snes9x/native_fx_opcodes.cpp	local	cb5aeefaf9d8db057159edad7e8b9cc241a3dce815d2d74bf9ebea50b849694a	cb5aeefaf9d8db057159edad7e8b9cc241a3dce815d2d74bf9ebea50b849694a	cb5aeefaf9d8db057159edad7e8b9cc241a3dce815d2d74bf9ebea50b849694a	ee641015591d11e4682183751e1b0c1eef1f2dc7a778307c9c1f4237e817d115	2	linked-historical-reference
0x00138e40	_Z9fx_bic_r5v	116	src/snes9x/native_fx_opcodes.cpp	local	1b259580b88b1c2ea9669e17b75ac1e53180b6faa04bdf205c52ed54a23532e1	1b259580b88b1c2ea9669e17b75ac1e53180b6faa04bdf205c52ed54a23532e1	1b259580b88b1c2ea9669e17b75ac1e53180b6faa04bdf205c52ed54a23532e1	31dd81436ba802170fc7ee6da2290d6ba07ae8bba5b71f16b9c7fb2511a2518d	2	linked-historical-reference
0x00138eb4	_Z9fx_bic_r6v	116	src/snes9x/native_fx_opcodes.cpp	local	e49157da2db3d669b4934a019b14a7067dc759959de83bd047a99dc6a45a2f01	e49157da2db3d669b4934a019b14a7067dc759959de83bd047a99dc6a45a2f01	e49157da2db3d669b4934a019b14a7067dc759959de83bd047a99dc6a45a2f01	416b38589945c2d4e2f7a4ac9ab4046ed0eb1308c6dd4c2f8181cc4b1d824d2d	2	linked-historical-reference
0x00138f28	_Z9fx_bic_r7v	116	src/snes9x/native_fx_opcodes.cpp	local	e49c3c7db2a240a42deb03ffd81a62afd3f96c027fc62cb1da05ee1cde0ac3d4	e49c3c7db2a240a42deb03ffd81a62afd3f96c027fc62cb1da05ee1cde0ac3d4	e49c3c7db2a240a42deb03ffd81a62afd3f96c027fc62cb1da05ee1cde0ac3d4	f015f8a69c7573bc2a61f22762843d05afcc3198283ee6437dd7c06a10ffa7c6	2	linked-historical-reference
0x00138f9c	_Z9fx_bic_r8v	116	src/snes9x/native_fx_opcodes.cpp	local	5a62e96e3ccae10d08b5e6525fc1a7ec8c0a305146af7c452a9cee935678d38f	5a62e96e3ccae10d08b5e6525fc1a7ec8c0a305146af7c452a9cee935678d38f	5a62e96e3ccae10d08b5e6525fc1a7ec8c0a305146af7c452a9cee935678d38f	82c984498cfaf4919b08852a3ccf865c17f22e1ab7bca100d498d106a7127f9e	2	linked-historical-reference
0x00139010	_Z9fx_bic_r9v	116	src/snes9x/native_fx_opcodes.cpp	local	1970e8287310020e27ec47f77b0b3809c7a11c92a29d360212b24993bbdd08f2	1970e8287310020e27ec47f77b0b3809c7a11c92a29d360212b24993bbdd08f2	1970e8287310020e27ec47f77b0b3809c7a11c92a29d360212b24993bbdd08f2	2014da4bb189f2ff7e89562e1c90005dcf491ac000bdf3963f1dacf381e122fe	2	linked-historical-reference
0x00139084	_Z10fx_bic_r10v	116	src/snes9x/native_fx_opcodes.cpp	local	2b7d15ab204c5f3a7204311c8720569f46054f40b2d7280424dea17ee598a3ac	2b7d15ab204c5f3a7204311c8720569f46054f40b2d7280424dea17ee598a3ac	2b7d15ab204c5f3a7204311c8720569f46054f40b2d7280424dea17ee598a3ac	44fdf949849adfb4b42d6d063777b3aa58d60a88cd76304dcb8d9a9efe330bab	2	linked-historical-reference
0x001390f8	_Z10fx_bic_r11v	116	src/snes9x/native_fx_opcodes.cpp	local	d469fa12781b0e844571b809e1d4175fe40a990ae7d081d5a7c331de6363e709	d469fa12781b0e844571b809e1d4175fe40a990ae7d081d5a7c331de6363e709	d469fa12781b0e844571b809e1d4175fe40a990ae7d081d5a7c331de6363e709	5d8ea4eeb4b551771e4fdcad38e084a8ee14ac4fbe0b5a97283df51bbefe0fd8	2	linked-historical-reference
0x0013916c	_Z10fx_bic_r12v	116	src/snes9x/native_fx_opcodes.cpp	local	db219bc2e9d2c197f25e32471dc6b998de2b18b98d57950b878c96581b6d89fc	db219bc2e9d2c197f25e32471dc6b998de2b18b98d57950b878c96581b6d89fc	db219bc2e9d2c197f25e32471dc6b998de2b18b98d57950b878c96581b6d89fc	fb7b37c431b16ffb9fcbdd98f4987fb960f428a966a3bf1da0be653afce1e592	2	linked-historical-reference
0x001391e0	_Z10fx_bic_r13v	116	src/snes9x/native_fx_opcodes.cpp	local	aeb97fbf2a9d05dc87d059c53ad4f4f41cca916a22d13006d708bab3e687d637	aeb97fbf2a9d05dc87d059c53ad4f4f41cca916a22d13006d708bab3e687d637	aeb97fbf2a9d05dc87d059c53ad4f4f41cca916a22d13006d708bab3e687d637	3a9105d1b2ad30559891af49dfe5dd48684006bb03359d8242db861bb06d8d28	2	linked-historical-reference
0x00139254	_Z10fx_bic_r14v	116	src/snes9x/native_fx_opcodes.cpp	local	e19a8daf2a352b503f837a882e2639e3aee3366b9aef1437bc23b156f85f2b73	e19a8daf2a352b503f837a882e2639e3aee3366b9aef1437bc23b156f85f2b73	e19a8daf2a352b503f837a882e2639e3aee3366b9aef1437bc23b156f85f2b73	c1c1a4d41c4ac3ff6d803458b3ffe4ac887efaf73a5579bfcc5c6941963003c5	2	linked-historical-reference
0x001392c8	_Z10fx_bic_r15v	112	src/snes9x/native_fx_opcodes.cpp	local	e232d6119bb454b05fd3adc8efc402ecf931e52f54d952d8408065565fa58631	e232d6119bb454b05fd3adc8efc402ecf931e52f54d952d8408065565fa58631	e232d6119bb454b05fd3adc8efc402ecf931e52f54d952d8408065565fa58631	dbd19e8015baa9be7d0b71847b9ba6252ec78b6106c641a8142a3423f7866eb6	2	linked-historical-reference
0x00139338	_Z9fx_and_i1v	112	src/snes9x/native_fx_opcodes.cpp	local	a3201fa9ac41bf09f9ee0663c2e765a65dfe88584ce2f215b7dcca4ef6993ae8	a3201fa9ac41bf09f9ee0663c2e765a65dfe88584ce2f215b7dcca4ef6993ae8	a3201fa9ac41bf09f9ee0663c2e765a65dfe88584ce2f215b7dcca4ef6993ae8	ca4fa3f593cf7e912bd49b917939d6c95d4de8c3fc0d909156e7482faf66f56b	2	linked-historical-reference
0x001393a8	_Z9fx_and_i2v	112	src/snes9x/native_fx_opcodes.cpp	local	67cc1385853ec2cc9106af0ef6b0afad2f7373374341b403eb866e32fdb44a6d	67cc1385853ec2cc9106af0ef6b0afad2f7373374341b403eb866e32fdb44a6d	67cc1385853ec2cc9106af0ef6b0afad2f7373374341b403eb866e32fdb44a6d	5f439ebd85efebfb5f03f6b3ec1773a232dcab44f93665a8ab769fe24c8c5fcf	2	linked-historical-reference
0x00139418	_Z9fx_and_i3v	112	src/snes9x/native_fx_opcodes.cpp	local	a2e3d6168532d340e1b10639f203945569400550b9a11a016dfbb1484b6b4dcd	a2e3d6168532d340e1b10639f203945569400550b9a11a016dfbb1484b6b4dcd	a2e3d6168532d340e1b10639f203945569400550b9a11a016dfbb1484b6b4dcd	bdf672aaa52a58f8a80c32f0aa856c98f65e9765d2100aff0c917cda39a50ae3	2	linked-historical-reference
0x00139488	_Z9fx_and_i4v	112	src/snes9x/native_fx_opcodes.cpp	local	91c00151570930d1fb8e20a2921ca06ff9a14800a52c5c05bd7864832830480b	91c00151570930d1fb8e20a2921ca06ff9a14800a52c5c05bd7864832830480b	91c00151570930d1fb8e20a2921ca06ff9a14800a52c5c05bd7864832830480b	92d2b6630c41b38a3c3084fde5c6ba5ec1ff2213a913001b444c37991f7c9e78	2	linked-historical-reference
0x001394f8	_Z9fx_and_i5v	112	src/snes9x/native_fx_opcodes.cpp	local	9f1e753b2d234bd82844a5b1a48f9345609feef2d2e9f7a7183dd06530ba6bbc	9f1e753b2d234bd82844a5b1a48f9345609feef2d2e9f7a7183dd06530ba6bbc	9f1e753b2d234bd82844a5b1a48f9345609feef2d2e9f7a7183dd06530ba6bbc	a4a8fa7e839df31d2a9fd68605075af0dadc1c4d8bd530d5359c649624d6b871	2	linked-historical-reference
0x00139568	_Z9fx_and_i6v	112	src/snes9x/native_fx_opcodes.cpp	local	48f380747f8c3fe270a24b9be406fad00143d8fd137b94fd2a7693cf9a2c30f2	48f380747f8c3fe270a24b9be406fad00143d8fd137b94fd2a7693cf9a2c30f2	48f380747f8c3fe270a24b9be406fad00143d8fd137b94fd2a7693cf9a2c30f2	64bb535fbcb92ad631c0aa73ad11a39b521a325e7fc34dda633aa0f32ff93eaf	2	linked-historical-reference
0x001395d8	_Z9fx_and_i7v	112	src/snes9x/native_fx_opcodes.cpp	local	720ae924d1defa8883787efe2ac7c54d1331b0702044754de995923497678a93	720ae924d1defa8883787efe2ac7c54d1331b0702044754de995923497678a93	720ae924d1defa8883787efe2ac7c54d1331b0702044754de995923497678a93	abc5f0e6ed2e5ad1386b14cc29f8b7583fe197f6c408423ad169d52ec072afd9	2	linked-historical-reference
0x00139648	_Z9fx_and_i8v	112	src/snes9x/native_fx_opcodes.cpp	local	d3b05d784bfb4d1380137381fc7424cdffe156f3ce03cee9d43bd9d74212478c	d3b05d784bfb4d1380137381fc7424cdffe156f3ce03cee9d43bd9d74212478c	d3b05d784bfb4d1380137381fc7424cdffe156f3ce03cee9d43bd9d74212478c	13464ff19ab71cbb6ffd96f55f41ec4e7b4e792aafb26a3af3fb37c46684d9c6	2	linked-historical-reference
0x001396b8	_Z9fx_and_i9v	112	src/snes9x/native_fx_opcodes.cpp	local	fc1d5349b699c3ac28d4a5abdbd20739a74206c9aec547dfbf28bee7cbab8ac3	fc1d5349b699c3ac28d4a5abdbd20739a74206c9aec547dfbf28bee7cbab8ac3	fc1d5349b699c3ac28d4a5abdbd20739a74206c9aec547dfbf28bee7cbab8ac3	17ca56614cbea2a659ae4563cabc6ca4e33c365e344fc4c9dcedebd20986d1d5	2	linked-historical-reference
0x00139728	_Z10fx_and_i10v	112	src/snes9x/native_fx_opcodes.cpp	local	714123bcbc8dc88e08440519e51e61281c3282888e79275d9aaf084ceaac3e1f	714123bcbc8dc88e08440519e51e61281c3282888e79275d9aaf084ceaac3e1f	714123bcbc8dc88e08440519e51e61281c3282888e79275d9aaf084ceaac3e1f	b56e22881e4fc00a96ad54b3aa8fb937bf3ea542b0ff74e20144a639b83d3e3f	2	linked-historical-reference
0x00139798	_Z10fx_and_i11v	112	src/snes9x/native_fx_opcodes.cpp	local	c1d0510d0136610263d3bfee97133432fb208f63d39a74cc2a8f3029f174a3bc	c1d0510d0136610263d3bfee97133432fb208f63d39a74cc2a8f3029f174a3bc	c1d0510d0136610263d3bfee97133432fb208f63d39a74cc2a8f3029f174a3bc	6e2556bb63fe1009c1870ece5fc72ccee02eca5efdb2d74259bc643d91005637	2	linked-historical-reference
0x00139808	_Z10fx_and_i12v	112	src/snes9x/native_fx_opcodes.cpp	local	875958be1003f75e4b28cffb7420cd6f5d784dcca1db6913801a37b522f539c8	875958be1003f75e4b28cffb7420cd6f5d784dcca1db6913801a37b522f539c8	875958be1003f75e4b28cffb7420cd6f5d784dcca1db6913801a37b522f539c8	f813260a38a8de651e5b8b15c7d0a1f42cee378dfac9567ffdd26a9f1b9bf169	2	linked-historical-reference
0x00139878	_Z10fx_and_i13v	112	src/snes9x/native_fx_opcodes.cpp	local	9f911c27b3030658bbb092d28fa4947d5349be40fcdbd69fe544234ce24a31ca	9f911c27b3030658bbb092d28fa4947d5349be40fcdbd69fe544234ce24a31ca	9f911c27b3030658bbb092d28fa4947d5349be40fcdbd69fe544234ce24a31ca	65091170ce20f643ecedf91e9b8c48bbc58e3973cf6577612c09dbacb55fe1bd	2	linked-historical-reference
0x001398e8	_Z10fx_and_i14v	112	src/snes9x/native_fx_opcodes.cpp	local	c3a81dfb36fa0940193e97d487588091ef4bbf1b1173353771dfe3c942aafae9	c3a81dfb36fa0940193e97d487588091ef4bbf1b1173353771dfe3c942aafae9	c3a81dfb36fa0940193e97d487588091ef4bbf1b1173353771dfe3c942aafae9	2f9fa4337bfb291c4dac33fda2787f359d794360a69d2fb77a38181c06d445aa	2	linked-historical-reference
0x00139958	_Z10fx_and_i15v	112	src/snes9x/native_fx_opcodes.cpp	local	36326b377e4d53d8d8ee2e68061426c038389100997895684926bd0b085684f2	36326b377e4d53d8d8ee2e68061426c038389100997895684926bd0b085684f2	36326b377e4d53d8d8ee2e68061426c038389100997895684926bd0b085684f2	117d9d2c3664a252eee2bf8d2b42735bfec7880cb0d5ba9268f0fe0c27bea573	2	linked-historical-reference
0x001399c8	_Z9fx_bic_i1v	116	src/snes9x/native_fx_opcodes.cpp	local	e20fdb85680e024d287c2028e4c69df3f9afd49f4595fa487811f1b8a5114b8d	e20fdb85680e024d287c2028e4c69df3f9afd49f4595fa487811f1b8a5114b8d	e20fdb85680e024d287c2028e4c69df3f9afd49f4595fa487811f1b8a5114b8d	f207a4b828efb740d90887b5cb78faae9683465969e62efee8bd84c90fde3104	2	linked-historical-reference
0x00139a3c	_Z9fx_bic_i2v	116	src/snes9x/native_fx_opcodes.cpp	local	a5b2e90f516898feb17f21aa9ca395b4fa201e305f67cf6aa34041a350bf3291	a5b2e90f516898feb17f21aa9ca395b4fa201e305f67cf6aa34041a350bf3291	a5b2e90f516898feb17f21aa9ca395b4fa201e305f67cf6aa34041a350bf3291	b387f2e0df4218eef4642f62b18f9bed958c6986333b59440efd6d18e8174220	2	linked-historical-reference
0x00139ab0	_Z9fx_bic_i3v	116	src/snes9x/native_fx_opcodes.cpp	local	18be46d81711b5adfb25d7178d0c2a7d80591adf308d46b7c74556917a9e7532	18be46d81711b5adfb25d7178d0c2a7d80591adf308d46b7c74556917a9e7532	18be46d81711b5adfb25d7178d0c2a7d80591adf308d46b7c74556917a9e7532	e2ada571c31d728c098fd09a1b678cf5bca57634a18c50a0dbdb5185c17f4d5a	2	linked-historical-reference
0x00139b24	_Z9fx_bic_i4v	116	src/snes9x/native_fx_opcodes.cpp	local	12461a44bd66260c8902c37b37a5dc0ec0c77d2a692bf7089f436c13d339a6a7	12461a44bd66260c8902c37b37a5dc0ec0c77d2a692bf7089f436c13d339a6a7	12461a44bd66260c8902c37b37a5dc0ec0c77d2a692bf7089f436c13d339a6a7	94a3a298d65f6c95e865061f0c2e5ddb5cccaa81b53c78b5cfe820a442183405	2	linked-historical-reference
0x00139b98	_Z9fx_bic_i5v	116	src/snes9x/native_fx_opcodes.cpp	local	60dd0304474f40e03d8253c2d6609e308ee98221834fcecbf7f3f9176cdde85e	60dd0304474f40e03d8253c2d6609e308ee98221834fcecbf7f3f9176cdde85e	60dd0304474f40e03d8253c2d6609e308ee98221834fcecbf7f3f9176cdde85e	2c294dfb802ed54c93045e653ac2b6d9cca675f08a7625fc71220e9ee8c8556d	2	linked-historical-reference
0x00139c0c	_Z9fx_bic_i6v	116	src/snes9x/native_fx_opcodes.cpp	local	6ef8d9725382250623fdf65a947d4faafe33ebd30f3197d08398010f03104d28	6ef8d9725382250623fdf65a947d4faafe33ebd30f3197d08398010f03104d28	6ef8d9725382250623fdf65a947d4faafe33ebd30f3197d08398010f03104d28	bbd93e3ad281f43cf7ab59049e56cbb336d1d315af0f0eec360ac172ccfe4439	2	linked-historical-reference
0x00139c80	_Z9fx_bic_i7v	116	src/snes9x/native_fx_opcodes.cpp	local	715dab71a253705a834628f5c3ecf8f32a8537d6ba3143600ee8b1c64aad2dc6	715dab71a253705a834628f5c3ecf8f32a8537d6ba3143600ee8b1c64aad2dc6	715dab71a253705a834628f5c3ecf8f32a8537d6ba3143600ee8b1c64aad2dc6	190c1dcab7f225aa3f72b3dc7313b39e8365e92a61f5270b4ed05e7847dcba1e	2	linked-historical-reference
0x00139cf4	_Z9fx_bic_i8v	116	src/snes9x/native_fx_opcodes.cpp	local	cee43b1424cf6e4c73de3770b5111e42262aa97ca23ccb75030a0f9c84294f63	cee43b1424cf6e4c73de3770b5111e42262aa97ca23ccb75030a0f9c84294f63	cee43b1424cf6e4c73de3770b5111e42262aa97ca23ccb75030a0f9c84294f63	35d9b355103bd4b2645e81bbc7cf251caa02e5df747dcd230e7a1df6cdefef73	2	linked-historical-reference
0x00139d68	_Z9fx_bic_i9v	116	src/snes9x/native_fx_opcodes.cpp	local	72bdd0262b9510dfbfe4c1a4e74924945e9700023bd4653580e768ec04d32d88	72bdd0262b9510dfbfe4c1a4e74924945e9700023bd4653580e768ec04d32d88	72bdd0262b9510dfbfe4c1a4e74924945e9700023bd4653580e768ec04d32d88	84c686707c8b29f526888a117bed850d39810fb5f88e95f32afa9c50e7fbc9f2	2	linked-historical-reference
0x00139ddc	_Z10fx_bic_i10v	116	src/snes9x/native_fx_opcodes.cpp	local	e42070694ef5c61458a9e7e1fd016a81c0b617d97f3c5e5bfc8ebe0485ec164b	e42070694ef5c61458a9e7e1fd016a81c0b617d97f3c5e5bfc8ebe0485ec164b	e42070694ef5c61458a9e7e1fd016a81c0b617d97f3c5e5bfc8ebe0485ec164b	68cf75a51a660f5c280e06f48315405b7338b4a5ce2ce6e37c71d4212c816835	2	linked-historical-reference
0x00139e50	_Z10fx_bic_i11v	116	src/snes9x/native_fx_opcodes.cpp	local	a280c3fe3c27fa236550af076cfeb7868e4026510d5a1c214edcdc7d104a6d39	a280c3fe3c27fa236550af076cfeb7868e4026510d5a1c214edcdc7d104a6d39	a280c3fe3c27fa236550af076cfeb7868e4026510d5a1c214edcdc7d104a6d39	2a34f39f6a4141531b8c73019fa0948ccd53645dff9e0fb249a5eab09924378c	2	linked-historical-reference
0x00139ec4	_Z10fx_bic_i12v	116	src/snes9x/native_fx_opcodes.cpp	local	5dc496b15e66d2aba0e52624437a3c20a62f12d5ebba6e8a0d2be479b2bfbf3d	5dc496b15e66d2aba0e52624437a3c20a62f12d5ebba6e8a0d2be479b2bfbf3d	5dc496b15e66d2aba0e52624437a3c20a62f12d5ebba6e8a0d2be479b2bfbf3d	ee7e3be6999e9a4674d15ce3cb0bbde53c024426a762e327a2dbe9cff5ea73c2	2	linked-historical-reference
0x00139f38	_Z10fx_bic_i13v	116	src/snes9x/native_fx_opcodes.cpp	local	19361fdcf35ab67456ad86f9dea5c48d016160547cdaa960713e958592dd8446	19361fdcf35ab67456ad86f9dea5c48d016160547cdaa960713e958592dd8446	19361fdcf35ab67456ad86f9dea5c48d016160547cdaa960713e958592dd8446	c1a8e1984702380fda8f78fcc5b63ded783f731a9bdecc59ad8f2dc330a601be	2	linked-historical-reference
0x00139fac	_Z10fx_bic_i14v	116	src/snes9x/native_fx_opcodes.cpp	local	f0d8516d55ce3252314acd0605e03a087cb34c5c6e0d6885b89d05a74cb24501	f0d8516d55ce3252314acd0605e03a087cb34c5c6e0d6885b89d05a74cb24501	f0d8516d55ce3252314acd0605e03a087cb34c5c6e0d6885b89d05a74cb24501	58c84696c36dcb0860179ba8ff0e0c8356ac38e9202b66a808eb77f5119ec713	2	linked-historical-reference
0x0013a020	_Z10fx_bic_i15v	116	src/snes9x/native_fx_opcodes.cpp	local	91ae3867e7820bbbda92b767dc619cc584a63f4d75f2083fe6565f4fd422462c	91ae3867e7820bbbda92b767dc619cc584a63f4d75f2083fe6565f4fd422462c	91ae3867e7820bbbda92b767dc619cc584a63f4d75f2083fe6565f4fd422462c	9fd38daab2cb4345ad37131c2194d5182e388fb24265794a37cf89a41939c501	2	linked-historical-reference
0x0013a094	_Z10fx_mult_r0v	116	src/snes9x/native_fx_opcodes.cpp	local	d7b939cbfb299426ec292df89169fc5a7519254f386ea7f0a22bd109086c2d72	d7b939cbfb299426ec292df89169fc5a7519254f386ea7f0a22bd109086c2d72	d7b939cbfb299426ec292df89169fc5a7519254f386ea7f0a22bd109086c2d72	091d51a072674838223965a44056851a0770685649b60c6442483398ccea907f	3	linked-historical-reference
0x0013a108	_Z10fx_mult_r1v	116	src/snes9x/native_fx_opcodes.cpp	local	32c255b213fcfbdd684920bfe2167600a3f940a46aaab988cc52e51c3e588dc8	32c255b213fcfbdd684920bfe2167600a3f940a46aaab988cc52e51c3e588dc8	32c255b213fcfbdd684920bfe2167600a3f940a46aaab988cc52e51c3e588dc8	e8d926de8350f9bb90867ae85f58077d5c2e06818ebd447277309d5745d5ceae	2	linked-historical-reference
0x0013a17c	_Z10fx_mult_r2v	116	src/snes9x/native_fx_opcodes.cpp	local	acc5f243d73454a96e094ce908d7f77a02c37568399a4aadc9528692d60414ee	acc5f243d73454a96e094ce908d7f77a02c37568399a4aadc9528692d60414ee	acc5f243d73454a96e094ce908d7f77a02c37568399a4aadc9528692d60414ee	7b9983148fbaab2e7c07e1d98ddeaaacb1ed971c25dd5f684113c14fd7ee8188	2	linked-historical-reference
0x0013a1f0	_Z10fx_mult_r3v	116	src/snes9x/native_fx_opcodes.cpp	local	8fd2fd43437a64c2d441880b66fe157c846846e2e4e9654380923e8d72861d6f	8fd2fd43437a64c2d441880b66fe157c846846e2e4e9654380923e8d72861d6f	8fd2fd43437a64c2d441880b66fe157c846846e2e4e9654380923e8d72861d6f	6a97010434f3034dfcb6bad1efd33bc650921da522133e1174fee82f8424a3a9	2	linked-historical-reference
0x0013a264	_Z10fx_mult_r4v	116	src/snes9x/native_fx_opcodes.cpp	local	dc93e09b4ba0ace0b70e672650b5d65ade95ca391153d696a943c50ff6092f5c	dc93e09b4ba0ace0b70e672650b5d65ade95ca391153d696a943c50ff6092f5c	dc93e09b4ba0ace0b70e672650b5d65ade95ca391153d696a943c50ff6092f5c	f8cda23bb3fef59f746b74be9f042fe38297add7cdbec62af50665b03f6936c4	2	linked-historical-reference
0x0013a2d8	_Z10fx_mult_r5v	116	src/snes9x/native_fx_opcodes.cpp	local	189c300be47fbb6bb8946819098898ffc9c5e801024be1370884d179dc130b1e	189c300be47fbb6bb8946819098898ffc9c5e801024be1370884d179dc130b1e	189c300be47fbb6bb8946819098898ffc9c5e801024be1370884d179dc130b1e	a69d8dca0d1b67aabdb176b4fdc311105beff40d32f94d54fb879d61f3ff1101	2	linked-historical-reference
0x0013a34c	_Z10fx_mult_r6v	116	src/snes9x/native_fx_opcodes.cpp	local	4ac809ddbb24560f03a99be779fec46184d498ddcc55af4b1fc5cde81c83d8e2	4ac809ddbb24560f03a99be779fec46184d498ddcc55af4b1fc5cde81c83d8e2	4ac809ddbb24560f03a99be779fec46184d498ddcc55af4b1fc5cde81c83d8e2	de8d712309f698ab490f3ed21a0f8de1d0fe47aa55cdc126b20f979cc15678a9	2	linked-historical-reference
0x0013a3c0	_Z10fx_mult_r7v	116	src/snes9x/native_fx_opcodes.cpp	local	76a2afe9aebc28bc0a4c051d96016e0575ee1afb9c9004b4015f6b291ea336fd	76a2afe9aebc28bc0a4c051d96016e0575ee1afb9c9004b4015f6b291ea336fd	76a2afe9aebc28bc0a4c051d96016e0575ee1afb9c9004b4015f6b291ea336fd	b491f74f1aa94952b370bfb663f6a5f827853afbba9c2ee63a799f84bc611822	2	linked-historical-reference
0x0013a434	_Z10fx_mult_r8v	116	src/snes9x/native_fx_opcodes.cpp	local	f2f7659181f7e6f5837126aa6697c22de6984f0e661500fc67714cd5c5613862	f2f7659181f7e6f5837126aa6697c22de6984f0e661500fc67714cd5c5613862	f2f7659181f7e6f5837126aa6697c22de6984f0e661500fc67714cd5c5613862	4e78a022b319181bb27116f802331702c68ee31fe13b1416caf41913b81b97ba	2	linked-historical-reference
0x0013a4a8	_Z10fx_mult_r9v	116	src/snes9x/native_fx_opcodes.cpp	local	6ae4766f6d9ebb250967476fb91a9bbb987ad9f7101fbf3db989eb4e6d0646c1	6ae4766f6d9ebb250967476fb91a9bbb987ad9f7101fbf3db989eb4e6d0646c1	6ae4766f6d9ebb250967476fb91a9bbb987ad9f7101fbf3db989eb4e6d0646c1	45a90680dff5a0085133363467d45f01d1b4430d7c755827f39bb4a528dc088b	2	linked-historical-reference
0x0013a51c	_Z11fx_mult_r10v	116	src/snes9x/native_fx_opcodes.cpp	local	9be13cdbc723ccdd91b4fae7ecbc47a5c48d206d6a56f3833572a56b23b053a6	9be13cdbc723ccdd91b4fae7ecbc47a5c48d206d6a56f3833572a56b23b053a6	9be13cdbc723ccdd91b4fae7ecbc47a5c48d206d6a56f3833572a56b23b053a6	eda18f4b0d5d628df8e69acdc717fced81772953e2204a8a987127e9ee2b9500	2	linked-historical-reference
0x0013a590	_Z11fx_mult_r11v	116	src/snes9x/native_fx_opcodes.cpp	local	9d48f0ca1ee7809cd512d3451b382b16dbb8e3fc3ec13d7c059e1a408044d635	9d48f0ca1ee7809cd512d3451b382b16dbb8e3fc3ec13d7c059e1a408044d635	9d48f0ca1ee7809cd512d3451b382b16dbb8e3fc3ec13d7c059e1a408044d635	cc20741fab2fbc54cf5c50285765f6517678120402c7f9c08a70d9e68a58f750	2	linked-historical-reference
0x0013a604	_Z11fx_mult_r12v	116	src/snes9x/native_fx_opcodes.cpp	local	c2347fb2d9bcbc556f2fb90dc4b8cb6efa05be8bfca5f0d1a3c25b4de613132a	c2347fb2d9bcbc556f2fb90dc4b8cb6efa05be8bfca5f0d1a3c25b4de613132a	c2347fb2d9bcbc556f2fb90dc4b8cb6efa05be8bfca5f0d1a3c25b4de613132a	610ecf1933c913e962674a2d3434397fc1cc9004bb8bacfaf846ffe218bef423	2	linked-historical-reference
0x0013a678	_Z11fx_mult_r13v	116	src/snes9x/native_fx_opcodes.cpp	local	c9fcfc81e10f1cb293d73c571e2471269bc1210610b32460680101ebd49ad00b	c9fcfc81e10f1cb293d73c571e2471269bc1210610b32460680101ebd49ad00b	c9fcfc81e10f1cb293d73c571e2471269bc1210610b32460680101ebd49ad00b	eff4bd87838148244225da25baf0f464cb63e2c01330d21c44b2376370941e24	2	linked-historical-reference
0x0013a6ec	_Z11fx_mult_r14v	116	src/snes9x/native_fx_opcodes.cpp	local	a2b775588570bb817ea60bff11c8017ad43944e3d42e15a3c74d9fbbb5b2f859	a2b775588570bb817ea60bff11c8017ad43944e3d42e15a3c74d9fbbb5b2f859	a2b775588570bb817ea60bff11c8017ad43944e3d42e15a3c74d9fbbb5b2f859	1a71780984950b45d6f17f1dcef38bf6be941e66261f438ff9c157b945a8a038	2	linked-historical-reference
0x0013a760	_Z11fx_mult_r15v	116	src/snes9x/native_fx_opcodes.cpp	local	c0b6d7f4777b972def580a2a8852c76fe28eb6eafe9f4f29944d7645e0a74af7	c0b6d7f4777b972def580a2a8852c76fe28eb6eafe9f4f29944d7645e0a74af7	c0b6d7f4777b972def580a2a8852c76fe28eb6eafe9f4f29944d7645e0a74af7	da7d08fae41ed876f0f3794d7b71e3d9fb24845569b07e02917a8de35c4b1694	2	linked-historical-reference
0x0013a7d4	_Z11fx_umult_r0v	116	src/snes9x/native_fx_opcodes.cpp	local	78d4fe9291cd7ca973b6aaba26c83f0c7da8421ceb9103157c4cfc559b82da25	78d4fe9291cd7ca973b6aaba26c83f0c7da8421ceb9103157c4cfc559b82da25	78d4fe9291cd7ca973b6aaba26c83f0c7da8421ceb9103157c4cfc559b82da25	00b3508898b02aa49afb81b281d8b81a2d313584c2cdbda2aa2a2b86c1a001c9	3	linked-historical-reference
0x0013a848	_Z11fx_umult_r1v	116	src/snes9x/native_fx_opcodes.cpp	local	285270eeca23caed3ad9232dc85d7860765d75d6a14018a884f822621a6b6d8a	285270eeca23caed3ad9232dc85d7860765d75d6a14018a884f822621a6b6d8a	285270eeca23caed3ad9232dc85d7860765d75d6a14018a884f822621a6b6d8a	2f8c0e2f70607c9a4ef1e3babb02ad64700fb89fb12889723bd7d7735214847d	2	linked-historical-reference
0x0013a8bc	_Z11fx_umult_r2v	116	src/snes9x/native_fx_opcodes.cpp	local	f366e0cb9c3eeff32fb2d1a8f0a59781d770f5dc31e518acef71adbb1f7c7904	f366e0cb9c3eeff32fb2d1a8f0a59781d770f5dc31e518acef71adbb1f7c7904	f366e0cb9c3eeff32fb2d1a8f0a59781d770f5dc31e518acef71adbb1f7c7904	ae680a392325b621205f46b897a7da53ec5fd0712cd5fcf8a439e55d61f1f81e	2	linked-historical-reference
0x0013a930	_Z11fx_umult_r3v	116	src/snes9x/native_fx_opcodes.cpp	local	e86f580236dd655ae2ad7864b90881fe53eb3fe33b263d2ed9fc1180f99e4f10	e86f580236dd655ae2ad7864b90881fe53eb3fe33b263d2ed9fc1180f99e4f10	e86f580236dd655ae2ad7864b90881fe53eb3fe33b263d2ed9fc1180f99e4f10	89f21e06cf2aadeb9fdb246d417675c5533e8c3ae51f3402cc566c8e3923ff20	2	linked-historical-reference
0x0013a9a4	_Z11fx_umult_r4v	116	src/snes9x/native_fx_opcodes.cpp	local	2f899bd824f8e916794fbd60bbdf93fddf01b457dd096968cd5db4be77d9b962	2f899bd824f8e916794fbd60bbdf93fddf01b457dd096968cd5db4be77d9b962	2f899bd824f8e916794fbd60bbdf93fddf01b457dd096968cd5db4be77d9b962	6a16c1b61f130dfc9633f7fdf6606f871c95ff043cf856b3c1a5180bd51526ca	2	linked-historical-reference
0x0013aa18	_Z11fx_umult_r5v	116	src/snes9x/native_fx_opcodes.cpp	local	7f024018a3d9e66f0894e81bd393066adfc53f07121142b56bfe9ed07fc77883	7f024018a3d9e66f0894e81bd393066adfc53f07121142b56bfe9ed07fc77883	7f024018a3d9e66f0894e81bd393066adfc53f07121142b56bfe9ed07fc77883	c13ef3a6fec5829025913f729f8a99a8d4d29d3982926d0a2ed60887193f1ce1	2	linked-historical-reference
0x0013aa8c	_Z11fx_umult_r6v	116	src/snes9x/native_fx_opcodes.cpp	local	7712d80675e18fac64273e360d34aeffd720fe1ca5f90a27cbd9b96f554a881c	7712d80675e18fac64273e360d34aeffd720fe1ca5f90a27cbd9b96f554a881c	7712d80675e18fac64273e360d34aeffd720fe1ca5f90a27cbd9b96f554a881c	abea9484d62543131b6f4d80a9f6703fa942264294b274e722b518f8d19af4ca	2	linked-historical-reference
0x0013ab00	_Z11fx_umult_r7v	116	src/snes9x/native_fx_opcodes.cpp	local	45425cc0fcf4e9b644d374bab491d91a55cbe4c55138912da79965b82b874b47	45425cc0fcf4e9b644d374bab491d91a55cbe4c55138912da79965b82b874b47	45425cc0fcf4e9b644d374bab491d91a55cbe4c55138912da79965b82b874b47	e06679679775a070a8118a6fb430494af4b10d0a39e2a4e127e643df60b61517	2	linked-historical-reference
0x0013ab74	_Z11fx_umult_r8v	116	src/snes9x/native_fx_opcodes.cpp	local	ae7e7cd5a7c5385847ad8f999568b0686cad84e9b4919de15ec608591163ccee	ae7e7cd5a7c5385847ad8f999568b0686cad84e9b4919de15ec608591163ccee	ae7e7cd5a7c5385847ad8f999568b0686cad84e9b4919de15ec608591163ccee	ebfdd1cc95a14bf45e6f9154ed4ec3405474ee87978b6ca0cd758f2129239d79	2	linked-historical-reference
0x0013abe8	_Z11fx_umult_r9v	116	src/snes9x/native_fx_opcodes.cpp	local	63a07d8c3eaea8eb76f3259a7470ebede343efc3b12d4cbf603d67ab290c5bb5	63a07d8c3eaea8eb76f3259a7470ebede343efc3b12d4cbf603d67ab290c5bb5	63a07d8c3eaea8eb76f3259a7470ebede343efc3b12d4cbf603d67ab290c5bb5	e6ad850a7ca2c3d93b9093a66b1034e9ea1f2227f3160c755a8446c40242b261	2	linked-historical-reference
0x0013ac5c	_Z12fx_umult_r10v	116	src/snes9x/native_fx_opcodes.cpp	local	f2b1d068b4e819279cd70485513429556872a2206d1188294b49ec0331103135	f2b1d068b4e819279cd70485513429556872a2206d1188294b49ec0331103135	f2b1d068b4e819279cd70485513429556872a2206d1188294b49ec0331103135	383b17f4c1f3ef6ad96da7239502f6c75cf8561bc6ef88a98c1bdccb263c6fa0	2	linked-historical-reference
0x0013acd0	_Z12fx_umult_r11v	116	src/snes9x/native_fx_opcodes.cpp	local	9504ecc1a18ba2b50cf4bc18f47d793764bdb258cf155a13c889cedca4f18b8c	9504ecc1a18ba2b50cf4bc18f47d793764bdb258cf155a13c889cedca4f18b8c	9504ecc1a18ba2b50cf4bc18f47d793764bdb258cf155a13c889cedca4f18b8c	3d9e93bc13c5730d47f69e5af55c902dbaf7c2c1d2383705a5750794a2446223	2	linked-historical-reference
0x0013ad44	_Z12fx_umult_r12v	116	src/snes9x/native_fx_opcodes.cpp	local	564134f0b9fda713ad2de0266c80653bf66ad07730af47ef2df4d309877b60d6	564134f0b9fda713ad2de0266c80653bf66ad07730af47ef2df4d309877b60d6	564134f0b9fda713ad2de0266c80653bf66ad07730af47ef2df4d309877b60d6	1e90484462036e1d32620bbda787209a111617d0bef72faf32f3411a8f3a2c0d	2	linked-historical-reference
0x0013adb8	_Z12fx_umult_r13v	116	src/snes9x/native_fx_opcodes.cpp	local	fafdf66eb71b4234de1d9d111bde32b2274be892e11a32a1929ffe6720bad521	fafdf66eb71b4234de1d9d111bde32b2274be892e11a32a1929ffe6720bad521	fafdf66eb71b4234de1d9d111bde32b2274be892e11a32a1929ffe6720bad521	3fb7e3f6d8feb46ba2501e93cb3aa9abe5600be08d52180934424051bc64d5d4	2	linked-historical-reference
0x0013ae2c	_Z12fx_umult_r14v	116	src/snes9x/native_fx_opcodes.cpp	local	42b6a04bfcc71a3e3a2b0a84b24153a08178453dfa09de2d467df580de76ba99	42b6a04bfcc71a3e3a2b0a84b24153a08178453dfa09de2d467df580de76ba99	42b6a04bfcc71a3e3a2b0a84b24153a08178453dfa09de2d467df580de76ba99	f27ac53d6781480321dc8eea0f8b984047c1304ba50e8fbdf02429b1595e788f	2	linked-historical-reference
0x0013aea0	_Z12fx_umult_r15v	116	src/snes9x/native_fx_opcodes.cpp	local	95765e9936e0932f5eb150f9f9c486afe7aad1466d86dfa3997a0ed9425f9ac3	95765e9936e0932f5eb150f9f9c486afe7aad1466d86dfa3997a0ed9425f9ac3	95765e9936e0932f5eb150f9f9c486afe7aad1466d86dfa3997a0ed9425f9ac3	32b69771949686404e7af0f3c3886ed26aa2ac817a4460416676310385eb802b	2	linked-historical-reference
0x0013af14	_Z10fx_mult_i0v	100	src/snes9x/native_fx_opcodes.cpp	local	002283ffdf99bf4727c0f6e60b65a47483abc3fca4e4b396b3598bb762515da8	002283ffdf99bf4727c0f6e60b65a47483abc3fca4e4b396b3598bb762515da8	002283ffdf99bf4727c0f6e60b65a47483abc3fca4e4b396b3598bb762515da8	9258899ebd1a8f0c360c2238f43cb62cbb95e47686dd491d512d530a5f1aa84b	2	linked-historical-reference
0x0013af78	_Z10fx_mult_i1v	108	src/snes9x/native_fx_opcodes.cpp	local	41dfb18f555898920eed213bbc1d357d0a76d68540b6cca50966433522a001c4	41dfb18f555898920eed213bbc1d357d0a76d68540b6cca50966433522a001c4	41dfb18f555898920eed213bbc1d357d0a76d68540b6cca50966433522a001c4	411e1d239a6668f92e5d0cb2de3fa20345531347a40a962024aa88ac599a5466	2	linked-historical-reference
0x0013afe4	_Z10fx_mult_i2v	112	src/snes9x/native_fx_opcodes.cpp	local	ec7beba36ebda637058242778ff7dbef33577325a28ff9e48a8f3949f7a29ae1	ec7beba36ebda637058242778ff7dbef33577325a28ff9e48a8f3949f7a29ae1	ec7beba36ebda637058242778ff7dbef33577325a28ff9e48a8f3949f7a29ae1	b8092c55b4a0c9a57a9c6977dcf0865c96a3dcb5437311ce6413cc012cf1387b	2	linked-historical-reference
0x0013b054	_Z10fx_mult_i3v	116	src/snes9x/native_fx_opcodes.cpp	local	ce7a044a077435620ab3553efbe3db738f881b7e37b8b9dec87c9ba6183e46b8	ce7a044a077435620ab3553efbe3db738f881b7e37b8b9dec87c9ba6183e46b8	ce7a044a077435620ab3553efbe3db738f881b7e37b8b9dec87c9ba6183e46b8	b4656ad0f2cce1b7e9aead597c088ab5bc33272832fc6fcb729fd3a3fc91792f	2	linked-historical-reference
0x0013b0c8	_Z10fx_mult_i4v	112	src/snes9x/native_fx_opcodes.cpp	local	c7194c1301450854c33d8dde77277b3cf053c2086bb3b001c953b5dc8d45821d	c7194c1301450854c33d8dde77277b3cf053c2086bb3b001c953b5dc8d45821d	c7194c1301450854c33d8dde77277b3cf053c2086bb3b001c953b5dc8d45821d	7dfe08d7913350803d950946c9cd2408afb5f7e576da95eb9e81791f9af12430	2	linked-historical-reference
0x0013b138	_Z10fx_mult_i5v	116	src/snes9x/native_fx_opcodes.cpp	local	6870202261f87e2b3b2b2a9f6e3181a22d297ecb35be0d8d2a7720de00a38738	6870202261f87e2b3b2b2a9f6e3181a22d297ecb35be0d8d2a7720de00a38738	6870202261f87e2b3b2b2a9f6e3181a22d297ecb35be0d8d2a7720de00a38738	d4838bec84455f23e5a4968bd0e35a9b1a8a4a38e88a3da55bc505d00c8a45b1	2	linked-historical-reference
0x0013b1ac	_Z10fx_mult_i6v	116	src/snes9x/native_fx_opcodes.cpp	local	866716391faae076f546304841af24b9591e4a9722aed9de2bc2e65bcecba852	866716391faae076f546304841af24b9591e4a9722aed9de2bc2e65bcecba852	866716391faae076f546304841af24b9591e4a9722aed9de2bc2e65bcecba852	b3d189295870e8771eadf02b3530f7f60406dfc52043570a675826eee3b7976e	2	linked-historical-reference
0x0013b220	_Z10fx_mult_i7v	116	src/snes9x/native_fx_opcodes.cpp	local	58703aafaad7fd25dff1bd5c57d22729aea766930ed42cd9a3ab26325f17ab76	58703aafaad7fd25dff1bd5c57d22729aea766930ed42cd9a3ab26325f17ab76	58703aafaad7fd25dff1bd5c57d22729aea766930ed42cd9a3ab26325f17ab76	cc0ebdb8639dfbb391b560337e8905ddd7ad3bbae7da3155b4b0af632c18962e	2	linked-historical-reference
0x0013b294	_Z10fx_mult_i8v	112	src/snes9x/native_fx_opcodes.cpp	local	92a959fb2d5cfc1a1b77b9809d82c2a3ae82743a183370f1b64014cb65deab6e	92a959fb2d5cfc1a1b77b9809d82c2a3ae82743a183370f1b64014cb65deab6e	92a959fb2d5cfc1a1b77b9809d82c2a3ae82743a183370f1b64014cb65deab6e	68dae8bbc2434db33599440c53666e48bf2c24290495ba58f5539d3186bd0d35	2	linked-historical-reference
0x0013b304	_Z10fx_mult_i9v	116	src/snes9x/native_fx_opcodes.cpp	local	d17ae01c95d7cc25105f38e6a084d50f0a99cd35a54006843602913a32509481	d17ae01c95d7cc25105f38e6a084d50f0a99cd35a54006843602913a32509481	d17ae01c95d7cc25105f38e6a084d50f0a99cd35a54006843602913a32509481	7826e39a3fd0d0d6ab357a4e6c187f39285ff1d2e70cf54a0010dab22ba9c4f8	2	linked-historical-reference
0x0013b378	_Z11fx_mult_i10v	116	src/snes9x/native_fx_opcodes.cpp	local	bd7606a47c2d14564dac08967fd64bc1ce3cc3b61706fbeb98d51b28421c1166	bd7606a47c2d14564dac08967fd64bc1ce3cc3b61706fbeb98d51b28421c1166	bd7606a47c2d14564dac08967fd64bc1ce3cc3b61706fbeb98d51b28421c1166	996c2d846905274ebd6df40b9951c980486f2d2ab9a4fdf60c12a8f7da4569ab	2	linked-historical-reference
0x0013b3ec	_Z11fx_mult_i11v	116	src/snes9x/native_fx_opcodes.cpp	local	dd7d015f3e5a2fd68a6ba430f4b81906a47537d18b136eb835c88a1ed5dceefe	dd7d015f3e5a2fd68a6ba430f4b81906a47537d18b136eb835c88a1ed5dceefe	dd7d015f3e5a2fd68a6ba430f4b81906a47537d18b136eb835c88a1ed5dceefe	e6b30492e6075f141ef09ea0d898dcfe1ffbed21763445d1034f1b3f32376c7d	2	linked-historical-reference
0x0013b460	_Z11fx_mult_i12v	116	src/snes9x/native_fx_opcodes.cpp	local	036fa6231729f9995278b5312b52adef2c92ee13cc5e7cd1b478e4ebd40a1f71	036fa6231729f9995278b5312b52adef2c92ee13cc5e7cd1b478e4ebd40a1f71	036fa6231729f9995278b5312b52adef2c92ee13cc5e7cd1b478e4ebd40a1f71	71ef767509474171e80b817f88f1a25d58a2781b5a2daf86f001654ad2f2ccdc	2	linked-historical-reference
0x0013b4d4	_Z11fx_mult_i13v	116	src/snes9x/native_fx_opcodes.cpp	local	cd3af361ff7fb70e8622674491c50a96af7c99925b664467647db94f3fd8b4bf	cd3af361ff7fb70e8622674491c50a96af7c99925b664467647db94f3fd8b4bf	cd3af361ff7fb70e8622674491c50a96af7c99925b664467647db94f3fd8b4bf	e2584a7db0b3380e8410a6f34b0e483582b3ca0ebe48bb905e9075f38381ccb9	2	linked-historical-reference
0x0013b548	_Z11fx_mult_i14v	116	src/snes9x/native_fx_opcodes.cpp	local	d45d8e3aca4de497331ed878d944efb565318755e26363954be9b31d9e42d3dc	d45d8e3aca4de497331ed878d944efb565318755e26363954be9b31d9e42d3dc	d45d8e3aca4de497331ed878d944efb565318755e26363954be9b31d9e42d3dc	392b511e4819a70b27bb7ead5e0d11844f9fc39b876ad61221565218cfa7e337	2	linked-historical-reference
0x0013b5bc	_Z11fx_mult_i15v	116	src/snes9x/native_fx_opcodes.cpp	local	79901da919a38c3a4648a3925f6cf3d076124fe0da4f6be120d10a1e71e8f061	79901da919a38c3a4648a3925f6cf3d076124fe0da4f6be120d10a1e71e8f061	79901da919a38c3a4648a3925f6cf3d076124fe0da4f6be120d10a1e71e8f061	425d74e4221363af59d9c077ea54f3c26317425cfb05d7babc51a98ef0234920	2	linked-historical-reference
0x0013b630	_Z11fx_umult_i0v	100	src/snes9x/native_fx_opcodes.cpp	local	002283ffdf99bf4727c0f6e60b65a47483abc3fca4e4b396b3598bb762515da8	002283ffdf99bf4727c0f6e60b65a47483abc3fca4e4b396b3598bb762515da8	002283ffdf99bf4727c0f6e60b65a47483abc3fca4e4b396b3598bb762515da8	9258899ebd1a8f0c360c2238f43cb62cbb95e47686dd491d512d530a5f1aa84b	2	linked-historical-reference
0x0013b694	_Z11fx_umult_i1v	108	src/snes9x/native_fx_opcodes.cpp	local	1b139160e61e6235f5bd007ff9e42e49bfa89e2122d09e25b4416c456f6bcec6	1b139160e61e6235f5bd007ff9e42e49bfa89e2122d09e25b4416c456f6bcec6	1b139160e61e6235f5bd007ff9e42e49bfa89e2122d09e25b4416c456f6bcec6	ac3a96e695cfd520cf5965c635fd14d3b76ccc62e90003eaef614709352aac9b	2	linked-historical-reference
0x0013b700	_Z11fx_umult_i2v	112	src/snes9x/native_fx_opcodes.cpp	local	29efd4bc830b34e222dc8db77c53a80138a22a2ccfa2b7609d3817154c4d41ad	29efd4bc830b34e222dc8db77c53a80138a22a2ccfa2b7609d3817154c4d41ad	29efd4bc830b34e222dc8db77c53a80138a22a2ccfa2b7609d3817154c4d41ad	c462f2569d9b3d2ffefd8131adb5c6945fed73770be4d20994b9a60951c908bc	2	linked-historical-reference
0x0013b770	_Z11fx_umult_i3v	116	src/snes9x/native_fx_opcodes.cpp	local	b5bb91894c84fbd30f8a26ba510f1bb62097b5629019d9691f90de85af387f61	b5bb91894c84fbd30f8a26ba510f1bb62097b5629019d9691f90de85af387f61	b5bb91894c84fbd30f8a26ba510f1bb62097b5629019d9691f90de85af387f61	4e35b487ad81aa7dddd05a1d64e5a45f8796c180d2b948d8e16bb45dc93d59cc	2	linked-historical-reference
0x0013b7e4	_Z11fx_umult_i4v	112	src/snes9x/native_fx_opcodes.cpp	local	8d9b024776fc8aada027b0210518691c1961780cc561a43d3661ed3477898bf1	8d9b024776fc8aada027b0210518691c1961780cc561a43d3661ed3477898bf1	8d9b024776fc8aada027b0210518691c1961780cc561a43d3661ed3477898bf1	ba5e3df667d4b683eba89c34bc57cd52d9ca8cee2487e5733276c91540c74fb6	2	linked-historical-reference
0x0013b854	_Z11fx_umult_i5v	116	src/snes9x/native_fx_opcodes.cpp	local	f9bf9010e0b1270efe6c9493680847e76f4da1279c43f4d351eb2203ee465297	f9bf9010e0b1270efe6c9493680847e76f4da1279c43f4d351eb2203ee465297	f9bf9010e0b1270efe6c9493680847e76f4da1279c43f4d351eb2203ee465297	bf7a5e5dea7a46e2768e93abab1a71518f40210bde040d4fad17d4f3e7b92267	2	linked-historical-reference
0x0013b8c8	_Z11fx_umult_i6v	116	src/snes9x/native_fx_opcodes.cpp	local	8124eeb37cb275ce014040fb2426cdbeaec6a28752ec2b9d4686277d2aaeea8e	8124eeb37cb275ce014040fb2426cdbeaec6a28752ec2b9d4686277d2aaeea8e	8124eeb37cb275ce014040fb2426cdbeaec6a28752ec2b9d4686277d2aaeea8e	a05f38fddb2aa9b822cd832eb4ed93ba8be37e6066a84c1988cc5e6d433fb00f	2	linked-historical-reference
0x0013b93c	_Z11fx_umult_i7v	116	src/snes9x/native_fx_opcodes.cpp	local	8bfa482c05b574e02769a6c91dc7a292ef923e7191819f0d6e025431d7ed40a2	8bfa482c05b574e02769a6c91dc7a292ef923e7191819f0d6e025431d7ed40a2	8bfa482c05b574e02769a6c91dc7a292ef923e7191819f0d6e025431d7ed40a2	440788a667eee61837618d18dc68b86788e71e572873817bcffa5ab100233f3f	2	linked-historical-reference
0x0013b9b0	_Z11fx_umult_i8v	112	src/snes9x/native_fx_opcodes.cpp	local	812d202cc3a6858015ed980398b101f11ee76b774ad08e421b486a605859c1c3	812d202cc3a6858015ed980398b101f11ee76b774ad08e421b486a605859c1c3	812d202cc3a6858015ed980398b101f11ee76b774ad08e421b486a605859c1c3	e93148221ecfd9b3ee8a31b90d741e997b4c33c39f861b2ff5863a5ae69b02f9	2	linked-historical-reference
0x0013ba20	_Z11fx_umult_i9v	116	src/snes9x/native_fx_opcodes.cpp	local	5157ade4c79ffb3b8d3aca06001ec78dd385ac9b2c54ea7d94c600cb659542bc	5157ade4c79ffb3b8d3aca06001ec78dd385ac9b2c54ea7d94c600cb659542bc	5157ade4c79ffb3b8d3aca06001ec78dd385ac9b2c54ea7d94c600cb659542bc	6b1342566dc738183d638cd454a0243bde0f89870839d6f299afddf8f5a97d71	2	linked-historical-reference
0x0013ba94	_Z12fx_umult_i10v	116	src/snes9x/native_fx_opcodes.cpp	local	2e170ec6f9b704c753ec72d400fdb0b7fc8999f03f2af084d1e9a494effcba72	2e170ec6f9b704c753ec72d400fdb0b7fc8999f03f2af084d1e9a494effcba72	2e170ec6f9b704c753ec72d400fdb0b7fc8999f03f2af084d1e9a494effcba72	b5089610d0f65e5fccbbcaf366b0f1f995a19107824720d063dbf14355684bbb	2	linked-historical-reference
0x0013bb08	_Z12fx_umult_i11v	116	src/snes9x/native_fx_opcodes.cpp	local	70c050bdaa38dc9e058dc5dc37afa5042007179a6fd0fa27fe27be440a15ce84	70c050bdaa38dc9e058dc5dc37afa5042007179a6fd0fa27fe27be440a15ce84	70c050bdaa38dc9e058dc5dc37afa5042007179a6fd0fa27fe27be440a15ce84	0e9213586ac7c2a6206e6c44cba259007b578b2be20edb93a3d0ba2fddd53239	2	linked-historical-reference
0x0013bb7c	_Z12fx_umult_i12v	116	src/snes9x/native_fx_opcodes.cpp	local	e0c551dbe8ec9979f07e28906d1d68779ea213eafe05b65f5af083c207245020	e0c551dbe8ec9979f07e28906d1d68779ea213eafe05b65f5af083c207245020	e0c551dbe8ec9979f07e28906d1d68779ea213eafe05b65f5af083c207245020	db9f5d1929dd44ba030bc7f488571ab9d6bed832b8f924a1c1f2807cc4fd99f3	2	linked-historical-reference
0x0013bbf0	_Z12fx_umult_i13v	116	src/snes9x/native_fx_opcodes.cpp	local	2a28951f183b75911ee6aee7b70891ce0b0ce43a30655b9f630220bf2a53ef4e	2a28951f183b75911ee6aee7b70891ce0b0ce43a30655b9f630220bf2a53ef4e	2a28951f183b75911ee6aee7b70891ce0b0ce43a30655b9f630220bf2a53ef4e	509265044709855d1ec1ab28ce2fe89dc387f254697c11f75891c833fe5a4be4	2	linked-historical-reference
0x0013bc64	_Z12fx_umult_i14v	116	src/snes9x/native_fx_opcodes.cpp	local	6a5109ff5a57e0dcec6f381a0345e84ce95d3ec800853dbc0ddbad2683ab33d0	6a5109ff5a57e0dcec6f381a0345e84ce95d3ec800853dbc0ddbad2683ab33d0	6a5109ff5a57e0dcec6f381a0345e84ce95d3ec800853dbc0ddbad2683ab33d0	d8095b0505a81c49f33890ef77d2be5729ff2dfc6862c892774ecbefb716d83d	2	linked-historical-reference
0x0013bcd8	_Z12fx_umult_i15v	116	src/snes9x/native_fx_opcodes.cpp	local	0f6c4edb8323d7f89837e56f55014d94a96ed6695ea8f7194b9a9714d43678a4	0f6c4edb8323d7f89837e56f55014d94a96ed6695ea8f7194b9a9714d43678a4	0f6c4edb8323d7f89837e56f55014d94a96ed6695ea8f7194b9a9714d43678a4	4a264623fc4d76bb268c863ce006a6d3d4ce9656472e1b93d9a18035c7d1bf2b	2	linked-historical-reference
0x0013bd4c	_Z6fx_sbkv	104	src/snes9x/native_fx_opcodes.cpp	local	abad05b348a96932c54fa4dc0f36ca244de1f4cd248b7529d5186afbb61f54d1	abad05b348a96932c54fa4dc0f36ca244de1f4cd248b7529d5186afbb61f54d1	abad05b348a96932c54fa4dc0f36ca244de1f4cd248b7529d5186afbb61f54d1	1911cde82e1d645d755062d83e4c468f441349eda61ca3203fbc3e6bb0ae8d76	2	linked-historical-reference
0x0013bdb4	_Z10fx_link_i1v	52	src/snes9x/native_fx_opcodes.cpp	local	32b44a6dc51833c5aec280e409a21c67d3458038281278ad5d6942641cbc116e	32b44a6dc51833c5aec280e409a21c67d3458038281278ad5d6942641cbc116e	32b44a6dc51833c5aec280e409a21c67d3458038281278ad5d6942641cbc116e	a286ee5d3406dabfdc55de694766465ad9f43e1561e3691a182135ee7899cfe5	2	linked-historical-reference
0x0013bde8	_Z10fx_link_i2v	56	src/snes9x/native_fx_opcodes.cpp	local	e95091e91712da8349e964ec6ce00ec25fdd620a4d1f0eba707958e9db64c37c	e95091e91712da8349e964ec6ce00ec25fdd620a4d1f0eba707958e9db64c37c	e95091e91712da8349e964ec6ce00ec25fdd620a4d1f0eba707958e9db64c37c	6f8a3708d9c2ea1c5781d32e0c1cc598465670e679fc41fca767a547230c147c	2	linked-historical-reference
0x0013be20	_Z10fx_link_i3v	56	src/snes9x/native_fx_opcodes.cpp	local	79e4398834b8f4177d231cbba8838a8766501f20d4ca2e203c12b966e40f38f0	79e4398834b8f4177d231cbba8838a8766501f20d4ca2e203c12b966e40f38f0	79e4398834b8f4177d231cbba8838a8766501f20d4ca2e203c12b966e40f38f0	3920b7c1f67d11031ca3f2a0b190f969256ead43380e10df0bf7ca132aeeb92f	2	linked-historical-reference
0x0013be58	_Z10fx_link_i4v	56	src/snes9x/native_fx_opcodes.cpp	local	088face456e5c6455d4d81092d989178980d15dc4664f86dccaa171452eb53f9	088face456e5c6455d4d81092d989178980d15dc4664f86dccaa171452eb53f9	088face456e5c6455d4d81092d989178980d15dc4664f86dccaa171452eb53f9	6c97bda192f9a80b87f8fed3dc8234a0cc1bcc13e75e4a3000f48a616d9fa9cc	2	linked-historical-reference
0x0013be90	_Z6fx_sexv	108	src/snes9x/native_fx_opcodes.cpp	local	41dfb18f555898920eed213bbc1d357d0a76d68540b6cca50966433522a001c4	41dfb18f555898920eed213bbc1d357d0a76d68540b6cca50966433522a001c4	41dfb18f555898920eed213bbc1d357d0a76d68540b6cca50966433522a001c4	411e1d239a6668f92e5d0cb2de3fa20345531347a40a962024aa88ac599a5466	2	linked-historical-reference
0x0013befc	_Z6fx_asrv	128	src/snes9x/native_fx_opcodes.cpp	local	b5df43b3784b95728cab378d2c7430cab2d10e32bbd5999ca796ebd234da63b5	b5df43b3784b95728cab378d2c7430cab2d10e32bbd5999ca796ebd234da63b5	b5df43b3784b95728cab378d2c7430cab2d10e32bbd5999ca796ebd234da63b5	ce0139e3bd0839ea944f7cdb72d892222904de03b4f1f93ee9bcfe24d8bde713	2	linked-historical-reference
0x0013bf7c	_Z7fx_div2v	136	src/snes9x/native_fx_opcodes.cpp	local	96ada066e6f4a5c5d55733d58006091cbf7fd9c45df3c311a672bc8807f09f0d	96ada066e6f4a5c5d55733d58006091cbf7fd9c45df3c311a672bc8807f09f0d	96ada066e6f4a5c5d55733d58006091cbf7fd9c45df3c311a672bc8807f09f0d	b83659cc04429a09babc59aa2097b5bee9f1158e467baad7cdd7361bf2a649c8	2	linked-historical-reference
0x0013c004	_Z6fx_rorv	136	src/snes9x/native_fx_opcodes.cpp	local	deb0d8021ccb418c54947b448579a4fc73cc8297f9a6c582a5772e13fd37fa11	deb0d8021ccb418c54947b448579a4fc73cc8297f9a6c582a5772e13fd37fa11	deb0d8021ccb418c54947b448579a4fc73cc8297f9a6c582a5772e13fd37fa11	ffe7b45ad84a6edbcdb84eef08902f5dec60b7e370f3bb44c5b60392ebe972e7	2	linked-historical-reference
0x0013c08c	_Z9fx_jmp_r8v	44	src/snes9x/native_fx_opcodes.cpp	local	98749ff81fed3e18a3a409e8b8e3e2d550f82b7e21fba0337f3f8b6685d2b722	98749ff81fed3e18a3a409e8b8e3e2d550f82b7e21fba0337f3f8b6685d2b722	98749ff81fed3e18a3a409e8b8e3e2d550f82b7e21fba0337f3f8b6685d2b722	5df64537ea307bfc2c81b1d7894665f0768a321e7363d9f2c953e6d5d8cf770d	2	linked-historical-reference
0x0013c0b8	_Z9fx_jmp_r9v	44	src/snes9x/native_fx_opcodes.cpp	local	38f7e074c6fba1c7b99521331705d11d6988b102dc884157c0eb9ab5c0f3d307	38f7e074c6fba1c7b99521331705d11d6988b102dc884157c0eb9ab5c0f3d307	38f7e074c6fba1c7b99521331705d11d6988b102dc884157c0eb9ab5c0f3d307	82efae1785894fa2b7cb9bbc7e014b3e51a6a200ad59490e38915f4411224bc3	2	linked-historical-reference
0x0013c0e4	_Z10fx_jmp_r10v	44	src/snes9x/native_fx_opcodes.cpp	local	68bf103a0dbc5727693770d4263ce5f2ce72efdb3fd4f48ecc9b2dec025b604a	68bf103a0dbc5727693770d4263ce5f2ce72efdb3fd4f48ecc9b2dec025b604a	68bf103a0dbc5727693770d4263ce5f2ce72efdb3fd4f48ecc9b2dec025b604a	aec780e483863bf8e87396389c9417e0738cecdc577eb66bb8ddbf93ed45d851	2	linked-historical-reference
0x0013c110	_Z10fx_jmp_r11v	44	src/snes9x/native_fx_opcodes.cpp	local	c1938c6781805a3253cb334ae03018b281b93085deda10f49de9ebbad74be932	c1938c6781805a3253cb334ae03018b281b93085deda10f49de9ebbad74be932	c1938c6781805a3253cb334ae03018b281b93085deda10f49de9ebbad74be932	466b7e1a5fe858d27ddbd03480640f107c5a557f84fc9ecdf2d993ac26a08720	2	linked-historical-reference
0x0013c13c	_Z10fx_jmp_r12v	44	src/snes9x/native_fx_opcodes.cpp	local	ce75651f3ce1f597a860484d9b484e28087ebdbc625bd98d9ac9355b0d30ea32	ce75651f3ce1f597a860484d9b484e28087ebdbc625bd98d9ac9355b0d30ea32	ce75651f3ce1f597a860484d9b484e28087ebdbc625bd98d9ac9355b0d30ea32	e9f798993b89c327575c6d16ed9df339272a0691fd9f0fb86b9d1c83bb549b75	2	linked-historical-reference
0x0013c168	_Z10fx_jmp_r13v	44	src/snes9x/native_fx_opcodes.cpp	local	08a0437d4bb0fa6b0ce2ab877848f1d5b91b22767a9890d5a3c8812fbfd13fe8	08a0437d4bb0fa6b0ce2ab877848f1d5b91b22767a9890d5a3c8812fbfd13fe8	08a0437d4bb0fa6b0ce2ab877848f1d5b91b22767a9890d5a3c8812fbfd13fe8	5685d5b6972a5afeeeebba43cfbaab9c4b7bce6af4c98e72aafff5c103f9ba1c	2	linked-historical-reference
0x0013c194	_Z10fx_ljmp_r8v	96	src/snes9x/native_fx_opcodes.cpp	local	49438fa2d595697850c03c0c8e7ac50cb550965b707261030b02d1e6acd09dcb	068db66d18e774615661534b834adcacf12f10732e919a985ab397b39896750a	068db66d18e774615661534b834adcacf12f10732e919a985ab397b39896750a	0f3ff0071de96fc7769553db854ec567ffe128be50887458d961475fb0e9298e	3	linked-historical-reference
0x0013c1f4	_Z10fx_ljmp_r9v	96	src/snes9x/native_fx_opcodes.cpp	local	981f1feea81dafb05d5bda81fe206c1a76bba6bfd9abe88dc7ed36cede976cfa	34253755bf941f2f2270cd0a1459edbadb214e45d7ecbc8a316a690cfd30e08a	34253755bf941f2f2270cd0a1459edbadb214e45d7ecbc8a316a690cfd30e08a	a2ab07d80a558dda95ffadb7da36ab7f3fe313cbbef0fbdb1c826097d01e2827	3	linked-historical-reference
0x0013c254	_Z11fx_ljmp_r10v	96	src/snes9x/native_fx_opcodes.cpp	local	4ea708d18ca7f8e56a9f7ffc42fc6269b6a2d6ea71b2b7b50953876c3ce148ac	eeb6902bd3140ef9ece66d64cdde4b5b11327426bdec008b898b3e0aa2573e00	eeb6902bd3140ef9ece66d64cdde4b5b11327426bdec008b898b3e0aa2573e00	33ba98fd01cd087ef5b9f1637e0e5e18522e0cccac7fb1717772d6c18114c9ea	3	linked-historical-reference
0x0013c2b4	_Z11fx_ljmp_r11v	96	src/snes9x/native_fx_opcodes.cpp	local	bdd0ae2400ef0d721b5751028b7f24e2121915dee48e34edeca281f976f4fca0	007232802b7f4f58f05d6f90c9849358224c779e7fc3878cda6167f12a6b62dd	007232802b7f4f58f05d6f90c9849358224c779e7fc3878cda6167f12a6b62dd	f0d049ef328fd876ba59cf92b4540e816615222f2d556fa59484524f2718f058	3	linked-historical-reference
0x0013c314	_Z11fx_ljmp_r12v	96	src/snes9x/native_fx_opcodes.cpp	local	0948bfa368b4b2e0cc41de65436bc7b7992ae885f4e2c257a470a5480842e495	4ac2ec13085289fb3794336393aabce4b0bab0ebe9803978c1643f6e4def1e0c	4ac2ec13085289fb3794336393aabce4b0bab0ebe9803978c1643f6e4def1e0c	528f2d831c15274c821e3e6b41977fc856da3d0ff9ef4e6f85e230b7578058eb	3	linked-historical-reference
0x0013c374	_Z11fx_ljmp_r13v	96	src/snes9x/native_fx_opcodes.cpp	local	d4911c26c9f6a90da16fb9d094ca959f70e60030e8d3c7444bd7f881f47731fa	da899c336de24af1d76e7c9a1ab31fd8319c6eba01c0d227ed20467f2b6a4ab5	da899c336de24af1d76e7c9a1ab31fd8319c6eba01c0d227ed20467f2b6a4ab5	eb327407ac69c0adcd82300d2691ac28ae9ceba8ff652ea10a39481039ee04af	3	linked-historical-reference
0x0013c3d4	_Z6fx_lobv	112	src/snes9x/native_fx_opcodes.cpp	local	849d4e80f958640a62f5fc2f9dbe0fb93e74c5de7dc454610a65806dfd69e9b1	849d4e80f958640a62f5fc2f9dbe0fb93e74c5de7dc454610a65806dfd69e9b1	849d4e80f958640a62f5fc2f9dbe0fb93e74c5de7dc454610a65806dfd69e9b1	12044e26a09007f4e2b8ccfdd5b64c8b6bbd6fdcf61a10e094709d2c8662a0ec	2	linked-historical-reference
0x0013c444	_Z8fx_fmultv	132	src/snes9x/native_fx_opcodes.cpp	local	2ba0d4325a8833a2377106ec31d8d94e39b3f284de51e38581cc5cec1953c3a5	2ba0d4325a8833a2377106ec31d8d94e39b3f284de51e38581cc5cec1953c3a5	2ba0d4325a8833a2377106ec31d8d94e39b3f284de51e38581cc5cec1953c3a5	a8b850ba221b54315cabc0c5be43efca9a0516e82943d4ff0d358accf0021034	2	linked-historical-reference
0x0013c4c8	_Z8fx_lmultv	140	src/snes9x/native_fx_opcodes.cpp	local	dff88cc49de222eea1f93a8697bb5e344b70ab02b23d656e0a0b014346f9ec47	dff88cc49de222eea1f93a8697bb5e344b70ab02b23d656e0a0b014346f9ec47	dff88cc49de222eea1f93a8697bb5e344b70ab02b23d656e0a0b014346f9ec47	9860de482e094052c92f1c0ab93b3de3006fa281a508a7a7a43febdf9c378e2c	2	linked-historical-reference
0x0013c554	_Z9fx_ibt_r0v	92	src/snes9x/native_fx_opcodes.cpp	local	7876b9056df8f8b4f679aa33d7ea42b69e1fe67bcff7da1e6532a77a0a3da371	7876b9056df8f8b4f679aa33d7ea42b69e1fe67bcff7da1e6532a77a0a3da371	7876b9056df8f8b4f679aa33d7ea42b69e1fe67bcff7da1e6532a77a0a3da371	24c5ae3950e9e92b6cdf16eaf3f1e662eb83fd8de7350643c999010a64902c73	3	linked-historical-reference
0x0013c5b0	_Z9fx_ibt_r1v	92	src/snes9x/native_fx_opcodes.cpp	local	67f350dbee2a3565770d0fa980483f24ade4d599c9aa72a19862e4eb9fc2d957	67f350dbee2a3565770d0fa980483f24ade4d599c9aa72a19862e4eb9fc2d957	67f350dbee2a3565770d0fa980483f24ade4d599c9aa72a19862e4eb9fc2d957	2096644fa96cf2482cd766500f0d0bee87507f0428f13cd7e056bb2553f374f1	2	linked-historical-reference
0x0013c60c	_Z9fx_ibt_r2v	92	src/snes9x/native_fx_opcodes.cpp	local	9317996012271bf9a6e41e95ef389463ec52a21dc772362feb01030ab587439c	9317996012271bf9a6e41e95ef389463ec52a21dc772362feb01030ab587439c	9317996012271bf9a6e41e95ef389463ec52a21dc772362feb01030ab587439c	1c9d860844a0fd2e8dc3f492eae6b6cf178a6204c0eb933477ba74acef4d94ca	2	linked-historical-reference
0x0013c668	_Z9fx_ibt_r3v	92	src/snes9x/native_fx_opcodes.cpp	local	dd40a0f0e774fc3d615c2bd73af38a6a2141d6c80409e02b7feeb8e7420d299d	dd40a0f0e774fc3d615c2bd73af38a6a2141d6c80409e02b7feeb8e7420d299d	dd40a0f0e774fc3d615c2bd73af38a6a2141d6c80409e02b7feeb8e7420d299d	c5ad56f6e84fec7ba6dc6edc9a5acaf65cce8c03bb8d1580d3f88383089d00cc	2	linked-historical-reference
0x0013c6c4	_Z9fx_ibt_r4v	92	src/snes9x/native_fx_opcodes.cpp	local	fd0fe01c3fc9af167942f6cc405f57e41c517ffbabe1e1f64edf6593fdb3bfda	fd0fe01c3fc9af167942f6cc405f57e41c517ffbabe1e1f64edf6593fdb3bfda	fd0fe01c3fc9af167942f6cc405f57e41c517ffbabe1e1f64edf6593fdb3bfda	eba90af42cb25acf56c93e111a07e3be636471b440624c5495671d3e8fc169ce	2	linked-historical-reference
0x0013c720	_Z9fx_ibt_r5v	92	src/snes9x/native_fx_opcodes.cpp	local	7998e2027127cb765719d35def5de9004d7144180f2e59ceb8bb1ff36901b15b	7998e2027127cb765719d35def5de9004d7144180f2e59ceb8bb1ff36901b15b	7998e2027127cb765719d35def5de9004d7144180f2e59ceb8bb1ff36901b15b	c5206ae0c16e83d98206ec9dfe32344606ad86148096eb97885052f12828110f	2	linked-historical-reference
0x0013c77c	_Z9fx_ibt_r6v	92	src/snes9x/native_fx_opcodes.cpp	local	5116b2f72d47c40c56533a94c081e9d6d150b1926fcfd84ae20ce9d96d8f55cb	5116b2f72d47c40c56533a94c081e9d6d150b1926fcfd84ae20ce9d96d8f55cb	5116b2f72d47c40c56533a94c081e9d6d150b1926fcfd84ae20ce9d96d8f55cb	25e3a811bdf7d52df4e81f0a4f414f1f40c3d51ae8918fb53ba6eda4b3af54dd	2	linked-historical-reference
0x0013c7d8	_Z9fx_ibt_r7v	92	src/snes9x/native_fx_opcodes.cpp	local	2d02babe7000450f1baa64777ac3d6e0e6fd84aacf5cc35ccd8e50073421629e	2d02babe7000450f1baa64777ac3d6e0e6fd84aacf5cc35ccd8e50073421629e	2d02babe7000450f1baa64777ac3d6e0e6fd84aacf5cc35ccd8e50073421629e	97755bedf8013db6a520e0f632a246b34c91048665f32f7ceb9e6cffef1f4a3a	2	linked-historical-reference
0x0013c834	_Z9fx_ibt_r8v	92	src/snes9x/native_fx_opcodes.cpp	local	39267b3689e78e82a31251e0c31dbf42491b288ee76e72e35e95297e28c508a0	39267b3689e78e82a31251e0c31dbf42491b288ee76e72e35e95297e28c508a0	39267b3689e78e82a31251e0c31dbf42491b288ee76e72e35e95297e28c508a0	7130da9a8ae8f5a900fa29cb325940604b4f0599e06fb79890f419fdb736e210	2	linked-historical-reference
0x0013c890	_Z9fx_ibt_r9v	92	src/snes9x/native_fx_opcodes.cpp	local	30edfa6f040579f6f9ba9a53bd4b1a041add7505e5be0799e0270b7b6636e203	30edfa6f040579f6f9ba9a53bd4b1a041add7505e5be0799e0270b7b6636e203	30edfa6f040579f6f9ba9a53bd4b1a041add7505e5be0799e0270b7b6636e203	8df532a55f6fbad4350c2524050f68fb6dd381e4883e97bf360cd7e3839068a3	2	linked-historical-reference
0x0013c8ec	_Z10fx_ibt_r10v	92	src/snes9x/native_fx_opcodes.cpp	local	9539502801d07fc2a031a0a56f77b9d20b9cac48b289122b27a43b485a3691e3	9539502801d07fc2a031a0a56f77b9d20b9cac48b289122b27a43b485a3691e3	9539502801d07fc2a031a0a56f77b9d20b9cac48b289122b27a43b485a3691e3	0e04ba5977871757d16c4dd1708dcc473419d544dd1384fe2b61fd8a2ef7b3de	2	linked-historical-reference
0x0013c948	_Z10fx_ibt_r11v	92	src/snes9x/native_fx_opcodes.cpp	local	0d0351694b10d0cb6af589c29c738f8782ee1022e3379fbc522f7b2d7442f2a4	0d0351694b10d0cb6af589c29c738f8782ee1022e3379fbc522f7b2d7442f2a4	0d0351694b10d0cb6af589c29c738f8782ee1022e3379fbc522f7b2d7442f2a4	49e66d7219bb82065f313e58010f368430ad6f067939f4fbc23f03cdac69b5af	2	linked-historical-reference
0x0013c9a4	_Z10fx_ibt_r12v	92	src/snes9x/native_fx_opcodes.cpp	local	8b963251e4538d84578f40cdbda706a9dff4ea5c5d402f4fbb3be15094806f49	8b963251e4538d84578f40cdbda706a9dff4ea5c5d402f4fbb3be15094806f49	8b963251e4538d84578f40cdbda706a9dff4ea5c5d402f4fbb3be15094806f49	955abf98ca6a1d57ec94deec4e845ac94e265ba1fa69b1d71242101c2e4e4123	2	linked-historical-reference
0x0013ca00	_Z10fx_ibt_r13v	92	src/snes9x/native_fx_opcodes.cpp	local	7aa3ef9f37d0d169d24af3897519a3d7c53c8c37cccbd30c81da675529cc5a28	7aa3ef9f37d0d169d24af3897519a3d7c53c8c37cccbd30c81da675529cc5a28	7aa3ef9f37d0d169d24af3897519a3d7c53c8c37cccbd30c81da675529cc5a28	fff394481081a9a8e10707e34da3b7c35adf0792692cd289f1511bf89af76242	2	linked-historical-reference
0x0013ca5c	_Z10fx_ibt_r14v	112	src/snes9x/native_fx_opcodes.cpp	local	7b43503f82fbb77ca2b2c6d1a937126215ec3f86bdbb99ea7e45f1e22830041a	7b43503f82fbb77ca2b2c6d1a937126215ec3f86bdbb99ea7e45f1e22830041a	7b43503f82fbb77ca2b2c6d1a937126215ec3f86bdbb99ea7e45f1e22830041a	9eb53eaeba245e6741a991271cb0b46e48a4c4e9bfdf17a54c6f09fd39f6c300	2	linked-historical-reference
0x0013cacc	_Z10fx_ibt_r15v	84	src/snes9x/native_fx_opcodes.cpp	local	b434905b69332046a30be53fb28b58560c73e3ae148aa50fe2dae611fda1c489	b434905b69332046a30be53fb28b58560c73e3ae148aa50fe2dae611fda1c489	b434905b69332046a30be53fb28b58560c73e3ae148aa50fe2dae611fda1c489	b6783a7252775eea99c7146a7c6182c2a8605c14a2a351b54953bf58ba2c4f63	2	linked-historical-reference
0x0013cb20	_Z9fx_lms_r0v	136	src/snes9x/native_fx_opcodes.cpp	local	30df649b3e87955d79b4f67000419b9b8e65b679de8fd516134a70195f3ec880	30df649b3e87955d79b4f67000419b9b8e65b679de8fd516134a70195f3ec880	30df649b3e87955d79b4f67000419b9b8e65b679de8fd516134a70195f3ec880	e0df3fc85b2b6f2728e2aa6a1633004570e7f7be5a43c71b55968f5c431e0d2e	4	linked-historical-reference
0x0013cba8	_Z9fx_lms_r1v	136	src/snes9x/native_fx_opcodes.cpp	local	c01b6a39929f71d41ca33081e179eefc6f55bbac1c5f4241a2095effc47f0218	c01b6a39929f71d41ca33081e179eefc6f55bbac1c5f4241a2095effc47f0218	c01b6a39929f71d41ca33081e179eefc6f55bbac1c5f4241a2095effc47f0218	6421a921ba7ced69bb1050861d98778941f0a30a111a0e429ceecb48c721dabd	2	linked-historical-reference
0x0013cc30	_Z9fx_lms_r2v	136	src/snes9x/native_fx_opcodes.cpp	local	05118346b273ca8ed6850f6c13a6dc04f1696e2742c870db5da9cc5b2f2326b2	05118346b273ca8ed6850f6c13a6dc04f1696e2742c870db5da9cc5b2f2326b2	05118346b273ca8ed6850f6c13a6dc04f1696e2742c870db5da9cc5b2f2326b2	f040167b955174f57422909aee59a2fbc3ef02e99fcb6b9c5ea4bc46c7ddef30	2	linked-historical-reference
0x0013ccb8	_Z9fx_lms_r3v	136	src/snes9x/native_fx_opcodes.cpp	local	f4aa887c70dac7b0f9e5a4c41f491616389cf5a1cd44031914ded493eed7d922	f4aa887c70dac7b0f9e5a4c41f491616389cf5a1cd44031914ded493eed7d922	f4aa887c70dac7b0f9e5a4c41f491616389cf5a1cd44031914ded493eed7d922	7c2a874bb84b70de6effc9b456a05e11eeabd052ebfa1e92d069cf61c74f0967	2	linked-historical-reference
0x0013cd40	_Z9fx_lms_r4v	136	src/snes9x/native_fx_opcodes.cpp	local	751a50c26b7e8fff8303524654749df2ce4e95e796dbd81d7b30f74c2a91eb60	751a50c26b7e8fff8303524654749df2ce4e95e796dbd81d7b30f74c2a91eb60	751a50c26b7e8fff8303524654749df2ce4e95e796dbd81d7b30f74c2a91eb60	d12fe02d51bbcef6e42c9a0795e31736bd2893224e4f53241f31cd257a80512a	2	linked-historical-reference
0x0013cdc8	_Z9fx_lms_r5v	136	src/snes9x/native_fx_opcodes.cpp	local	a8a903f8a56d7e4d094e58f376d55029e7fd64d9679201a8447802b18816a72f	a8a903f8a56d7e4d094e58f376d55029e7fd64d9679201a8447802b18816a72f	a8a903f8a56d7e4d094e58f376d55029e7fd64d9679201a8447802b18816a72f	b479ea4cc3a83ca0de7e76fa5a2a86f461992ac640d60ae1b58777a1e51d2a08	2	linked-historical-reference
0x0013ce50	_Z9fx_lms_r6v	136	src/snes9x/native_fx_opcodes.cpp	local	86e4df9e033f50bf9ee1e44200a93df505b481c9ef55a6e3bff3ea4e43aca2c6	86e4df9e033f50bf9ee1e44200a93df505b481c9ef55a6e3bff3ea4e43aca2c6	86e4df9e033f50bf9ee1e44200a93df505b481c9ef55a6e3bff3ea4e43aca2c6	1b373a23abf23744031e12ae72180d4376d9121b4a2be4d0387d0bae3c7e0d30	2	linked-historical-reference
0x0013ced8	_Z9fx_lms_r7v	136	src/snes9x/native_fx_opcodes.cpp	local	4329fb414f00ad76fa78bafee5e877e2222a6bcf108b2d3a359ccec431c2ca86	4329fb414f00ad76fa78bafee5e877e2222a6bcf108b2d3a359ccec431c2ca86	4329fb414f00ad76fa78bafee5e877e2222a6bcf108b2d3a359ccec431c2ca86	11734c3fbe0631d156df3458e060f0864c3e9b83c90751f4e8129a8ddcb27cf7	2	linked-historical-reference
0x0013cf60	_Z9fx_lms_r8v	136	src/snes9x/native_fx_opcodes.cpp	local	2090bb56d0035ded3f26bba612fd29dddf812509e1fa49c84867adbfbf08cd6d	2090bb56d0035ded3f26bba612fd29dddf812509e1fa49c84867adbfbf08cd6d	2090bb56d0035ded3f26bba612fd29dddf812509e1fa49c84867adbfbf08cd6d	e463f443a7359e9a2c4b50e62a7520fd7cf5e3733f94f3a35194daa49617852b	2	linked-historical-reference
0x0013cfe8	_Z9fx_lms_r9v	136	src/snes9x/native_fx_opcodes.cpp	local	226a419895afda339f8c03d987600ebc24ca508510f681230e02523a3bb327fd	226a419895afda339f8c03d987600ebc24ca508510f681230e02523a3bb327fd	226a419895afda339f8c03d987600ebc24ca508510f681230e02523a3bb327fd	59aa84ba7da27e4f7e6d5045a5af49960ee9f9d07ba3c175b19800b8a7bf3259	2	linked-historical-reference
0x0013d070	_Z10fx_lms_r10v	136	src/snes9x/native_fx_opcodes.cpp	local	6c156853e4a7a1fa95f3147e608bdcb135712159e639dc0d0ae0ea869ded1a62	6c156853e4a7a1fa95f3147e608bdcb135712159e639dc0d0ae0ea869ded1a62	6c156853e4a7a1fa95f3147e608bdcb135712159e639dc0d0ae0ea869ded1a62	c2597beeae3b07577e7ea497c13d7f604cbd6ea732222057d48adbdca3473c87	2	linked-historical-reference
0x0013d0f8	_Z10fx_lms_r11v	136	src/snes9x/native_fx_opcodes.cpp	local	9bf88aaf0e9132da8269358cd63f5b86f9051c051280f0bafc8d2056c1e28957	9bf88aaf0e9132da8269358cd63f5b86f9051c051280f0bafc8d2056c1e28957	9bf88aaf0e9132da8269358cd63f5b86f9051c051280f0bafc8d2056c1e28957	2375d7cbe913007d19e996348969071ec733e16d6ebcb3ed13881b78232589c9	2	linked-historical-reference
0x0013d180	_Z10fx_lms_r12v	136	src/snes9x/native_fx_opcodes.cpp	local	77f2d09fc31e61c9e220762e7fd1be97f82e81be5a95946ea37e8ec56bc2185f	77f2d09fc31e61c9e220762e7fd1be97f82e81be5a95946ea37e8ec56bc2185f	77f2d09fc31e61c9e220762e7fd1be97f82e81be5a95946ea37e8ec56bc2185f	e7c23f10795a2d45331113e25adab35d5c5aa856cb1bff1e5545b489c4cb8c3d	2	linked-historical-reference
0x0013d208	_Z10fx_lms_r13v	136	src/snes9x/native_fx_opcodes.cpp	local	cc483aadccc9fc52311961dcf00d2e74784e92f39e8780b1c70beeabf2adeb7d	cc483aadccc9fc52311961dcf00d2e74784e92f39e8780b1c70beeabf2adeb7d	cc483aadccc9fc52311961dcf00d2e74784e92f39e8780b1c70beeabf2adeb7d	e92db96b2511fd8030f24db6edc14390659cef0d27941e4afc89bd493d0e35a6	2	linked-historical-reference
0x0013d290	_Z10fx_lms_r14v	156	src/snes9x/native_fx_opcodes.cpp	local	4b708460eb8e4381ca58b23f2eed83c94923bc9fcf2b30065f5c00b1b1aebf28	4b708460eb8e4381ca58b23f2eed83c94923bc9fcf2b30065f5c00b1b1aebf28	4b708460eb8e4381ca58b23f2eed83c94923bc9fcf2b30065f5c00b1b1aebf28	919cb64fb4794dccaa6e93ebbdc0690b03102a00d30cbf501205ce51d7f0acc2	2	linked-historical-reference
0x0013d32c	_Z10fx_lms_r15v	136	src/snes9x/native_fx_opcodes.cpp	local	5f1abadaebfd0097f8057c2169769cbe68a1b33502cf004a22c51717c2ac415d	5f1abadaebfd0097f8057c2169769cbe68a1b33502cf004a22c51717c2ac415d	5f1abadaebfd0097f8057c2169769cbe68a1b33502cf004a22c51717c2ac415d	24171ae261cc26dc12d5dcd4809183361b31cc95bb714ba6a0eb72b7e428aac3	2	linked-historical-reference
0x0013d3b4	_Z9fx_sms_r0v	140	src/snes9x/native_fx_opcodes.cpp	local	af4feeb050e90b4d171198c5d1f7a771a0295320fba300f519bd6eb357f7ad5c	af4feeb050e90b4d171198c5d1f7a771a0295320fba300f519bd6eb357f7ad5c	af4feeb050e90b4d171198c5d1f7a771a0295320fba300f519bd6eb357f7ad5c	901013a374e3df23182cd64df70ba30f35b5c0efa7c74cced696f17a66c77696	3	linked-historical-reference
0x0013d440	_Z9fx_sms_r1v	140	src/snes9x/native_fx_opcodes.cpp	local	ac2848b984df85860254a28b0a4a35ced1936cbb8908f6dcf8f3c37c60f07852	ac2848b984df85860254a28b0a4a35ced1936cbb8908f6dcf8f3c37c60f07852	ac2848b984df85860254a28b0a4a35ced1936cbb8908f6dcf8f3c37c60f07852	00a6f8507a687db2e0506829a16e9dab627b21a0c12b365cf99ff60888b289aa	2	linked-historical-reference
0x0013d4cc	_Z9fx_sms_r2v	140	src/snes9x/native_fx_opcodes.cpp	local	857078f911a64eab691568cad7cc0a3414d2fe7799aec2801f86e1d151913f5c	857078f911a64eab691568cad7cc0a3414d2fe7799aec2801f86e1d151913f5c	857078f911a64eab691568cad7cc0a3414d2fe7799aec2801f86e1d151913f5c	1983f88e4b43e18ca6c0244601faded764f61a1aea94dc19454aa1ada40d6245	2	linked-historical-reference
0x0013d558	_Z9fx_sms_r3v	140	src/snes9x/native_fx_opcodes.cpp	local	43a14b514ffd8db3b6a59646c1f640d498c4638f915def9b9b4384943d85f88b	43a14b514ffd8db3b6a59646c1f640d498c4638f915def9b9b4384943d85f88b	43a14b514ffd8db3b6a59646c1f640d498c4638f915def9b9b4384943d85f88b	e3a0d4f8f0ccad395ea999af6d950aaab905a04fe66c7fe07584b360f41ac013	2	linked-historical-reference
0x0013d5e4	_Z9fx_sms_r4v	140	src/snes9x/native_fx_opcodes.cpp	local	621525d79a02b67a4d1ce368b090337a3b4043b6a8b41dfdf4b080b3426c71bc	621525d79a02b67a4d1ce368b090337a3b4043b6a8b41dfdf4b080b3426c71bc	621525d79a02b67a4d1ce368b090337a3b4043b6a8b41dfdf4b080b3426c71bc	bf390825c282b8a80fb8e692d110aa92ef417d32329377e30237414b306bb9bc	2	linked-historical-reference
0x0013d670	_Z9fx_sms_r5v	140	src/snes9x/native_fx_opcodes.cpp	local	fc7ce6b37057cd2659de0e52f849621f1dee044039f297bf36f80671bfeda784	fc7ce6b37057cd2659de0e52f849621f1dee044039f297bf36f80671bfeda784	fc7ce6b37057cd2659de0e52f849621f1dee044039f297bf36f80671bfeda784	edeeb965698c19002e3f4ae56808c969163e0f2463d0f1e6985f855ede0217d2	2	linked-historical-reference
0x0013d6fc	_Z9fx_sms_r6v	140	src/snes9x/native_fx_opcodes.cpp	local	a58cc58c30d3bb03b4c19fa18308f076ca32cb39c392cd26597a6fce47809099	a58cc58c30d3bb03b4c19fa18308f076ca32cb39c392cd26597a6fce47809099	a58cc58c30d3bb03b4c19fa18308f076ca32cb39c392cd26597a6fce47809099	342921d53a649f542868afd4941d735dcec8cbec16c22dadf1db7936a4c17c34	2	linked-historical-reference
0x0013d788	_Z9fx_sms_r7v	140	src/snes9x/native_fx_opcodes.cpp	local	af214e624bbe815ac411b6b56524ac3fa5d37b8e25b4dee861faecfe81ea5a44	af214e624bbe815ac411b6b56524ac3fa5d37b8e25b4dee861faecfe81ea5a44	af214e624bbe815ac411b6b56524ac3fa5d37b8e25b4dee861faecfe81ea5a44	dd27c686a04af42bf399c97328382a6821b2448f4ba3ec059868cf5a292d1bef	2	linked-historical-reference
0x0013d814	_Z9fx_sms_r8v	140	src/snes9x/native_fx_opcodes.cpp	local	2c7e2f95c6e7ea013b9dffe5f325c4508563a0db9c9365a9e99aeb701d5c3332	2c7e2f95c6e7ea013b9dffe5f325c4508563a0db9c9365a9e99aeb701d5c3332	2c7e2f95c6e7ea013b9dffe5f325c4508563a0db9c9365a9e99aeb701d5c3332	cf7357c3a9e4f6eca7af627517b422e580d2daf23891f1c11a397b4c854692e6	2	linked-historical-reference
0x0013d8a0	_Z9fx_sms_r9v	140	src/snes9x/native_fx_opcodes.cpp	local	ec44edb41601e884f728197f562e648b48750a888365805accd7c5beaf50a8bc	ec44edb41601e884f728197f562e648b48750a888365805accd7c5beaf50a8bc	ec44edb41601e884f728197f562e648b48750a888365805accd7c5beaf50a8bc	fec2519f148919e3c5f5a4d1b016d3c0033c953ccf00bd77861596a7ac40641a	2	linked-historical-reference
0x0013d92c	_Z10fx_sms_r10v	140	src/snes9x/native_fx_opcodes.cpp	local	f833477f56c470aa4be18a1f33b8561c8c0ef3dda20bd40bf177c387800b4e2b	f833477f56c470aa4be18a1f33b8561c8c0ef3dda20bd40bf177c387800b4e2b	f833477f56c470aa4be18a1f33b8561c8c0ef3dda20bd40bf177c387800b4e2b	6b738a3f6834bfe571a095b3665bdde7f82e95a8414d990b828354920ba9ce29	2	linked-historical-reference
0x0013d9b8	_Z10fx_sms_r11v	140	src/snes9x/native_fx_opcodes.cpp	local	b39b18a7c1ad76679f739d5451d7a2486d7792ff974369c456b07675dbd2d3e4	b39b18a7c1ad76679f739d5451d7a2486d7792ff974369c456b07675dbd2d3e4	b39b18a7c1ad76679f739d5451d7a2486d7792ff974369c456b07675dbd2d3e4	e3177ce8105a8c8ab3b7c3f64174184e3210a9fc67fa120f086ca44fd5c89497	2	linked-historical-reference
0x0013da44	_Z10fx_sms_r12v	140	src/snes9x/native_fx_opcodes.cpp	local	f5d2467b6af9182db7b180c5beea9e518c702ce2ece955619d6ee937c87c8b08	f5d2467b6af9182db7b180c5beea9e518c702ce2ece955619d6ee937c87c8b08	f5d2467b6af9182db7b180c5beea9e518c702ce2ece955619d6ee937c87c8b08	aa93883bf269a56d05145f806c776cc7df6001ae35bbc1e7c20cb4bf63666a80	2	linked-historical-reference
0x0013dad0	_Z10fx_sms_r13v	140	src/snes9x/native_fx_opcodes.cpp	local	e74b7fa1045b5ab704e3cf7ae452342d7d27ee1280af9fc34cf11c1fc60d2803	e74b7fa1045b5ab704e3cf7ae452342d7d27ee1280af9fc34cf11c1fc60d2803	e74b7fa1045b5ab704e3cf7ae452342d7d27ee1280af9fc34cf11c1fc60d2803	9b3029b41d97149e102eebd6bce589038af0eed4827e9990b0cc129db2c2197a	2	linked-historical-reference
0x0013db5c	_Z10fx_sms_r14v	140	src/snes9x/native_fx_opcodes.cpp	local	44624d2a3ddb72a37b5b86bd94d2a8e3c17f42d919b84e65ad02ccf18c46087e	44624d2a3ddb72a37b5b86bd94d2a8e3c17f42d919b84e65ad02ccf18c46087e	44624d2a3ddb72a37b5b86bd94d2a8e3c17f42d919b84e65ad02ccf18c46087e	8f28b3d1a40c8b7701a184fd1b9059ce1ffe20483ad4644e36a6955a172b6ca4	2	linked-historical-reference
0x0013dbe8	_Z10fx_sms_r15v	136	src/snes9x/native_fx_opcodes.cpp	local	d7db7c18ec8f9cbf0d3db598d296f002fa54f62d60c0016693e07065baa98951	d7db7c18ec8f9cbf0d3db598d296f002fa54f62d60c0016693e07065baa98951	d7db7c18ec8f9cbf0d3db598d296f002fa54f62d60c0016693e07065baa98951	6dc3199ccd009664522fcc98bbbc7fb08e4ceba8605a3ccf12214181b5f4d4bb	2	linked-historical-reference
0x0013dc70	_Z10fx_from_r0v	148	src/snes9x/native_fx_opcodes.cpp	local	4d2898beba68a4b103a71c3b68895065034506a0fe0cd81dc56d034738e4f732	4d2898beba68a4b103a71c3b68895065034506a0fe0cd81dc56d034738e4f732	4d2898beba68a4b103a71c3b68895065034506a0fe0cd81dc56d034738e4f732	4550354e50b09472657ba7775bca2bb6f5c905dd3d37762ca99216a5d6a74092	3	linked-historical-reference
0x0013dd04	_Z10fx_from_r1v	152	src/snes9x/native_fx_opcodes.cpp	local	3ee7e99ac3e97930067e191f5c5d9a2736b35e948657699886a4fe4b21986f88	3ee7e99ac3e97930067e191f5c5d9a2736b35e948657699886a4fe4b21986f88	3ee7e99ac3e97930067e191f5c5d9a2736b35e948657699886a4fe4b21986f88	e1aacb1eb1ffccfb19b6f7a7b7e7935fb0d0d62b3cd299c03e41b06a475dca41	2	linked-historical-reference
0x0013dd9c	_Z10fx_from_r2v	152	src/snes9x/native_fx_opcodes.cpp	local	5bb02c56fd3dcd78c1298d15c1bf628777858ec4ddcba6691ac70dd574482654	5bb02c56fd3dcd78c1298d15c1bf628777858ec4ddcba6691ac70dd574482654	5bb02c56fd3dcd78c1298d15c1bf628777858ec4ddcba6691ac70dd574482654	5373c42ddc22525c4007e06aef0cd97aad027e6fe7a52c8ccd81665ea3ffd1fb	2	linked-historical-reference
0x0013de34	_Z10fx_from_r3v	152	src/snes9x/native_fx_opcodes.cpp	local	034aa61867b59907cd630f52219f53752ec84db453934f5fe1e5a752b471ff5f	034aa61867b59907cd630f52219f53752ec84db453934f5fe1e5a752b471ff5f	034aa61867b59907cd630f52219f53752ec84db453934f5fe1e5a752b471ff5f	8d9380baf546ac8f781d5fe693bfd25efb04b1104905404f07b71ba92e5dcc11	2	linked-historical-reference
0x0013decc	_Z10fx_from_r4v	152	src/snes9x/native_fx_opcodes.cpp	local	fb74f6f74f30786a68a462477d7ab772e0402ced5d3970fbd51fa197dcdef8df	fb74f6f74f30786a68a462477d7ab772e0402ced5d3970fbd51fa197dcdef8df	fb74f6f74f30786a68a462477d7ab772e0402ced5d3970fbd51fa197dcdef8df	00e7a0820904394db95acfa5457df1c7f7515ad1cbe508ede87e8955b477be99	2	linked-historical-reference
0x0013df64	_Z10fx_from_r5v	152	src/snes9x/native_fx_opcodes.cpp	local	6ce2b958832a53a39a1ce9dfc8bf7ae990611de2fa87fd2bcb0900e88e99edad	6ce2b958832a53a39a1ce9dfc8bf7ae990611de2fa87fd2bcb0900e88e99edad	6ce2b958832a53a39a1ce9dfc8bf7ae990611de2fa87fd2bcb0900e88e99edad	8fcf42763320b50865ba58efc7b3a99eecb2e57f1e3a26e46a1d420026c5ff91	2	linked-historical-reference
0x0013dffc	_Z10fx_from_r6v	152	src/snes9x/native_fx_opcodes.cpp	local	a92455a5ecae7a0f1d190ab116d5561dce92dade5423d43da74e9eca2b638387	a92455a5ecae7a0f1d190ab116d5561dce92dade5423d43da74e9eca2b638387	a92455a5ecae7a0f1d190ab116d5561dce92dade5423d43da74e9eca2b638387	33b26f4876f5467daf326bde2c635d9bbc06ea359f87a5bf0e9d3016330bfa41	2	linked-historical-reference
0x0013e094	_Z10fx_from_r7v	152	src/snes9x/native_fx_opcodes.cpp	local	4ceac06f5efcec2a94366959eeb696c8caf7b884fbdc082b97050663d01ca770	4ceac06f5efcec2a94366959eeb696c8caf7b884fbdc082b97050663d01ca770	4ceac06f5efcec2a94366959eeb696c8caf7b884fbdc082b97050663d01ca770	595979500cd568680cf326a83782abb04f34368db63bd29a31cbc824dfc8ba9c	2	linked-historical-reference
0x0013e12c	_Z10fx_from_r8v	152	src/snes9x/native_fx_opcodes.cpp	local	a8b3c0ee03cd6ee1b7a93cb72db1e6a84b678f4b953a44583ae97ac3f62a8579	a8b3c0ee03cd6ee1b7a93cb72db1e6a84b678f4b953a44583ae97ac3f62a8579	a8b3c0ee03cd6ee1b7a93cb72db1e6a84b678f4b953a44583ae97ac3f62a8579	6917d6acbd8fb1d927fae048aa6accd6408b20d7d9bf10f7979b75a47f4ef151	2	linked-historical-reference
0x0013e1c4	_Z10fx_from_r9v	152	src/snes9x/native_fx_opcodes.cpp	local	8d2939f37606701dcd6ab03829af986865ea761fcd15f7b5d7b2043a657d20f3	8d2939f37606701dcd6ab03829af986865ea761fcd15f7b5d7b2043a657d20f3	8d2939f37606701dcd6ab03829af986865ea761fcd15f7b5d7b2043a657d20f3	5bc74e67f792ad005097f05d37d330d99b258add2835b7df241585129889ce79	2	linked-historical-reference
0x0013e25c	_Z11fx_from_r10v	152	src/snes9x/native_fx_opcodes.cpp	local	3cb8e0a548f762f8658962f9ca0713e4099c01d7496e089febe60a763799b6d2	3cb8e0a548f762f8658962f9ca0713e4099c01d7496e089febe60a763799b6d2	3cb8e0a548f762f8658962f9ca0713e4099c01d7496e089febe60a763799b6d2	3ecd0154c47bfa0df30f7569c74765eb909ed43b23d677198d016e0bb7f38b92	2	linked-historical-reference
0x0013e2f4	_Z11fx_from_r11v	152	src/snes9x/native_fx_opcodes.cpp	local	4bba960db4b05e2e354124ac7cb372ac697e71ec37343b4e14b61ca439d22f72	4bba960db4b05e2e354124ac7cb372ac697e71ec37343b4e14b61ca439d22f72	4bba960db4b05e2e354124ac7cb372ac697e71ec37343b4e14b61ca439d22f72	3fb072ed3fd1af35081d973e6147311f5e4085650747083dffc2c4c445642795	2	linked-historical-reference
0x0013e38c	_Z11fx_from_r12v	152	src/snes9x/native_fx_opcodes.cpp	local	535268787e79766370cccad880fb1a6a66b9eeaaf092d318b2ec6cb0dc011937	535268787e79766370cccad880fb1a6a66b9eeaaf092d318b2ec6cb0dc011937	535268787e79766370cccad880fb1a6a66b9eeaaf092d318b2ec6cb0dc011937	c74ef94a4e465bf46a17a204f33e7e1401f6209794e97a391ed2ee1ad675bb98	2	linked-historical-reference
0x0013e424	_Z11fx_from_r13v	152	src/snes9x/native_fx_opcodes.cpp	local	854a03ab4cadf7bdc47be62ab13420baa87142d7635d5be6ae0b0c4899725dda	854a03ab4cadf7bdc47be62ab13420baa87142d7635d5be6ae0b0c4899725dda	854a03ab4cadf7bdc47be62ab13420baa87142d7635d5be6ae0b0c4899725dda	a91c45da63a6c3a3db2b646fbec1db4c7c38cec3ab4b9831d01fb31f75a9bf28	2	linked-historical-reference
0x0013e4bc	_Z11fx_from_r14v	152	src/snes9x/native_fx_opcodes.cpp	local	acc8a471df1d72013536e5f3971c37f7495b2250547d2ee256b67da739df3757	acc8a471df1d72013536e5f3971c37f7495b2250547d2ee256b67da739df3757	acc8a471df1d72013536e5f3971c37f7495b2250547d2ee256b67da739df3757	0de01b7663da03e2ead303fc02211e0bbad3d949d114d77dd668af57e7a332d7	2	linked-historical-reference
0x0013e554	_Z11fx_from_r15v	148	src/snes9x/native_fx_opcodes.cpp	local	67a7faa6a532ba9f0ba79eb276d010e253e240e4e17a7594788cd6897c01cb4c	67a7faa6a532ba9f0ba79eb276d010e253e240e4e17a7594788cd6897c01cb4c	67a7faa6a532ba9f0ba79eb276d010e253e240e4e17a7594788cd6897c01cb4c	f84cda1c62aa70009c5a5234d012276d8b4182ca92c72809e23e32641eeaff57	2	linked-historical-reference
0x0013e5e8	_Z6fx_hibv	112	src/snes9x/native_fx_opcodes.cpp	local	db2eb469f7c4b2b3ce7c162a0d65ee8154b572a45c032a84c68d3ad3ac0d05c1	db2eb469f7c4b2b3ce7c162a0d65ee8154b572a45c032a84c68d3ad3ac0d05c1	db2eb469f7c4b2b3ce7c162a0d65ee8154b572a45c032a84c68d3ad3ac0d05c1	14f16d61f24233a395cb30b4d8b8ef4bcd3cce4c297a288ede510a7748e54a15	2	linked-historical-reference
0x0013e658	_Z8fx_or_r1v	116	src/snes9x/native_fx_opcodes.cpp	local	3c16a13a5730ff02b9067b0e156a96cb74bbdd0aadd124ee528a67e070efc6a0	3c16a13a5730ff02b9067b0e156a96cb74bbdd0aadd124ee528a67e070efc6a0	3c16a13a5730ff02b9067b0e156a96cb74bbdd0aadd124ee528a67e070efc6a0	0ee74e47ae69d34ffcff51c2261238c7fc4e57eee38f0ff12604b6018159ab3b	2	linked-historical-reference
0x0013e6cc	_Z8fx_or_r2v	116	src/snes9x/native_fx_opcodes.cpp	local	1a13bc8f255d22ad6357c73e17c50a6dfedb46bf7a2f5b963f10dd3c8954473e	1a13bc8f255d22ad6357c73e17c50a6dfedb46bf7a2f5b963f10dd3c8954473e	1a13bc8f255d22ad6357c73e17c50a6dfedb46bf7a2f5b963f10dd3c8954473e	051cfd75fe90186ed24a23d81627ef580a5b057981284ec301386e40d419dbb9	2	linked-historical-reference
0x0013e740	_Z8fx_or_r3v	116	src/snes9x/native_fx_opcodes.cpp	local	d912fb050d0a123ff8701e21f1559388f7d70949b4f79bed7a296bc5984809a1	d912fb050d0a123ff8701e21f1559388f7d70949b4f79bed7a296bc5984809a1	d912fb050d0a123ff8701e21f1559388f7d70949b4f79bed7a296bc5984809a1	421dab73bb44c3ecf4cf2ec5ca10cf9130249b5071efba58acaa4aaa33122827	2	linked-historical-reference
0x0013e7b4	_Z8fx_or_r4v	116	src/snes9x/native_fx_opcodes.cpp	local	5d956806a05bba692aa4aa49dce216a40670841a2b4414de7f86f8b545273763	5d956806a05bba692aa4aa49dce216a40670841a2b4414de7f86f8b545273763	5d956806a05bba692aa4aa49dce216a40670841a2b4414de7f86f8b545273763	31bdee7d106958fe36e6dad062e450ad307f5c345f29cc40dfdbf1e06f5ea259	2	linked-historical-reference
0x0013e828	_Z8fx_or_r5v	116	src/snes9x/native_fx_opcodes.cpp	local	ead4e0bdeefb131428539ee6c3a1b7be8583ce3b1856c7d3aa0a441d30b56851	ead4e0bdeefb131428539ee6c3a1b7be8583ce3b1856c7d3aa0a441d30b56851	ead4e0bdeefb131428539ee6c3a1b7be8583ce3b1856c7d3aa0a441d30b56851	7d2796b355aace00f2b88a5abdf5193a0f5e674f4735266c6ec03f0b86596b72	2	linked-historical-reference
0x0013e89c	_Z8fx_or_r6v	116	src/snes9x/native_fx_opcodes.cpp	local	ac0e974b3361973084b2a8bd99c30481de4505e3221d55e64899c63c7f2aee6f	ac0e974b3361973084b2a8bd99c30481de4505e3221d55e64899c63c7f2aee6f	ac0e974b3361973084b2a8bd99c30481de4505e3221d55e64899c63c7f2aee6f	be256ceb63415d8f44d2891b00000bd3551c70dc0ec4938205d24ef677ad6e5a	2	linked-historical-reference
0x0013e910	_Z8fx_or_r7v	116	src/snes9x/native_fx_opcodes.cpp	local	bc022806a9a778b3b960350d364e6ffa713537d000066bafcae1575d6da05ed2	bc022806a9a778b3b960350d364e6ffa713537d000066bafcae1575d6da05ed2	bc022806a9a778b3b960350d364e6ffa713537d000066bafcae1575d6da05ed2	b669ce57c9b8597b9d8dc112d1ffc61769c91a35eb74b88426f7ed797de371bf	2	linked-historical-reference
0x0013e984	_Z8fx_or_r8v	116	src/snes9x/native_fx_opcodes.cpp	local	ddb3c7871636e9bec4d2a03e091518fe31947a72c98ceb5a010713567d5a39ae	ddb3c7871636e9bec4d2a03e091518fe31947a72c98ceb5a010713567d5a39ae	ddb3c7871636e9bec4d2a03e091518fe31947a72c98ceb5a010713567d5a39ae	1591bfdb72b8b2f549f102a0a77f8aa1b734a6444dad5d6b7962944a1d1e7952	2	linked-historical-reference
0x0013e9f8	_Z8fx_or_r9v	116	src/snes9x/native_fx_opcodes.cpp	local	533590b82b4a766276aa2f96d54e180562a7f2d69a0b36293c804e290c340028	533590b82b4a766276aa2f96d54e180562a7f2d69a0b36293c804e290c340028	533590b82b4a766276aa2f96d54e180562a7f2d69a0b36293c804e290c340028	44dcfb60e9f7fe0acc03e79a502bb4ad5b5a0649ec3ce131233204e884026012	2	linked-historical-reference
0x0013ea6c	_Z9fx_or_r10v	116	src/snes9x/native_fx_opcodes.cpp	local	de81ce7d8be29f39b6baf82ccc5186736b2bbd068b95b641fb0752675298520c	de81ce7d8be29f39b6baf82ccc5186736b2bbd068b95b641fb0752675298520c	de81ce7d8be29f39b6baf82ccc5186736b2bbd068b95b641fb0752675298520c	4630dd8853ce113c2c73a7c5f945518185f3204ce0c25624d3f9adf999910017	2	linked-historical-reference
0x0013eae0	_Z9fx_or_r11v	116	src/snes9x/native_fx_opcodes.cpp	local	1afc9c64f82b4ff8eaa8a90769a4f1baf156b92af5ae961cb2af729c82b14822	1afc9c64f82b4ff8eaa8a90769a4f1baf156b92af5ae961cb2af729c82b14822	1afc9c64f82b4ff8eaa8a90769a4f1baf156b92af5ae961cb2af729c82b14822	d066d74cd5113fa5c05c46de9e9369801b781518c95e2ca5452142bc49be840f	2	linked-historical-reference
0x0013eb54	_Z9fx_or_r12v	116	src/snes9x/native_fx_opcodes.cpp	local	420d6ccfbb4b2dbc7ec672c0e9f5742c3fd1598d9251acdcd00485c472c371e7	420d6ccfbb4b2dbc7ec672c0e9f5742c3fd1598d9251acdcd00485c472c371e7	420d6ccfbb4b2dbc7ec672c0e9f5742c3fd1598d9251acdcd00485c472c371e7	412a2d35bba288a489123b02eab5f226d0aa53455ac8c6612574a3fe0b484b1e	2	linked-historical-reference
0x0013ebc8	_Z9fx_or_r13v	116	src/snes9x/native_fx_opcodes.cpp	local	5af8c5534190840c7dfe076bb8c79a1fe5063265bbcbbbab62c72fea2edd831f	5af8c5534190840c7dfe076bb8c79a1fe5063265bbcbbbab62c72fea2edd831f	5af8c5534190840c7dfe076bb8c79a1fe5063265bbcbbbab62c72fea2edd831f	93c36e6094c2a10997d499fa65b82b9913a31d860e51e5c3348cd0d3c68f3f1e	2	linked-historical-reference
0x0013ec3c	_Z9fx_or_r14v	116	src/snes9x/native_fx_opcodes.cpp	local	c32ee389d25d221980df286de48d86a4b358ba9f886b6508027e49be45af6c97	c32ee389d25d221980df286de48d86a4b358ba9f886b6508027e49be45af6c97	c32ee389d25d221980df286de48d86a4b358ba9f886b6508027e49be45af6c97	e9509c037a8f6f79f6de3ebea2eeca30b6d3258ed67856db9b480ae2a06874ce	2	linked-historical-reference
0x0013ecb0	_Z9fx_or_r15v	112	src/snes9x/native_fx_opcodes.cpp	local	2c5ee9cf79e406580d9bcd906e6cc062d71b0ce4d78aee7de403467d9cef34a7	2c5ee9cf79e406580d9bcd906e6cc062d71b0ce4d78aee7de403467d9cef34a7	2c5ee9cf79e406580d9bcd906e6cc062d71b0ce4d78aee7de403467d9cef34a7	a087376a1f5c2682ace9e86cb38a689ac42a75582022851c11c646d91024e971	2	linked-historical-reference
0x0013ed20	_Z9fx_xor_r1v	116	src/snes9x/native_fx_opcodes.cpp	local	b455aeb35c018ed483d073d899f4ce8568fa5dea46d16171e7473aab69d42c92	b455aeb35c018ed483d073d899f4ce8568fa5dea46d16171e7473aab69d42c92	b455aeb35c018ed483d073d899f4ce8568fa5dea46d16171e7473aab69d42c92	9d1102ca33ed0d3cfe72f02de25403bd5ada186ba00f52e1b5eaa2ff533892bc	2	linked-historical-reference
0x0013ed94	_Z9fx_xor_r2v	116	src/snes9x/native_fx_opcodes.cpp	local	a71786ba342683f8673a4ffe18696aed61d11eb27ddc3cf7fde18071848ab202	a71786ba342683f8673a4ffe18696aed61d11eb27ddc3cf7fde18071848ab202	a71786ba342683f8673a4ffe18696aed61d11eb27ddc3cf7fde18071848ab202	fe0dd3ba7e7488cf42be37b160d3638f29eb822da872d080d55d22e2a0f4ec07	2	linked-historical-reference
0x0013ee08	_Z9fx_xor_r3v	116	src/snes9x/native_fx_opcodes.cpp	local	5794a3870774cc22ad346a82932c4228adf2f1fa9235d09f69eac74dc396438e	5794a3870774cc22ad346a82932c4228adf2f1fa9235d09f69eac74dc396438e	5794a3870774cc22ad346a82932c4228adf2f1fa9235d09f69eac74dc396438e	f67abc7e4eb7e9b3405fe9b860b643b79edf53d20e0392be81bc66ff85e35ce1	2	linked-historical-reference
0x0013ee7c	_Z9fx_xor_r4v	116	src/snes9x/native_fx_opcodes.cpp	local	1dd565c69e0d5ae2083e6a0394c0c49442fa63d43cdec8480e4c23778e9bb0dd	1dd565c69e0d5ae2083e6a0394c0c49442fa63d43cdec8480e4c23778e9bb0dd	1dd565c69e0d5ae2083e6a0394c0c49442fa63d43cdec8480e4c23778e9bb0dd	5411b4621758ed1440ccf2bf713174b0853802189834269a8616075acdf9b8e5	2	linked-historical-reference
0x0013eef0	_Z9fx_xor_r5v	116	src/snes9x/native_fx_opcodes.cpp	local	e5f899cde460d0270d3ef0dbcfaff9a9ec785fb1c443634a12668f01e255c694	e5f899cde460d0270d3ef0dbcfaff9a9ec785fb1c443634a12668f01e255c694	e5f899cde460d0270d3ef0dbcfaff9a9ec785fb1c443634a12668f01e255c694	04ba6cac01672bd48fad4735ac76a946a5aeb398e50ba12f709c375119b68533	2	linked-historical-reference
0x0013ef64	_Z9fx_xor_r6v	116	src/snes9x/native_fx_opcodes.cpp	local	d72b88944f15ddec84ef868ddb7ba3b80934c9b81a4f02be8021ca788b0d8960	d72b88944f15ddec84ef868ddb7ba3b80934c9b81a4f02be8021ca788b0d8960	d72b88944f15ddec84ef868ddb7ba3b80934c9b81a4f02be8021ca788b0d8960	633ba889c10c011006e36f7918b87c6b99ffdac76e2045816b4280a0caa4ed78	2	linked-historical-reference
0x0013efd8	_Z9fx_xor_r7v	116	src/snes9x/native_fx_opcodes.cpp	local	4777e624064e0d4817bc732abf0890ede74c3597864dd96631b1af6a15116df4	4777e624064e0d4817bc732abf0890ede74c3597864dd96631b1af6a15116df4	4777e624064e0d4817bc732abf0890ede74c3597864dd96631b1af6a15116df4	3032b6a23df757d7aaee1074ee892bf87a781a334bff60ce332abbcf71f54ff3	2	linked-historical-reference
0x0013f04c	_Z9fx_xor_r8v	116	src/snes9x/native_fx_opcodes.cpp	local	7b4efabaf822b9f50555fbde6eb7bc431abd6244a30d79ea335935065e50fb2c	7b4efabaf822b9f50555fbde6eb7bc431abd6244a30d79ea335935065e50fb2c	7b4efabaf822b9f50555fbde6eb7bc431abd6244a30d79ea335935065e50fb2c	c85e60f4e7e9f3c3470b2598a1b68e4f58b93e652f1f039a92743accb7dc9209	2	linked-historical-reference
0x0013f0c0	_Z9fx_xor_r9v	116	src/snes9x/native_fx_opcodes.cpp	local	2660944b371d89f12ee6337668b30fca05e8d6580740481c015325497895df5f	2660944b371d89f12ee6337668b30fca05e8d6580740481c015325497895df5f	2660944b371d89f12ee6337668b30fca05e8d6580740481c015325497895df5f	aea4eea99b2860313c97d274d028d8087899e0e66aba49b6ffb3d65b352be03f	2	linked-historical-reference
0x0013f134	_Z10fx_xor_r10v	116	src/snes9x/native_fx_opcodes.cpp	local	a7023acaf97e41bc76ae003f35adbcb7a71606a9469ef1713cc2ac5f7700c3e2	a7023acaf97e41bc76ae003f35adbcb7a71606a9469ef1713cc2ac5f7700c3e2	a7023acaf97e41bc76ae003f35adbcb7a71606a9469ef1713cc2ac5f7700c3e2	9589b06d783d96ef7f205ce8c8a1fa6a512bbcfdc8b47e59e20c69f3947a5b97	2	linked-historical-reference
0x0013f1a8	_Z10fx_xor_r11v	116	src/snes9x/native_fx_opcodes.cpp	local	b2eaf5726b834424083e26f498108fd44bf7b089d2cd47b218a924613fc0fc8c	b2eaf5726b834424083e26f498108fd44bf7b089d2cd47b218a924613fc0fc8c	b2eaf5726b834424083e26f498108fd44bf7b089d2cd47b218a924613fc0fc8c	ff192d4005021178d760cdf009ec4575ee78da1683ae01e8a4586ab566fef1e9	2	linked-historical-reference
0x0013f21c	_Z10fx_xor_r12v	116	src/snes9x/native_fx_opcodes.cpp	local	75d196eb8b631f4e8ad2f247b826f147d108e27469ce7a55e9360085db5dab16	75d196eb8b631f4e8ad2f247b826f147d108e27469ce7a55e9360085db5dab16	75d196eb8b631f4e8ad2f247b826f147d108e27469ce7a55e9360085db5dab16	517c12f13c92cd9389754f4176efcaa9ecc62207fd0f7377efaea35fff414ac4	2	linked-historical-reference
0x0013f290	_Z10fx_xor_r13v	116	src/snes9x/native_fx_opcodes.cpp	local	62fc9813679d4db3498bc07d8b18b5073543c87c1520a3bda13e646b1e8d3f99	62fc9813679d4db3498bc07d8b18b5073543c87c1520a3bda13e646b1e8d3f99	62fc9813679d4db3498bc07d8b18b5073543c87c1520a3bda13e646b1e8d3f99	e5fb21bc1dab267597d282098a22bb37a19c8091e5092b234be7273fa56a2d92	2	linked-historical-reference
0x0013f304	_Z10fx_xor_r14v	116	src/snes9x/native_fx_opcodes.cpp	local	b4fe1ba1761bf77b27e9bd152625f7b79d184d083dde7f5980e3e9c0ad61fffc	b4fe1ba1761bf77b27e9bd152625f7b79d184d083dde7f5980e3e9c0ad61fffc	b4fe1ba1761bf77b27e9bd152625f7b79d184d083dde7f5980e3e9c0ad61fffc	0f937924c45f59fc72898a82fb413de4f1f8dad35b9db0393355f4bfe88702b2	2	linked-historical-reference
0x0013f378	_Z10fx_xor_r15v	112	src/snes9x/native_fx_opcodes.cpp	local	320c3aa8a8a91c300725ba4ae36c0cc1d1deb96e164c398d11b985a73e60dbf8	320c3aa8a8a91c300725ba4ae36c0cc1d1deb96e164c398d11b985a73e60dbf8	320c3aa8a8a91c300725ba4ae36c0cc1d1deb96e164c398d11b985a73e60dbf8	2fc362fcfff991fb92b0b09f3236f621172fb68a07e3dee579eeae2691e26a4a	2	linked-historical-reference
0x0013f3e8	_Z8fx_or_i1v	112	src/snes9x/native_fx_opcodes.cpp	local	5f9861d3390fc122289bddfffb934811654877481b0ec25c6731cbfa3c0adc31	5f9861d3390fc122289bddfffb934811654877481b0ec25c6731cbfa3c0adc31	5f9861d3390fc122289bddfffb934811654877481b0ec25c6731cbfa3c0adc31	80cbc6f521bbc2a8aeddee141ce6626b439f6434579ec9727bcf073c2a1de475	2	linked-historical-reference
0x0013f458	_Z8fx_or_i2v	112	src/snes9x/native_fx_opcodes.cpp	local	07aa1ecee94e57e28cb6753c1fa68b3a9d61e05a85078506551b53b7f4226e0c	07aa1ecee94e57e28cb6753c1fa68b3a9d61e05a85078506551b53b7f4226e0c	07aa1ecee94e57e28cb6753c1fa68b3a9d61e05a85078506551b53b7f4226e0c	d32b7bba80b389d1a557d4a1260c0633772071c83787c005ebbb8e25ca716d97	2	linked-historical-reference
0x0013f4c8	_Z8fx_or_i3v	112	src/snes9x/native_fx_opcodes.cpp	local	044691fcee800c52706f94cef6479d8adad0aac5a012a57c3c4b2f4a2d924ce9	044691fcee800c52706f94cef6479d8adad0aac5a012a57c3c4b2f4a2d924ce9	044691fcee800c52706f94cef6479d8adad0aac5a012a57c3c4b2f4a2d924ce9	e6929bf9255d55dc4754ddc515df3838816702544237cf8871e954bdebb6cd05	2	linked-historical-reference
0x0013f538	_Z8fx_or_i4v	112	src/snes9x/native_fx_opcodes.cpp	local	f9152271a3c9969e0760af6143f8bfed9c47d225236ad12aa6d1ee072462e9c2	f9152271a3c9969e0760af6143f8bfed9c47d225236ad12aa6d1ee072462e9c2	f9152271a3c9969e0760af6143f8bfed9c47d225236ad12aa6d1ee072462e9c2	c0a082d10bc7d948cff311a40ea7394e005c861d1ec409b00cb6df117ad3d467	2	linked-historical-reference
0x0013f5a8	_Z8fx_or_i5v	112	src/snes9x/native_fx_opcodes.cpp	local	044456fa9fa4a4fc9977b6fe2e10e31e7897adce2e8c49ad9fd086fe95b33f00	044456fa9fa4a4fc9977b6fe2e10e31e7897adce2e8c49ad9fd086fe95b33f00	044456fa9fa4a4fc9977b6fe2e10e31e7897adce2e8c49ad9fd086fe95b33f00	fe4694e22aeff3f997bf028ad0de3b326fa1b7f69758809239c52147b690e817	2	linked-historical-reference
0x0013f618	_Z8fx_or_i6v	112	src/snes9x/native_fx_opcodes.cpp	local	c11f8e2943718943564bbf2f9a4fa1688399c085628320acc6b129d63ff805b4	c11f8e2943718943564bbf2f9a4fa1688399c085628320acc6b129d63ff805b4	c11f8e2943718943564bbf2f9a4fa1688399c085628320acc6b129d63ff805b4	56cd90a40e0d90f4b90735bdf2d453c3d6779fbcb506f6a417a08fdd649f5663	2	linked-historical-reference
0x0013f688	_Z8fx_or_i7v	112	src/snes9x/native_fx_opcodes.cpp	local	cc47f60cacdf270387005ea61b85580643906a69fd786e7fbfd965ec6327302f	cc47f60cacdf270387005ea61b85580643906a69fd786e7fbfd965ec6327302f	cc47f60cacdf270387005ea61b85580643906a69fd786e7fbfd965ec6327302f	09105959262b143fb6fbdf819f9583195d347da6b5cd556d89650cb1f95ea10f	2	linked-historical-reference
0x0013f6f8	_Z8fx_or_i8v	112	src/snes9x/native_fx_opcodes.cpp	local	78465f85743460827e484f523b9d7399cf33574f6d534c3afa3ff9e7b75f3d19	78465f85743460827e484f523b9d7399cf33574f6d534c3afa3ff9e7b75f3d19	78465f85743460827e484f523b9d7399cf33574f6d534c3afa3ff9e7b75f3d19	6741d8a72af68da30694a2e2fd5c172d088003917345b27521a540be3aa790b2	2	linked-historical-reference
0x0013f768	_Z8fx_or_i9v	112	src/snes9x/native_fx_opcodes.cpp	local	1d1f71070824fd1379c48636a8016ba15995a294537a3384b9b32bcdd352671d	1d1f71070824fd1379c48636a8016ba15995a294537a3384b9b32bcdd352671d	1d1f71070824fd1379c48636a8016ba15995a294537a3384b9b32bcdd352671d	00b9d195ab7374b2c0cc623f1d7a35e996eb9ee3082017e459c85e3349a190e1	2	linked-historical-reference
0x0013f7d8	_Z9fx_or_i10v	112	src/snes9x/native_fx_opcodes.cpp	local	d6edc2b030a3da6cfd5f223177ea6d07d49e45cfd130d2366c363830bbb53e43	d6edc2b030a3da6cfd5f223177ea6d07d49e45cfd130d2366c363830bbb53e43	d6edc2b030a3da6cfd5f223177ea6d07d49e45cfd130d2366c363830bbb53e43	0cf46462f81acd1566c4af588dc8d82a0b3e420cf2610aaf132f26d6a4dc22b8	2	linked-historical-reference
0x0013f848	_Z9fx_or_i11v	112	src/snes9x/native_fx_opcodes.cpp	local	84fb629a05a061f8dbf0c4b505c7bd54ae7b7af1e4fa61a2ca2cf3a85bfb52e6	84fb629a05a061f8dbf0c4b505c7bd54ae7b7af1e4fa61a2ca2cf3a85bfb52e6	84fb629a05a061f8dbf0c4b505c7bd54ae7b7af1e4fa61a2ca2cf3a85bfb52e6	fd8bc52b7c7d517cdf6640064f9838a3e54ff0b4e176b60f27323b783db68cb8	2	linked-historical-reference
0x0013f8b8	_Z9fx_or_i12v	112	src/snes9x/native_fx_opcodes.cpp	local	cf2078b5b249ac4ee530ede38c1087fad587866db0d3f8a1c4288808f3eb2aab	cf2078b5b249ac4ee530ede38c1087fad587866db0d3f8a1c4288808f3eb2aab	cf2078b5b249ac4ee530ede38c1087fad587866db0d3f8a1c4288808f3eb2aab	87872c61b5c690665c2943feca54901686535c567d92eb383fbb1a65210e7732	2	linked-historical-reference
0x0013f928	_Z9fx_or_i13v	112	src/snes9x/native_fx_opcodes.cpp	local	d85557121eda1027edf0bacfcb8383f8f68d7d23d94e4ce28d96782d800e58ea	d85557121eda1027edf0bacfcb8383f8f68d7d23d94e4ce28d96782d800e58ea	d85557121eda1027edf0bacfcb8383f8f68d7d23d94e4ce28d96782d800e58ea	159bfd0d7296ff73c77de497e1768bb5847871b99098867d230264258b8c47b6	2	linked-historical-reference
0x0013f998	_Z9fx_or_i14v	112	src/snes9x/native_fx_opcodes.cpp	local	41d59dfe80898f38c92470f1a7c662956b7cb5e94d6892d60e2a9bf2cd74571f	41d59dfe80898f38c92470f1a7c662956b7cb5e94d6892d60e2a9bf2cd74571f	41d59dfe80898f38c92470f1a7c662956b7cb5e94d6892d60e2a9bf2cd74571f	5c1735363d306d0737dd987245f295de25d48c9a791b4f00f836154e8e12ee9d	2	linked-historical-reference
0x0013fa08	_Z9fx_or_i15v	112	src/snes9x/native_fx_opcodes.cpp	local	9d484816b78d3dda2219d4b850e2eb7117142dd3fd4c5a882df46bdd054f2ab1	9d484816b78d3dda2219d4b850e2eb7117142dd3fd4c5a882df46bdd054f2ab1	9d484816b78d3dda2219d4b850e2eb7117142dd3fd4c5a882df46bdd054f2ab1	f960c646dc1f84c186be4403c1881694b32b3a381d37c4da01e94e6822f3bcc3	2	linked-historical-reference
0x0013fa78	_Z9fx_xor_i1v	112	src/snes9x/native_fx_opcodes.cpp	local	07be695883180be2cbc8b1d1db88294c389efb54123e0f41bbbbc1d37c13d3a7	07be695883180be2cbc8b1d1db88294c389efb54123e0f41bbbbc1d37c13d3a7	07be695883180be2cbc8b1d1db88294c389efb54123e0f41bbbbc1d37c13d3a7	f393f9fe6fda4f021de0542025168a1bc12b18b89fc70cf25220990a612275a9	2	linked-historical-reference
0x0013fae8	_Z9fx_xor_i2v	112	src/snes9x/native_fx_opcodes.cpp	local	9240d989aa6910c60705a69960a7b2acf61537995a460307839beb935812d013	9240d989aa6910c60705a69960a7b2acf61537995a460307839beb935812d013	9240d989aa6910c60705a69960a7b2acf61537995a460307839beb935812d013	62aa7e501d5b4fd70ec0b95aef616991773ff75d35cedb38e23194beb2708ee4	2	linked-historical-reference
0x0013fb58	_Z9fx_xor_i3v	112	src/snes9x/native_fx_opcodes.cpp	local	9ffc04d3a41cc11751103c459b6361d9eb4ac817122f9b5138461f7056789418	9ffc04d3a41cc11751103c459b6361d9eb4ac817122f9b5138461f7056789418	9ffc04d3a41cc11751103c459b6361d9eb4ac817122f9b5138461f7056789418	12091bdc8a2a663252dd7d8dcf72b2d7a7ce3f1a33fe87738569bef165cb0501	2	linked-historical-reference
0x0013fbc8	_Z9fx_xor_i4v	112	src/snes9x/native_fx_opcodes.cpp	local	c74924279f4c59d3a2a74375012aa2766226e73c15cd955aa1f6cab58fa3ef14	c74924279f4c59d3a2a74375012aa2766226e73c15cd955aa1f6cab58fa3ef14	c74924279f4c59d3a2a74375012aa2766226e73c15cd955aa1f6cab58fa3ef14	af81cbbe6195dd61fddcd8c202dc470152157c500475db8fc56ed146d05cde0c	2	linked-historical-reference
0x0013fc38	_Z9fx_xor_i5v	112	src/snes9x/native_fx_opcodes.cpp	local	271e49c87b313c1f6c6fe47e7610230cada87fb7ca0ddac6b5184eef9bc0bf96	271e49c87b313c1f6c6fe47e7610230cada87fb7ca0ddac6b5184eef9bc0bf96	271e49c87b313c1f6c6fe47e7610230cada87fb7ca0ddac6b5184eef9bc0bf96	fc6e9ba3608a6c72ea3745ca22ab75dac07eb63dad009f7b77065cd7c7791303	2	linked-historical-reference
0x0013fca8	_Z9fx_xor_i6v	112	src/snes9x/native_fx_opcodes.cpp	local	519db917f798745a2b01bf39deadc122d711450582122192ee0a5d227f3e6103	519db917f798745a2b01bf39deadc122d711450582122192ee0a5d227f3e6103	519db917f798745a2b01bf39deadc122d711450582122192ee0a5d227f3e6103	9a32ea4433073e7ff199043bf94e8415138274bfd32573f311d04f294969b22e	2	linked-historical-reference
0x0013fd18	_Z9fx_xor_i7v	112	src/snes9x/native_fx_opcodes.cpp	local	582eac6d3486983177c1417fbbd54d0f0e4dcbbb23527de2a43e9375d74363b3	582eac6d3486983177c1417fbbd54d0f0e4dcbbb23527de2a43e9375d74363b3	582eac6d3486983177c1417fbbd54d0f0e4dcbbb23527de2a43e9375d74363b3	5295b6a6bf2e699656b2c21a25e18bb7e1431189a9f7a62e995d9481d599be7a	2	linked-historical-reference
0x0013fd88	_Z9fx_xor_i8v	112	src/snes9x/native_fx_opcodes.cpp	local	551fd3c389311a2885d09d4324de9bdc7a8b12eb26095802a94de671ed4f93a8	551fd3c389311a2885d09d4324de9bdc7a8b12eb26095802a94de671ed4f93a8	551fd3c389311a2885d09d4324de9bdc7a8b12eb26095802a94de671ed4f93a8	f38e7773bdef0dae857fe2eacf8e10575118f5738a62f75f6c8c035fec7dd1e3	2	linked-historical-reference
0x0013fdf8	_Z9fx_xor_i9v	112	src/snes9x/native_fx_opcodes.cpp	local	025c20b017716bc9617e99e836c2ee75b5abc24982ec57e5f48bcc737735991d	025c20b017716bc9617e99e836c2ee75b5abc24982ec57e5f48bcc737735991d	025c20b017716bc9617e99e836c2ee75b5abc24982ec57e5f48bcc737735991d	6f26346de9ab4012501e5cef7c43a85c25af9722fa0df4d465d149872d3e3b91	2	linked-historical-reference
0x0013fe68	_Z10fx_xor_i10v	112	src/snes9x/native_fx_opcodes.cpp	local	74a0b956004b58386052f7ffa4d891be2aa3cd961e8595569a271e929eaa36d8	74a0b956004b58386052f7ffa4d891be2aa3cd961e8595569a271e929eaa36d8	74a0b956004b58386052f7ffa4d891be2aa3cd961e8595569a271e929eaa36d8	d0cfa93a46461dd819fb37200d8f8201c7ddd4baf9b0bf886425221bd026d5ed	2	linked-historical-reference
0x0013fed8	_Z10fx_xor_i11v	112	src/snes9x/native_fx_opcodes.cpp	local	7dc5ea9d0111edcb238fc68f120b0229ec7cd2d787d6d6e6a83c32508208fc0f	7dc5ea9d0111edcb238fc68f120b0229ec7cd2d787d6d6e6a83c32508208fc0f	7dc5ea9d0111edcb238fc68f120b0229ec7cd2d787d6d6e6a83c32508208fc0f	74f26ace9b4721a3a2f815587737c7845631ee3a4c25f2480da29b3e8a6d6f14	2	linked-historical-reference
0x0013ff48	_Z10fx_xor_i12v	112	src/snes9x/native_fx_opcodes.cpp	local	fc1d265b8336f4b8f980229c0133e7097494914cb1abe54aa0f1a9da14edbc4b	fc1d265b8336f4b8f980229c0133e7097494914cb1abe54aa0f1a9da14edbc4b	fc1d265b8336f4b8f980229c0133e7097494914cb1abe54aa0f1a9da14edbc4b	67f7e6532caaafac478180b9a2311a9ea9950d1eae4810c6b042fd4bf99041e9	2	linked-historical-reference
0x0013ffb8	_Z10fx_xor_i13v	112	src/snes9x/native_fx_opcodes.cpp	local	15df9bdd6aad34c327c8deac454c5a08ddc917ae791a13ae94eff5e07a93e979	15df9bdd6aad34c327c8deac454c5a08ddc917ae791a13ae94eff5e07a93e979	15df9bdd6aad34c327c8deac454c5a08ddc917ae791a13ae94eff5e07a93e979	fa21943b2a5a6bc306f43e99b30e1a05be9e5bcda099343ec8022aa479a8c415	2	linked-historical-reference
0x00140028	_Z10fx_xor_i14v	112	src/snes9x/native_fx_opcodes.cpp	local	f9905799123334acbbaeffc75332d78cfcee9baa002568c4575f4e125a93eb28	f9905799123334acbbaeffc75332d78cfcee9baa002568c4575f4e125a93eb28	f9905799123334acbbaeffc75332d78cfcee9baa002568c4575f4e125a93eb28	c86913eff5e13b222c5de22c8d754ff44a036d923922bc8d2eae0f547b5d1a6f	2	linked-historical-reference
0x00140098	_Z10fx_xor_i15v	112	src/snes9x/native_fx_opcodes.cpp	local	dc512b1c3fea53a2fef6fa85274a8f8783e17c0142a685935218c4d2ffd3135f	dc512b1c3fea53a2fef6fa85274a8f8783e17c0142a685935218c4d2ffd3135f	dc512b1c3fea53a2fef6fa85274a8f8783e17c0142a685935218c4d2ffd3135f	b740f1301ce319e99ed8a0086d8ad0fce4a521b95fef9b476efebe55cec39890	2	linked-historical-reference
0x00140108	_Z9fx_inc_r0v	68	src/snes9x/native_fx_opcodes.cpp	local	4e5dfbf71d8256ddb04cb302a4a33de360dd40b47e90b692ab7007b322512eec	4e5dfbf71d8256ddb04cb302a4a33de360dd40b47e90b692ab7007b322512eec	4e5dfbf71d8256ddb04cb302a4a33de360dd40b47e90b692ab7007b322512eec	30ed78a7d3ad8db78c6765bc11f13ce1af0b03b816300adb0cf239a415078552	4	linked-historical-reference
0x0014014c	_Z9fx_inc_r1v	68	src/snes9x/native_fx_opcodes.cpp	local	4a756b0b0848fa6fa2a9b637a496a7b0e5ffc79435ceeda9d5946232cafbc74e	4a756b0b0848fa6fa2a9b637a496a7b0e5ffc79435ceeda9d5946232cafbc74e	4a756b0b0848fa6fa2a9b637a496a7b0e5ffc79435ceeda9d5946232cafbc74e	2ba14d58126a0c5b72a673111adeea0bda1ed14af74c4dc6d296c3197b6447f0	2	linked-historical-reference
0x00140190	_Z9fx_inc_r2v	68	src/snes9x/native_fx_opcodes.cpp	local	c802bf9798b6936e091bfe586bc6cfe613038b249937e3a6afe2f6be9b8cb057	c802bf9798b6936e091bfe586bc6cfe613038b249937e3a6afe2f6be9b8cb057	c802bf9798b6936e091bfe586bc6cfe613038b249937e3a6afe2f6be9b8cb057	b8a363bd74e0f243f1b931135c4c47ff72e66552b4e32ff6af7f655cf70327f7	2	linked-historical-reference
0x001401d4	_Z9fx_inc_r3v	68	src/snes9x/native_fx_opcodes.cpp	local	e6253f2df536b0645b7fe46fa4fbb405afd1c578f459bc2639595b9071cf6713	e6253f2df536b0645b7fe46fa4fbb405afd1c578f459bc2639595b9071cf6713	e6253f2df536b0645b7fe46fa4fbb405afd1c578f459bc2639595b9071cf6713	49affde8aa3bc238d986931ca689449801bd915156d60586e0b531d403987d52	2	linked-historical-reference
0x00140218	_Z9fx_inc_r4v	68	src/snes9x/native_fx_opcodes.cpp	local	74d49c8e85a14140288e7e37a9b1dc4e1b45b3ea39c6874dbe44ae4d2e139f45	74d49c8e85a14140288e7e37a9b1dc4e1b45b3ea39c6874dbe44ae4d2e139f45	74d49c8e85a14140288e7e37a9b1dc4e1b45b3ea39c6874dbe44ae4d2e139f45	bacf01678dae248385a2c71c12ca92f7deb843063824d34f33baea4a6ec908fb	2	linked-historical-reference
0x0014025c	_Z9fx_inc_r5v	68	src/snes9x/native_fx_opcodes.cpp	local	c5361705ea07759d5f1dadd26fc3d8993f44fa4996f61105919d4bf6c2e18b88	c5361705ea07759d5f1dadd26fc3d8993f44fa4996f61105919d4bf6c2e18b88	c5361705ea07759d5f1dadd26fc3d8993f44fa4996f61105919d4bf6c2e18b88	93547117c4aa6bdb871a24a7177495f145b940a35f44ec6fb93dcafd70f44e3a	2	linked-historical-reference
0x001402a0	_Z9fx_inc_r6v	68	src/snes9x/native_fx_opcodes.cpp	local	acdb4401c2ed93561bef6acb175d65dbfb2430c891bc19e7d158725f11948dd3	acdb4401c2ed93561bef6acb175d65dbfb2430c891bc19e7d158725f11948dd3	acdb4401c2ed93561bef6acb175d65dbfb2430c891bc19e7d158725f11948dd3	db4f722e61a69d5697abca7df09082dcf8d01be4e6a8c744e29caa2574ad78a8	2	linked-historical-reference
0x001402e4	_Z9fx_inc_r7v	68	src/snes9x/native_fx_opcodes.cpp	local	cebf3848b89f91ebc3f450d9014fc47dc7313943c688c60b99270470af6814bf	cebf3848b89f91ebc3f450d9014fc47dc7313943c688c60b99270470af6814bf	cebf3848b89f91ebc3f450d9014fc47dc7313943c688c60b99270470af6814bf	fca2a32d03528a53ee4ff2a8dff1524cb924f1b2b678d4c3ade1498f2d7bbe15	2	linked-historical-reference
0x00140328	_Z9fx_inc_r8v	68	src/snes9x/native_fx_opcodes.cpp	local	ace2c074d92a13bd20ac964ce87e26b6b143f539d9bf7e6bc827732e86a77492	ace2c074d92a13bd20ac964ce87e26b6b143f539d9bf7e6bc827732e86a77492	ace2c074d92a13bd20ac964ce87e26b6b143f539d9bf7e6bc827732e86a77492	279d0ed6feb90aa687f70467d90112a478455b1c8ef3eb7bb603488026c1b5f9	2	linked-historical-reference
0x0014036c	_Z9fx_inc_r9v	68	src/snes9x/native_fx_opcodes.cpp	local	e758f2c9b542a72b8fa4837722e59787806c1131ce706ba4abb4327bbee257ad	e758f2c9b542a72b8fa4837722e59787806c1131ce706ba4abb4327bbee257ad	e758f2c9b542a72b8fa4837722e59787806c1131ce706ba4abb4327bbee257ad	d2a67a505e20f027ade850ae3e4842756048512f28d6fc6bb25f34fffe623ec0	2	linked-historical-reference
0x001403b0	_Z10fx_inc_r10v	68	src/snes9x/native_fx_opcodes.cpp	local	444f5c2eeefe34643115b97f9c295fb0cbd6b139ca8f95749bba0a9876085d35	444f5c2eeefe34643115b97f9c295fb0cbd6b139ca8f95749bba0a9876085d35	444f5c2eeefe34643115b97f9c295fb0cbd6b139ca8f95749bba0a9876085d35	78a7b07f40c4fb73d4ad2d85574fee0c0f7efa6f3b0b06a1d1871dc1e5576e43	2	linked-historical-reference
0x001403f4	_Z10fx_inc_r11v	68	src/snes9x/native_fx_opcodes.cpp	local	3f53d1e88e32c388292abd83af56b35d87e4beeb51cd32cd4335a758547e4630	3f53d1e88e32c388292abd83af56b35d87e4beeb51cd32cd4335a758547e4630	3f53d1e88e32c388292abd83af56b35d87e4beeb51cd32cd4335a758547e4630	3c51ab213f026d46731e79921e356e1afd73570d0e515ab2c55f7ec4f7d6503d	2	linked-historical-reference
0x00140438	_Z10fx_inc_r12v	68	src/snes9x/native_fx_opcodes.cpp	local	074e42c755bcf414b528bea1a02c9244465478b0227e7087cb88d8cd52d674ec	074e42c755bcf414b528bea1a02c9244465478b0227e7087cb88d8cd52d674ec	074e42c755bcf414b528bea1a02c9244465478b0227e7087cb88d8cd52d674ec	e1045693d0103a5f4e894fa97cd1e59c971dbff110e3586b4a286e4e8a8eaaf4	2	linked-historical-reference
0x0014047c	_Z10fx_inc_r13v	68	src/snes9x/native_fx_opcodes.cpp	local	f559bc174e492e4129ae3ac0055c6de6ecd573f554797db6509f1ec5710325d6	f559bc174e492e4129ae3ac0055c6de6ecd573f554797db6509f1ec5710325d6	f559bc174e492e4129ae3ac0055c6de6ecd573f554797db6509f1ec5710325d6	ad2507c89160d5bd70f51321ca649262b43b62f9694f8cb747e86cdb41cc731e	2	linked-historical-reference
0x001404c0	_Z10fx_inc_r14v	88	src/snes9x/native_fx_opcodes.cpp	local	3e4815b3a9a69478c7785597cd60c63451391c00f66039e42e6e5f54cac2b93f	3e4815b3a9a69478c7785597cd60c63451391c00f66039e42e6e5f54cac2b93f	3e4815b3a9a69478c7785597cd60c63451391c00f66039e42e6e5f54cac2b93f	13ac67825128682308b8b9b0c00518ada7254c5406639081e15a730d4cd9cfd2	2	linked-historical-reference
0x00140518	_Z7fx_getcv	120	src/snes9x/native_fx_opcodes.cpp	local	e3934875e7349f019f37c5121dbde59dd2713738ecbe72b1412646320912bda4	e3934875e7349f019f37c5121dbde59dd2713738ecbe72b1412646320912bda4	e3934875e7349f019f37c5121dbde59dd2713738ecbe72b1412646320912bda4	f1190dfb0f48a8a2c7b839999ccdba928000bf27dcb21f5db49797e9f8de07a9	4	linked-historical-reference
0x00140590	_Z7fx_rambv	80	src/snes9x/native_fx_opcodes.cpp	local	87341cd0bc42fc45589025c16f9c18fdb9049b8a51606dee55efe01e8bd0c4d6	87341cd0bc42fc45589025c16f9c18fdb9049b8a51606dee55efe01e8bd0c4d6	87341cd0bc42fc45589025c16f9c18fdb9049b8a51606dee55efe01e8bd0c4d6	887bb6b24f6d0de643c3cbe9d811404442020c677b6aa34d70daf8a6ddbf7e2f	2	linked-historical-reference
0x001405e0	_Z7fx_rombv	80	src/snes9x/native_fx_opcodes.cpp	local	6ac0118ae96b1e9d4ea492c679e28fc7a4a50ce28515296f1ff69dfcf141000c	6ac0118ae96b1e9d4ea492c679e28fc7a4a50ce28515296f1ff69dfcf141000c	6ac0118ae96b1e9d4ea492c679e28fc7a4a50ce28515296f1ff69dfcf141000c	ac26f29892beb8020709d9136f9e8fbe53294e01dd79ad2a2cec33fa0a1a1bab	2	linked-historical-reference
0x00140630	_Z9fx_dec_r0v	68	src/snes9x/native_fx_opcodes.cpp	local	af65a6d851d2526d555e670036b927cbe74c49ce50640d03555eac2374e4f4ab	af65a6d851d2526d555e670036b927cbe74c49ce50640d03555eac2374e4f4ab	af65a6d851d2526d555e670036b927cbe74c49ce50640d03555eac2374e4f4ab	352c73cd24811287c7c5dba47885dce23cba43d4aaa52157659db9aa44d62965	4	linked-historical-reference
0x00140674	_Z9fx_dec_r1v	68	src/snes9x/native_fx_opcodes.cpp	local	70abee72627a739346db72d59d61940d8e027b7fcda5cdcf298d54848551009f	70abee72627a739346db72d59d61940d8e027b7fcda5cdcf298d54848551009f	70abee72627a739346db72d59d61940d8e027b7fcda5cdcf298d54848551009f	109a70079d2017043f61126f56b4571fac9480b608ea4889053bb597712f306e	2	linked-historical-reference
0x001406b8	_Z9fx_dec_r2v	68	src/snes9x/native_fx_opcodes.cpp	local	3eaa93f3b78ca1f4bf39379b7274c64c0af0a372c346d19c78744a67b1f75169	3eaa93f3b78ca1f4bf39379b7274c64c0af0a372c346d19c78744a67b1f75169	3eaa93f3b78ca1f4bf39379b7274c64c0af0a372c346d19c78744a67b1f75169	1e10bc8a89e5acf56f116743b07330e427ea14dd70a1e3c1e1c2a48427de0337	2	linked-historical-reference
0x001406fc	_Z9fx_dec_r3v	68	src/snes9x/native_fx_opcodes.cpp	local	2672b8d6114bf677e7f2dc2cd6693b6b36ab8a644dba17299f268970d471369a	2672b8d6114bf677e7f2dc2cd6693b6b36ab8a644dba17299f268970d471369a	2672b8d6114bf677e7f2dc2cd6693b6b36ab8a644dba17299f268970d471369a	feeae9e33752da59d0d6b6d16218b85cc5e999ccf3c37350d4bf61ea23850cb4	2	linked-historical-reference
0x00140740	_Z9fx_dec_r4v	68	src/snes9x/native_fx_opcodes.cpp	local	c9f74b80fddb75826c66b5cadedf500617a8511e420d40957ad802b255a38598	c9f74b80fddb75826c66b5cadedf500617a8511e420d40957ad802b255a38598	c9f74b80fddb75826c66b5cadedf500617a8511e420d40957ad802b255a38598	dee32c7a15112217cecc53918ed51feb1f69b0c51b062a92359a0a70788f6eb5	2	linked-historical-reference
0x00140784	_Z9fx_dec_r5v	68	src/snes9x/native_fx_opcodes.cpp	local	8920214a1cc05119f2725cf1657bbf1f5e78f38613873b4aff81be20e0fe3ed3	8920214a1cc05119f2725cf1657bbf1f5e78f38613873b4aff81be20e0fe3ed3	8920214a1cc05119f2725cf1657bbf1f5e78f38613873b4aff81be20e0fe3ed3	c096195d0f9c85c14b9815e2c30b3c1bcf853d47aef4625fa9cb288f991358d3	2	linked-historical-reference
0x001407c8	_Z9fx_dec_r6v	68	src/snes9x/native_fx_opcodes.cpp	local	4f65b873d847e48cd409927295802c429bd40cd5f7cb1f61e153b60eacd65b1e	4f65b873d847e48cd409927295802c429bd40cd5f7cb1f61e153b60eacd65b1e	4f65b873d847e48cd409927295802c429bd40cd5f7cb1f61e153b60eacd65b1e	81674103f638cb02be4e2b24387330d6faf90f90cacc3184fd147f973d7d7254	2	linked-historical-reference
0x0014080c	_Z9fx_dec_r7v	68	src/snes9x/native_fx_opcodes.cpp	local	07a12aeb11b19e480e9d8e05684287dc902f2e8dab1bff43d76d4bba9359d3c7	07a12aeb11b19e480e9d8e05684287dc902f2e8dab1bff43d76d4bba9359d3c7	07a12aeb11b19e480e9d8e05684287dc902f2e8dab1bff43d76d4bba9359d3c7	39a5ff2e43533e82a612533c1c872c9142454e0be16fc4b01403280355272ce7	2	linked-historical-reference
0x00140850	_Z9fx_dec_r8v	68	src/snes9x/native_fx_opcodes.cpp	local	6785b6e3c0057009ced10f89e9176a04ec52139970a053fdf8be8e6453b0d050	6785b6e3c0057009ced10f89e9176a04ec52139970a053fdf8be8e6453b0d050	6785b6e3c0057009ced10f89e9176a04ec52139970a053fdf8be8e6453b0d050	10a38c3d987056d18162d12b5f9bbaec724dce73e079f0fee04da74b378e1353	2	linked-historical-reference
0x00140894	_Z9fx_dec_r9v	68	src/snes9x/native_fx_opcodes.cpp	local	ef98d50e807a0b78c2a8ae8cb8e2b2e2163a4d214f27677191d2fa291e7757fc	ef98d50e807a0b78c2a8ae8cb8e2b2e2163a4d214f27677191d2fa291e7757fc	ef98d50e807a0b78c2a8ae8cb8e2b2e2163a4d214f27677191d2fa291e7757fc	1546068a9c8ae74875c17de6c81f69da1b805e6d7f22d4a2ea3e8994fba4fcca	2	linked-historical-reference
0x001408d8	_Z10fx_dec_r10v	68	src/snes9x/native_fx_opcodes.cpp	local	05c737babb98225429c6d387fece26ad47a2e7945332c1bffdf5472e96164904	05c737babb98225429c6d387fece26ad47a2e7945332c1bffdf5472e96164904	05c737babb98225429c6d387fece26ad47a2e7945332c1bffdf5472e96164904	d9743de074f62ac15dd042ce19302ad50f9bf6e3c40c4c9b3c5fd8a13a958220	2	linked-historical-reference
0x0014091c	_Z10fx_dec_r11v	68	src/snes9x/native_fx_opcodes.cpp	local	b37cc1ef60fd4c318a1d8d81d85c41fcd8ff28997fa39958d4d281d760ed1ea4	b37cc1ef60fd4c318a1d8d81d85c41fcd8ff28997fa39958d4d281d760ed1ea4	b37cc1ef60fd4c318a1d8d81d85c41fcd8ff28997fa39958d4d281d760ed1ea4	8dc3eeb8845f10d38acf39e991c0a5257eea527b5ac7164916b5c8d79dcd0330	2	linked-historical-reference
0x00140960	_Z10fx_dec_r12v	68	src/snes9x/native_fx_opcodes.cpp	local	7d44066f199412976d8ee33b8f967c2f843ef992412c39ac0afa50a64e232e16	7d44066f199412976d8ee33b8f967c2f843ef992412c39ac0afa50a64e232e16	7d44066f199412976d8ee33b8f967c2f843ef992412c39ac0afa50a64e232e16	7ab04c478ab33c5063925a214d0a63e6ad9f3f238bb9020df99e7be85b1bb059	2	linked-historical-reference
0x001409a4	_Z10fx_dec_r13v	68	src/snes9x/native_fx_opcodes.cpp	local	ef58e38f3007372ba632a5f1e378f67115ac29618ff901ec2707e06459744df4	ef58e38f3007372ba632a5f1e378f67115ac29618ff901ec2707e06459744df4	ef58e38f3007372ba632a5f1e378f67115ac29618ff901ec2707e06459744df4	cd7346da3c7e68952dcf927a88e866087ea9f3eaa8609529e2c27a9bdce3eff5	2	linked-historical-reference
0x001409e8	_Z10fx_dec_r14v	88	src/snes9x/native_fx_opcodes.cpp	local	dd72c0e1eeec969b2645f4c1f3d1150ba843f5d52fcb6b5e5bab10109d144a52	dd72c0e1eeec969b2645f4c1f3d1150ba843f5d52fcb6b5e5bab10109d144a52	dd72c0e1eeec969b2645f4c1f3d1150ba843f5d52fcb6b5e5bab10109d144a52	02ffef44312a0d7d923f508a20fc4d3b7c86d57129b39cb4e8a11607d9d34761	2	linked-historical-reference
0x00140a40	_Z7fx_getbv	96	src/snes9x/native_fx_opcodes.cpp	local	b97993d82c6a9fc4525f595fe90ccb696ee9f354e53c535bed5c850ff255ca4b	b97993d82c6a9fc4525f595fe90ccb696ee9f354e53c535bed5c850ff255ca4b	b97993d82c6a9fc4525f595fe90ccb696ee9f354e53c535bed5c850ff255ca4b	931a74b3ebcb6ac1c755ac5bc2d187ca811f693d3d1c18d7d8147978cd0b5f85	2	linked-historical-reference
0x00140aa0	_Z8fx_getbhv	112	src/snes9x/native_fx_opcodes.cpp	local	10eda2d189ca148abf5d7cb8b49e2ce2c3a28040afe4dcac166a1098f242d6c9	10eda2d189ca148abf5d7cb8b49e2ce2c3a28040afe4dcac166a1098f242d6c9	10eda2d189ca148abf5d7cb8b49e2ce2c3a28040afe4dcac166a1098f242d6c9	de2daa6e239e0f50170c279626b5537e68d26058251152882e84007d8e35a4cf	2	linked-historical-reference
0x00140b10	_Z8fx_getblv	112	src/snes9x/native_fx_opcodes.cpp	local	54209bd37743e3eb31911eb9a9650ad17de9d823b6b54d324e6e4a3ce1ff3f59	54209bd37743e3eb31911eb9a9650ad17de9d823b6b54d324e6e4a3ce1ff3f59	54209bd37743e3eb31911eb9a9650ad17de9d823b6b54d324e6e4a3ce1ff3f59	e0a387e4a34a088053ef1d76cc802f3e48214b229ebc8c52de6a7cee533f4001	2	linked-historical-reference
0x00140b80	_Z8fx_getbsv	96	src/snes9x/native_fx_opcodes.cpp	local	80fb171319978e84b5fb3fec1c745e82dc06b655f9779df3ed98cedcf89c71c9	80fb171319978e84b5fb3fec1c745e82dc06b655f9779df3ed98cedcf89c71c9	80fb171319978e84b5fb3fec1c745e82dc06b655f9779df3ed98cedcf89c71c9	7c5a243b7fb17297f087de5bc2b0a925ff7aea0447d811716a99a9c26dedbced	2	linked-historical-reference
0x00140be0	_Z9fx_iwt_r0v	116	src/snes9x/native_fx_opcodes.cpp	local	a66b5fb56b006d55c10b654ef7fc24e29bcb07026f50da3986572ede7b749a25	a66b5fb56b006d55c10b654ef7fc24e29bcb07026f50da3986572ede7b749a25	a66b5fb56b006d55c10b654ef7fc24e29bcb07026f50da3986572ede7b749a25	dded043cd3bbf183209f3986889745fa1890d2a65583bc82578532a91c120bba	3	linked-historical-reference
0x00140c54	_Z9fx_iwt_r1v	116	src/snes9x/native_fx_opcodes.cpp	local	503ce3abc5b1d566667df9e934e3cb6aa5652465e42c6275416fe453eca1c79b	503ce3abc5b1d566667df9e934e3cb6aa5652465e42c6275416fe453eca1c79b	503ce3abc5b1d566667df9e934e3cb6aa5652465e42c6275416fe453eca1c79b	5031d0b4a395f309bc22826a8da51362d2774a440bc1c5d438041d41620e0a67	2	linked-historical-reference
0x00140cc8	_Z9fx_iwt_r2v	116	src/snes9x/native_fx_opcodes.cpp	local	b49cc71542b88fb108d1af945e056959bead233f8a916f7cee13ba22b7e5f239	b49cc71542b88fb108d1af945e056959bead233f8a916f7cee13ba22b7e5f239	b49cc71542b88fb108d1af945e056959bead233f8a916f7cee13ba22b7e5f239	44a607e9bbf4247ab803d43ad5dba25c7bedddeb5d7ecad8eaba0e93daf73b17	2	linked-historical-reference
0x00140d3c	_Z9fx_iwt_r3v	116	src/snes9x/native_fx_opcodes.cpp	local	0f027184ba3a5b88afc87ca0f64ee1e1a86fbae94da1b9675baef573f6ce4c12	0f027184ba3a5b88afc87ca0f64ee1e1a86fbae94da1b9675baef573f6ce4c12	0f027184ba3a5b88afc87ca0f64ee1e1a86fbae94da1b9675baef573f6ce4c12	4884ab7f11d5a1c481d15faac8578ab553ef8b668b07d7702a6c54dd36a5c6c9	2	linked-historical-reference
0x00140db0	_Z9fx_iwt_r4v	116	src/snes9x/native_fx_opcodes.cpp	local	8b5306e6a81d7c9be537e2941faa2875aecd7f2990ca55990e4995c09ccca78a	8b5306e6a81d7c9be537e2941faa2875aecd7f2990ca55990e4995c09ccca78a	8b5306e6a81d7c9be537e2941faa2875aecd7f2990ca55990e4995c09ccca78a	512852b4c69fc51bf9468f2b660358e30a57c5d93bd398c94464c58e1a0ab95c	2	linked-historical-reference
0x00140e24	_Z9fx_iwt_r5v	116	src/snes9x/native_fx_opcodes.cpp	local	2274a4cc78212d5dee6d21ef4090a1c82bb7df3d429101a429ab04eeba88ba8b	2274a4cc78212d5dee6d21ef4090a1c82bb7df3d429101a429ab04eeba88ba8b	2274a4cc78212d5dee6d21ef4090a1c82bb7df3d429101a429ab04eeba88ba8b	b12013c314eca285bdc8f6a93c9cf6e731de2a53c31dad6bf21509d11768a2f6	2	linked-historical-reference
0x00140e98	_Z9fx_iwt_r6v	116	src/snes9x/native_fx_opcodes.cpp	local	ed1fd9ff0112145b703990b8d23c1d431dcc717b59c1d97ef18c55a2db7b2c67	ed1fd9ff0112145b703990b8d23c1d431dcc717b59c1d97ef18c55a2db7b2c67	ed1fd9ff0112145b703990b8d23c1d431dcc717b59c1d97ef18c55a2db7b2c67	3fa1083216096d94ee3d8dc1cfd1e02c530bb0ea4896481909bc610ed03f7f6d	2	linked-historical-reference
0x00140f0c	_Z9fx_iwt_r7v	116	src/snes9x/native_fx_opcodes.cpp	local	ee80d95dd1eb4358dc7407faa295698c3dfff931f82a98788fa8b32bce32f70c	ee80d95dd1eb4358dc7407faa295698c3dfff931f82a98788fa8b32bce32f70c	ee80d95dd1eb4358dc7407faa295698c3dfff931f82a98788fa8b32bce32f70c	f8bf678e5b13c73b979d94d1b304fd8438554c51f30848899f5d36d0c4c4f6bf	2	linked-historical-reference
0x00140f80	_Z9fx_iwt_r8v	116	src/snes9x/native_fx_opcodes.cpp	local	99ada22edb6c3c976775f22d6881d618eb8c23926cb1747db8092cb03f66dee0	99ada22edb6c3c976775f22d6881d618eb8c23926cb1747db8092cb03f66dee0	99ada22edb6c3c976775f22d6881d618eb8c23926cb1747db8092cb03f66dee0	8bcb778634434b8320aeef259469bf275c3aeb96ce0f3ebefdb09ba6b8bf1371	2	linked-historical-reference
0x00140ff4	_Z9fx_iwt_r9v	116	src/snes9x/native_fx_opcodes.cpp	local	3d9eb96b40c5573f5c59f9f5c7c2bf219bd3b5aec7e1b896b76d19bde70845ba	3d9eb96b40c5573f5c59f9f5c7c2bf219bd3b5aec7e1b896b76d19bde70845ba	3d9eb96b40c5573f5c59f9f5c7c2bf219bd3b5aec7e1b896b76d19bde70845ba	56505f71f09d058b0ac573d2a9d55a11d1a8840738e4fae56a2434b1fbce20de	2	linked-historical-reference
0x00141068	_Z10fx_iwt_r10v	116	src/snes9x/native_fx_opcodes.cpp	local	818700e1349d87752f25a696333e49a5db5bd29addcecac60ebca0f638f6edb2	818700e1349d87752f25a696333e49a5db5bd29addcecac60ebca0f638f6edb2	818700e1349d87752f25a696333e49a5db5bd29addcecac60ebca0f638f6edb2	5eca70e21c2ecb36c17707c2d79de82726a9ad76cfc2579a37baa4dc12141048	2	linked-historical-reference
0x001410dc	_Z10fx_iwt_r11v	116	src/snes9x/native_fx_opcodes.cpp	local	20397b28ef0b1a8423c6c3548f7a95207d5e3cf6a4812051dece3f8b926b52fb	20397b28ef0b1a8423c6c3548f7a95207d5e3cf6a4812051dece3f8b926b52fb	20397b28ef0b1a8423c6c3548f7a95207d5e3cf6a4812051dece3f8b926b52fb	1dd1f5b578f9439df40336f5d52a2adf7359a69862a774215de5bfb9a4b00ba8	2	linked-historical-reference
0x00141150	_Z10fx_iwt_r12v	116	src/snes9x/native_fx_opcodes.cpp	local	e8033abdcfa8cc487b9eda3506e8ee79707da3383c80262853484f1f4d4872f8	e8033abdcfa8cc487b9eda3506e8ee79707da3383c80262853484f1f4d4872f8	e8033abdcfa8cc487b9eda3506e8ee79707da3383c80262853484f1f4d4872f8	e77fdbafefc8307d1d7b7d361d52fade55503ff3d1a136f8b7954d0c88e71052	2	linked-historical-reference
0x001411c4	_Z10fx_iwt_r13v	116	src/snes9x/native_fx_opcodes.cpp	local	0fa7020477306638876712e7dcfdc1088e843d868bafc62ad96fb2f04d10b741	0fa7020477306638876712e7dcfdc1088e843d868bafc62ad96fb2f04d10b741	0fa7020477306638876712e7dcfdc1088e843d868bafc62ad96fb2f04d10b741	6900871ffc6f7a4bb2ef2c187e5ae185e06ef44a25ede8a0637661daee881bff	2	linked-historical-reference
0x00141238	_Z10fx_iwt_r14v	136	src/snes9x/native_fx_opcodes.cpp	local	19593dcff4f073affb98f8b9fc051c0ffb3370cf92db0de7cb5b7c9e821519b2	19593dcff4f073affb98f8b9fc051c0ffb3370cf92db0de7cb5b7c9e821519b2	19593dcff4f073affb98f8b9fc051c0ffb3370cf92db0de7cb5b7c9e821519b2	2cb70f5d8b8c4e1cd161599978b7572506cd068db19387efb79e08a0831ba748	2	linked-historical-reference
0x001412c0	_Z10fx_iwt_r15v	108	src/snes9x/native_fx_opcodes.cpp	local	324e4ee9c7b5be1575f78f37aabdcf624582f5f4708d3ba8ec886720b02733d9	324e4ee9c7b5be1575f78f37aabdcf624582f5f4708d3ba8ec886720b02733d9	324e4ee9c7b5be1575f78f37aabdcf624582f5f4708d3ba8ec886720b02733d9	5f5f72719478aed19b8ee06b2612bccbd94942ae633f42ec54e68bf2cf395c7f	2	linked-historical-reference
0x0014132c	_Z8fx_lm_r0v	164	src/snes9x/native_fx_opcodes.cpp	local	3925e15c2b7c20969993b0987ddfd660bed069afb7d53fc1b5611ea98dfb6823	3925e15c2b7c20969993b0987ddfd660bed069afb7d53fc1b5611ea98dfb6823	3925e15c2b7c20969993b0987ddfd660bed069afb7d53fc1b5611ea98dfb6823	f32fb312ee4e819a76f01224977340bf398d2409ce80c5772eda89524d95ebc9	4	linked-historical-reference
0x001413d0	_Z8fx_lm_r1v	164	src/snes9x/native_fx_opcodes.cpp	local	8e1cf4711c4752f4b694da9d2236eafcac0c5077f463f6122da9d0521399fd41	8e1cf4711c4752f4b694da9d2236eafcac0c5077f463f6122da9d0521399fd41	8e1cf4711c4752f4b694da9d2236eafcac0c5077f463f6122da9d0521399fd41	e0f26a535d4f24718ed794fa7077c8958b9049a931e7401fcac425c4889bda2b	2	linked-historical-reference
0x00141474	_Z8fx_lm_r2v	164	src/snes9x/native_fx_opcodes.cpp	local	3e26959f38b35d03ccd4ba32d005256cd2ece3f5105bc55ce1759108d04ee60f	3e26959f38b35d03ccd4ba32d005256cd2ece3f5105bc55ce1759108d04ee60f	3e26959f38b35d03ccd4ba32d005256cd2ece3f5105bc55ce1759108d04ee60f	521887a81769f032f546fc1a7dca8ed72d40ff426cab5075cd2a238104f9f8aa	2	linked-historical-reference
0x00141518	_Z8fx_lm_r3v	164	src/snes9x/native_fx_opcodes.cpp	local	c03e409af0b61ba2b0f203976f401df7198076345cd078d87250265778106d66	c03e409af0b61ba2b0f203976f401df7198076345cd078d87250265778106d66	c03e409af0b61ba2b0f203976f401df7198076345cd078d87250265778106d66	c16610a4b70ee0479cb5cd4d7ad0f730fa2ece7cba9053d6f6a070fcfd6b9708	2	linked-historical-reference
0x001415bc	_Z8fx_lm_r4v	164	src/snes9x/native_fx_opcodes.cpp	local	d9372185a89eca7728cc9711a6ca363c847093b44879c15b344494f763e58839	d9372185a89eca7728cc9711a6ca363c847093b44879c15b344494f763e58839	d9372185a89eca7728cc9711a6ca363c847093b44879c15b344494f763e58839	847eb6c4e9811eceb7138d87619a1e7a09d4b195f9afad2610f01751f81fdf34	2	linked-historical-reference
0x00141660	_Z8fx_lm_r5v	164	src/snes9x/native_fx_opcodes.cpp	local	1877abe3afbc27f53f8086037a73438be315cfda788f2d94e45e36ed6c566fff	1877abe3afbc27f53f8086037a73438be315cfda788f2d94e45e36ed6c566fff	1877abe3afbc27f53f8086037a73438be315cfda788f2d94e45e36ed6c566fff	51991994597e6786282e18592384c4f0764db8e35e21fd9ea955eded2d63c273	2	linked-historical-reference
0x00141704	_Z8fx_lm_r6v	164	src/snes9x/native_fx_opcodes.cpp	local	e631125f700e04f33ec26834b0b3cd89aa8504dc55105451b869dfe4ee1914ad	e631125f700e04f33ec26834b0b3cd89aa8504dc55105451b869dfe4ee1914ad	e631125f700e04f33ec26834b0b3cd89aa8504dc55105451b869dfe4ee1914ad	a7c2ca909153ccf915f2f8ab9658002eae4b1c210b94d75a873ffb6071a70751	2	linked-historical-reference
0x001417a8	_Z8fx_lm_r7v	164	src/snes9x/native_fx_opcodes.cpp	local	f91c394bee8d689e9d4c1acf874cfc3d72beb5a82df915d51f9a98a22619d940	f91c394bee8d689e9d4c1acf874cfc3d72beb5a82df915d51f9a98a22619d940	f91c394bee8d689e9d4c1acf874cfc3d72beb5a82df915d51f9a98a22619d940	1332c058d013752737293cd72aa9266a226a7db267d7a6410afd0f884472137b	2	linked-historical-reference
0x0014184c	_Z8fx_lm_r8v	164	src/snes9x/native_fx_opcodes.cpp	local	77e81b90998a0f0d2e54002fd5b13bc7bd03074584ced1e2287ee00ab717cb3b	77e81b90998a0f0d2e54002fd5b13bc7bd03074584ced1e2287ee00ab717cb3b	77e81b90998a0f0d2e54002fd5b13bc7bd03074584ced1e2287ee00ab717cb3b	190e4c54ced6460fbfe0e17bdcb47041cd96a90d7f579aafff3c80510852765d	2	linked-historical-reference
0x001418f0	_Z8fx_lm_r9v	164	src/snes9x/native_fx_opcodes.cpp	local	d5d88fb5bdb8a947d4b8b0814d10f85144442ffb3d839b1b100cdad89aee2b7b	d5d88fb5bdb8a947d4b8b0814d10f85144442ffb3d839b1b100cdad89aee2b7b	d5d88fb5bdb8a947d4b8b0814d10f85144442ffb3d839b1b100cdad89aee2b7b	417e7fd6256d79ee14628d55ada002aa975e5fc972d0adeedf0af149ac763aea	2	linked-historical-reference
0x00141994	_Z9fx_lm_r10v	164	src/snes9x/native_fx_opcodes.cpp	local	18756c0715de4969b4184c5b797e68602b029fd415a47888eee1e37734f74682	18756c0715de4969b4184c5b797e68602b029fd415a47888eee1e37734f74682	18756c0715de4969b4184c5b797e68602b029fd415a47888eee1e37734f74682	b9180eca195cd39c4e867f6ae943c84cc96ce8aa5d43f950b5bfdca2d36078bd	2	linked-historical-reference
0x00141a38	_Z9fx_lm_r11v	164	src/snes9x/native_fx_opcodes.cpp	local	6fd698e65a638d6c33d240bc39b329ab11b108e01d771e76c9584a6c51e35a25	6fd698e65a638d6c33d240bc39b329ab11b108e01d771e76c9584a6c51e35a25	6fd698e65a638d6c33d240bc39b329ab11b108e01d771e76c9584a6c51e35a25	9991fdbd260f71c093373a8bfd0f5b9e8bfda97b2227bf874c6fb7981c910b8e	2	linked-historical-reference
0x00141adc	_Z9fx_lm_r12v	164	src/snes9x/native_fx_opcodes.cpp	local	901f400316fa9a0145f82c28a402579f17d576c7323c65f39cba778f0b2ad1cb	901f400316fa9a0145f82c28a402579f17d576c7323c65f39cba778f0b2ad1cb	901f400316fa9a0145f82c28a402579f17d576c7323c65f39cba778f0b2ad1cb	ae1afeadb18e78558f540ed3f1e55c184020a46a3ab486bb791be1e6215351b5	2	linked-historical-reference
0x00141b80	_Z9fx_lm_r13v	164	src/snes9x/native_fx_opcodes.cpp	local	b6fe5932e87f5de6623cacf5b9888c7eaa64def74fde967b21232d5cbf960468	b6fe5932e87f5de6623cacf5b9888c7eaa64def74fde967b21232d5cbf960468	b6fe5932e87f5de6623cacf5b9888c7eaa64def74fde967b21232d5cbf960468	60621b8c3274bb976654ebe3ca9d6ab9255aecf4d1d43b4ea4f7406a78db9050	2	linked-historical-reference
0x00141c24	_Z9fx_lm_r14v	184	src/snes9x/native_fx_opcodes.cpp	local	a154302374a4363cc68c71a23fcfeeaed4979beb2c047551f20b33443c3072dd	a154302374a4363cc68c71a23fcfeeaed4979beb2c047551f20b33443c3072dd	a154302374a4363cc68c71a23fcfeeaed4979beb2c047551f20b33443c3072dd	c0374057f2fd0cb4f39360a85ac8345f2e875f014425e152a0246b4e57843173	2	linked-historical-reference
0x00141cdc	_Z9fx_lm_r15v	164	src/snes9x/native_fx_opcodes.cpp	local	5b8a7d24543e7a6234c1de4b57cbce4013c0a7a5f89f0b41604564830e9b24df	5b8a7d24543e7a6234c1de4b57cbce4013c0a7a5f89f0b41604564830e9b24df	5b8a7d24543e7a6234c1de4b57cbce4013c0a7a5f89f0b41604564830e9b24df	17fbd88a12dcc5bf4e63cd1510bf544390447cb0a17e810de192c4fdb373c676	2	linked-historical-reference
0x00141d80	_Z8fx_sm_r0v	168	src/snes9x/native_fx_opcodes.cpp	local	2d8f6b806948f0bba628527c9c2a3191f835657f8ad2f26a282a01eb2e192d8e	2d8f6b806948f0bba628527c9c2a3191f835657f8ad2f26a282a01eb2e192d8e	2d8f6b806948f0bba628527c9c2a3191f835657f8ad2f26a282a01eb2e192d8e	b661229a103a1f6cb00f4d586faf5aedf41db3880f7a219562f5a209b58b9b1b	3	linked-historical-reference
0x00141e28	_Z8fx_sm_r1v	168	src/snes9x/native_fx_opcodes.cpp	local	a966832d38d072395470bc297b522cdeecabe30b1ffc285572252c28654a7f95	a966832d38d072395470bc297b522cdeecabe30b1ffc285572252c28654a7f95	a966832d38d072395470bc297b522cdeecabe30b1ffc285572252c28654a7f95	0757fec3c607c372e5fd6bcadac65820f62255d44ba3b0718acd38d6654e702c	2	linked-historical-reference
0x00141ed0	_Z8fx_sm_r2v	168	src/snes9x/native_fx_opcodes.cpp	local	1f4a40efca94cc01b4d616fb4e38ea8d660c60cc47b1f3cb2df45c8ed429f379	1f4a40efca94cc01b4d616fb4e38ea8d660c60cc47b1f3cb2df45c8ed429f379	1f4a40efca94cc01b4d616fb4e38ea8d660c60cc47b1f3cb2df45c8ed429f379	7887c76d0ca870d282766ae467ad29ce96a9e8d35230f23ac37d68adc90de80b	2	linked-historical-reference
0x00141f78	_Z8fx_sm_r3v	168	src/snes9x/native_fx_opcodes.cpp	local	3d90ac3662d4ece0553c04b926a2742dc8dcccb63d5a8f4fefbc6d4641932fbd	3d90ac3662d4ece0553c04b926a2742dc8dcccb63d5a8f4fefbc6d4641932fbd	3d90ac3662d4ece0553c04b926a2742dc8dcccb63d5a8f4fefbc6d4641932fbd	a60f3ce3c15a0b46de948c9a42d7d255a192be9763cea520f674658eb307ab52	2	linked-historical-reference
0x00142020	_Z8fx_sm_r4v	168	src/snes9x/native_fx_opcodes.cpp	local	4987107b25450118bf2a01fba9ef365b0632c8e8c7062e616e570b95cacadfda	4987107b25450118bf2a01fba9ef365b0632c8e8c7062e616e570b95cacadfda	4987107b25450118bf2a01fba9ef365b0632c8e8c7062e616e570b95cacadfda	a9d4bc4218b26b256ac4c2f9d34d4ff0c92adc3a4f07d28cdf87c2138aa984bd	2	linked-historical-reference
0x001420c8	_Z8fx_sm_r5v	168	src/snes9x/native_fx_opcodes.cpp	local	51a2dea203ad0638891fa8223c1881274bed6e1675e3ffb451c56eb39f67a346	51a2dea203ad0638891fa8223c1881274bed6e1675e3ffb451c56eb39f67a346	51a2dea203ad0638891fa8223c1881274bed6e1675e3ffb451c56eb39f67a346	fc176ca1b98b818117b861f10687b3ba25a007cfedc0be4d8d653543cf7d0661	2	linked-historical-reference
0x00142170	_Z8fx_sm_r6v	168	src/snes9x/native_fx_opcodes.cpp	local	f26a461e17bc5c5c15d4a9d2ee33e0b543a0f49a158cab2ace2be66efe7483f3	f26a461e17bc5c5c15d4a9d2ee33e0b543a0f49a158cab2ace2be66efe7483f3	f26a461e17bc5c5c15d4a9d2ee33e0b543a0f49a158cab2ace2be66efe7483f3	b94bba7d19348e6ecf837355407ee2341e318662b61a9190eaed94f871fe265e	2	linked-historical-reference
0x00142218	_Z8fx_sm_r7v	168	src/snes9x/native_fx_opcodes.cpp	local	bc7052a574e684086889343d86376edbbdaaa8ae4309ebe4763f0af0bb21ea7b	bc7052a574e684086889343d86376edbbdaaa8ae4309ebe4763f0af0bb21ea7b	bc7052a574e684086889343d86376edbbdaaa8ae4309ebe4763f0af0bb21ea7b	9c875f5ea1b402cec557f3e390eb58eb94e3d02b813c510473a208ee5af555dc	2	linked-historical-reference
0x001422c0	_Z8fx_sm_r8v	168	src/snes9x/native_fx_opcodes.cpp	local	5a818caf99a59a108c1c44d42b9ea3ea84c1263a2727a5c86a5aa740887621e3	5a818caf99a59a108c1c44d42b9ea3ea84c1263a2727a5c86a5aa740887621e3	5a818caf99a59a108c1c44d42b9ea3ea84c1263a2727a5c86a5aa740887621e3	15939715c8ca7532aa4f19724aa7d34720052f6a3539dec6ae9eecf37603630e	2	linked-historical-reference
0x00142368	_Z8fx_sm_r9v	168	src/snes9x/native_fx_opcodes.cpp	local	e17b971b2b7781376ef0ec2c23c49621a387ce23fcab5a7e79c1bab454aa123c	e17b971b2b7781376ef0ec2c23c49621a387ce23fcab5a7e79c1bab454aa123c	e17b971b2b7781376ef0ec2c23c49621a387ce23fcab5a7e79c1bab454aa123c	7b7a88285bfb8e15a490439abe88c38688a5243e6d4bab4034ea1e11f024f7c9	2	linked-historical-reference
0x00142410	_Z9fx_sm_r10v	168	src/snes9x/native_fx_opcodes.cpp	local	228ce0cbec727e9254b232855c66bfd88ffb2fe33f03cc868fb8d47b54b52b2e	228ce0cbec727e9254b232855c66bfd88ffb2fe33f03cc868fb8d47b54b52b2e	228ce0cbec727e9254b232855c66bfd88ffb2fe33f03cc868fb8d47b54b52b2e	6026db54add93b937fd9c89aa295cd306fcd6e729139ce40e77ae75edf2dd14b	2	linked-historical-reference
0x001424b8	_Z9fx_sm_r11v	168	src/snes9x/native_fx_opcodes.cpp	local	6b0e03a4249fbb018b7801581ffb05602b2acc41f7014aa899ec6ba18ccf1354	6b0e03a4249fbb018b7801581ffb05602b2acc41f7014aa899ec6ba18ccf1354	6b0e03a4249fbb018b7801581ffb05602b2acc41f7014aa899ec6ba18ccf1354	22577cbf55bc5bdca0c39ab714079ae9a73669f0e141b0a416a8c617d774ad5d	2	linked-historical-reference
0x00142560	_Z9fx_sm_r12v	168	src/snes9x/native_fx_opcodes.cpp	local	f8cb6c180c5f5e88fca5b32f4134cbac08e22e9bd77ca6617a2fe15ac6ce01a3	f8cb6c180c5f5e88fca5b32f4134cbac08e22e9bd77ca6617a2fe15ac6ce01a3	f8cb6c180c5f5e88fca5b32f4134cbac08e22e9bd77ca6617a2fe15ac6ce01a3	a3a56bd1a5edc86412e611c16b81756a396ae6cd830431195247b227bae3e9c6	2	linked-historical-reference
0x00142608	_Z9fx_sm_r13v	168	src/snes9x/native_fx_opcodes.cpp	local	3e53b32bc6967361ddf5f70fb57e6c30610b4939dc93dcaef4c7bc926e877ee2	3e53b32bc6967361ddf5f70fb57e6c30610b4939dc93dcaef4c7bc926e877ee2	3e53b32bc6967361ddf5f70fb57e6c30610b4939dc93dcaef4c7bc926e877ee2	d2e3d74e61769c60d1f593929774a01913a5838c25bbc50b5b9a43886bec1c1c	2	linked-historical-reference
0x001426b0	_Z9fx_sm_r14v	168	src/snes9x/native_fx_opcodes.cpp	local	d1991e4ac446481f68e74ebf79f06e65c2fc09303d7cdf98493339c4f11b7e74	d1991e4ac446481f68e74ebf79f06e65c2fc09303d7cdf98493339c4f11b7e74	d1991e4ac446481f68e74ebf79f06e65c2fc09303d7cdf98493339c4f11b7e74	a45839a8f0aa9717cd6f82f070cbb09edb011777c6a52a05c81334be5a78f796	2	linked-historical-reference
0x00142758	_Z9fx_sm_r15v	164	src/snes9x/native_fx_opcodes.cpp	local	7ae2883e4fc0ea93423e1bef3a33401cfb9b9b34bd0cd8219338ac09b1de8f87	7ae2883e4fc0ea93423e1bef3a33401cfb9b9b34bd0cd8219338ac09b1de8f87	7ae2883e4fc0ea93423e1bef3a33401cfb9b9b34bd0cd8219338ac09b1de8f87	a3af7f13bb0ffb76f911ae05261d444a8bf692588e41790eafaeff2bcd4482ff	2	linked-historical-reference
0x001427fc	_Z6fx_runj	200	src/snes9x/native_fx_opcodes.cpp	local	9aa5c3de4d48a5a0dce3253c00ada5f3f41134b6a6a91580120a4463c73f5b31	9aa5c3de4d48a5a0dce3253c00ada5f3f41134b6a6a91580120a4463c73f5b31	1d7dcba11684911fce7e1bb20d2d8a951ed91095d237944402abcac46d6f04e2	be1e8d0d454a4429d6dfc35293dc6b8d37cbd1e47171e32466e0a758bbd99975	8	linked-historical-reference
0x001428c4	_Z20fx_run_to_breakpointj	212	src/snes9x/native_fx_opcodes.cpp	local	afec2720d585a7e0fc985c7b9b34606dc1bcd4671e506355896a3f6140faf409	afec2720d585a7e0fc985c7b9b34606dc1bcd4671e506355896a3f6140faf409	afec2720d585a7e0fc985c7b9b34606dc1bcd4671e506355896a3f6140faf409	ff333a7cc969624139a56bdea350b9c6d9b5c53d615a2740105d85aefbb917f0	7	linked-historical-reference
0x00142998	_Z12fx_step_overj	224	src/snes9x/native_fx_opcodes.cpp	local	ba574f276dbe45c45b68cea179c453b66de3d459287f90b4582508ceb15ceaf6	ba574f276dbe45c45b68cea179c453b66de3d459287f90b4582508ceb15ceaf6	ba574f276dbe45c45b68cea179c453b66de3d459287f90b4582508ceb15ceaf6	8dfe12dd4d5ff403883cc90ff7b22becab7af119cb7084e96e536cf7ee9ccc60	7	linked-historical-reference
