address	symbol	source_file	size	binding	relocations	historical_raw_sha256	isolated_raw_sha256	normalized_sha256	linked_sha256	proof_level
0x0015f1c8	_Z6Op69M1v	src/snes9x/native_sa1_opcodes.cpp	68	local	5	9865cb96d0178a42193a706511c180534e5d0473fed7a93cd9118c2334c3d67c	8c13efe719b95d2aaa9df09328d8edf5c2035cc5c4b09e00b33cf1e485d26b7a	8c13efe719b95d2aaa9df09328d8edf5c2035cc5c4b09e00b33cf1e485d26b7a	3769c73b9c8f055bc49a8fd9dee7bce7fab35a7fc950f6be95a72153219eaa96	linked-historical-reference
0x0015f20c	_Z6Op69M0v	src/snes9x/native_sa1_opcodes.cpp	68	local	5	99ac0bdff2fc41a5dea70df3c26c80de8649d325d75f99d495b35a9cccb79c5a	e2c02780b31c561628dd73ada2bbc01a034f804411733e6cc7604d3052697574	e2c02780b31c561628dd73ada2bbc01a034f804411733e6cc7604d3052697574	5ac071e373fff4ed6e46128124835fc3cbaa8bff35912c3bbd00d00227f5a8c4	linked-historical-reference
0x0015f250	_Z6Op65M1v	src/snes9x/native_sa1_opcodes.cpp	84	local	9	c7b0396622c664ced00e0ac46be2cf61d3168a964c4735b048726d1aeccfcec8	4625d1e29dd0e57509f038625816c0ff3178aa8fca5b8b8162cccf4639c59deb	742869ad58544da8e997b2535dff116bdad496b12e93cfca347f2029a56f6acd	ede84c05a858af82b28957ce0f876b5b515eec738a38b23a838b4357b9407203	linked-historical-reference
0x0015f2a4	_Z6Op65M0v	src/snes9x/native_sa1_opcodes.cpp	84	local	9	a75db9273c58bb19e1b04f564bf651fb4450bc8f273dc32856a9e112a5a53a2a	4625d1e29dd0e57509f038625816c0ff3178aa8fca5b8b8162cccf4639c59deb	742869ad58544da8e997b2535dff116bdad496b12e93cfca347f2029a56f6acd	f50613e58b8d08064f6e6d3ce8d481f5bb8edf624a5df1e3c7140bbf106bd082	linked-historical-reference
0x0015f2f8	_Z6Op75M1v	src/snes9x/native_sa1_opcodes.cpp	112	local	9	b853ab5e9f983103a177e73d9732b9cb67a2005fcf87e96597a357184f2254b3	670c377de7fa002aa1c83bbcadc999e2b31109b72a48b1b6446c98bdbc025182	670c377de7fa002aa1c83bbcadc999e2b31109b72a48b1b6446c98bdbc025182	8d2f7b0d0341e1b3d758ad8d0c445be3c17dacdd67ce03c24cdfa94db80716ad	linked-historical-reference
0x0015f368	_Z6Op75M0v	src/snes9x/native_sa1_opcodes.cpp	112	local	9	f2d4abb2ffcab85173f92b110ecf01b4e9ffde555f1c979717dff4319055e1b4	670c377de7fa002aa1c83bbcadc999e2b31109b72a48b1b6446c98bdbc025182	670c377de7fa002aa1c83bbcadc999e2b31109b72a48b1b6446c98bdbc025182	a59eab487d5b8ca95fd4b11ff123689229c49a7fb620e06e4b3122fe675806af	linked-historical-reference
0x0015f3d8	_Z6Op72M1v	src/snes9x/native_sa1_opcodes.cpp	144	local	13	ca9983f902d0e5d7fef101600bde3279c97b97b6a4f8b9dac756589907cbd719	d249e7af852f43d02a3ca28691a90a09c4a5e25ecf97d8c63d95c5279eb1eb42	c5298ea18e0eed6db62d2b99dc26af3c53c5e75538b6285bedf367b0dd1102e7	74bda07b9ff0d6c75fc168994283d4fcbb6f2516b72f55caa4be2feb55c12366	linked-historical-reference
0x0015f468	_Z6Op72M0v	src/snes9x/native_sa1_opcodes.cpp	144	local	13	818671365474695a33e16ef57d1ffbe582f3ba728ae9034e5ca0240b3cc944ea	d249e7af852f43d02a3ca28691a90a09c4a5e25ecf97d8c63d95c5279eb1eb42	c5298ea18e0eed6db62d2b99dc26af3c53c5e75538b6285bedf367b0dd1102e7	60447c3b8939ea11b00fe4e2a0c8b0204af5717ebb2743cee5712de7960ae4a2	linked-historical-reference
0x0015f4f8	_Z6Op61M1v	src/snes9x/native_sa1_opcodes.cpp	156	local	13	ac4fb2d3de09922de23b3fd74d25ee17c88e2706e3c5893c6c4190365ba1f08d	12ab45644b47e44acb54f3247f9f97b38ad20cd73c79490d4f84c55cd22fd38f	12ab45644b47e44acb54f3247f9f97b38ad20cd73c79490d4f84c55cd22fd38f	d66f88272171883e0e7fbf07543f3f3be6fbc07306f81760488c7116a99e418c	linked-historical-reference
0x0015f594	_Z6Op61M0v	src/snes9x/native_sa1_opcodes.cpp	156	local	13	788a33a8d49a70986e6a766edeb0f622af63080c4fcbdf717e9271598d57bd63	12ab45644b47e44acb54f3247f9f97b38ad20cd73c79490d4f84c55cd22fd38f	12ab45644b47e44acb54f3247f9f97b38ad20cd73c79490d4f84c55cd22fd38f	f81d471779447e97bdff0e97abc72e8c2caa6fd8636caf93ceddc4cb644171de	linked-historical-reference
0x0015f630	_Z6Op71M1v	src/snes9x/native_sa1_opcodes.cpp	172	local	13	9f6d0226a99a6dea89604f0403f67c64acbcd51987ae12a87c293bf732d25b3d	89482c9f4cc94375102ad9703cfff9a7005ab2f31d1c3368a6cef4bc09d0d71f	89482c9f4cc94375102ad9703cfff9a7005ab2f31d1c3368a6cef4bc09d0d71f	8f155ebeb28d2b6f5b2a50d2e468edf6f2d3c47351b02e21a92d97c8c9d7508a	linked-historical-reference
0x0015f6dc	_Z6Op71M0v	src/snes9x/native_sa1_opcodes.cpp	172	local	13	7736574cdf0bab280a71da845eba4eadc260836113e4becab40aca8c46695baf	89482c9f4cc94375102ad9703cfff9a7005ab2f31d1c3368a6cef4bc09d0d71f	89482c9f4cc94375102ad9703cfff9a7005ab2f31d1c3368a6cef4bc09d0d71f	271b7e2a35bf3ac8de83e1cc41572517be78c0289519d3a6ba9b12a903e26582	linked-historical-reference
0x0015f788	_Z6Op67M1v	src/snes9x/native_sa1_opcodes.cpp	156	local	15	0682be067efa3beb267a08ae928ee48fc2f4819e05d4837a6319e90ea193aa0a	f6105ff90cdccdce7bf4b277348acecce41cd52cf0ce48d300c9a5fc39865b1f	b2aa0f0388613bd610b5d4d6db4b93672edf040e0f8bb18436f523daff231d6c	07af6f131624e5fa14fc7687ab247f76025d409c2ffc5d12c4b7db3488a80607	linked-historical-reference
0x0015f824	_Z6Op67M0v	src/snes9x/native_sa1_opcodes.cpp	156	local	15	404167e255238a35f952ee185b1817925e499adbf8107d2dc7a548c2579cf15a	f6105ff90cdccdce7bf4b277348acecce41cd52cf0ce48d300c9a5fc39865b1f	b2aa0f0388613bd610b5d4d6db4b93672edf040e0f8bb18436f523daff231d6c	5a1c2daaf5c43bb10b9010cee24cb13d75bfe15d9a9ce7969d96d9372ed6ea74	linked-historical-reference
0x0015f8c0	_Z6Op77M1v	src/snes9x/native_sa1_opcodes.cpp	176	local	15	42f7a6d5af2385b6b0d05a42505ee7155512828bb111b58ac4d3b419293e0eaa	153584fb3920d49541dadf3244445cf75a6c0f4275e05340103667e1feef9845	153584fb3920d49541dadf3244445cf75a6c0f4275e05340103667e1feef9845	34f89e5c49a94bcfb2a956a02486f1fc133da6735bffa008810cfbed129d1a6f	linked-historical-reference
0x0015f970	_Z6Op77M0v	src/snes9x/native_sa1_opcodes.cpp	176	local	15	df283ef281268c57fecb92e5d673c3c77c2112fa81dcde62a8f7271d35ab49ed	153584fb3920d49541dadf3244445cf75a6c0f4275e05340103667e1feef9845	153584fb3920d49541dadf3244445cf75a6c0f4275e05340103667e1feef9845	a3efa4963510a472e897c2616785acb44a557972185faaa9abeecc7a2e3af561	linked-historical-reference
0x0015fa20	_Z6Op6DM1v	src/snes9x/native_sa1_opcodes.cpp	96	local	7	d56f1cf4063d453c785a9bf0526dcf780e1ff16f3a466cc616a0a359de7de677	61baddbfc629a72bc041bd2e4e4e2f9a4e83da7c3f6c0bd75b0ca103dd09ab6e	61baddbfc629a72bc041bd2e4e4e2f9a4e83da7c3f6c0bd75b0ca103dd09ab6e	e6400e18e5e5ad02b40b7a44233d80d92f0c039a44793587bab78f5146151248	linked-historical-reference
0x0015fa80	_Z6Op6DM0v	src/snes9x/native_sa1_opcodes.cpp	96	local	7	7189fc66dff4301286beda51266879d8d318e3577fcb75deed1b5fe6619f6ad0	61baddbfc629a72bc041bd2e4e4e2f9a4e83da7c3f6c0bd75b0ca103dd09ab6e	61baddbfc629a72bc041bd2e4e4e2f9a4e83da7c3f6c0bd75b0ca103dd09ab6e	c072ced51da745b7088c43b8d05e4153bedd7c0051c055137a7ceeb09948f6e8	linked-historical-reference
0x0015fae0	_Z6Op7DM1v	src/snes9x/native_sa1_opcodes.cpp	108	local	9	c1378655fc578476219770e95f11c32d15032aab0f78dc96b8707d851bbbd781	ed418716a4a2e2ee0c8b8c66aefaef896efaf15c9ea3462cec4f01cf63121bd8	7339e1a4529ab203d8eed3027dee1ba4d75802f07712f358b4ca3562d1b62dd5	0e6496a04500d460a6049442b4ef2797c39076b864e0a413a6d468d695acf033	linked-historical-reference
0x0015fb4c	_Z6Op7DM0v	src/snes9x/native_sa1_opcodes.cpp	108	local	9	016a8639cfe15505778814b2af1560d778074bac60a3dcf3ceb421447869fa2f	ed418716a4a2e2ee0c8b8c66aefaef896efaf15c9ea3462cec4f01cf63121bd8	7339e1a4529ab203d8eed3027dee1ba4d75802f07712f358b4ca3562d1b62dd5	3f76fb2ae0e45dd772f3e6b8555686f70eb2c3be32723c8c612a05e2468bfb12	linked-historical-reference
0x0015fbb8	_Z6Op79M1v	src/snes9x/native_sa1_opcodes.cpp	108	local	9	6b0673e08a1d6374d00d74a2b1b83e1435030fc36d299949a39babfcebc625f5	daa88f7d1bf911290872a247220f8c8f4207b94196ea2211f5dd3c23a9f17b3d	7339e1a4529ab203d8eed3027dee1ba4d75802f07712f358b4ca3562d1b62dd5	12ef832186bf63c57ce1e4d40066cd4e51e0bd2afe804b3d3b30f32f35071e98	linked-historical-reference
0x0015fc24	_Z6Op79M0v	src/snes9x/native_sa1_opcodes.cpp	108	local	9	1b8fb6f4827f38b19dc72e8d1872fd7e56b813de401a9103f8f39b534dda0b74	daa88f7d1bf911290872a247220f8c8f4207b94196ea2211f5dd3c23a9f17b3d	7339e1a4529ab203d8eed3027dee1ba4d75802f07712f358b4ca3562d1b62dd5	2948185216b4291dc3222c27d41d3ee807d68918f21b521c7a86fb680932cc6f	linked-historical-reference
0x0015fc90	_Z6Op6FM1v	src/snes9x/native_sa1_opcodes.cpp	92	local	7	24d72aadffebf48fea862fa375f833c06ea2f4a599a53f3bb2b5fd9a2a92f18c	4bfddc26b114561712f1ddbde45e35709f6d61b4b85c4fa5558142d055e0c557	4bfddc26b114561712f1ddbde45e35709f6d61b4b85c4fa5558142d055e0c557	d3ac162aee4425192f5b0aaaf820e074740cb7c846ec630b74a2d53668fb714d	linked-historical-reference
0x0015fcec	_Z6Op6FM0v	src/snes9x/native_sa1_opcodes.cpp	92	local	7	e2a306ebddc97176cdffb077da61dae2973a49e9cd5fa0c44affc50b8aeeee52	4bfddc26b114561712f1ddbde45e35709f6d61b4b85c4fa5558142d055e0c557	4bfddc26b114561712f1ddbde45e35709f6d61b4b85c4fa5558142d055e0c557	ccb24b87c8bae3e72b813a196bf68b50aa68605c581bebad73dc9db39559674f	linked-historical-reference
0x0015fd48	_Z6Op7FM1v	src/snes9x/native_sa1_opcodes.cpp	116	local	9	a80f69f55d90b2254ba0c139097a3b6e957aa1f5e55b61ae3368089218750e48	f5aec0d77584e9088873e764287520b66e7194b40ed111926210c3e192dbaa40	6bd8539a2c56f1f33e0358df9ef04e49a68853659358b7869da5b13f1f4ab6f8	f9b61f392a2d1471431a0a3b8d7e5b7c768eb8889dc8d28efc669cc3f7a4a9d9	linked-historical-reference
0x0015fdbc	_Z6Op7FM0v	src/snes9x/native_sa1_opcodes.cpp	116	local	9	f662c29efcc2b0346e2c6bc5f0f142f9af50ea2e8bcb567499cad4add71995ee	f5aec0d77584e9088873e764287520b66e7194b40ed111926210c3e192dbaa40	6bd8539a2c56f1f33e0358df9ef04e49a68853659358b7869da5b13f1f4ab6f8	00432d9a1493d6498973fb8b5f744825af754517e8db46402fb9c325cf670fb2	linked-historical-reference
0x0015fe30	_Z6Op63M1v	src/snes9x/native_sa1_opcodes.cpp	84	local	9	a6c3a8e830fd4267c3635997d3429776e826bc7db81baa524e7949e0fd8b6d59	e92a947a194e6da2ad335813a6c3f46d317a132711d6569baf6f8b677fdea8a6	742869ad58544da8e997b2535dff116bdad496b12e93cfca347f2029a56f6acd	3c9052552ab9873c76891896e64a65ef1c8c6c8c09e171aa4bfaaa4264f726e7	linked-historical-reference
0x0015fe84	_Z6Op63M0v	src/snes9x/native_sa1_opcodes.cpp	84	local	9	21c5ec1d75c3322b93d0fb4ad7cd4f1a99e8c0717ee396afaf1c9d275362d036	e92a947a194e6da2ad335813a6c3f46d317a132711d6569baf6f8b677fdea8a6	742869ad58544da8e997b2535dff116bdad496b12e93cfca347f2029a56f6acd	7ad79ab2d4550c639823d6a0b836b7af0612e12f4053c5d8cb8dedfd4cdb0936	linked-historical-reference
0x0015fed8	_Z6Op73M1v	src/snes9x/native_sa1_opcodes.cpp	176	local	13	b1a1f551c3730da2232ccec6ea72b411bced8671ba5ae3824e61300996e6fc38	4587ea7feb28a2c0585e69b4e130385c76292d0dae282e73d9391ae3931be879	4587ea7feb28a2c0585e69b4e130385c76292d0dae282e73d9391ae3931be879	1bdbce8826b6975a5bf4276c65c5ea6569c1192c938280d6c2f61053a2c642e1	linked-historical-reference
0x0015ff88	_Z6Op73M0v	src/snes9x/native_sa1_opcodes.cpp	176	local	13	34029305cce98d630b1b6f118184ecfaa3c10d3922089e936d543ee0ed58be97	4587ea7feb28a2c0585e69b4e130385c76292d0dae282e73d9391ae3931be879	4587ea7feb28a2c0585e69b4e130385c76292d0dae282e73d9391ae3931be879	811bd373920047a5196a0d824d7742b49dbdc8fa03737c52ff48bbdc0195397b	linked-historical-reference
0x00160038	_Z6Op29M1v	src/snes9x/native_sa1_opcodes.cpp	56	local	4	d08576bb68f4733f3c4061ef635e1eac2b7ba6e03e9f0a7d85fd2c8d01cf01c3	d08576bb68f4733f3c4061ef635e1eac2b7ba6e03e9f0a7d85fd2c8d01cf01c3	d08576bb68f4733f3c4061ef635e1eac2b7ba6e03e9f0a7d85fd2c8d01cf01c3	8154306d1468aa819d30d5cadd05696f0a4b38b0b64632d0f556ef4fe0ffad85	linked-historical-reference
0x00160070	_Z6Op29M0v	src/snes9x/native_sa1_opcodes.cpp	76	local	4	9d70a1b94f6ee3e1853ea5e02cafdd70b4b1fb57e9fda599654eee9c16b952ab	9d70a1b94f6ee3e1853ea5e02cafdd70b4b1fb57e9fda599654eee9c16b952ab	9d70a1b94f6ee3e1853ea5e02cafdd70b4b1fb57e9fda599654eee9c16b952ab	5344084e32eac05e2ec5ac832ec3e76645e72b2dbef364a795720f19d9535453	linked-historical-reference
0x001600bc	_Z6Op25M1v	src/snes9x/native_sa1_opcodes.cpp	128	local	10	dbcfe6b1aa0deae7ca6f012507cc42b2074d8daab0f06e2922159ddcfa7c0872	dbcfe6b1aa0deae7ca6f012507cc42b2074d8daab0f06e2922159ddcfa7c0872	dbcfe6b1aa0deae7ca6f012507cc42b2074d8daab0f06e2922159ddcfa7c0872	2b64d4477f0e07a8df6ed0b04e67ad5a3955158cfee46586eab59a447b7e300b	linked-historical-reference
0x0016013c	_Z6Op25M0v	src/snes9x/native_sa1_opcodes.cpp	140	local	10	74478a5f5a6c346ed19258635002724187d42876c6e75cb532df21e3831622f7	74478a5f5a6c346ed19258635002724187d42876c6e75cb532df21e3831622f7	74478a5f5a6c346ed19258635002724187d42876c6e75cb532df21e3831622f7	cc3e2a7214f199f53d31428f6836d5a42b828a28d453c1e9404e9b0c2bd0b0a6	linked-historical-reference
0x001601c8	_Z6Op35M1v	src/snes9x/native_sa1_opcodes.cpp	152	local	10	8d3a1bad03a0576cd5c9b6f5e37de680fc689c7720b1ba33ec57ae486cb41872	8d3a1bad03a0576cd5c9b6f5e37de680fc689c7720b1ba33ec57ae486cb41872	8d3a1bad03a0576cd5c9b6f5e37de680fc689c7720b1ba33ec57ae486cb41872	9c400dcd3b39617890b58b73e2d201d6f55f35df17cec6275d41997cea70f212	linked-historical-reference
0x00160260	_Z6Op35M0v	src/snes9x/native_sa1_opcodes.cpp	164	local	10	eb82008e1f719fd155124a5b2e7e8972cd227a91492f1fa89bf42ca5de1e2faa	eb82008e1f719fd155124a5b2e7e8972cd227a91492f1fa89bf42ca5de1e2faa	eb82008e1f719fd155124a5b2e7e8972cd227a91492f1fa89bf42ca5de1e2faa	55a6766636e9dac29e3919691a6fa1ff10daedadf69c54db03730f9d4c4d3ed7	linked-historical-reference
0x00160304	_Z6Op32M1v	src/snes9x/native_sa1_opcodes.cpp	180	local	14	67394edd3dc1e27379d60bfbe3a4e611473d80bd85f2ec6eab3b900cd7ea06ed	67394edd3dc1e27379d60bfbe3a4e611473d80bd85f2ec6eab3b900cd7ea06ed	67394edd3dc1e27379d60bfbe3a4e611473d80bd85f2ec6eab3b900cd7ea06ed	8f4fa52849aecbd80a792ff487c48871b6d81f9720812acaf521abc343fcf5bc	linked-historical-reference
0x001603b8	_Z6Op32M0v	src/snes9x/native_sa1_opcodes.cpp	192	local	14	2c676d076e0d0756cdbdeedb66ae8149f1ec625775806238b51ccad40612ade8	2c676d076e0d0756cdbdeedb66ae8149f1ec625775806238b51ccad40612ade8	2c676d076e0d0756cdbdeedb66ae8149f1ec625775806238b51ccad40612ade8	4cc1750c360f69ac5a660dcaedb48a9368031ceba7cdd09edccd671e43745bd1	linked-historical-reference
0x00160478	_Z6Op21M1v	src/snes9x/native_sa1_opcodes.cpp	188	local	14	cc946d752b3d579618d5fcfa43bc1d6f8cd5777e1fd9501c4989256f91b5533e	cc946d752b3d579618d5fcfa43bc1d6f8cd5777e1fd9501c4989256f91b5533e	cc946d752b3d579618d5fcfa43bc1d6f8cd5777e1fd9501c4989256f91b5533e	a475e128d0c7180056edaec67b9115cb303fbb552bdd0715606165e08d929750	linked-historical-reference
0x00160534	_Z6Op21M0v	src/snes9x/native_sa1_opcodes.cpp	200	local	14	1b37f02e48a46e9fd02160f05f44356fe610c28ae36909d2158bda6d2f880cde	1b37f02e48a46e9fd02160f05f44356fe610c28ae36909d2158bda6d2f880cde	1b37f02e48a46e9fd02160f05f44356fe610c28ae36909d2158bda6d2f880cde	3fbfb0f3654b07499d401909b96460f8bd27c1631a6ac5a50a6bcdaf74153db6	linked-historical-reference
0x001605fc	_Z6Op31M1v	src/snes9x/native_sa1_opcodes.cpp	196	local	14	63a0e420527d1c0ecee1806ceb137488fe1af2b1526adcef96f6f3dee68163ac	63a0e420527d1c0ecee1806ceb137488fe1af2b1526adcef96f6f3dee68163ac	63a0e420527d1c0ecee1806ceb137488fe1af2b1526adcef96f6f3dee68163ac	928cc66cc4fd0ee9c9f119517742a817e22ee1fb3e445e4fd3a542929a9eb785	linked-historical-reference
0x001606c0	_Z6Op31M0v	src/snes9x/native_sa1_opcodes.cpp	208	local	14	3222d7b6033997e06f67ac95677719d13aac0e0de851e25ee03ac5fb9b55065c	3222d7b6033997e06f67ac95677719d13aac0e0de851e25ee03ac5fb9b55065c	3222d7b6033997e06f67ac95677719d13aac0e0de851e25ee03ac5fb9b55065c	673ac707adf718d0e6a5167ce78b83c34396592a21fe6b7ad72838545fb9ee5e	linked-historical-reference
0x00160790	_Z6Op27M1v	src/snes9x/native_sa1_opcodes.cpp	200	local	16	89b0e176ce902e57b78d57ec1feee4eeb56f2c67443e2084cae2b3d5eaa19201	89b0e176ce902e57b78d57ec1feee4eeb56f2c67443e2084cae2b3d5eaa19201	89b0e176ce902e57b78d57ec1feee4eeb56f2c67443e2084cae2b3d5eaa19201	d10e92ee71f967d9611220bdda711d0dd5626ed69d01f31216d8965ab6503a99	linked-historical-reference
0x00160858	_Z6Op27M0v	src/snes9x/native_sa1_opcodes.cpp	212	local	16	cd01cd0c038596ab0ddd19d7c0af17149d64bc81d62da649550dd5fda0b2716d	cd01cd0c038596ab0ddd19d7c0af17149d64bc81d62da649550dd5fda0b2716d	cd01cd0c038596ab0ddd19d7c0af17149d64bc81d62da649550dd5fda0b2716d	afbe181da7f89efb145f7f58b44f67748ce5b8ab66b31d94b0fa482a0a145d89	linked-historical-reference
0x0016092c	_Z6Op37M1v	src/snes9x/native_sa1_opcodes.cpp	208	local	16	52c3a35269b7bce4d7185e32c468fe3094870408bf2cf0c74563439728b045c3	52c3a35269b7bce4d7185e32c468fe3094870408bf2cf0c74563439728b045c3	52c3a35269b7bce4d7185e32c468fe3094870408bf2cf0c74563439728b045c3	12108b95bf340db20d1e7869843c1d11a2b32ccb731a638cd2bf3a4ac3e345c7	linked-historical-reference
0x001609fc	_Z6Op37M0v	src/snes9x/native_sa1_opcodes.cpp	220	local	16	188913a3ba800431af63221d09641f51204bc44ed01849fccfea5d4d0a6e98fe	188913a3ba800431af63221d09641f51204bc44ed01849fccfea5d4d0a6e98fe	188913a3ba800431af63221d09641f51204bc44ed01849fccfea5d4d0a6e98fe	8dee4e7d3712e91372ceba4f4887bacaab430948e43925681580c66084bd2ade	linked-historical-reference
0x00160ad8	_Z6Op2DM1v	src/snes9x/native_sa1_opcodes.cpp	144	local	10	a8990cdcbf554d2e7332ed6c8d2da124e704aa0e95b0acd8e5b763dbeff06964	a8990cdcbf554d2e7332ed6c8d2da124e704aa0e95b0acd8e5b763dbeff06964	a8990cdcbf554d2e7332ed6c8d2da124e704aa0e95b0acd8e5b763dbeff06964	7a781e76eb2aeab1c75f8f15c80a4f6cceeda641198d0f3edbfa0928603eb5f3	linked-historical-reference
0x00160b68	_Z6Op2DM0v	src/snes9x/native_sa1_opcodes.cpp	156	local	10	405ab474c3ac6e5eb046020e3704e39edf27fe06146abd99ee014957922dee9a	405ab474c3ac6e5eb046020e3704e39edf27fe06146abd99ee014957922dee9a	405ab474c3ac6e5eb046020e3704e39edf27fe06146abd99ee014957922dee9a	4755d9c00ec6b46796f9a46232cdbe8c8299114dc934008876168e7831263ba0	linked-historical-reference
0x00160c04	_Z6Op3DM1v	src/snes9x/native_sa1_opcodes.cpp	152	local	10	90976d9b3df71358384f65c45d1b5e227014201813f21df6151aa37bc8fc3e0c	90976d9b3df71358384f65c45d1b5e227014201813f21df6151aa37bc8fc3e0c	90976d9b3df71358384f65c45d1b5e227014201813f21df6151aa37bc8fc3e0c	536e7f005b156309d954b67786e90c097070ff2d2e63ba1bcc66dd8c749d992d	linked-historical-reference
0x00160c9c	_Z6Op3DM0v	src/snes9x/native_sa1_opcodes.cpp	164	local	10	7bde6f9e73ae6d97b252bd24971b5d4e9974ec61f6bf696dea2aea1fe2abd8e9	7bde6f9e73ae6d97b252bd24971b5d4e9974ec61f6bf696dea2aea1fe2abd8e9	7bde6f9e73ae6d97b252bd24971b5d4e9974ec61f6bf696dea2aea1fe2abd8e9	60a088831368bd6449e387ee1901dd85d4ef181468a654e66fa02dbbbd765f7f	linked-historical-reference
0x00160d40	_Z6Op39M1v	src/snes9x/native_sa1_opcodes.cpp	152	local	10	24cd1c3ca5a286363a961c9263512687aa3f9d5d38a2b72c500733e941dafd31	24cd1c3ca5a286363a961c9263512687aa3f9d5d38a2b72c500733e941dafd31	24cd1c3ca5a286363a961c9263512687aa3f9d5d38a2b72c500733e941dafd31	51c9a05d9ad4c3e1fa399a0fa36607a96d57b8d90330fbfd8388828b84eaff21	linked-historical-reference
0x00160dd8	_Z6Op39M0v	src/snes9x/native_sa1_opcodes.cpp	164	local	10	5419e33aad27719a149a879e9ac7f060c3112e132474f9e50e9874d546aa955c	5419e33aad27719a149a879e9ac7f060c3112e132474f9e50e9874d546aa955c	5419e33aad27719a149a879e9ac7f060c3112e132474f9e50e9874d546aa955c	64bfab4949f4c2f011a08e9e0fcb30261f88b8d2a655b7e9984eb1e9d41d0146	linked-historical-reference
0x00160e7c	_Z6Op2FM1v	src/snes9x/native_sa1_opcodes.cpp	140	local	10	5f8d56f385cb906b38acf8dad0b1cd499db00294cd440577d758d2912d785f4f	5f8d56f385cb906b38acf8dad0b1cd499db00294cd440577d758d2912d785f4f	5f8d56f385cb906b38acf8dad0b1cd499db00294cd440577d758d2912d785f4f	acf23fbbe3e39c7888beb125448198a5b06d153aa1d9caacab797189229e8146	linked-historical-reference
0x00160f08	_Z6Op2FM0v	src/snes9x/native_sa1_opcodes.cpp	152	local	10	bf4768e6714119ea4123f563f7aad2f7e570d6ae0eaf64ddfb44d1069b90e9f5	bf4768e6714119ea4123f563f7aad2f7e570d6ae0eaf64ddfb44d1069b90e9f5	bf4768e6714119ea4123f563f7aad2f7e570d6ae0eaf64ddfb44d1069b90e9f5	123a1c586c48886edd995715a1bda6e96a29143ef38584b3dfe1c6fe421cf40a	linked-historical-reference
0x00160fa0	_Z6Op3FM1v	src/snes9x/native_sa1_opcodes.cpp	160	local	10	647344426174bee5b45cec608ad1e0fdb0bd43b3e03d813796276d5d6ca59348	647344426174bee5b45cec608ad1e0fdb0bd43b3e03d813796276d5d6ca59348	647344426174bee5b45cec608ad1e0fdb0bd43b3e03d813796276d5d6ca59348	52a0e55a94ee16721a8fecc69a0e637d17c59da09f3aa6e764fde27112514d56	linked-historical-reference
0x00161040	_Z6Op3FM0v	src/snes9x/native_sa1_opcodes.cpp	172	local	10	6ccc449490de4632f11fa25879a3f172050edd1c94cc70d7c354133fe6c1b155	6ccc449490de4632f11fa25879a3f172050edd1c94cc70d7c354133fe6c1b155	6ccc449490de4632f11fa25879a3f172050edd1c94cc70d7c354133fe6c1b155	086efdefee18eeb1dae6bfc3ff51da97a38cb1054c8491c08310cbd84dd37177	linked-historical-reference
0x001610ec	_Z6Op23M1v	src/snes9x/native_sa1_opcodes.cpp	128	local	10	7323e5201e0c87a8916c9e85524ba78495fa9adff6db6defa3d77221c9592144	7323e5201e0c87a8916c9e85524ba78495fa9adff6db6defa3d77221c9592144	7323e5201e0c87a8916c9e85524ba78495fa9adff6db6defa3d77221c9592144	46d3a334a0c160860d9132ce35f3caca27d32fb6e2280ca75a1a5785abd6007a	linked-historical-reference
0x0016116c	_Z6Op23M0v	src/snes9x/native_sa1_opcodes.cpp	140	local	10	1720dad91ec140cac98f23dd68631772df1f71584faea50e9c8c1ed8b93bf110	1720dad91ec140cac98f23dd68631772df1f71584faea50e9c8c1ed8b93bf110	1720dad91ec140cac98f23dd68631772df1f71584faea50e9c8c1ed8b93bf110	fd60b88a3dbc991c5c2950bedf8474272cd15a2ddeb42553e62da72a36299ee9	linked-historical-reference
0x001611f8	_Z6Op33M1v	src/snes9x/native_sa1_opcodes.cpp	200	local	14	47aee42a74a1abb634672e50043c8137bf489c2d726b6a1c6f059c206ed85b43	47aee42a74a1abb634672e50043c8137bf489c2d726b6a1c6f059c206ed85b43	47aee42a74a1abb634672e50043c8137bf489c2d726b6a1c6f059c206ed85b43	ce28dd7c76bd02a2606f06745ea5d8b727817e5c54b73ca708a68243952f5260	linked-historical-reference
0x001612c0	_Z6Op33M0v	src/snes9x/native_sa1_opcodes.cpp	212	local	14	efa900daacbc39b3d2dfc66802fb785c29e649a2f9fea998ba382678f694e0ba	efa900daacbc39b3d2dfc66802fb785c29e649a2f9fea998ba382678f694e0ba	efa900daacbc39b3d2dfc66802fb785c29e649a2f9fea998ba382678f694e0ba	2c3f6f9e2313368de34d072d6b29459da8deb7d1d41a17ae96f5e4dd36c95277	linked-historical-reference
0x00161394	_Z6Op0AM1v	src/snes9x/native_sa1_opcodes.cpp	52	local	4	8323b480246f94ed86408ef293964cfbfe8d4a28211c82ed8fd346fb898760a0	8323b480246f94ed86408ef293964cfbfe8d4a28211c82ed8fd346fb898760a0	8323b480246f94ed86408ef293964cfbfe8d4a28211c82ed8fd346fb898760a0	06f5bb30390b725f6da2788c979928b2eeea8c1e9828d6e3655a856bd7ddc2f9	linked-historical-reference
0x001613c8	_Z6Op0AM0v	src/snes9x/native_sa1_opcodes.cpp	64	local	4	3dc5b89d1cfcbcd3b8098d9dda88995b37afcee01dedd6a4e4fc715699849f22	3dc5b89d1cfcbcd3b8098d9dda88995b37afcee01dedd6a4e4fc715699849f22	3dc5b89d1cfcbcd3b8098d9dda88995b37afcee01dedd6a4e4fc715699849f22	752341b19fc6b5d3b17ada6911d9678364a33d7d9424671f3baf2eaeddc22f60	linked-historical-reference
0x00161408	_Z6Op06M1v	src/snes9x/native_sa1_opcodes.cpp	156	local	15	4fd85ba26fcff1da2b73c7be0d4baf0a5c401d4151dd45a612e9a72147c0d405	4fd85ba26fcff1da2b73c7be0d4baf0a5c401d4151dd45a612e9a72147c0d405	dd01d68549567f9d383dd4b760d3d8e9f96a4ba26d855897da0c3890f4f1cd29	4359d599b1cc5ce02606d04144fc1a0674161a77e2062c28cacb0901b383edff	linked-historical-reference
0x001614a4	_Z6Op06M0v	src/snes9x/native_sa1_opcodes.cpp	192	local	18	b4b17fe679862a57546a1840ccf15625649f7c3cdc3596435c8d09a2f32206ea	b4b17fe679862a57546a1840ccf15625649f7c3cdc3596435c8d09a2f32206ea	6bf0af2d1818f45b8888d120fb514839823dfc990ced8b2230a6f0205518ed53	66d94bc71550c4228a5c0cb65bdf3d8c6ca5bfa28d1b3741b18151a68cc2bbff	linked-historical-reference
0x00161564	_Z6Op16M1v	src/snes9x/native_sa1_opcodes.cpp	184	local	15	d7543c71e7b9a2d97cb1d1302dbf4972ac837b1a2d3d66611a44de81356cb411	d7543c71e7b9a2d97cb1d1302dbf4972ac837b1a2d3d66611a44de81356cb411	d7543c71e7b9a2d97cb1d1302dbf4972ac837b1a2d3d66611a44de81356cb411	ff8e42ee947915d5e3563b3d74e2a5c02e0a8a506a9e90825763e79807c6eeef	linked-historical-reference
0x0016161c	_Z6Op16M0v	src/snes9x/native_sa1_opcodes.cpp	220	local	18	ca317c1158f9435c6d78c500e26b9d8073239299014eed841e6d6aeddadf77e5	ca317c1158f9435c6d78c500e26b9d8073239299014eed841e6d6aeddadf77e5	ca317c1158f9435c6d78c500e26b9d8073239299014eed841e6d6aeddadf77e5	4a0123a19bb03f16f82ce29528ab1e98e25f819416ea3599ecceeaa008a0af2c	linked-historical-reference
0x001616f8	_Z6Op0EM1v	src/snes9x/native_sa1_opcodes.cpp	168	local	13	c5746cb90a2b22f975cb45cdb607e7352b467da88097aa9055064cd0bf3121a7	c5746cb90a2b22f975cb45cdb607e7352b467da88097aa9055064cd0bf3121a7	c5746cb90a2b22f975cb45cdb607e7352b467da88097aa9055064cd0bf3121a7	fa0ce6c8272e4f45ba351144e3673781f00256a1df5f9622e6977c0047b3bd56	linked-historical-reference
0x001617a0	_Z6Op0EM0v	src/snes9x/native_sa1_opcodes.cpp	204	local	16	4e4e6c0fb0c8cbfd2cf32c884c7200f1ab4235ae67295b73c2a7b1d12ebf879d	4e4e6c0fb0c8cbfd2cf32c884c7200f1ab4235ae67295b73c2a7b1d12ebf879d	4e4e6c0fb0c8cbfd2cf32c884c7200f1ab4235ae67295b73c2a7b1d12ebf879d	7b36a7614c36816b79296551256002dec2eb535664a6222b1565eaa2a850b652	linked-historical-reference
0x0016186c	_Z6Op1EM1v	src/snes9x/native_sa1_opcodes.cpp	180	local	15	7495cca738330ffd1fbe0436a65a6d353d823c3826bd4ee3aeaf4ff68b1df01e	7495cca738330ffd1fbe0436a65a6d353d823c3826bd4ee3aeaf4ff68b1df01e	663f12c4677ddd6c38c5f4edc58fb77feaec258fd3c5e350739755d7139ea33c	6e7ee3bd13ae9da621e994932179c62ba80f5e3ff1e5e72eb7a3cf26412b6627	linked-historical-reference
0x00161920	_Z6Op1EM0v	src/snes9x/native_sa1_opcodes.cpp	216	local	18	8d0ec9de429f33649897dda76720dae8f9447030581b2e815b4ff1f0bdc051f6	8d0ec9de429f33649897dda76720dae8f9447030581b2e815b4ff1f0bdc051f6	69c70de91afe5cde27d225f31c803bfc2f29fe6bd43947029a71c2f20e9b451f	01006e188eb61269f6446b8d594a6ba76bc4463df03a95c4395313bb190810e3	linked-historical-reference
0x001619f8	_Z6Op89M1v	src/snes9x/native_sa1_opcodes.cpp	44	local	4	3eae56e600e12f1613476cd5fbd1569a4a5ae14915e92f232bcdb77b4fe59b1a	3eae56e600e12f1613476cd5fbd1569a4a5ae14915e92f232bcdb77b4fe59b1a	755f059aa4990aa14e61a21c2a09528e8f7ae04012bb01ee2f76e49583294ef8	08c987c739d0142b94f7ec40f35436c3e7e954b59c059a7842fe5e2bc3e10ea0	linked-historical-reference
0x00161a24	_Z6Op89M0v	src/snes9x/native_sa1_opcodes.cpp	60	local	4	ca6b634c253627ba983092e6235553dad55ad0a0bc7f937a7725075a8fc2443c	ca6b634c253627ba983092e6235553dad55ad0a0bc7f937a7725075a8fc2443c	6089bbd360ec0a7377890eecf8a36c92a81624804a5c63153fc32a273cebec25	8f8a18a1526d21135201d2a3d39c450cd2a962b6e4a139b0c006e6bd2e14d7aa	linked-historical-reference
0x00161a60	_Z6Op24M1v	src/snes9x/native_sa1_opcodes.cpp	144	local	12	d35bce902b677b78f43c99383c2f13f39cfa273d13172543632f6b2d44a516c9	d35bce902b677b78f43c99383c2f13f39cfa273d13172543632f6b2d44a516c9	d35bce902b677b78f43c99383c2f13f39cfa273d13172543632f6b2d44a516c9	81195ec06611437dec2a5027c251b68b29f780b14c877a7eabd23d8cc6221297	linked-historical-reference
0x00161af0	_Z6Op24M0v	src/snes9x/native_sa1_opcodes.cpp	152	local	12	933c7ca7feda595355c0a4dc1e293745ed362fcea28728b1968e1364bb4b5f15	933c7ca7feda595355c0a4dc1e293745ed362fcea28728b1968e1364bb4b5f15	933c7ca7feda595355c0a4dc1e293745ed362fcea28728b1968e1364bb4b5f15	44b21e3ada1c890920ee61609fe333e5a66c50f98d8866e667100d340d013e1b	linked-historical-reference
0x00161b88	_Z6Op34M1v	src/snes9x/native_sa1_opcodes.cpp	168	local	12	72b41d82d7f892ada663b29c7d28b27d3922809efe4757e083180ac5a5162347	72b41d82d7f892ada663b29c7d28b27d3922809efe4757e083180ac5a5162347	72b41d82d7f892ada663b29c7d28b27d3922809efe4757e083180ac5a5162347	83bf20e0fc924795c90a93fa72f6913593058e30642289e0cb5e67f7a35a4af8	linked-historical-reference
0x00161c30	_Z6Op34M0v	src/snes9x/native_sa1_opcodes.cpp	176	local	12	dd5fe106d6f09c4b56173dc71a1748f0569e5f5cff79e19d15b5c329382651f8	dd5fe106d6f09c4b56173dc71a1748f0569e5f5cff79e19d15b5c329382651f8	dd5fe106d6f09c4b56173dc71a1748f0569e5f5cff79e19d15b5c329382651f8	e035d0e513ec4178d99090512c97cb9fb78cbdef51b9b6c71c8bf3301860aa31	linked-historical-reference
0x00161ce0	_Z6Op2CM1v	src/snes9x/native_sa1_opcodes.cpp	148	local	12	2f987128ff52ef846def1476ca0b36fd6715144c49eaa231ce76ce5349b540b3	2f987128ff52ef846def1476ca0b36fd6715144c49eaa231ce76ce5349b540b3	00e57814db9119524f6e097e64433a6a3ba152052696679d8c29d75ce5d4b7bd	222414ccf2a0d6e19d342b2396db36b5bd75cedf4ecbb541ade71f1e8eaf798c	linked-historical-reference
0x00161d74	_Z6Op2CM0v	src/snes9x/native_sa1_opcodes.cpp	156	local	12	842ab1a6f14b22a74bb791f30d8a7436b876f7da38c50cd017a48718784d109c	842ab1a6f14b22a74bb791f30d8a7436b876f7da38c50cd017a48718784d109c	3736a99457e44364069a4e52d09e5941f14df80ff58d02a423a027d1d3e5873b	337a356e524d85dce17405ac15755fe5d207d9c8068cd35bfaca6f0e11758577	linked-historical-reference
0x00161e10	_Z6Op3CM1v	src/snes9x/native_sa1_opcodes.cpp	168	local	12	e7a56e5672d99ebfddd5caf09d273e704ea37fa363082d8d15354d5714b7ea4a	e7a56e5672d99ebfddd5caf09d273e704ea37fa363082d8d15354d5714b7ea4a	e7a56e5672d99ebfddd5caf09d273e704ea37fa363082d8d15354d5714b7ea4a	534ec04adeff96b8bfadf9eb4ab6032ae7024dc480d187a96c917748e8c2fb86	linked-historical-reference
0x00161eb8	_Z6Op3CM0v	src/snes9x/native_sa1_opcodes.cpp	176	local	12	d14f029cf2de5d0f72cd6755d4e923e90db950eec09072daa7cc3aba4d5560db	d14f029cf2de5d0f72cd6755d4e923e90db950eec09072daa7cc3aba4d5560db	d14f029cf2de5d0f72cd6755d4e923e90db950eec09072daa7cc3aba4d5560db	045373718b1cefb6f302bf4bdfa68bbd44a9455c0259ff7c6214e49439d239eb	linked-historical-reference
0x00161f68	_Z6OpC9M1v	src/snes9x/native_sa1_opcodes.cpp	76	local	7	5ba3bc4870d8f4714b1723b72a9f5ede458a4138afb41dc48b1c0beb2d913b4f	5ba3bc4870d8f4714b1723b72a9f5ede458a4138afb41dc48b1c0beb2d913b4f	bb9b20d66806d73ed1fd1c668fc6b820c471fdca0696db889fdd668ca541a7cc	1bafb2a21e5e3aafbcdbad4ea55247926e1d66f08cdaadb400be31f87b2646c0	linked-historical-reference
0x00161fb4	_Z6OpC9M0v	src/snes9x/native_sa1_opcodes.cpp	96	local	7	978731a267e094bb7660e417d03c16889d273585e843e399b40be6e03690a9db	978731a267e094bb7660e417d03c16889d273585e843e399b40be6e03690a9db	2bb3d419127f3fcf833a5d62b15db6fb91255331f1d8f6c02c355e02d4b305b6	71758b3481709f51a9751e49a656d565888f325ac9e062c39ce5ac56328ce5a9	linked-historical-reference
0x00162014	_Z6OpC5M1v	src/snes9x/native_sa1_opcodes.cpp	160	local	13	6d4b047e19fd5d914888836a15e29a2e10b1d3434e2a80e6df22dbc7eff29720	6d4b047e19fd5d914888836a15e29a2e10b1d3434e2a80e6df22dbc7eff29720	6d4b047e19fd5d914888836a15e29a2e10b1d3434e2a80e6df22dbc7eff29720	0f849826e88910c5e554239bd7012f1794499d096f606f47d83402ec9428e36f	linked-historical-reference
0x001620b4	_Z6OpC5M0v	src/snes9x/native_sa1_opcodes.cpp	168	local	13	eead818c60d153e530a291b42e9006abf8f60a5b5367cdab05c5165e97a83e3a	eead818c60d153e530a291b42e9006abf8f60a5b5367cdab05c5165e97a83e3a	eead818c60d153e530a291b42e9006abf8f60a5b5367cdab05c5165e97a83e3a	c324bf06674dffa00a81950987db96a6301ac7ef7c5ba2367d8cc5629bddd134	linked-historical-reference
0x0016215c	_Z6OpD5M1v	src/snes9x/native_sa1_opcodes.cpp	184	local	13	1d0576c350d3d75b597639bec898550503ab21b556866f19a8a65285082a181c	1d0576c350d3d75b597639bec898550503ab21b556866f19a8a65285082a181c	1d0576c350d3d75b597639bec898550503ab21b556866f19a8a65285082a181c	03b2a08bfb5bbcb56e9374a6828bb9caede845a07930afc82519f2c8994ff1a8	linked-historical-reference
0x00162214	_Z6OpD5M0v	src/snes9x/native_sa1_opcodes.cpp	192	local	13	eae2fa9ebf03d85eca2708a98bb713e69af808a7382985cd76050c22997fd455	eae2fa9ebf03d85eca2708a98bb713e69af808a7382985cd76050c22997fd455	eae2fa9ebf03d85eca2708a98bb713e69af808a7382985cd76050c22997fd455	bca38dc8c1f9d50f4ad02a0d6af61e4369e4e178228e7e6b04f5c6d5902b3ac9	linked-historical-reference
0x001622d4	_Z6OpD2M1v	src/snes9x/native_sa1_opcodes.cpp	212	local	17	1703001e7d2d09f3a31804da17e0067b94b68a60a9e96f990f88fcbac2e01e9c	1703001e7d2d09f3a31804da17e0067b94b68a60a9e96f990f88fcbac2e01e9c	1703001e7d2d09f3a31804da17e0067b94b68a60a9e96f990f88fcbac2e01e9c	50b8aeafce20bf23352e644077da2b97eb10ec4805901eec2ba04039f576b352	linked-historical-reference
0x001623a8	_Z6OpD2M0v	src/snes9x/native_sa1_opcodes.cpp	220	local	17	e527890162dc74a74f11e118a0035aab256d2db13eb2a8aa78894e8c32ce70d5	e527890162dc74a74f11e118a0035aab256d2db13eb2a8aa78894e8c32ce70d5	e527890162dc74a74f11e118a0035aab256d2db13eb2a8aa78894e8c32ce70d5	fc969b178f2342fcc6f30de5222e55b45a33f21d43e362f96ed4ea3928da01dd	linked-historical-reference
0x00162484	_Z6OpC1M1v	src/snes9x/native_sa1_opcodes.cpp	220	local	17	68cf54bcbd2ccfc0febb13494fa502f81935a6251be64238bc7f36f7fb329c6b	68cf54bcbd2ccfc0febb13494fa502f81935a6251be64238bc7f36f7fb329c6b	68cf54bcbd2ccfc0febb13494fa502f81935a6251be64238bc7f36f7fb329c6b	65ab10d2fe1e93e6b07d3b4e65156e8b611a58d9c24412fead3f1c955ed37cc8	linked-historical-reference
0x00162560	_Z6OpC1M0v	src/snes9x/native_sa1_opcodes.cpp	228	local	17	633c3a7369bac28e531c62d6b3193d640e81129369e18a22dd6a7d7b6eb8db00	633c3a7369bac28e531c62d6b3193d640e81129369e18a22dd6a7d7b6eb8db00	633c3a7369bac28e531c62d6b3193d640e81129369e18a22dd6a7d7b6eb8db00	75bbca17dfbff0ad5ada0e75e635f94fbccf0a99c815b1bac9bedca160a2da99	linked-historical-reference
0x00162644	_Z6OpD1M1v	src/snes9x/native_sa1_opcodes.cpp	236	local	17	3b2de790ae23f93442a1d6ea8aacd0a38288d38ec0572a85ca05bb7b08d32caa	3b2de790ae23f93442a1d6ea8aacd0a38288d38ec0572a85ca05bb7b08d32caa	3b2de790ae23f93442a1d6ea8aacd0a38288d38ec0572a85ca05bb7b08d32caa	f027f928abe0f09da6bfbd343759ec7631613827fca93f16696de9cbf551eb35	linked-historical-reference
0x00162730	_Z6OpD1M0v	src/snes9x/native_sa1_opcodes.cpp	244	local	17	bca65f681488cfa68b2bec285ffcd7056f7d92dc6a4378cd0ee401d8a6ca0c7e	bca65f681488cfa68b2bec285ffcd7056f7d92dc6a4378cd0ee401d8a6ca0c7e	bca65f681488cfa68b2bec285ffcd7056f7d92dc6a4378cd0ee401d8a6ca0c7e	d0955d40013dc233019e6c8c69e76ed62d76d2a17bf1ca5dd01dc0a53d583d0d	linked-historical-reference
0x00162824	_Z6OpC7M1v	src/snes9x/native_sa1_opcodes.cpp	232	local	19	2d87d36c451ad6cfac575e275cdd5baf7b0146b30b74e2405f8389bf10b3b40f	2d87d36c451ad6cfac575e275cdd5baf7b0146b30b74e2405f8389bf10b3b40f	2d87d36c451ad6cfac575e275cdd5baf7b0146b30b74e2405f8389bf10b3b40f	b893dfdf08849a7c618ae776950385f539892c08e06201aec407e9b8aea22246	linked-historical-reference
0x0016290c	_Z6OpC7M0v	src/snes9x/native_sa1_opcodes.cpp	240	local	19	cc31191ef352a2f93249673a075689aa57d991b5099d664c8f141678af59dd95	cc31191ef352a2f93249673a075689aa57d991b5099d664c8f141678af59dd95	cc31191ef352a2f93249673a075689aa57d991b5099d664c8f141678af59dd95	6e45e2b5e624bf7f0418d1fc4fd614186ed4a676772bda69f2e34518bf96e233	linked-historical-reference
0x001629fc	_Z6OpD7M1v	src/snes9x/native_sa1_opcodes.cpp	248	local	19	f6146fd94afe67b1b7e2de98a580b66f9d3eed93193bb8ca693e50191fa7d069	f6146fd94afe67b1b7e2de98a580b66f9d3eed93193bb8ca693e50191fa7d069	f6146fd94afe67b1b7e2de98a580b66f9d3eed93193bb8ca693e50191fa7d069	388a14af5e41c94215688a7989e226aa96e4099a4ae5ce5076e9ca4719e16366	linked-historical-reference
0x00162af4	_Z6OpD7M0v	src/snes9x/native_sa1_opcodes.cpp	256	local	19	43604dcb71012f5b7ce3394588ba136e69d8f21490d3db5b5057993b70550046	43604dcb71012f5b7ce3394588ba136e69d8f21490d3db5b5057993b70550046	43604dcb71012f5b7ce3394588ba136e69d8f21490d3db5b5057993b70550046	4592c036cc126fcef6b2b40a5e4ef9d4af64ca4669e3506332654f8e713a4c0e	linked-historical-reference
0x00162bf4	_Z6OpCDM1v	src/snes9x/native_sa1_opcodes.cpp	172	local	13	5ceb7fcd1f895088a0e39adc520d3faa8dc0186ec9994f5df98ec2dec0796c7f	5ceb7fcd1f895088a0e39adc520d3faa8dc0186ec9994f5df98ec2dec0796c7f	ff5009a450b4443cf04c44325049c4bd3b538f438be1da0f05980d0830d23ab0	3ea27d0c8ee16281939eb9cb05371ebe2d6e210aa104f2919f32932d1a7021bf	linked-historical-reference
0x00162ca0	_Z6OpCDM0v	src/snes9x/native_sa1_opcodes.cpp	180	local	13	ffb525afa9e985eb212f9c20fa166e0d1861dc573d8803ad6cdf6554427475c9	ffb525afa9e985eb212f9c20fa166e0d1861dc573d8803ad6cdf6554427475c9	f13dc3734598190e2d13a7022628c28dccb53c6c4ecb2649c483142f9b152c64	05184840a6f4149afa17f19793f26bf1010fa7453a0320dac9ce29bffaa4c296	linked-historical-reference
0x00162d54	_Z6OpDDM1v	src/snes9x/native_sa1_opcodes.cpp	184	local	13	c453ab36e818870ca05cd2d290676c5ffb1ffd2aaab70239f88187f51e177194	c453ab36e818870ca05cd2d290676c5ffb1ffd2aaab70239f88187f51e177194	c453ab36e818870ca05cd2d290676c5ffb1ffd2aaab70239f88187f51e177194	d28c025b26c01205c0618679df721615aecd634759e597c9542542862ec87261	linked-historical-reference
0x00162e0c	_Z6OpDDM0v	src/snes9x/native_sa1_opcodes.cpp	192	local	13	ada6df5075360a25aa7519854e2c08054d3cf520d402bb8ba43b2b08967016c7	ada6df5075360a25aa7519854e2c08054d3cf520d402bb8ba43b2b08967016c7	ada6df5075360a25aa7519854e2c08054d3cf520d402bb8ba43b2b08967016c7	368de656ee4836358e629019e3731e244e4cf057da129e8e65cf38edd11d042c	linked-historical-reference
0x00162ecc	_Z6OpD9M1v	src/snes9x/native_sa1_opcodes.cpp	184	local	13	479aa0a9f674d421f07388c853b0135e505a0a1c094c3256ac7df332c53d3c6a	479aa0a9f674d421f07388c853b0135e505a0a1c094c3256ac7df332c53d3c6a	479aa0a9f674d421f07388c853b0135e505a0a1c094c3256ac7df332c53d3c6a	e28c1cef3c7db05f804ebb54162763dbc4fe70d3a6279bf84b846cc74508c021	linked-historical-reference
0x00162f84	_Z6OpD9M0v	src/snes9x/native_sa1_opcodes.cpp	192	local	13	11cb042189600e807f82f6e0f1e29a88ff02a20353c84130279f1106c4d12093	11cb042189600e807f82f6e0f1e29a88ff02a20353c84130279f1106c4d12093	11cb042189600e807f82f6e0f1e29a88ff02a20353c84130279f1106c4d12093	bf0cc3186658cce78680c6beed5e02b78dafd2bd5f60952be5195eea0d1acf14	linked-historical-reference
0x00163044	_Z6OpCFM1v	src/snes9x/native_sa1_opcodes.cpp	168	local	13	cf57b38bf117d2fb9edfcea39081c8e9a184cd8f5a11e1e617390d6bc427aeed	cf57b38bf117d2fb9edfcea39081c8e9a184cd8f5a11e1e617390d6bc427aeed	0dee92aaf859cf00b48721617e463370c51387dafb2729ee663ad2791553692e	da622cf5ede9093d7551069838028f55572064b4218f8972f11012d4e5b2da69	linked-historical-reference
0x001630ec	_Z6OpCFM0v	src/snes9x/native_sa1_opcodes.cpp	176	local	13	8c9e58c2c2a7702ef9c727565a50624437fb6f396722308c0a809113f9687fe5	8c9e58c2c2a7702ef9c727565a50624437fb6f396722308c0a809113f9687fe5	23f378405d44150a45800e94d11710fda583b079e917c849072355f06d8016c5	67d7ab29cf4d0a6fc13725ecd47c3ab9d4118893ff9f6f3aa5c1c01acee6b304	linked-historical-reference
0x0016319c	_Z6OpDFM1v	src/snes9x/native_sa1_opcodes.cpp	192	local	13	83d9485d6d7e55d6a73cc627c213b611b181ab0be5960845eea96b60f65d402f	83d9485d6d7e55d6a73cc627c213b611b181ab0be5960845eea96b60f65d402f	83d9485d6d7e55d6a73cc627c213b611b181ab0be5960845eea96b60f65d402f	d2b7a7b6b1eddb3212ebc07930ab61976ab058057144b4d548e0578ca2c0a27d	linked-historical-reference
0x0016325c	_Z6OpDFM0v	src/snes9x/native_sa1_opcodes.cpp	200	local	13	11551ca3461dcdd32c2d6a611b79ba46bc6643dea493c6ad20df26602ebee289	11551ca3461dcdd32c2d6a611b79ba46bc6643dea493c6ad20df26602ebee289	11551ca3461dcdd32c2d6a611b79ba46bc6643dea493c6ad20df26602ebee289	ca0ce21ee19ecf940c1ee934d0c4758e88ee20092063b7f096683050dfe386cf	linked-historical-reference
0x00163324	_Z6OpC3M1v	src/snes9x/native_sa1_opcodes.cpp	160	local	13	20efc48f9cdb226cbf2942fbe38a81f02284941e0628c0f0a53320b19acce5e0	20efc48f9cdb226cbf2942fbe38a81f02284941e0628c0f0a53320b19acce5e0	20efc48f9cdb226cbf2942fbe38a81f02284941e0628c0f0a53320b19acce5e0	e29e628a180e709f86da611bbe855a33017da14a5633c1655ddd5a1a9bcf7f74	linked-historical-reference
0x001633c4	_Z6OpC3M0v	src/snes9x/native_sa1_opcodes.cpp	168	local	13	31eb68e0e36b9090ac38a9303ff5139f415c3ac6804db253adf4e13af44cda79	31eb68e0e36b9090ac38a9303ff5139f415c3ac6804db253adf4e13af44cda79	31eb68e0e36b9090ac38a9303ff5139f415c3ac6804db253adf4e13af44cda79	e8bdac9bfe481fadf00158d7503752c9b91f16e5f7bba3f83350590c8919e46a	linked-historical-reference
0x0016346c	_Z6OpD3M1v	src/snes9x/native_sa1_opcodes.cpp	240	local	17	b56a220dd3d423e77b80321e1981c9bb4b7a9170239b36b3a5bf37e6aeac2da3	b56a220dd3d423e77b80321e1981c9bb4b7a9170239b36b3a5bf37e6aeac2da3	b56a220dd3d423e77b80321e1981c9bb4b7a9170239b36b3a5bf37e6aeac2da3	d50994320f4691084ae687caabe89f6c64360a311ae10cb1bc0e16a280e46120	linked-historical-reference
0x0016355c	_Z6OpD3M0v	src/snes9x/native_sa1_opcodes.cpp	248	local	17	86c95e66104a7db723fdc8996cecbd5f5842095e49ee33b5e033b3fed5b2a1b6	86c95e66104a7db723fdc8996cecbd5f5842095e49ee33b5e033b3fed5b2a1b6	86c95e66104a7db723fdc8996cecbd5f5842095e49ee33b5e033b3fed5b2a1b6	0a4da41dc8dde6133c2ea9415fa1d1c005fb5d369b0141989e254e5f7ff0c6f5	linked-historical-reference
0x00163654	_Z6OpE0X1v	src/snes9x/native_sa1_opcodes.cpp	76	local	7	eeace0e86a4c72485fa8d058fec476ca3f4157205b9564737ff3e15f80788494	eeace0e86a4c72485fa8d058fec476ca3f4157205b9564737ff3e15f80788494	bb9b20d66806d73ed1fd1c668fc6b820c471fdca0696db889fdd668ca541a7cc	2ba1183775a103dad28535bb9752eb88916a75b7874a8e96aaff9efa3f223cb3	linked-historical-reference
0x001636a0	_Z6OpE0X0v	src/snes9x/native_sa1_opcodes.cpp	96	local	7	7faee3e76ab9f1e476f39dbaf93e7aedd257b1f891d61c0e21903c1263fe7078	7faee3e76ab9f1e476f39dbaf93e7aedd257b1f891d61c0e21903c1263fe7078	2bb3d419127f3fcf833a5d62b15db6fb91255331f1d8f6c02c355e02d4b305b6	3846906d42eaefa76621667a27b1c9844cc6484fc4db018bc845991db13fe65e	linked-historical-reference
0x00163700	_Z6OpE4X1v	src/snes9x/native_sa1_opcodes.cpp	160	local	13	f6c0d3b6120c2da928232f7de436221447638225eb3e1ab7a50ede98007fbe41	f6c0d3b6120c2da928232f7de436221447638225eb3e1ab7a50ede98007fbe41	f6c0d3b6120c2da928232f7de436221447638225eb3e1ab7a50ede98007fbe41	ef8f963f207271b9437fc56509c35203ad05c66143f36b9139d8f99b0e95300e	linked-historical-reference
0x001637a0	_Z6OpE4X0v	src/snes9x/native_sa1_opcodes.cpp	168	local	13	af49867a513237cd3ec4101f479cf114509a0f842447d6eab4bd90128b29b21a	af49867a513237cd3ec4101f479cf114509a0f842447d6eab4bd90128b29b21a	af49867a513237cd3ec4101f479cf114509a0f842447d6eab4bd90128b29b21a	32bf85bdcc35a9296c673b86a16ec9e174d77851900dedb4a14a6fd84cb98052	linked-historical-reference
0x00163848	_Z6OpECX1v	src/snes9x/native_sa1_opcodes.cpp	172	local	13	dd4fb6d5389a208328f0b9f0d1d6922d0d14b04b55f34700fbd00d7b234a2a1d	dd4fb6d5389a208328f0b9f0d1d6922d0d14b04b55f34700fbd00d7b234a2a1d	ff5009a450b4443cf04c44325049c4bd3b538f438be1da0f05980d0830d23ab0	87d3ad7e583262a6fff3ac5dcca56ea2efad0d1f0a9a7c42abbcc4a20a85b545	linked-historical-reference
0x001638f4	_Z6OpECX0v	src/snes9x/native_sa1_opcodes.cpp	180	local	13	c6e7eaaa35268a8fb1692b14090718f030622ab0298cdb501544ee31067c227f	c6e7eaaa35268a8fb1692b14090718f030622ab0298cdb501544ee31067c227f	f13dc3734598190e2d13a7022628c28dccb53c6c4ecb2649c483142f9b152c64	aff1e1a04d57247a47540eadff7ce9f2165352e63ab88de2900f696bdd15ec3b	linked-historical-reference
0x001639a8	_Z6OpC0X1v	src/snes9x/native_sa1_opcodes.cpp	76	local	7	5b006a34895d79579aee9ea8fb66b0fab2f2bf51136b42e93a4662b6f45742af	5b006a34895d79579aee9ea8fb66b0fab2f2bf51136b42e93a4662b6f45742af	bb9b20d66806d73ed1fd1c668fc6b820c471fdca0696db889fdd668ca541a7cc	0610323a018a6c9aca5f16cdf87185c1320a813a4dcc01f77c2b1210bde394cf	linked-historical-reference
0x001639f4	_Z6OpC0X0v	src/snes9x/native_sa1_opcodes.cpp	96	local	7	f652b5f6a706fa64c552ec7ea84bea55b0bb0acb164b734d36a50ccdcc9c7414	f652b5f6a706fa64c552ec7ea84bea55b0bb0acb164b734d36a50ccdcc9c7414	2bb3d419127f3fcf833a5d62b15db6fb91255331f1d8f6c02c355e02d4b305b6	991e73a3330d6cbcad7c9ce4627f4f29a4a3d4900437056128a305edc5e59498	linked-historical-reference
0x00163a54	_Z6OpC4X1v	src/snes9x/native_sa1_opcodes.cpp	160	local	13	c91818a58aa27cea7f68ca702bd655510f5f9e1a3e0fcf27183bf282971d4424	c91818a58aa27cea7f68ca702bd655510f5f9e1a3e0fcf27183bf282971d4424	c91818a58aa27cea7f68ca702bd655510f5f9e1a3e0fcf27183bf282971d4424	19700399060c9b25fd02e2cd2f390367eb3c1c126c70b8b124b280d3dfe2a0cb	linked-historical-reference
0x00163af4	_Z6OpC4X0v	src/snes9x/native_sa1_opcodes.cpp	168	local	13	2fec44a56363861f6af5572819aa9a6b4f75a79be361d5742cfb33d6c39b81e0	2fec44a56363861f6af5572819aa9a6b4f75a79be361d5742cfb33d6c39b81e0	2fec44a56363861f6af5572819aa9a6b4f75a79be361d5742cfb33d6c39b81e0	1720c03db1db54dbb977ac4538cf0e28608a4bf3a392b3a98ff474d9c08fd225	linked-historical-reference
0x00163b9c	_Z6OpCCX1v	src/snes9x/native_sa1_opcodes.cpp	172	local	13	5fb377aebc98954736ab627002d2a7cb5c3023f5d9fb23c8d85b4ef72b58d4fb	5fb377aebc98954736ab627002d2a7cb5c3023f5d9fb23c8d85b4ef72b58d4fb	ff5009a450b4443cf04c44325049c4bd3b538f438be1da0f05980d0830d23ab0	64dd36ea98766ec13c926b7129654f03a60a76c10f240577901ef9763c0c6137	linked-historical-reference
0x00163c48	_Z6OpCCX0v	src/snes9x/native_sa1_opcodes.cpp	180	local	13	c42f7b0165206a37833f67bf2c30e4fb319c84a7145a2b26c8def18d99bf5601	c42f7b0165206a37833f67bf2c30e4fb319c84a7145a2b26c8def18d99bf5601	f13dc3734598190e2d13a7022628c28dccb53c6c4ecb2649c483142f9b152c64	2f53fea0f2015b9be40c1fbb3d431b4a87876f0ea04207a0472d353468eddc15	linked-historical-reference
0x00163cfc	_Z6Op3AM1v	src/snes9x/native_sa1_opcodes.cpp	48	local	4	d0d5593c5cde7450659d507f438b51fa7ab367fc8b584cfe7edb3175bf4a6761	d0d5593c5cde7450659d507f438b51fa7ab367fc8b584cfe7edb3175bf4a6761	d0d5593c5cde7450659d507f438b51fa7ab367fc8b584cfe7edb3175bf4a6761	0858b775a0b3ead69feae3bb385cc37cbd9157f7a1324f66e0171a8f3df56e38	linked-historical-reference
0x00163d2c	_Z6Op3AM0v	src/snes9x/native_sa1_opcodes.cpp	56	local	4	f8cd3186236362e5dc7d56bdb0132709509ef30d307ca5b1b06c0382c3852ef8	f8cd3186236362e5dc7d56bdb0132709509ef30d307ca5b1b06c0382c3852ef8	f8cd3186236362e5dc7d56bdb0132709509ef30d307ca5b1b06c0382c3852ef8	d74259e1b3e4ddb66b3e3270e8540ef21e8fb0aad11c2a18dc4b5496c3807c0b	linked-historical-reference
0x00163d64	_Z6OpC6M1v	src/snes9x/native_sa1_opcodes.cpp	152	local	15	24a3b73428dc0eee7a8e61fb218b73babcf57880ac7f809af032ba75d5c04c59	24a3b73428dc0eee7a8e61fb218b73babcf57880ac7f809af032ba75d5c04c59	dc5d845c66b9229a8647e866669d958ebf41bfc936a583c2eb0b47adbf5fa773	07d430504078ae2107f31c1ee19c55f66be29e7e99843dc88d49aa29c2a743b6	linked-historical-reference
0x00163dfc	_Z6OpC6M0v	src/snes9x/native_sa1_opcodes.cpp	188	local	18	d6697ce400e8e2f9e38eb42bde164ce5f32550d0073b8900f2a76cbcb1780637	d6697ce400e8e2f9e38eb42bde164ce5f32550d0073b8900f2a76cbcb1780637	4f21c21a178cd20aaf6adc9b7a58e0f20d0954c0795d24e4c0370b1f0f8bb87e	a3b93ba7a81ac80af1bad4d7400085601e1a5f315ee70b0422678dcbc49ad4c0	linked-historical-reference
0x00163eb8	_Z6OpD6M1v	src/snes9x/native_sa1_opcodes.cpp	180	local	15	24a98e69558c5dfceb3f6e9c5d33a4e994d77e9f232a97b15cba9868a06aa8f9	24a98e69558c5dfceb3f6e9c5d33a4e994d77e9f232a97b15cba9868a06aa8f9	24a98e69558c5dfceb3f6e9c5d33a4e994d77e9f232a97b15cba9868a06aa8f9	49183360367c7837932ed1705e6e0a5df4ec32d09fe528e9f36b360599584cf9	linked-historical-reference
0x00163f6c	_Z6OpD6M0v	src/snes9x/native_sa1_opcodes.cpp	216	local	18	1b73f33b4895794dcff5561862fba10a57ea0281e05660d036e69c3a1a1305d6	1b73f33b4895794dcff5561862fba10a57ea0281e05660d036e69c3a1a1305d6	1b73f33b4895794dcff5561862fba10a57ea0281e05660d036e69c3a1a1305d6	f1847c860e2a3901abcdf4b0437a5f481a6f372f64b8351e897d394cd5829072	linked-historical-reference
0x00164044	_Z6OpCEM1v	src/snes9x/native_sa1_opcodes.cpp	164	local	13	1529e4909030eac516f1d61d1e587da0d0e765fb1f31267fc626a1aec071bc11	1529e4909030eac516f1d61d1e587da0d0e765fb1f31267fc626a1aec071bc11	1529e4909030eac516f1d61d1e587da0d0e765fb1f31267fc626a1aec071bc11	08a4d6c3df61179772782d43976ca882fa9a01b781d0a13a7fd187d3a2929870	linked-historical-reference
0x001640e8	_Z6OpCEM0v	src/snes9x/native_sa1_opcodes.cpp	200	local	16	736fbf93c59eae4ddea56693f131512ac10e8d8edb6c054bdc6d0d879f4254a5	736fbf93c59eae4ddea56693f131512ac10e8d8edb6c054bdc6d0d879f4254a5	736fbf93c59eae4ddea56693f131512ac10e8d8edb6c054bdc6d0d879f4254a5	511700ab1678d72c97e62b0bf00400f13a4d6d80b06b0cfb7d4f6509edf7c01f	linked-historical-reference
0x001641b0	_Z6OpDEM1v	src/snes9x/native_sa1_opcodes.cpp	176	local	15	f7912d727537d1d117f8090cbcda98d91d0c2e9bfcc16af02d06d6c948cd68e5	f7912d727537d1d117f8090cbcda98d91d0c2e9bfcc16af02d06d6c948cd68e5	e017ceb57a0cd5de22b045db2b0b0e34675415280367397698bc433070f53050	6e266a177cf0556d000aa01c183638d561f71717c4ff0b43c6d1a5374f0bc889	linked-historical-reference
0x00164260	_Z6OpDEM0v	src/snes9x/native_sa1_opcodes.cpp	212	local	18	335c790080d927c911dc0b452a3acd33dc513842e8cae715eeade28b69d4a12a	335c790080d927c911dc0b452a3acd33dc513842e8cae715eeade28b69d4a12a	83a21e9c5101683db5641b939930468711130f8209fa1ac173799f06a3c9cbda	dd00d341b654d7044349dc91c0a6b02b7940862262903af9cd70c0f725739da1	linked-historical-reference
0x00164334	_Z6Op49M1v	src/snes9x/native_sa1_opcodes.cpp	56	local	4	3865d0ec42a6afdf00fd9988c318c04bee18c52ec7b9c7d7adbb636e18234057	3865d0ec42a6afdf00fd9988c318c04bee18c52ec7b9c7d7adbb636e18234057	3865d0ec42a6afdf00fd9988c318c04bee18c52ec7b9c7d7adbb636e18234057	a8dfb91a20d1ae76c3145c5447ec2443930a5f481e1ff2e58b8e17669293ac8d	linked-historical-reference
0x0016436c	_Z6Op49M0v	src/snes9x/native_sa1_opcodes.cpp	80	local	4	c57e4a016b5b1b42ba3cfa44fffb9ef7db2be286a61d73311b74223007aeb9d3	c57e4a016b5b1b42ba3cfa44fffb9ef7db2be286a61d73311b74223007aeb9d3	c57e4a016b5b1b42ba3cfa44fffb9ef7db2be286a61d73311b74223007aeb9d3	d91bf4df8faff075f8c0cde109e81afffd49b19186a4904d14f36d72a0416bba	linked-historical-reference
0x001643bc	_Z6Op45M1v	src/snes9x/native_sa1_opcodes.cpp	132	local	10	027cc521fb034bb1a03cafedd7a2d69bd3ed70eb28d9153bfa55f3fc50e438c6	027cc521fb034bb1a03cafedd7a2d69bd3ed70eb28d9153bfa55f3fc50e438c6	027cc521fb034bb1a03cafedd7a2d69bd3ed70eb28d9153bfa55f3fc50e438c6	c62222f1c95a11de69f632fba8315ad412d6dff159136b1dd87e3681069d8e07	linked-historical-reference
0x00164440	_Z6Op45M0v	src/snes9x/native_sa1_opcodes.cpp	140	local	10	d2f389c89a2b589855306f12d3ba5aa793cda9e793088ed19f2bf62475a8db3a	d2f389c89a2b589855306f12d3ba5aa793cda9e793088ed19f2bf62475a8db3a	d2f389c89a2b589855306f12d3ba5aa793cda9e793088ed19f2bf62475a8db3a	c161ac2643c1d8264d96275f6a52c569894ae4b60e0edc868aa670ef018e7d91	linked-historical-reference
0x001644cc	_Z6Op55M1v	src/snes9x/native_sa1_opcodes.cpp	156	local	10	02d91cfd1dc726b2a8c88788de18366e60b8bbe8db97930c8810cc62de2dee26	02d91cfd1dc726b2a8c88788de18366e60b8bbe8db97930c8810cc62de2dee26	02d91cfd1dc726b2a8c88788de18366e60b8bbe8db97930c8810cc62de2dee26	8333f5b8054bc1e9ec9ab512a83e6643deeae19626e701a0eeb6f28d2ab8aaef	linked-historical-reference
0x00164568	_Z6Op55M0v	src/snes9x/native_sa1_opcodes.cpp	164	local	10	4f01c01d66d6c972d24b3ad79ec5f0073b588e11df0871f487c963c2156dbd53	4f01c01d66d6c972d24b3ad79ec5f0073b588e11df0871f487c963c2156dbd53	4f01c01d66d6c972d24b3ad79ec5f0073b588e11df0871f487c963c2156dbd53	8a8e91561e4f2547d6fea07489d4395cd51f3f1746c0d399304c6541b5bc3d55	linked-historical-reference
0x0016460c	_Z6Op52M1v	src/snes9x/native_sa1_opcodes.cpp	184	local	14	c0e06ef01a0b00f7db816a8f2fb288b6107aca7f4a7a7433cdf0cee74e7b982e	c0e06ef01a0b00f7db816a8f2fb288b6107aca7f4a7a7433cdf0cee74e7b982e	c0e06ef01a0b00f7db816a8f2fb288b6107aca7f4a7a7433cdf0cee74e7b982e	069dfc751bab24f9fd7178f602e09a1c181925b8c596eed72bcaa19be198bc59	linked-historical-reference
0x001646c4	_Z6Op52M0v	src/snes9x/native_sa1_opcodes.cpp	192	local	14	154e61f803538dc639d105f4dc78cc4e8785c65df7553924f1bdd4bc783126c0	154e61f803538dc639d105f4dc78cc4e8785c65df7553924f1bdd4bc783126c0	154e61f803538dc639d105f4dc78cc4e8785c65df7553924f1bdd4bc783126c0	895e9beb49572b6031f2ad2950caf03ee108e7541e5a51ccddae04a92c3ddc61	linked-historical-reference
0x00164784	_Z6Op41M1v	src/snes9x/native_sa1_opcodes.cpp	192	local	14	c880d4288a36c057ca9ff8f79193ada4080737656ec816dc4f48fc0d900aa557	c880d4288a36c057ca9ff8f79193ada4080737656ec816dc4f48fc0d900aa557	c880d4288a36c057ca9ff8f79193ada4080737656ec816dc4f48fc0d900aa557	28e43c3f74eb43c9edc845b6c07a7dbbb956c91d8dc9f3985ff483b2d266fe4a	linked-historical-reference
0x00164844	_Z6Op41M0v	src/snes9x/native_sa1_opcodes.cpp	200	local	14	302addf90edb2502e98665dcd10e76b2e3cb9bc90edc91f2f5b9cd298b79cc34	302addf90edb2502e98665dcd10e76b2e3cb9bc90edc91f2f5b9cd298b79cc34	302addf90edb2502e98665dcd10e76b2e3cb9bc90edc91f2f5b9cd298b79cc34	0d98d7f9277fe121b6d82c796302e998bdfc698bb460cb474dc8c1a111b28fbb	linked-historical-reference
0x0016490c	_Z6Op51M1v	src/snes9x/native_sa1_opcodes.cpp	200	local	14	51d49bcaeec53c1c15cc7befaf2ecbecf063ab3bce83054d3f9a788a6ea60634	51d49bcaeec53c1c15cc7befaf2ecbecf063ab3bce83054d3f9a788a6ea60634	51d49bcaeec53c1c15cc7befaf2ecbecf063ab3bce83054d3f9a788a6ea60634	5e9223df1c811f774962d8e1ce76984f61a7a3a39136834d157f3134fff3671c	linked-historical-reference
0x001649d4	_Z6Op51M0v	src/snes9x/native_sa1_opcodes.cpp	208	local	14	ed877f240fd97eeb335e28539c493ba0899d24b72db013f7b5bcaa9443427883	ed877f240fd97eeb335e28539c493ba0899d24b72db013f7b5bcaa9443427883	ed877f240fd97eeb335e28539c493ba0899d24b72db013f7b5bcaa9443427883	f5fe81c5ce187df27ca5f9f1b030f641c1435d6e5ac42b1ac5b954f4110d089a	linked-historical-reference
0x00164aa4	_Z6Op47M1v	src/snes9x/native_sa1_opcodes.cpp	204	local	16	5ea8c44c27e5927afb27be621aa96aaa9e011a4d4ae709a44c7e29966f3825ea	5ea8c44c27e5927afb27be621aa96aaa9e011a4d4ae709a44c7e29966f3825ea	5ea8c44c27e5927afb27be621aa96aaa9e011a4d4ae709a44c7e29966f3825ea	2e1b9179d4cc3a0ecac09ba7a3001d3f859a19a942ede0bd06892a2c61657d8a	linked-historical-reference
0x00164b70	_Z6Op47M0v	src/snes9x/native_sa1_opcodes.cpp	212	local	16	b77b8f82913e4544542c4b59db27dca52171f4ff3fda2650da82eaf4cabd0c43	b77b8f82913e4544542c4b59db27dca52171f4ff3fda2650da82eaf4cabd0c43	b77b8f82913e4544542c4b59db27dca52171f4ff3fda2650da82eaf4cabd0c43	078f22ca9891f8db74fe769d560a27b3fe13597ab5b8a5660ac12339aa5ee20f	linked-historical-reference
0x00164c44	_Z6Op57M1v	src/snes9x/native_sa1_opcodes.cpp	212	local	16	bfac6f5c4065fc1486d2477c61a98f958adf67fd7efa69b3631e2d8c15c55111	bfac6f5c4065fc1486d2477c61a98f958adf67fd7efa69b3631e2d8c15c55111	bfac6f5c4065fc1486d2477c61a98f958adf67fd7efa69b3631e2d8c15c55111	5a883b2a2602fe457e7492ff8edce4219eed5481f07484d32131348e30929668	linked-historical-reference
0x00164d18	_Z6Op57M0v	src/snes9x/native_sa1_opcodes.cpp	220	local	16	313685717a5c277974493c03e26df93cf5babb9c75aa88dd7ccd847348687fbb	313685717a5c277974493c03e26df93cf5babb9c75aa88dd7ccd847348687fbb	313685717a5c277974493c03e26df93cf5babb9c75aa88dd7ccd847348687fbb	c20637bac2e98f7d1e518b6be4c6c78765c1f021e93d7e070f4869ec56b0b285	linked-historical-reference
0x00164df4	_Z6Op4DM1v	src/snes9x/native_sa1_opcodes.cpp	148	local	10	f5273cc002fbe4f3f96f58766f6249114165acfb461d938f481c304cf4eda367	f5273cc002fbe4f3f96f58766f6249114165acfb461d938f481c304cf4eda367	f5273cc002fbe4f3f96f58766f6249114165acfb461d938f481c304cf4eda367	9a8ba74c720ae63a1bda6e0cb13cdcda98ef1f04d9d7969d1fac64209929dad4	linked-historical-reference
0x00164e88	_Z6Op4DM0v	src/snes9x/native_sa1_opcodes.cpp	156	local	10	d096e1a19e86599616a30cdd05ab17851a209264f165b7ad8fe3232bd12b3c6b	d096e1a19e86599616a30cdd05ab17851a209264f165b7ad8fe3232bd12b3c6b	d096e1a19e86599616a30cdd05ab17851a209264f165b7ad8fe3232bd12b3c6b	c688fbcc9f3b0a9f7f61678ddd2323e14e0dba5b80b545f614e9321781d020ac	linked-historical-reference
0x00164f24	_Z6Op5DM1v	src/snes9x/native_sa1_opcodes.cpp	156	local	10	bd9dfbc89fdcd3a53075d6a3e99c6e2a701f43f6810217641246eb16239b629c	bd9dfbc89fdcd3a53075d6a3e99c6e2a701f43f6810217641246eb16239b629c	bd9dfbc89fdcd3a53075d6a3e99c6e2a701f43f6810217641246eb16239b629c	83fbb644ee605519cff117e8313e08546c7c72028349a3c7d60f07a373ded058	linked-historical-reference
0x00164fc0	_Z6Op5DM0v	src/snes9x/native_sa1_opcodes.cpp	164	local	10	36a89ca46e5df1a047d5ce12d91d3d668a4548904bb47d800643550d70e04c1b	36a89ca46e5df1a047d5ce12d91d3d668a4548904bb47d800643550d70e04c1b	36a89ca46e5df1a047d5ce12d91d3d668a4548904bb47d800643550d70e04c1b	0f4c24e464f566b61fcd305fd6427862678c386b89568bcf4ab416f572f51bb0	linked-historical-reference
0x00165064	_Z6Op59M1v	src/snes9x/native_sa1_opcodes.cpp	156	local	10	79f65c39d9e34a731bbdfa49453895060bd5b5ffa8137a322db0c40b734db028	79f65c39d9e34a731bbdfa49453895060bd5b5ffa8137a322db0c40b734db028	79f65c39d9e34a731bbdfa49453895060bd5b5ffa8137a322db0c40b734db028	ef51f4c76a538f346fbc4d6baf2c7c1b50de96217a52a10460471c4008b07e7a	linked-historical-reference
0x00165100	_Z6Op59M0v	src/snes9x/native_sa1_opcodes.cpp	164	local	10	2ca05ee1b8d47eaa10492da3e1e0b4cb4e82c0f744d2279a3d90691e708ecc37	2ca05ee1b8d47eaa10492da3e1e0b4cb4e82c0f744d2279a3d90691e708ecc37	2ca05ee1b8d47eaa10492da3e1e0b4cb4e82c0f744d2279a3d90691e708ecc37	38b545e62afc658c3732d02ad6f28c7e444bebe84bb337a4b7a51f5aaf4996ac	linked-historical-reference
0x001651a4	_Z6Op4FM1v	src/snes9x/native_sa1_opcodes.cpp	144	local	10	4f15625f3337b61d6ccdc7008790c6f084c427a9391f6c3931f2558c7bf59db8	4f15625f3337b61d6ccdc7008790c6f084c427a9391f6c3931f2558c7bf59db8	4f15625f3337b61d6ccdc7008790c6f084c427a9391f6c3931f2558c7bf59db8	2d1bc67a3370f03b8511dd883efeb0d242cd3f4e58773b95ad5d3748aa3932c8	linked-historical-reference
0x00165234	_Z6Op4FM0v	src/snes9x/native_sa1_opcodes.cpp	152	local	10	df3ffb853b78498eff69ee5b9b350495ab0adf309a3ab389c1393452252ccd5b	df3ffb853b78498eff69ee5b9b350495ab0adf309a3ab389c1393452252ccd5b	df3ffb853b78498eff69ee5b9b350495ab0adf309a3ab389c1393452252ccd5b	63a61831d69d4319279c8fd84aa67c6ed239f63657de610589b80263a3cbb933	linked-historical-reference
0x001652cc	_Z6Op5FM1v	src/snes9x/native_sa1_opcodes.cpp	164	local	10	0d228027444e48ded97eff6f9f6d2b50f352887cb54a801c1140a85f46a8d585	0d228027444e48ded97eff6f9f6d2b50f352887cb54a801c1140a85f46a8d585	0d228027444e48ded97eff6f9f6d2b50f352887cb54a801c1140a85f46a8d585	24cd9c6c91b924edaa919c911a4827403ef3ac9f407fe455283b7858ad1d8961	linked-historical-reference
0x00165370	_Z6Op5FM0v	src/snes9x/native_sa1_opcodes.cpp	172	local	10	32458d8cb66ed68798bae374c59aab81278ff3f4c22b95362ce0681c26e1c81d	32458d8cb66ed68798bae374c59aab81278ff3f4c22b95362ce0681c26e1c81d	32458d8cb66ed68798bae374c59aab81278ff3f4c22b95362ce0681c26e1c81d	f0da14e336e04c3e8c140579252c989325efa15f4a52691c4c1bcb332e64561e	linked-historical-reference
0x0016541c	_Z6Op43M1v	src/snes9x/native_sa1_opcodes.cpp	132	local	10	0cd4ff41694d225e72a38595b4c7a63c2c63dd20871f0b85011d05bd4e7fea61	0cd4ff41694d225e72a38595b4c7a63c2c63dd20871f0b85011d05bd4e7fea61	0cd4ff41694d225e72a38595b4c7a63c2c63dd20871f0b85011d05bd4e7fea61	3f7df1db5d268ab0b8960861ed20016dc2cddedd44f84e704e0e370f39a95cca	linked-historical-reference
0x001654a0	_Z6Op43M0v	src/snes9x/native_sa1_opcodes.cpp	140	local	10	70e1e8967e9637badff10639a463b421f0d47e16d5241fb36208f63af9428d72	70e1e8967e9637badff10639a463b421f0d47e16d5241fb36208f63af9428d72	70e1e8967e9637badff10639a463b421f0d47e16d5241fb36208f63af9428d72	20a96fc5ec1c2b3ae6286ed5ffc3540c497172df24a56aca5dfb2dd68b0df1a3	linked-historical-reference
0x0016552c	_Z6Op53M1v	src/snes9x/native_sa1_opcodes.cpp	204	local	14	8b33f17bf3effba2ecf8b458db04a4356dc8dcec6983defa9c415c590e33e4dc	8b33f17bf3effba2ecf8b458db04a4356dc8dcec6983defa9c415c590e33e4dc	8b33f17bf3effba2ecf8b458db04a4356dc8dcec6983defa9c415c590e33e4dc	f11441cf55416616bb92822f38c810b40d633ce0ed0dc6d59f1052ee53be10db	linked-historical-reference
0x001655f8	_Z6Op53M0v	src/snes9x/native_sa1_opcodes.cpp	212	local	14	2fbd110a342ed42a4caccdb363c741a4d7a417901e832d16e0c3ef7c5df6d5ba	2fbd110a342ed42a4caccdb363c741a4d7a417901e832d16e0c3ef7c5df6d5ba	2fbd110a342ed42a4caccdb363c741a4d7a417901e832d16e0c3ef7c5df6d5ba	cd521b8878ad7d9177fc1ff238ba56e3b1dab220b676f51198d60d4bd7deab8f	linked-historical-reference
0x001656cc	_Z6Op1AM1v	src/snes9x/native_sa1_opcodes.cpp	48	local	4	9c93948dc301bc03977a90157d87f740a29bc8570be1f3e75c8565b8194e51b1	9c93948dc301bc03977a90157d87f740a29bc8570be1f3e75c8565b8194e51b1	9c93948dc301bc03977a90157d87f740a29bc8570be1f3e75c8565b8194e51b1	1d7b51ee66fd7a2d46a05c6c5bf8cba61e802a5fa9779e16f0bce5c05624488e	linked-historical-reference
0x001656fc	_Z6Op1AM0v	src/snes9x/native_sa1_opcodes.cpp	56	local	4	b45aa1e8b265ceef83e202bb42acdcbda12306411e587299499aa59a26504b26	b45aa1e8b265ceef83e202bb42acdcbda12306411e587299499aa59a26504b26	b45aa1e8b265ceef83e202bb42acdcbda12306411e587299499aa59a26504b26	d8b1c169f33b015df911aeadc1d9cdafae71d0113702bd1dca58f3441cfab621	linked-historical-reference
0x00165734	_Z6OpE6M1v	src/snes9x/native_sa1_opcodes.cpp	152	local	15	e12e352f9f5a609253d8e8201b42ba42d5fb4f4bfc54479e3d707b58d32d644b	e12e352f9f5a609253d8e8201b42ba42d5fb4f4bfc54479e3d707b58d32d644b	987f9650d2b7c8891e05169467e9e65902ff3c75e85646614b9f6eaf7603f571	c32ff9408c5a9a5715870d85d491c283fe7ca5d420b0c40e8d358f64554bfcdd	linked-historical-reference
0x001657cc	_Z6OpE6M0v	src/snes9x/native_sa1_opcodes.cpp	188	local	18	65adec53b6cf57d533f0574d29013ecee38cedbe3bb309442f3d8f5d7151bcd3	65adec53b6cf57d533f0574d29013ecee38cedbe3bb309442f3d8f5d7151bcd3	d654b2ad7c5cde953a3e22c85ac5bc1792866bf44c761233f78ef0e086381cdf	0c03fb8b53611a4d3e348c945ad851e0dd861a3690bae117de81d6afb317172f	linked-historical-reference
0x00165888	_Z6OpF6M1v	src/snes9x/native_sa1_opcodes.cpp	180	local	15	800843693f9cae24c15b88d0ea12b4ab2f9667de583d9816b78306c58e056a42	800843693f9cae24c15b88d0ea12b4ab2f9667de583d9816b78306c58e056a42	800843693f9cae24c15b88d0ea12b4ab2f9667de583d9816b78306c58e056a42	3d1568986a04cda039b425c18e16e999f3d0b7fac05aea2924e5d123415e3fe9	linked-historical-reference
0x0016593c	_Z6OpF6M0v	src/snes9x/native_sa1_opcodes.cpp	216	local	18	84822dd1fa5f25ffedae0776475fc1752103ac1129941d31934c60bed06d6a8c	84822dd1fa5f25ffedae0776475fc1752103ac1129941d31934c60bed06d6a8c	84822dd1fa5f25ffedae0776475fc1752103ac1129941d31934c60bed06d6a8c	2b24e10aa47b0d996811445c184abe79f780c446544507732e84b2a240389d7f	linked-historical-reference
0x00165a14	_Z6OpEEM1v	src/snes9x/native_sa1_opcodes.cpp	164	local	13	3b9aea1f5f6539e4d271b5d5bdba17c3c9caaf46bd91282cf3740a8e1125dc45	3b9aea1f5f6539e4d271b5d5bdba17c3c9caaf46bd91282cf3740a8e1125dc45	3b9aea1f5f6539e4d271b5d5bdba17c3c9caaf46bd91282cf3740a8e1125dc45	333fdfc2981f955b114012472d5657e8aef3cd45383ebe9f9fbb0c07b144bcf9	linked-historical-reference
0x00165ab8	_Z6OpEEM0v	src/snes9x/native_sa1_opcodes.cpp	200	local	16	1f3690218c49a738a23a5b33d8c5f103545ee27da4c626a978e0997239386767	1f3690218c49a738a23a5b33d8c5f103545ee27da4c626a978e0997239386767	1f3690218c49a738a23a5b33d8c5f103545ee27da4c626a978e0997239386767	d1d58caa25024285b4f3da90fc1cc19e946673eb1ef2fb23d36428d8e136109f	linked-historical-reference
0x00165b80	_Z6OpFEM1v	src/snes9x/native_sa1_opcodes.cpp	176	local	15	d0f05899fad1b94c623b65355300c6ccea827e1229685501b688c5792312d13e	d0f05899fad1b94c623b65355300c6ccea827e1229685501b688c5792312d13e	3fe01ab8156afa799d883afb0fa8ce180a9ab12bb5cb603ef8fbe0c52b45db92	9e80259f0d7309bde53ccd33e9be84a54050d00ee3acd240d7f670341217aa0e	linked-historical-reference
0x00165c30	_Z6OpFEM0v	src/snes9x/native_sa1_opcodes.cpp	212	local	18	8040140a7d126c8c175908b66422853b8f9f8f3ab182f7bb3cae7d0800696ffd	8040140a7d126c8c175908b66422853b8f9f8f3ab182f7bb3cae7d0800696ffd	983965e711468beb4ad8d95fa7b4117040e7e63a23e20ff51a5eb7f7310f0d8d	6c7d610e446d5e2971d0d1262f0ee2b2aec0fd37c52317aee0ffcb813f3162a7	linked-historical-reference
0x00165d04	_Z6OpA9M1v	src/snes9x/native_sa1_opcodes.cpp	44	local	4	11def4d17cbdf753a95ec7665e8ec37a61dc6237d45d529beacdf7f63a77f08c	11def4d17cbdf753a95ec7665e8ec37a61dc6237d45d529beacdf7f63a77f08c	5620ce5c6dcfd7e1e17f9440eb56c0d99ff30f206db512650579a678af590ced	ede28b5802439c98c2640a9fb69388b42d3d5ff7d75d697065fe01d9086fb0ea	linked-historical-reference
0x00165d30	_Z6OpA9M0v	src/snes9x/native_sa1_opcodes.cpp	68	local	4	86cbda4a28b60f9a98cbc09d88edf3ac9a4e943b7f1dcaf19d590711cb95ebe2	86cbda4a28b60f9a98cbc09d88edf3ac9a4e943b7f1dcaf19d590711cb95ebe2	b67611b8306d9a02af053c26c286b12e7bde5d7a2edf8a93ec5b122656f161b3	4558d26994daa56db3f178522d88714a34fb5e5b111944691156d8bb9492069e	linked-historical-reference
0x00165d74	_Z6OpA5M1v	src/snes9x/native_sa1_opcodes.cpp	120	local	10	25228d06fdd37c2b56f264437710b5a9c95c39e58240c786dba9826c5de71c93	25228d06fdd37c2b56f264437710b5a9c95c39e58240c786dba9826c5de71c93	25228d06fdd37c2b56f264437710b5a9c95c39e58240c786dba9826c5de71c93	89d1c75767340c4b77907c9788cd7924fe9492f65a077f68123f1d68c1df6845	linked-historical-reference
0x00165dec	_Z6OpA5M0v	src/snes9x/native_sa1_opcodes.cpp	132	local	10	f952783db1b984ba9c099040cb8d2aef586aaafa77fd1784a715579f8dd19733	f952783db1b984ba9c099040cb8d2aef586aaafa77fd1784a715579f8dd19733	f952783db1b984ba9c099040cb8d2aef586aaafa77fd1784a715579f8dd19733	f39ef4a3f5af42f293905655dbb6c52bdf7e539a6d393d25771484f411f822d8	linked-historical-reference
0x00165e70	_Z6OpB5M1v	src/snes9x/native_sa1_opcodes.cpp	144	local	10	2e8f40474228219ac732578af74b7137e4ee8ddaecc9b1ccd1ff5e50da11eac4	2e8f40474228219ac732578af74b7137e4ee8ddaecc9b1ccd1ff5e50da11eac4	2e8f40474228219ac732578af74b7137e4ee8ddaecc9b1ccd1ff5e50da11eac4	54f8b73b31cd9a8402655641f5551384fe623b59f068ae942176a7eff7f05ffe	linked-historical-reference
0x00165f00	_Z6OpB5M0v	src/snes9x/native_sa1_opcodes.cpp	156	local	10	d7eb657b3947ab9d63953eb5db19e80ae9ad9883d34e7d8eab3501ec0408765f	d7eb657b3947ab9d63953eb5db19e80ae9ad9883d34e7d8eab3501ec0408765f	d7eb657b3947ab9d63953eb5db19e80ae9ad9883d34e7d8eab3501ec0408765f	94293aa29c254caddae63c4798ff37ff3150e8eb8c5f51afb6852bdc4418c3f1	linked-historical-reference
0x00165f9c	_Z6OpB2M1v	src/snes9x/native_sa1_opcodes.cpp	172	local	14	5d38b2b7581f6c47345e6cbc170fd5f9f670727e78a89910b61ed2603487268a	5d38b2b7581f6c47345e6cbc170fd5f9f670727e78a89910b61ed2603487268a	5d38b2b7581f6c47345e6cbc170fd5f9f670727e78a89910b61ed2603487268a	658761876799b7a6bcfa3444c9529d42750ffb08e02bee76b5f18bec682ab682	linked-historical-reference
0x00166048	_Z6OpB2M0v	src/snes9x/native_sa1_opcodes.cpp	184	local	14	22906341d9b6e8a6c9af6a811e6d65bdb409e340ffba592ffdf2835650b7950a	22906341d9b6e8a6c9af6a811e6d65bdb409e340ffba592ffdf2835650b7950a	22906341d9b6e8a6c9af6a811e6d65bdb409e340ffba592ffdf2835650b7950a	b40f816bbf1253e9396376539eb7e4d68b351fdc71c8015d1842410cf5753c18	linked-historical-reference
0x00166100	_Z6OpA1M1v	src/snes9x/native_sa1_opcodes.cpp	180	local	14	2425bae98397be2b7e366da15982d8021a6ea23b19344f9c3f3825b30b8030a0	2425bae98397be2b7e366da15982d8021a6ea23b19344f9c3f3825b30b8030a0	2425bae98397be2b7e366da15982d8021a6ea23b19344f9c3f3825b30b8030a0	dc39cccefff7091e3203b1feb83c8efbb40cc41bacf0da1b6d2d9a3cc120df2a	linked-historical-reference
0x001661b4	_Z6OpA1M0v	src/snes9x/native_sa1_opcodes.cpp	192	local	14	a06245fdfc1f32ccc1d5860ee2e31fb0d2da673b07a7e00e8c991e848bc95909	a06245fdfc1f32ccc1d5860ee2e31fb0d2da673b07a7e00e8c991e848bc95909	a06245fdfc1f32ccc1d5860ee2e31fb0d2da673b07a7e00e8c991e848bc95909	378c271c81945f9a13406b2fd15fddb44718836b91e575506fec3c777911ae85	linked-historical-reference
0x00166274	_Z6OpB1M1v	src/snes9x/native_sa1_opcodes.cpp	188	local	14	75f4361b50dedb6a9113169e555bbcaa1fdc9d71d4d33ca2352327a798fda0b4	75f4361b50dedb6a9113169e555bbcaa1fdc9d71d4d33ca2352327a798fda0b4	75f4361b50dedb6a9113169e555bbcaa1fdc9d71d4d33ca2352327a798fda0b4	f82f7ea165d9510d30dd9cc0130a0b411c4c92734d20fdf20771624421cf47b3	linked-historical-reference
0x00166330	_Z6OpB1M0v	src/snes9x/native_sa1_opcodes.cpp	200	local	14	5a2e3bc118577c59f892e3e8b8612c7460e67210f252b4f07c92289e982fa13f	5a2e3bc118577c59f892e3e8b8612c7460e67210f252b4f07c92289e982fa13f	5a2e3bc118577c59f892e3e8b8612c7460e67210f252b4f07c92289e982fa13f	0e0088fb2bcbfba2d47c7a1dceeafdcdeaa438ffd0fe2e4061d783472596822d	linked-historical-reference
0x001663f8	_Z6OpA7M1v	src/snes9x/native_sa1_opcodes.cpp	192	local	16	aaedbd2a40fcd2c2682c48a49de1ca23f94829b00f0a1b54af156db0197832e6	aaedbd2a40fcd2c2682c48a49de1ca23f94829b00f0a1b54af156db0197832e6	aaedbd2a40fcd2c2682c48a49de1ca23f94829b00f0a1b54af156db0197832e6	12911eb306f629d6b063be6efe3e024d9b22e6acbe1bdf3bab4ccf6353fb3ef0	linked-historical-reference
0x001664b8	_Z6OpA7M0v	src/snes9x/native_sa1_opcodes.cpp	204	local	16	6df4960647deef1fe19204070598e1b97a8bc88cf50c9732c0e33703ac494c95	6df4960647deef1fe19204070598e1b97a8bc88cf50c9732c0e33703ac494c95	6df4960647deef1fe19204070598e1b97a8bc88cf50c9732c0e33703ac494c95	fef315480c4f9059a4ec1338f09c03d9f81d6d1f9ccde08896ae78bafac72513	linked-historical-reference
0x00166584	_Z6OpB7M1v	src/snes9x/native_sa1_opcodes.cpp	200	local	16	d46bd208efc05f2435998d315d67dee26af0aeb5ac538ec4a74e1cf9decef4ff	d46bd208efc05f2435998d315d67dee26af0aeb5ac538ec4a74e1cf9decef4ff	d46bd208efc05f2435998d315d67dee26af0aeb5ac538ec4a74e1cf9decef4ff	476c33b0ff342a2ddbf391338c1fd1aaeeca3b0c1f163cc481cf464281af8dcb	linked-historical-reference
0x0016664c	_Z6OpB7M0v	src/snes9x/native_sa1_opcodes.cpp	212	local	16	32d7a00a4312ed0240b0ed2030c83389a7d057522eb82d63e8d4d9f8e32e9390	32d7a00a4312ed0240b0ed2030c83389a7d057522eb82d63e8d4d9f8e32e9390	32d7a00a4312ed0240b0ed2030c83389a7d057522eb82d63e8d4d9f8e32e9390	69fa14a683b5f16857ed608f726a7dab70d382dc507e4eecaa9b593a714febc1	linked-historical-reference
0x00166720	_Z6OpADM1v	src/snes9x/native_sa1_opcodes.cpp	128	local	10	b9cd22bf0edf9eaf4d8201c9e090ed08c3b621477c2dfa6fb0110118790ee8ce	b9cd22bf0edf9eaf4d8201c9e090ed08c3b621477c2dfa6fb0110118790ee8ce	b9cd22bf0edf9eaf4d8201c9e090ed08c3b621477c2dfa6fb0110118790ee8ce	0c7b3d91c208e088cf39802f3ab2750fe8f56d99aa7a9ea2f266cb0dc42fa498	linked-historical-reference
0x001667a0	_Z6OpADM0v	src/snes9x/native_sa1_opcodes.cpp	140	local	10	5fb7d7d86af0efbc8646705dcf731576a0665b98a22994435a48be5bb27b4f52	5fb7d7d86af0efbc8646705dcf731576a0665b98a22994435a48be5bb27b4f52	5fb7d7d86af0efbc8646705dcf731576a0665b98a22994435a48be5bb27b4f52	571c2a8993e901a23cebcf960d27d91bc797d45d681cda8b03875d82fc74427b	linked-historical-reference
0x0016682c	_Z6OpBDM1v	src/snes9x/native_sa1_opcodes.cpp	144	local	10	fc213009d6c983bbb901edbe8ea83e911dd5f662e05dd64618e033d9640f15c6	fc213009d6c983bbb901edbe8ea83e911dd5f662e05dd64618e033d9640f15c6	fc213009d6c983bbb901edbe8ea83e911dd5f662e05dd64618e033d9640f15c6	e960f6ff1097d5bd0b328714c814fd8312da238677c5532bc533679592318335	linked-historical-reference
0x001668bc	_Z6OpBDM0v	src/snes9x/native_sa1_opcodes.cpp	156	local	10	93d958b611fbd996b3845bae8bb521eca4bc1c5734ff72b194a8809113a7f9fc	93d958b611fbd996b3845bae8bb521eca4bc1c5734ff72b194a8809113a7f9fc	93d958b611fbd996b3845bae8bb521eca4bc1c5734ff72b194a8809113a7f9fc	736214084739c23067d7cc730fa91cf76cf056b9d7c37fee5e14725424fe8cbf	linked-historical-reference
0x00166958	_Z6OpB9M1v	src/snes9x/native_sa1_opcodes.cpp	144	local	10	5cb1aa2e8384d428272363525d1b073c2f4f4065a0d8c5a286d7a184f6fbae19	5cb1aa2e8384d428272363525d1b073c2f4f4065a0d8c5a286d7a184f6fbae19	5cb1aa2e8384d428272363525d1b073c2f4f4065a0d8c5a286d7a184f6fbae19	b554386105405f3e89daec9bde458748131bf3191260c67c4868b8517998e705	linked-historical-reference
0x001669e8	_Z6OpB9M0v	src/snes9x/native_sa1_opcodes.cpp	156	local	10	2f291faa2afd33e65d168bf5c2acc310d75b1b6465c2babd9bbd6efe0d0c3646	2f291faa2afd33e65d168bf5c2acc310d75b1b6465c2babd9bbd6efe0d0c3646	2f291faa2afd33e65d168bf5c2acc310d75b1b6465c2babd9bbd6efe0d0c3646	cdece099869c8f815b04ef825a0944c4cc75104116481057e519ebb439dc2eac	linked-historical-reference
0x00166a84	_Z6OpAFM1v	src/snes9x/native_sa1_opcodes.cpp	124	local	10	3979ad28f3249c49c509dbf5977c3840e0e49184865b47cf080d522aecc66d8a	3979ad28f3249c49c509dbf5977c3840e0e49184865b47cf080d522aecc66d8a	3979ad28f3249c49c509dbf5977c3840e0e49184865b47cf080d522aecc66d8a	35c0c3c1cec59790913e1d6b80148f78748f1f375038eff2a5774b3f026aa26f	linked-historical-reference
0x00166b00	_Z6OpAFM0v	src/snes9x/native_sa1_opcodes.cpp	136	local	10	36b9ea52cb329289060741459c36aeb55dd7098412542ca571f21c8f649a8708	36b9ea52cb329289060741459c36aeb55dd7098412542ca571f21c8f649a8708	36b9ea52cb329289060741459c36aeb55dd7098412542ca571f21c8f649a8708	8f04b4a7e1f91baf30cdae1f106e0f258a6eb348ffb2d8ce6f9bac64bca27c3b	linked-historical-reference
0x00166b88	_Z6OpBFM1v	src/snes9x/native_sa1_opcodes.cpp	152	local	10	b9c9308393afda2451a7c7caef77be962ff9bd0404f67e92b7c6f75d5f735cdd	b9c9308393afda2451a7c7caef77be962ff9bd0404f67e92b7c6f75d5f735cdd	b9c9308393afda2451a7c7caef77be962ff9bd0404f67e92b7c6f75d5f735cdd	dbcf324375bc7cf1aa2190abecca7d11af4bf018578d80f34a437d8887bcb0ed	linked-historical-reference
0x00166c20	_Z6OpBFM0v	src/snes9x/native_sa1_opcodes.cpp	164	local	10	4869ae1d2a4259b122842482f2d8ab9b0df287c71f35545765ad25e21bcfc046	4869ae1d2a4259b122842482f2d8ab9b0df287c71f35545765ad25e21bcfc046	4869ae1d2a4259b122842482f2d8ab9b0df287c71f35545765ad25e21bcfc046	baab2d9b0a12650f9c6add8a382f35d66f8bdf959280b67f29a32476b60d8292	linked-historical-reference
0x00166cc4	_Z6OpA3M1v	src/snes9x/native_sa1_opcodes.cpp	120	local	10	1ac9ed07cc726bb236ad6667749829cc84ed9effeb037a79d176de19892da839	1ac9ed07cc726bb236ad6667749829cc84ed9effeb037a79d176de19892da839	1ac9ed07cc726bb236ad6667749829cc84ed9effeb037a79d176de19892da839	dda3b302953de8c4931131ad2294d544a1ae846ddd312177e5955d0ad56afa1b	linked-historical-reference
0x00166d3c	_Z6OpA3M0v	src/snes9x/native_sa1_opcodes.cpp	132	local	10	b7871c9ba186d7886fa4aea8f4ffa919a5e88239c044b308015829cf13b99c57	b7871c9ba186d7886fa4aea8f4ffa919a5e88239c044b308015829cf13b99c57	b7871c9ba186d7886fa4aea8f4ffa919a5e88239c044b308015829cf13b99c57	d6926ee5b73f301d2976d27eb75de422c267587379ecbcfc95a5b4f09c23ae46	linked-historical-reference
0x00166dc0	_Z6OpB3M1v	src/snes9x/native_sa1_opcodes.cpp	192	local	14	3478c52d1c5235ff45c0f0ceddeaf34da8deb8d27d57814faaf5d92f122f7255	3478c52d1c5235ff45c0f0ceddeaf34da8deb8d27d57814faaf5d92f122f7255	3478c52d1c5235ff45c0f0ceddeaf34da8deb8d27d57814faaf5d92f122f7255	6beb90713f1b7aac60700fc19715f56848ed115e3339eb45c5e5cdc6f71d7203	linked-historical-reference
0x00166e80	_Z6OpB3M0v	src/snes9x/native_sa1_opcodes.cpp	204	local	14	9f0ded9ead8ba7350545a7015555d7538dab0af0d00626fda572da479b201d71	9f0ded9ead8ba7350545a7015555d7538dab0af0d00626fda572da479b201d71	9f0ded9ead8ba7350545a7015555d7538dab0af0d00626fda572da479b201d71	109e254bf4833badcb539e9ad00b57f082ebb2f976e1ffc29ebc35f50eab4256	linked-historical-reference
0x00166f4c	_Z6OpA2X1v	src/snes9x/native_sa1_opcodes.cpp	44	local	4	b5ba3582eeb69d7b00299ec1c3aba028c85825c8e00a8d4f929e3e01730d42af	b5ba3582eeb69d7b00299ec1c3aba028c85825c8e00a8d4f929e3e01730d42af	5620ce5c6dcfd7e1e17f9440eb56c0d99ff30f206db512650579a678af590ced	3619f31ca27fbbb2f67e7d69cc12de37e8511ef245fccd3abdf81c11860045c7	linked-historical-reference
0x00166f78	_Z6OpA2X0v	src/snes9x/native_sa1_opcodes.cpp	68	local	4	c5fcf395e7eb5d0a09cbf9da56d1bb2babe4dd8a318059952c5516f2fdf8f328	c5fcf395e7eb5d0a09cbf9da56d1bb2babe4dd8a318059952c5516f2fdf8f328	b67611b8306d9a02af053c26c286b12e7bde5d7a2edf8a93ec5b122656f161b3	5e545fa64c1f5b940387f8f7bb4f306469274e8caaa2030ca5f4b2b0fa644ea9	linked-historical-reference
0x00166fbc	_Z6OpA6X1v	src/snes9x/native_sa1_opcodes.cpp	120	local	10	311cb59468e00a34f05c749fe3e89fa1062d012edbfcb29e069ae83593c9c071	311cb59468e00a34f05c749fe3e89fa1062d012edbfcb29e069ae83593c9c071	311cb59468e00a34f05c749fe3e89fa1062d012edbfcb29e069ae83593c9c071	7ab761cb009cdac20cfe72007a28f3ac3326ce87312c7cee9df7dfa66de3d611	linked-historical-reference
0x00167034	_Z6OpA6X0v	src/snes9x/native_sa1_opcodes.cpp	132	local	10	4fdafdd6e32d16de0ad3936a8e954c056e0da86f7be44d6793ebea597fca8974	4fdafdd6e32d16de0ad3936a8e954c056e0da86f7be44d6793ebea597fca8974	4fdafdd6e32d16de0ad3936a8e954c056e0da86f7be44d6793ebea597fca8974	31a0f3c308c50163ec59cac7de10d0b1c84f6310f27855bb3b732e7045f66384	linked-historical-reference
0x001670b8	_Z6OpB6X1v	src/snes9x/native_sa1_opcodes.cpp	144	local	10	74d5293c4aea9867bdc7bd195be0b01c63deeef53be1293308b92aab6728e0de	74d5293c4aea9867bdc7bd195be0b01c63deeef53be1293308b92aab6728e0de	74d5293c4aea9867bdc7bd195be0b01c63deeef53be1293308b92aab6728e0de	142ad803fc5e81829b9f11973e9fa760b6ce9b6ba35b3c50e7c0bafc8b42c96f	linked-historical-reference
0x00167148	_Z6OpB6X0v	src/snes9x/native_sa1_opcodes.cpp	156	local	10	ed4693703742bfb0f6dbd82f4d903b36af21a468c7d05a78cb0c90045dc046ad	ed4693703742bfb0f6dbd82f4d903b36af21a468c7d05a78cb0c90045dc046ad	ed4693703742bfb0f6dbd82f4d903b36af21a468c7d05a78cb0c90045dc046ad	5616438896b5b48529132d2bdf73770c898fdac8db4ac29264bc4f4bd8f3cadb	linked-historical-reference
0x001671e4	_Z6OpAEX1v	src/snes9x/native_sa1_opcodes.cpp	128	local	10	89291d03483f8a1764e112c93d84bc3fff8e4f676028e39904e6b4bfaae386c4	89291d03483f8a1764e112c93d84bc3fff8e4f676028e39904e6b4bfaae386c4	89291d03483f8a1764e112c93d84bc3fff8e4f676028e39904e6b4bfaae386c4	bed59c577efdcd7d86a7bbfd5fe805603b7c7817254d80dee6e50d87f3530cdc	linked-historical-reference
0x00167264	_Z6OpAEX0v	src/snes9x/native_sa1_opcodes.cpp	140	local	10	726ef221929ec98f25b9595ba99c6c60a8c0e9083e10312ca449b77aca8cc91f	726ef221929ec98f25b9595ba99c6c60a8c0e9083e10312ca449b77aca8cc91f	726ef221929ec98f25b9595ba99c6c60a8c0e9083e10312ca449b77aca8cc91f	ba9e24a044dc0405a61f73a58eefa7e77f5b86206c717d67943f6e8e0a05bbf0	linked-historical-reference
0x001672f0	_Z6OpBEX1v	src/snes9x/native_sa1_opcodes.cpp	144	local	10	7726f513bba95d24a54c2f40d3278b39339f1ff419d7f908fd530bbb9681401c	7726f513bba95d24a54c2f40d3278b39339f1ff419d7f908fd530bbb9681401c	7726f513bba95d24a54c2f40d3278b39339f1ff419d7f908fd530bbb9681401c	5d8b90edb55d152888bd3cff411586cdca98fedaff15b7f51e35c76e9356b7ad	linked-historical-reference
0x00167380	_Z6OpBEX0v	src/snes9x/native_sa1_opcodes.cpp	156	local	10	86123287937230ba93ac4936ce87a092bc7765ed807df46c13db59822b08786e	86123287937230ba93ac4936ce87a092bc7765ed807df46c13db59822b08786e	86123287937230ba93ac4936ce87a092bc7765ed807df46c13db59822b08786e	8a34cd29d03479e27ef76b5471362be56108a60442625d533c1f71a1e3d3b6b2	linked-historical-reference
0x0016741c	_Z6OpA0X1v	src/snes9x/native_sa1_opcodes.cpp	44	local	4	f3ef041ec550a8d4621fb9fdf35b0326a9c456a43517b5708079f69b663343d8	f3ef041ec550a8d4621fb9fdf35b0326a9c456a43517b5708079f69b663343d8	5620ce5c6dcfd7e1e17f9440eb56c0d99ff30f206db512650579a678af590ced	354b99337355c0182505782a58a79c971cffcd4a85fe7e0f9f96c95c9d87740a	linked-historical-reference
0x00167448	_Z6OpA0X0v	src/snes9x/native_sa1_opcodes.cpp	68	local	4	ee47de0b7ca6c9c98e2bcca1d1b47babc597a6fde61c0f88fc23921871826e9d	ee47de0b7ca6c9c98e2bcca1d1b47babc597a6fde61c0f88fc23921871826e9d	b67611b8306d9a02af053c26c286b12e7bde5d7a2edf8a93ec5b122656f161b3	2ec8fb7fed96d7382accf0521f73d785d8396b326037f202249578fa27215db5	linked-historical-reference
0x0016748c	_Z6OpA4X1v	src/snes9x/native_sa1_opcodes.cpp	120	local	10	2382bf8e3f4020915d6d88998395d7321fb8a034e3ec264567551de252063e02	2382bf8e3f4020915d6d88998395d7321fb8a034e3ec264567551de252063e02	2382bf8e3f4020915d6d88998395d7321fb8a034e3ec264567551de252063e02	e094156050ba585c781eee0599ea2c98d8eee1f256d8994bae834247bc49bfe8	linked-historical-reference
0x00167504	_Z6OpA4X0v	src/snes9x/native_sa1_opcodes.cpp	132	local	10	5710db328c18d61012765f74a078d33a7e8435a9cb2a886b2749e7831b9ad385	5710db328c18d61012765f74a078d33a7e8435a9cb2a886b2749e7831b9ad385	5710db328c18d61012765f74a078d33a7e8435a9cb2a886b2749e7831b9ad385	e120e1b3c09a6abc5c2e95a53646d44c9c6860bb8cf74d2ca82f165593e5927d	linked-historical-reference
0x00167588	_Z6OpB4X1v	src/snes9x/native_sa1_opcodes.cpp	144	local	10	d82b62babf6008d1a8b90c5067061b70be92624ed4dc82c1caff3cbd31619c09	d82b62babf6008d1a8b90c5067061b70be92624ed4dc82c1caff3cbd31619c09	d82b62babf6008d1a8b90c5067061b70be92624ed4dc82c1caff3cbd31619c09	79cd8140d442e4c90643d73c9a64ca9f50fdb788f3b05d84c76b6319c7d93990	linked-historical-reference
0x00167618	_Z6OpB4X0v	src/snes9x/native_sa1_opcodes.cpp	156	local	10	1506f1bef82b7f79fd558ee9d74edd0058ff30ef152c3fe7b69c995dd060e16d	1506f1bef82b7f79fd558ee9d74edd0058ff30ef152c3fe7b69c995dd060e16d	1506f1bef82b7f79fd558ee9d74edd0058ff30ef152c3fe7b69c995dd060e16d	0e353410c875365341540b10af304fbb76dba7ac61c528aa396ffadc80109cc3	linked-historical-reference
0x001676b4	_Z6OpACX1v	src/snes9x/native_sa1_opcodes.cpp	128	local	10	0e103b98075b0fadf5b04bae22f30043fb2ea677e019d0ff618a61d76b7e0e28	0e103b98075b0fadf5b04bae22f30043fb2ea677e019d0ff618a61d76b7e0e28	0e103b98075b0fadf5b04bae22f30043fb2ea677e019d0ff618a61d76b7e0e28	f0367acba3ffec9d7401e6826fce0152012ba70e5e22f81e6b18151687c61414	linked-historical-reference
0x00167734	_Z6OpACX0v	src/snes9x/native_sa1_opcodes.cpp	140	local	10	386e40ebcc022b75e7d4959b7a4a9eff8d88b7b10b069699a0a676fe43761020	386e40ebcc022b75e7d4959b7a4a9eff8d88b7b10b069699a0a676fe43761020	386e40ebcc022b75e7d4959b7a4a9eff8d88b7b10b069699a0a676fe43761020	30df3b3c94926f1580379483977c6130a155fa9e1692b7bf6f38401678740e98	linked-historical-reference
0x001677c0	_Z6OpBCX1v	src/snes9x/native_sa1_opcodes.cpp	144	local	10	22ddc203bde3b21c77df46d595b02e6a4555c84ce704607bad3944345ac81fac	22ddc203bde3b21c77df46d595b02e6a4555c84ce704607bad3944345ac81fac	22ddc203bde3b21c77df46d595b02e6a4555c84ce704607bad3944345ac81fac	1cbb48a90010e9aeb0565790f70b0b4ec268b18f668025d25610e129224e1f2a	linked-historical-reference
0x00167850	_Z6OpBCX0v	src/snes9x/native_sa1_opcodes.cpp	156	local	10	8193645ff23fcaafb4b1fde3165c4964c8c9eaf2caf466270780db14f2235a6c	8193645ff23fcaafb4b1fde3165c4964c8c9eaf2caf466270780db14f2235a6c	8193645ff23fcaafb4b1fde3165c4964c8c9eaf2caf466270780db14f2235a6c	8cc9158eff6007074ac936160776d38608844ed3bb5e69dbe9ca1d115855987d	linked-historical-reference
0x001678ec	_Z6Op4AM1v	src/snes9x/native_sa1_opcodes.cpp	48	local	4	b15c92cfba504f011a6218146580f13bb63e810ce877050a105b381023a9367b	b15c92cfba504f011a6218146580f13bb63e810ce877050a105b381023a9367b	b15c92cfba504f011a6218146580f13bb63e810ce877050a105b381023a9367b	bc0eb8684978d2fd1fc080d061a1f119885f0a6500d7a8bc549e0a2e7594ebf1	linked-historical-reference
0x0016791c	_Z6Op4AM0v	src/snes9x/native_sa1_opcodes.cpp	60	local	4	83c88881ec18adf7eefa9c924223f1add26f8d2001ccd1b3679e2251fb02e2c9	83c88881ec18adf7eefa9c924223f1add26f8d2001ccd1b3679e2251fb02e2c9	83c88881ec18adf7eefa9c924223f1add26f8d2001ccd1b3679e2251fb02e2c9	de963fc2fd4268e2313592a334bd58378a23a317cbe37d754831e06eddf75b5d	linked-historical-reference
0x00167958	_Z6Op46M1v	src/snes9x/native_sa1_opcodes.cpp	156	local	15	72d0936d1c8cb970f52afcb29ccaa68f5e01102d03ef06df99eb73f70c9785fc	72d0936d1c8cb970f52afcb29ccaa68f5e01102d03ef06df99eb73f70c9785fc	b76e3d4d55773de622375a378f0e4988d820ea50bd42ff5177decef55177f1cc	9d9ab1d20a4f335ed8af47a003bff35db5572187e6cec542d67169404a480290	linked-historical-reference
0x001679f4	_Z6Op46M0v	src/snes9x/native_sa1_opcodes.cpp	196	local	20	344c06ed4fcff01be6eae72019cf9dafa1c7978a3a8c86bc38cf527761eb6f37	344c06ed4fcff01be6eae72019cf9dafa1c7978a3a8c86bc38cf527761eb6f37	46c669f8fde59f6f4eb29556e98bd3e2a71400df6e15dfa29720525d911ea8ca	63fb0dddc182c15365bdc5127beff027aa2ea6792e02e0c0b40f453d3012cd5a	linked-historical-reference
0x00167ab8	_Z6Op56M1v	src/snes9x/native_sa1_opcodes.cpp	184	local	15	2d937e84b5a4eaed19e2a76ddc42e39bbc899ccfd5fa199fecd4b94d352f34e2	2d937e84b5a4eaed19e2a76ddc42e39bbc899ccfd5fa199fecd4b94d352f34e2	2d937e84b5a4eaed19e2a76ddc42e39bbc899ccfd5fa199fecd4b94d352f34e2	d481b29f13aae8734a377a8243f51c4f6ca2b9fc118ef01af0a070121ac7268e	linked-historical-reference
0x00167b70	_Z6Op56M0v	src/snes9x/native_sa1_opcodes.cpp	224	local	20	2a225a9e5f9d7a1a51f2bf34b3261e8bdacde8c546266f060374bbb33369ab44	2a225a9e5f9d7a1a51f2bf34b3261e8bdacde8c546266f060374bbb33369ab44	2a225a9e5f9d7a1a51f2bf34b3261e8bdacde8c546266f060374bbb33369ab44	ed565bddf7e7c6530673cdcb5b511571a9ca24649a848e3475064392ab10f21b	linked-historical-reference
0x00167c50	_Z6Op4EM1v	src/snes9x/native_sa1_opcodes.cpp	168	local	13	0c5b41a54fbf23a5798d245ebd1d2440b41617b8dff10af668de24acaf7c31a3	0c5b41a54fbf23a5798d245ebd1d2440b41617b8dff10af668de24acaf7c31a3	0c5b41a54fbf23a5798d245ebd1d2440b41617b8dff10af668de24acaf7c31a3	22b0fd56ad8aca8357c64a3a81b767d60478b7a1d2ba11aa53b88b22eb16ba9d	linked-historical-reference
0x00167cf8	_Z6Op4EM0v	src/snes9x/native_sa1_opcodes.cpp	208	local	18	7a417a203f4ec72e769dd2b5c2a0b14f0b5221ea3444fcb548c57ab5ba3a9277	7a417a203f4ec72e769dd2b5c2a0b14f0b5221ea3444fcb548c57ab5ba3a9277	7a417a203f4ec72e769dd2b5c2a0b14f0b5221ea3444fcb548c57ab5ba3a9277	768aec32bec450b19f9e6efa4008217d1dcddf8c9ff6a4897cb0e82185a3f44a	linked-historical-reference
0x00167dc8	_Z6Op5EM1v	src/snes9x/native_sa1_opcodes.cpp	180	local	15	dfc93c4d77ad54f7920f7eeaaafc43bab65c12dc06808ba10ff42243a7ef51d3	dfc93c4d77ad54f7920f7eeaaafc43bab65c12dc06808ba10ff42243a7ef51d3	998102b5bcb73aeb04771b295d8aae0edf9ab582a4467a2d3e73b20e7000ccb6	093a480040a8979ac1409c8736dee21273c0dd0e26ca6268b4edf941966f0865	linked-historical-reference
0x00167e7c	_Z6Op5EM0v	src/snes9x/native_sa1_opcodes.cpp	220	local	20	fea27c380d2c6652453d1f3272cc53b773cdd665894b887e81d85bce498fb917	fea27c380d2c6652453d1f3272cc53b773cdd665894b887e81d85bce498fb917	f46d46d8d26dd54b5af257799fcc277d3d0b0c85593aaa0a211cadbaa54d33b2	5012a7f09ed3c9ee8df8e357b72966165b5edc8495570c55c4e3e57c87a19eb2	linked-historical-reference
0x00167f58	_Z6Op09M1v	src/snes9x/native_sa1_opcodes.cpp	56	local	4	85529bbe348db8c3703d36ddbf7896142511752ff657bf2cef6a5d230992097b	85529bbe348db8c3703d36ddbf7896142511752ff657bf2cef6a5d230992097b	85529bbe348db8c3703d36ddbf7896142511752ff657bf2cef6a5d230992097b	8ecf6a7e8d4df4c0c3d298132bdcc3904bcc8a2554c09d776676ee5a1325bb8e	linked-historical-reference
0x00167f90	_Z6Op09M0v	src/snes9x/native_sa1_opcodes.cpp	80	local	4	e25411bc2d44a34654a599bb40fe998b02a24cad2cfd3b7443360b4baa72d71e	e25411bc2d44a34654a599bb40fe998b02a24cad2cfd3b7443360b4baa72d71e	e25411bc2d44a34654a599bb40fe998b02a24cad2cfd3b7443360b4baa72d71e	97a9b8dca823fa91972e38545c6776fe5e370d43ecc5484cf3b9e7c95baa6b4a	linked-historical-reference
0x00167fe0	_Z6Op05M1v	src/snes9x/native_sa1_opcodes.cpp	132	local	10	b0ca3717becea3562c0b53b387e5fcb8a477d01fc57580a9bb9a002883b43146	b0ca3717becea3562c0b53b387e5fcb8a477d01fc57580a9bb9a002883b43146	b0ca3717becea3562c0b53b387e5fcb8a477d01fc57580a9bb9a002883b43146	ee8ee65a9611a2af86428713182c4b3a8e15d0ca527acd444d4aa9c2ba153bca	linked-historical-reference
0x00168064	_Z6Op05M0v	src/snes9x/native_sa1_opcodes.cpp	140	local	10	26933a42365323a2ae490e4fb6d33ea07afc8e61e3507d8217eadcd830cd154f	26933a42365323a2ae490e4fb6d33ea07afc8e61e3507d8217eadcd830cd154f	26933a42365323a2ae490e4fb6d33ea07afc8e61e3507d8217eadcd830cd154f	19847d5b542aef99a77a1fa4ed15fd8128a80b78d1748997b63705afe2f073f9	linked-historical-reference
0x001680f0	_Z6Op15M1v	src/snes9x/native_sa1_opcodes.cpp	156	local	10	9164dfc31678998f8a3941eaa27d393f3c90a86231915853ccc7b75244d22275	9164dfc31678998f8a3941eaa27d393f3c90a86231915853ccc7b75244d22275	9164dfc31678998f8a3941eaa27d393f3c90a86231915853ccc7b75244d22275	373990ed177f490d2b97725d15271c3faadd1183854d749910c4c3603e6bf4fd	linked-historical-reference
0x0016818c	_Z6Op15M0v	src/snes9x/native_sa1_opcodes.cpp	164	local	10	512fceed337bc409e9141ce3b47fe58960bacca12b08740ebcb34b5168975db1	512fceed337bc409e9141ce3b47fe58960bacca12b08740ebcb34b5168975db1	512fceed337bc409e9141ce3b47fe58960bacca12b08740ebcb34b5168975db1	837017c9297090561edaed346554b691abb970453b40f42487353c43063c3db4	linked-historical-reference
0x00168230	_Z6Op12M1v	src/snes9x/native_sa1_opcodes.cpp	184	local	14	bd06d0baf03c008fb58fa3fa267976505c3e55e6199af91dd6c8500515b563f0	bd06d0baf03c008fb58fa3fa267976505c3e55e6199af91dd6c8500515b563f0	bd06d0baf03c008fb58fa3fa267976505c3e55e6199af91dd6c8500515b563f0	0b50ae7f450b242f1c112384675158ec68bbff4c3bb1b366ecb03394f89f2825	linked-historical-reference
0x001682e8	_Z6Op12M0v	src/snes9x/native_sa1_opcodes.cpp	192	local	14	cd77302109bf026a67bff7c22441de637fe9f75a987d68edd3231259c71a5802	cd77302109bf026a67bff7c22441de637fe9f75a987d68edd3231259c71a5802	cd77302109bf026a67bff7c22441de637fe9f75a987d68edd3231259c71a5802	b32a3a706125ec04ddf3645f1bac987644240f5b4d2579820b5183aca6c10f10	linked-historical-reference
0x001683a8	_Z6Op01M1v	src/snes9x/native_sa1_opcodes.cpp	192	local	14	c40e35b3aa86e485ae47a35f6d5a8c249d27a06e75bf56faa410112dadd71dbb	c40e35b3aa86e485ae47a35f6d5a8c249d27a06e75bf56faa410112dadd71dbb	c40e35b3aa86e485ae47a35f6d5a8c249d27a06e75bf56faa410112dadd71dbb	99f0cc846adca8a8b83b4c3b5ab2a09e26b867de04e3fda51f8081c144e0d03e	linked-historical-reference
0x00168468	_Z6Op01M0v	src/snes9x/native_sa1_opcodes.cpp	200	local	14	0dfef65eda386131751ef22cacbd8b08cc02ce8c36926bd349f9de749c904a0c	0dfef65eda386131751ef22cacbd8b08cc02ce8c36926bd349f9de749c904a0c	0dfef65eda386131751ef22cacbd8b08cc02ce8c36926bd349f9de749c904a0c	9c8ff688bfe7711a27c16562b002e2a0199eda1c94cdcfb2fd640ba678c6e5ee	linked-historical-reference
0x00168530	_Z6Op11M1v	src/snes9x/native_sa1_opcodes.cpp	200	local	14	759e3df6d5e54e7163fd7be21208978830a8ca34004ebe4fa0de2d8c265e7b51	759e3df6d5e54e7163fd7be21208978830a8ca34004ebe4fa0de2d8c265e7b51	759e3df6d5e54e7163fd7be21208978830a8ca34004ebe4fa0de2d8c265e7b51	1489310bd15418ba00e1756fd048b0985da465e816d99dec4c6b6bcfd2bd5368	linked-historical-reference
0x001685f8	_Z6Op11M0v	src/snes9x/native_sa1_opcodes.cpp	208	local	14	c596c45e58af14b606d2767caaa7918362e8a0f057a9915cbdd3159b6c5ea3f3	c596c45e58af14b606d2767caaa7918362e8a0f057a9915cbdd3159b6c5ea3f3	c596c45e58af14b606d2767caaa7918362e8a0f057a9915cbdd3159b6c5ea3f3	10bf526d64051b976adef3bf35c8018bc53ab062200ca618e59d9542b93f8577	linked-historical-reference
0x001686c8	_Z6Op07M1v	src/snes9x/native_sa1_opcodes.cpp	204	local	16	11538f9b86d4adc560bb5ad5be29a83b999cfd8887974a4a26c6c06e61d5e6fc	11538f9b86d4adc560bb5ad5be29a83b999cfd8887974a4a26c6c06e61d5e6fc	11538f9b86d4adc560bb5ad5be29a83b999cfd8887974a4a26c6c06e61d5e6fc	fd0c4899e73abd73152f755db5a23900022b7546f88ab6634166113acf70d8d2	linked-historical-reference
0x00168794	_Z6Op07M0v	src/snes9x/native_sa1_opcodes.cpp	212	local	16	8a1a50f279832e0b2624956a12ec522d2bb5f4ad9055cf8b0aa1fadf57b8b32f	8a1a50f279832e0b2624956a12ec522d2bb5f4ad9055cf8b0aa1fadf57b8b32f	8a1a50f279832e0b2624956a12ec522d2bb5f4ad9055cf8b0aa1fadf57b8b32f	f26eb140054f951c63f468b151dc9bb75f919bb910b95cde48d43bc2d06f5e9f	linked-historical-reference
0x00168868	_Z6Op17M1v	src/snes9x/native_sa1_opcodes.cpp	212	local	16	9babfc17718e4f0bc2e3e15b1e237c15dad20a092d3a559332f8833077ae06f1	9babfc17718e4f0bc2e3e15b1e237c15dad20a092d3a559332f8833077ae06f1	9babfc17718e4f0bc2e3e15b1e237c15dad20a092d3a559332f8833077ae06f1	46cb0e8652920d7c15c4ea704318cc3ee40d4b92643bc51b8756248f8948e9a6	linked-historical-reference
0x0016893c	_Z6Op17M0v	src/snes9x/native_sa1_opcodes.cpp	220	local	16	8a588d3b48f80dc9097d9b3ab74f1a8a63a8529dc3d835e8d7e2a641c478c987	8a588d3b48f80dc9097d9b3ab74f1a8a63a8529dc3d835e8d7e2a641c478c987	8a588d3b48f80dc9097d9b3ab74f1a8a63a8529dc3d835e8d7e2a641c478c987	30c029f820d425eb8880c7849158cfd29a79b99fcf062e43fc488bc3a9eb5133	linked-historical-reference
0x00168a18	_Z6Op0DM1v	src/snes9x/native_sa1_opcodes.cpp	148	local	10	5104b63b3ba8ade0a1f7ec6a5fa039d8c08d1456d4dce6ed46f48320d96306bd	5104b63b3ba8ade0a1f7ec6a5fa039d8c08d1456d4dce6ed46f48320d96306bd	5104b63b3ba8ade0a1f7ec6a5fa039d8c08d1456d4dce6ed46f48320d96306bd	a46d3914266301bf98b2fbbfdbda0acca2bcd2ca31e1d582f4a2c953193515d8	linked-historical-reference
0x00168aac	_Z6Op0DM0v	src/snes9x/native_sa1_opcodes.cpp	156	local	10	f371410c5b29497961dc1340275adeec85912bf6c0494004b14e5cfee489bfbd	f371410c5b29497961dc1340275adeec85912bf6c0494004b14e5cfee489bfbd	f371410c5b29497961dc1340275adeec85912bf6c0494004b14e5cfee489bfbd	93e045a5bcb319f5a0cea11aca12b33b81df30ffd3fa0bd89fba2b72d496c369	linked-historical-reference
0x00168b48	_Z6Op1DM1v	src/snes9x/native_sa1_opcodes.cpp	156	local	10	4281756a4cb9182fb4ae971a5ef2e96004460fc9ddcca7071d079abe8519f083	4281756a4cb9182fb4ae971a5ef2e96004460fc9ddcca7071d079abe8519f083	4281756a4cb9182fb4ae971a5ef2e96004460fc9ddcca7071d079abe8519f083	089851f5dc58aba62e17da1f7924660864b5e2a2b7f5c9010f8adc2c0bc196f2	linked-historical-reference
0x00168be4	_Z6Op1DM0v	src/snes9x/native_sa1_opcodes.cpp	164	local	10	cca8b0b5089be1d783600706acc037cbc56029e9fbc323e8911f911caeb040ff	cca8b0b5089be1d783600706acc037cbc56029e9fbc323e8911f911caeb040ff	cca8b0b5089be1d783600706acc037cbc56029e9fbc323e8911f911caeb040ff	18b8279a0b03a4597359bd3efc809c43b2268b8d79f20b63449b5d30a91dd558	linked-historical-reference
0x00168c88	_Z6Op19M1v	src/snes9x/native_sa1_opcodes.cpp	156	local	10	5383206419146bb6d705c3683947b62f4694b5851d642dfe72291b97bbcd4619	5383206419146bb6d705c3683947b62f4694b5851d642dfe72291b97bbcd4619	5383206419146bb6d705c3683947b62f4694b5851d642dfe72291b97bbcd4619	2c4f4bbc5ff5f7069ee3a6d9c6bbe1b30abcd1572c51db1581f1cac47b26f276	linked-historical-reference
0x00168d24	_Z6Op19M0v	src/snes9x/native_sa1_opcodes.cpp	164	local	10	6ba0439e3970193044197562f8bf79a882bc08fdda57efd503da0d08e1bb4112	6ba0439e3970193044197562f8bf79a882bc08fdda57efd503da0d08e1bb4112	6ba0439e3970193044197562f8bf79a882bc08fdda57efd503da0d08e1bb4112	d3076823818dcd8f6138d0fe30e6681dc40c9923c9a21719c13c750f340b1114	linked-historical-reference
0x00168dc8	_Z6Op0FM1v	src/snes9x/native_sa1_opcodes.cpp	144	local	10	85c5ebc44519d1a6d35a6bd271ce7500bde088f5e4c17f72983bdd9221e69189	85c5ebc44519d1a6d35a6bd271ce7500bde088f5e4c17f72983bdd9221e69189	85c5ebc44519d1a6d35a6bd271ce7500bde088f5e4c17f72983bdd9221e69189	30c151f27d59691a37321a001c5a7d960c1a0d7b51f936a1c51632e806a49e09	linked-historical-reference
0x00168e58	_Z6Op0FM0v	src/snes9x/native_sa1_opcodes.cpp	152	local	10	7ee6e960518b72092add6305a4bd2655305a3323aa3c06e293b48e970e0af50f	7ee6e960518b72092add6305a4bd2655305a3323aa3c06e293b48e970e0af50f	7ee6e960518b72092add6305a4bd2655305a3323aa3c06e293b48e970e0af50f	648ff188b529bf8c86c0889fd645d10c5be5d7d70c2af15a5bdf70b47054a97b	linked-historical-reference
0x00168ef0	_Z6Op1FM1v	src/snes9x/native_sa1_opcodes.cpp	164	local	10	045fe4c2cce5be231fcaec8a91238a1a380a655e58ef781b1cc9edfb359c7f3b	045fe4c2cce5be231fcaec8a91238a1a380a655e58ef781b1cc9edfb359c7f3b	045fe4c2cce5be231fcaec8a91238a1a380a655e58ef781b1cc9edfb359c7f3b	15405fd883ecd9dde48f2ee3546c1e18713c504c50fc114bbb8df2c729cebadb	linked-historical-reference
0x00168f94	_Z6Op1FM0v	src/snes9x/native_sa1_opcodes.cpp	172	local	10	c4fc7b0fbe5c07d3bec30eadf1d8856518fc74a17c181e128cd803bd4b32abb4	c4fc7b0fbe5c07d3bec30eadf1d8856518fc74a17c181e128cd803bd4b32abb4	c4fc7b0fbe5c07d3bec30eadf1d8856518fc74a17c181e128cd803bd4b32abb4	74d8582749771c41acb38c89f49b982012d4713b113efbc48649867027db53b1	linked-historical-reference
0x00169040	_Z6Op03M1v	src/snes9x/native_sa1_opcodes.cpp	132	local	10	2c0571bc26c43dc3b6e7988c02c209c8648fe8a399f4f5be705c2c7c60265cf7	2c0571bc26c43dc3b6e7988c02c209c8648fe8a399f4f5be705c2c7c60265cf7	2c0571bc26c43dc3b6e7988c02c209c8648fe8a399f4f5be705c2c7c60265cf7	e2de2f5e9ee38ebb55e02d2a6a2dc614c6ce2a431255c145670a703ef1a6a5de	linked-historical-reference
0x001690c4	_Z6Op03M0v	src/snes9x/native_sa1_opcodes.cpp	140	local	10	b3bc5534767af4213e29bef1cfb7b2298da528db8026a542bbad679b50419db6	b3bc5534767af4213e29bef1cfb7b2298da528db8026a542bbad679b50419db6	b3bc5534767af4213e29bef1cfb7b2298da528db8026a542bbad679b50419db6	ab8add8f573380af2a82f7fa40a6775f3c406aca522c655d2a993c6d23133eb5	linked-historical-reference
0x00169150	_Z6Op13M1v	src/snes9x/native_sa1_opcodes.cpp	204	local	14	ae48045308a8a606b432c395853e65f2d2a0ab5e80332d98a73c61b7dd6e9130	ae48045308a8a606b432c395853e65f2d2a0ab5e80332d98a73c61b7dd6e9130	ae48045308a8a606b432c395853e65f2d2a0ab5e80332d98a73c61b7dd6e9130	a512e2f691b95bf90f66e44f0efe341331d34da8e2fabb5a93d1b25ee0597f2b	linked-historical-reference
0x0016921c	_Z6Op13M0v	src/snes9x/native_sa1_opcodes.cpp	212	local	14	96bc4966cd7aee6e121a7a7d4cdef4318538aa0a997fa77428072b9a2d7a17b6	96bc4966cd7aee6e121a7a7d4cdef4318538aa0a997fa77428072b9a2d7a17b6	96bc4966cd7aee6e121a7a7d4cdef4318538aa0a997fa77428072b9a2d7a17b6	b2f8b88485b5f2be01557f00af2182d237f858a161a858bc3647b7a35e87717a	linked-historical-reference
0x001692f0	_Z6Op2AM1v	src/snes9x/native_sa1_opcodes.cpp	72	local	7	b8066bfee0c7ca62cf6592ed7e7a0a325b4e5d1b872a9c5da95796b33e8169c0	b8066bfee0c7ca62cf6592ed7e7a0a325b4e5d1b872a9c5da95796b33e8169c0	b8066bfee0c7ca62cf6592ed7e7a0a325b4e5d1b872a9c5da95796b33e8169c0	e30aaa16329ab7c39dc4de2fd0c9c70b64c62c2c9da739a1f1f0a6336c48a03d	linked-historical-reference
0x00169338	_Z6Op2AM0v	src/snes9x/native_sa1_opcodes.cpp	84	local	7	a2ea4fb1238b27817a35eecf25f837635fa1e7e059b8e8a5a8f3aa01c6466fae	64ce20be9e50c969e085fba46eb2725a2ad042ed54028b4f19caebe145b6e060	a2ea4fb1238b27817a35eecf25f837635fa1e7e059b8e8a5a8f3aa01c6466fae	1d1250e0b829426481da4c27daf3c08c5390e2d77ef37a08a419c304c373a30b	linked-historical-reference
0x0016938c	_Z6Op26M1v	src/snes9x/native_sa1_opcodes.cpp	172	local	16	39ec601d3ea1e0d683ccf5cb7967a1402e28a8baaf6673251ceb24b77ff0a985	39ec601d3ea1e0d683ccf5cb7967a1402e28a8baaf6673251ceb24b77ff0a985	c0033c7f4d37d24878fd73562a5e6dec98f61503d82eae36d1d46fec60e4c791	06151e2ffc37058d7e58ff8fbffe8c0acdb0c19d5b493026cb61f1dec05f0355	linked-historical-reference
0x00169438	_Z6Op26M0v	src/snes9x/native_sa1_opcodes.cpp	204	local	18	ddafe2d65d80d601311f03ce6bef5c957603e736f9145756b6b96cab01ff1ca2	9640372d7fe60c0e95d337f05a1c8f9f6018f350d015b15107facc1b7087c39f	970318e01197cc690d423b3e92c4f291b4482a82ae553bb2bf873f5ebdfd735c	1b877514f5ab8e29a1a4cea4a95ed49acca63825de20cbce6a693bbf1a7f65e4	linked-historical-reference
0x00169504	_Z6Op36M1v	src/snes9x/native_sa1_opcodes.cpp	200	local	16	71212f56d3292a847a01d44e1104b490ff684acde5057204cdcdb4ccbd68b690	71212f56d3292a847a01d44e1104b490ff684acde5057204cdcdb4ccbd68b690	71212f56d3292a847a01d44e1104b490ff684acde5057204cdcdb4ccbd68b690	098f216f8eff648a11c4cbc5bd0ad81c0a8401249502667b06953abd8a0b668c	linked-historical-reference
0x001695cc	_Z6Op36M0v	src/snes9x/native_sa1_opcodes.cpp	232	local	18	da51658762ee8816dcacb63da64aa3d6ab3cc1411927e7a48702564bd2f1f779	ef34e2b9cb4148606e95e516821935e8922db6bfff519dbc509b1a11ebbb9735	da51658762ee8816dcacb63da64aa3d6ab3cc1411927e7a48702564bd2f1f779	598472bcd32d2d58611e872e446c847c9d66f0f72d3d9b18db7a03410eba9b47	linked-historical-reference
0x001696b4	_Z6Op2EM1v	src/snes9x/native_sa1_opcodes.cpp	184	local	14	adc5315b9da0a74e855187b423cfe10219e80188f8984490af897ac2abb79553	adc5315b9da0a74e855187b423cfe10219e80188f8984490af897ac2abb79553	adc5315b9da0a74e855187b423cfe10219e80188f8984490af897ac2abb79553	4f7371095a6ae3c0c0335646be4ab1887733af528aa5fa699ac6a723e35a2810	linked-historical-reference
0x0016976c	_Z6Op2EM0v	src/snes9x/native_sa1_opcodes.cpp	216	local	16	60547c8782c3fdc04fed8eb73cf6949dd58f92d49c1865842af53f5647535dc4	2eb4b9dbf5769c404b17e99d35cc99e58460a1843db5ff2f919b6aa826cfc393	60547c8782c3fdc04fed8eb73cf6949dd58f92d49c1865842af53f5647535dc4	45f0fb56d8f0ebfdc045610ea6ca92d27c53e1f96bbce4ff2064100f0af22db3	linked-historical-reference
0x00169844	_Z6Op3EM1v	src/snes9x/native_sa1_opcodes.cpp	196	local	16	173f89eb71830b3c210fc32c187e9241b6b1ce9cd332afea7825e66fc1289f9e	173f89eb71830b3c210fc32c187e9241b6b1ce9cd332afea7825e66fc1289f9e	8e4d442d47652a66209c84d25a5556d0ad9ca651b56b5c7bd7d1b3d3beb1cffb	2cc58b9e02131b92049e6590eafb66fa48edbfda1619eb26a6afd31f274e1bc9	linked-historical-reference
0x00169908	_Z6Op3EM0v	src/snes9x/native_sa1_opcodes.cpp	228	local	18	30462b1011de857cafdc19fce93fdb80deaac50e8af618ba91d96057d2b35a0e	61240151587cbcafcc1831043b3f741c3242d3c96ec016332ae6d08eda07c3d1	096e133f5b0805b2154911fbd450f829f462d10693aa0babfb9615c6eec08532	71018ee6afefe854d1586f74f3b54a363626694ea697ffb8ca10b4908122c801	linked-historical-reference
0x001699ec	_Z6Op6AM1v	src/snes9x/native_sa1_opcodes.cpp	80	local	9	7d6d17e1cc307963b835bac022f1138883a0cf404dfb6458c8c93572a1fc653a	7d6d17e1cc307963b835bac022f1138883a0cf404dfb6458c8c93572a1fc653a	7d6d17e1cc307963b835bac022f1138883a0cf404dfb6458c8c93572a1fc653a	d9c72f207359c83ffdf1ca096a6af6eb5ab742925bb552b29aaf1126bdc61b79	linked-historical-reference
0x00169a3c	_Z6Op6AM0v	src/snes9x/native_sa1_opcodes.cpp	88	local	9	8d1ff3c8ce4fb8bc8e030cae34c6a9bce38a2a57133c4313910e9c8f247b8877	1d1bcabcc581e02e671075353079a0604e17749f23e90f0838827be13b5897cf	8d1ff3c8ce4fb8bc8e030cae34c6a9bce38a2a57133c4313910e9c8f247b8877	7af6c89510cf6dbfdd4dfe0b7264250377b7946401374687f9d67ff96a789b5d	linked-historical-reference
0x00169a94	_Z6Op66M1v	src/snes9x/native_sa1_opcodes.cpp	180	local	18	e9ae941b12f5827d5d951253ce36e98455df337bd83c2b7024aa34945e737b6c	e9ae941b12f5827d5d951253ce36e98455df337bd83c2b7024aa34945e737b6c	d5ab83466e1ae1c216784512d1f9ecf9636e03305ee4971faaf88f24765288b5	219aeff24e6ddb27bc27eb48f863043af40c1ae65313223614fd7c6ff1a3f835	linked-historical-reference
0x00169b48	_Z6Op66M0v	src/snes9x/native_sa1_opcodes.cpp	212	local	20	0e84399792d3d7a8ecd47d372cd9e987a5c8248d28804a2cb2d72eb60084777b	effd50f459217c24846bdbe923d0b1cc1112f60748312546069751e18980b804	471db7eb1ea884cf11fddb0931d09ceb7f8fb07a95d56d56f79b056464648e10	29af713562a8d049d238dc0e1f4578ef9621293f4775f2d0af6a00acd2136967	linked-historical-reference
0x00169c1c	_Z6Op76M1v	src/snes9x/native_sa1_opcodes.cpp	208	local	18	ce74ea659b8487fffa39bdeb7d79404ebac647ce8e10755dbb3a464235c17ea4	ce74ea659b8487fffa39bdeb7d79404ebac647ce8e10755dbb3a464235c17ea4	ce74ea659b8487fffa39bdeb7d79404ebac647ce8e10755dbb3a464235c17ea4	f1558ed036e84c7383f219dc8f6bfca4326705c9599aace129e63eb0bc555e6b	linked-historical-reference
0x00169cec	_Z6Op76M0v	src/snes9x/native_sa1_opcodes.cpp	240	local	20	b42e5afdd249a86822b60e1a0020128d58a026b35b4e17a0ff1a462114b7cdfc	0044d6ae221efbfe9954aa639aa07a6ff5f65d0b33a24768ce7aa4250dad4b44	b42e5afdd249a86822b60e1a0020128d58a026b35b4e17a0ff1a462114b7cdfc	d660d151ec8c746dcbdd4baeecda93a4871b418f6c66c4e43639876b533512fc	linked-historical-reference
0x00169ddc	_Z6Op6EM1v	src/snes9x/native_sa1_opcodes.cpp	192	local	16	e31e1d43b2e6512f078e4056c460976f0e2d0779d9e63283790c1f860b767aae	e31e1d43b2e6512f078e4056c460976f0e2d0779d9e63283790c1f860b767aae	e31e1d43b2e6512f078e4056c460976f0e2d0779d9e63283790c1f860b767aae	182a650266a4567bf99718114ea635ce946e6d61af7bfc2fb91fffb8436736bb	linked-historical-reference
0x00169e9c	_Z6Op6EM0v	src/snes9x/native_sa1_opcodes.cpp	224	local	18	ad16d78c19f506e8932a3f33681abec93601df5951bc8b020c2aea5f34d90cce	d7299a2a4557211072e92d787e276b7ce3681563e1d936041df75a1aa919470b	ad16d78c19f506e8932a3f33681abec93601df5951bc8b020c2aea5f34d90cce	730d4d72a7382524575580964f23a0e7e136f69d3e58b795a50a8482291428fd	linked-historical-reference
0x00169f7c	_Z6Op7EM1v	src/snes9x/native_sa1_opcodes.cpp	204	local	18	73740865f1a9c79add4ae044e693c8ccfc1d123a2e515e50a1591bd3610e1916	73740865f1a9c79add4ae044e693c8ccfc1d123a2e515e50a1591bd3610e1916	792238ae183247ce3e19c8f17ffaaf9f424691295238ea26225c9e4d98fd1f9f	a1c0470cd337e818076137ab1950494f30fdb2aab6d65e166d77620556691358	linked-historical-reference
0x0016a048	_Z6Op7EM0v	src/snes9x/native_sa1_opcodes.cpp	236	local	20	f077e4f604e1631544e101bacdec9ed7716c90ec89522650c3989865aa81fc03	8252a32560672a78f53680ba8530dbea27ce95f8036cce17abba84a2ae37b03a	a7bcd283a720ea830ce33297444f5f7f3aa155604644b7a68836ef949d793d2c	b6b1d91b6f9d410f65470e668a2ee6ee5d5aed688b3213a0576f1f947ab06a7c	linked-historical-reference
0x0016a134	_Z6OpE9M1v	src/snes9x/native_sa1_opcodes.cpp	68	local	5	4845937a9f7f84fc337745083d4d1056cd519381ebe906f68508cb3505c554f1	8c13efe719b95d2aaa9df09328d8edf5c2035cc5c4b09e00b33cf1e485d26b7a	8c13efe719b95d2aaa9df09328d8edf5c2035cc5c4b09e00b33cf1e485d26b7a	e3e839b1bfbe6e100d8fad82249a13fe9dfa00101241763508a8551ed81d36b4	linked-historical-reference
0x0016a178	_Z6OpE9M0v	src/snes9x/native_sa1_opcodes.cpp	68	local	5	29e397ebe160317ce07f9777699526cb529d72b63fb0a9790e433f8de2f1aca8	e2c02780b31c561628dd73ada2bbc01a034f804411733e6cc7604d3052697574	e2c02780b31c561628dd73ada2bbc01a034f804411733e6cc7604d3052697574	3599c1c33aa7dfb8899b4c891482a7edbdc27d92a637e0f9f357292622eeebe2	linked-historical-reference
0x0016a1bc	_Z6OpE5M1v	src/snes9x/native_sa1_opcodes.cpp	84	local	9	85bba8268710993a7e717545f37dad82860cb05eb4b4aa250123460cfc00b497	4625d1e29dd0e57509f038625816c0ff3178aa8fca5b8b8162cccf4639c59deb	742869ad58544da8e997b2535dff116bdad496b12e93cfca347f2029a56f6acd	f7aa897de07014cfd1bc46202b6b5603bec0bffd502cc4d47dc93009ae5f5eee	linked-historical-reference
0x0016a210	_Z6OpE5M0v	src/snes9x/native_sa1_opcodes.cpp	84	local	9	325ba4dc74dbd53807736a0219be014ff4a641e782767ba13a39e084c2ae7c59	4625d1e29dd0e57509f038625816c0ff3178aa8fca5b8b8162cccf4639c59deb	742869ad58544da8e997b2535dff116bdad496b12e93cfca347f2029a56f6acd	247ef17acfcc932503128fdc69283a5503606eff6169af5da1b99083e2bba8e8	linked-historical-reference
0x0016a264	_Z6OpF5M1v	src/snes9x/native_sa1_opcodes.cpp	112	local	9	38e4fe4420e8afdd636b63e46cc7c6904595aecfe9b6f8c76d05cfd205c6f4d2	670c377de7fa002aa1c83bbcadc999e2b31109b72a48b1b6446c98bdbc025182	670c377de7fa002aa1c83bbcadc999e2b31109b72a48b1b6446c98bdbc025182	6862e36a492e4537998105fec8180d888fd242f58e267b9eb3a070b05aeb3459	linked-historical-reference
0x0016a2d4	_Z6OpF5M0v	src/snes9x/native_sa1_opcodes.cpp	112	local	9	963e537a184393ae8acb7c4d7ce2db82804ba5810eff53a1b24de101b41649a0	670c377de7fa002aa1c83bbcadc999e2b31109b72a48b1b6446c98bdbc025182	670c377de7fa002aa1c83bbcadc999e2b31109b72a48b1b6446c98bdbc025182	273557ce6c721a2661291fb92e3d2a8f04a92271ec9d047836be405f64256586	linked-historical-reference
0x0016a344	_Z6OpF2M1v	src/snes9x/native_sa1_opcodes.cpp	144	local	13	d18ec473202edade8fa1f7702e56aaa76354c7940cf94cc6be44b1d7fe4fede3	d249e7af852f43d02a3ca28691a90a09c4a5e25ecf97d8c63d95c5279eb1eb42	c5298ea18e0eed6db62d2b99dc26af3c53c5e75538b6285bedf367b0dd1102e7	6a3bb8751cf53ae8680bfbd84f0a2ce756128ffa066c4f32407aa7c2013146c5	linked-historical-reference
0x0016a3d4	_Z6OpF2M0v	src/snes9x/native_sa1_opcodes.cpp	144	local	13	95c677fe29202171dc6db81247853532aa13e9c94ec233d4ac48993adea865d5	d249e7af852f43d02a3ca28691a90a09c4a5e25ecf97d8c63d95c5279eb1eb42	c5298ea18e0eed6db62d2b99dc26af3c53c5e75538b6285bedf367b0dd1102e7	61f824c628f7712a3a7e34a2250a77316afc7959bfb019662976bbe92faf0d43	linked-historical-reference
0x0016a464	_Z6OpE1M1v	src/snes9x/native_sa1_opcodes.cpp	156	local	13	7f1ed5dd0f86e637c60ea5efc9b3279aa1c611a8d3a6cf13eb7513459b8a5587	12ab45644b47e44acb54f3247f9f97b38ad20cd73c79490d4f84c55cd22fd38f	12ab45644b47e44acb54f3247f9f97b38ad20cd73c79490d4f84c55cd22fd38f	9fa0013a2c0ec6bdeb1f0776c3c0c7da2fa67f5cc5735748a4667fc4a89c6a76	linked-historical-reference
0x0016a500	_Z6OpE1M0v	src/snes9x/native_sa1_opcodes.cpp	156	local	13	d0dd4a352d9689180eeab75287362cd2d57103d6a0ed2903cc4be95ffc82cf2b	12ab45644b47e44acb54f3247f9f97b38ad20cd73c79490d4f84c55cd22fd38f	12ab45644b47e44acb54f3247f9f97b38ad20cd73c79490d4f84c55cd22fd38f	40e9eabcb785e9237d844380e10bf6051b17a8194747a8874c0952c9c7db6f70	linked-historical-reference
0x0016a59c	_Z6OpF1M1v	src/snes9x/native_sa1_opcodes.cpp	172	local	13	657656a846bc9d7f1304cb54e61707f70da29a7ed49baf6f6f77e56b8de60b2d	89482c9f4cc94375102ad9703cfff9a7005ab2f31d1c3368a6cef4bc09d0d71f	89482c9f4cc94375102ad9703cfff9a7005ab2f31d1c3368a6cef4bc09d0d71f	f24f927b12d401dbd5500d69116de1ef947689f5b6cba995d1bb803cc35cae3f	linked-historical-reference
0x0016a648	_Z6OpF1M0v	src/snes9x/native_sa1_opcodes.cpp	172	local	13	5e88a206232dde5bcb5bca09b3e23e7ade97093054e48c08e31d260eac5490ef	89482c9f4cc94375102ad9703cfff9a7005ab2f31d1c3368a6cef4bc09d0d71f	89482c9f4cc94375102ad9703cfff9a7005ab2f31d1c3368a6cef4bc09d0d71f	1052d284aeb8555115072c0684b77f96aa24e8c28023e402e8e7f65bc6adfecb	linked-historical-reference
0x0016a6f4	_Z6OpE7M1v	src/snes9x/native_sa1_opcodes.cpp	156	local	15	4b7e62d28f39aaf346509748a4fb3f680cbe4aa37e1e513019ff37f1917d68dd	f6105ff90cdccdce7bf4b277348acecce41cd52cf0ce48d300c9a5fc39865b1f	b2aa0f0388613bd610b5d4d6db4b93672edf040e0f8bb18436f523daff231d6c	3da59e5bd7c0452bcbd07fb2a4575748b9da793d11c94ca5ca995d47eeede1fc	linked-historical-reference
0x0016a790	_Z6OpE7M0v	src/snes9x/native_sa1_opcodes.cpp	156	local	15	f910cab737adb4d27f6986f90165ee05dbef9fe92d4ce2c9736d4c37cad1a0eb	f6105ff90cdccdce7bf4b277348acecce41cd52cf0ce48d300c9a5fc39865b1f	b2aa0f0388613bd610b5d4d6db4b93672edf040e0f8bb18436f523daff231d6c	0ddcf56a50cc3471d1519393523e98a31095fc25c2c551eaeebc4cb96cf37bed	linked-historical-reference
0x0016a82c	_Z6OpF7M1v	src/snes9x/native_sa1_opcodes.cpp	176	local	15	922535a9fe3acd09a69f613e19d65460bbf732ea5fba864946e14a38c1b7a265	153584fb3920d49541dadf3244445cf75a6c0f4275e05340103667e1feef9845	153584fb3920d49541dadf3244445cf75a6c0f4275e05340103667e1feef9845	8e43fd494dcbbce3d136b9297b33dd247b578d6300f1ac9075ee53e34f0b1d81	linked-historical-reference
0x0016a8dc	_Z6OpF7M0v	src/snes9x/native_sa1_opcodes.cpp	176	local	15	bd6f6ee360c601c257f03c26b5e9ac9529786d0ec1812a6623ede846a7e81d36	153584fb3920d49541dadf3244445cf75a6c0f4275e05340103667e1feef9845	153584fb3920d49541dadf3244445cf75a6c0f4275e05340103667e1feef9845	a07fa4fd48f3cb297b9bda3ed86982f0eaf2b0cb31d1ccfbb93729150baeb719	linked-historical-reference
0x0016a98c	_Z6OpEDM1v	src/snes9x/native_sa1_opcodes.cpp	96	local	7	9ec998764f6c95f0f3b7baa2d74db515acd808e05289c7a9fa81399a352222ac	61baddbfc629a72bc041bd2e4e4e2f9a4e83da7c3f6c0bd75b0ca103dd09ab6e	61baddbfc629a72bc041bd2e4e4e2f9a4e83da7c3f6c0bd75b0ca103dd09ab6e	1e6cd8101bedd9222a28623e1ce893909758169d7eceb081ef66f9b0e54c8f15	linked-historical-reference
0x0016a9ec	_Z6OpEDM0v	src/snes9x/native_sa1_opcodes.cpp	96	local	7	a843d7fa635230ebc1db0b6c9502eace97422dfc76a71111a154d8f241d49807	61baddbfc629a72bc041bd2e4e4e2f9a4e83da7c3f6c0bd75b0ca103dd09ab6e	61baddbfc629a72bc041bd2e4e4e2f9a4e83da7c3f6c0bd75b0ca103dd09ab6e	c4111b221a2038704d586a446fa6bca3ce0bc702d97118eceb2ce3e1f3ee49f0	linked-historical-reference
0x0016aa4c	_Z6OpFDM1v	src/snes9x/native_sa1_opcodes.cpp	108	local	9	d4834e20a3848c9b7455462ac76dc336bdbc21818c92e92d34e581bea7e765e3	ed418716a4a2e2ee0c8b8c66aefaef896efaf15c9ea3462cec4f01cf63121bd8	7339e1a4529ab203d8eed3027dee1ba4d75802f07712f358b4ca3562d1b62dd5	ab89b505ef9f79acce45ec6e6f11eeda7db58de760d995ec1c132879abefa334	linked-historical-reference
0x0016aab8	_Z6OpFDM0v	src/snes9x/native_sa1_opcodes.cpp	108	local	9	36f16e36061786739365f9e4711b825814f69dbc9e8d0ce2141c7a720dca0bfa	ed418716a4a2e2ee0c8b8c66aefaef896efaf15c9ea3462cec4f01cf63121bd8	7339e1a4529ab203d8eed3027dee1ba4d75802f07712f358b4ca3562d1b62dd5	57fc9beb970162f026b4f693669ad7aca38a2ae5024d1c86c49cb5b71a7ea9b1	linked-historical-reference
0x0016ab24	_Z6OpF9M1v	src/snes9x/native_sa1_opcodes.cpp	108	local	9	ff1d27595f37b6fd00dcfdf09a342504c7bcdd120913fd688ce69d13150b002f	daa88f7d1bf911290872a247220f8c8f4207b94196ea2211f5dd3c23a9f17b3d	7339e1a4529ab203d8eed3027dee1ba4d75802f07712f358b4ca3562d1b62dd5	713a2e455ada78eb931795290360dbcbe90c27e07c7e080995d898009fce7cc3	linked-historical-reference
0x0016ab90	_Z6OpF9M0v	src/snes9x/native_sa1_opcodes.cpp	108	local	9	7ca3d36e0ee283dc0f68cf3b769f3f02d86c74d7772256e880ea72167ab7ad9a	daa88f7d1bf911290872a247220f8c8f4207b94196ea2211f5dd3c23a9f17b3d	7339e1a4529ab203d8eed3027dee1ba4d75802f07712f358b4ca3562d1b62dd5	9bcc20c16ca4bacd993054854ab6db8d495f826a3ac85114da8e4a52d99009cf	linked-historical-reference
0x0016abfc	_Z6OpEFM1v	src/snes9x/native_sa1_opcodes.cpp	92	local	7	4519a1c6d17f92ed24ecfc4c3b5bc681980c7cb4931237b184b9bf7170ca5776	4bfddc26b114561712f1ddbde45e35709f6d61b4b85c4fa5558142d055e0c557	4bfddc26b114561712f1ddbde45e35709f6d61b4b85c4fa5558142d055e0c557	c7a57858bc8b424ef848350300aaa527786578de07647988cee63e70be34dd82	linked-historical-reference
0x0016ac58	_Z6OpEFM0v	src/snes9x/native_sa1_opcodes.cpp	92	local	7	36ad60ac6cb2ac7285f22678811a109ea74918df277747e3ac8173284a430c74	4bfddc26b114561712f1ddbde45e35709f6d61b4b85c4fa5558142d055e0c557	4bfddc26b114561712f1ddbde45e35709f6d61b4b85c4fa5558142d055e0c557	4ecd0daddd63cad05be062eb6cd7267124b65bfd20265799e689713fc671fb96	linked-historical-reference
0x0016acb4	_Z6OpFFM1v	src/snes9x/native_sa1_opcodes.cpp	116	local	9	7ff94b6c619e9b9b0df328ad6cbdd77ad7d2094499b1798c5f034952f003eaac	f5aec0d77584e9088873e764287520b66e7194b40ed111926210c3e192dbaa40	6bd8539a2c56f1f33e0358df9ef04e49a68853659358b7869da5b13f1f4ab6f8	3b9830d52f4ea3cda72496675344cbaae2019af1d0fb5a6fbf61554eccc1dd87	linked-historical-reference
0x0016ad28	_Z6OpFFM0v	src/snes9x/native_sa1_opcodes.cpp	116	local	9	e0641b2b13520297b4013074972d9af3e5d00fbdda3d4feec8886add11df5e80	f5aec0d77584e9088873e764287520b66e7194b40ed111926210c3e192dbaa40	6bd8539a2c56f1f33e0358df9ef04e49a68853659358b7869da5b13f1f4ab6f8	fa3091778a2f05e3a0bf34118f8598c3655d3d03aa82c9871f136865a041995e	linked-historical-reference
0x0016ad9c	_Z6OpE3M1v	src/snes9x/native_sa1_opcodes.cpp	84	local	9	5ad49d1d3775ed6dd9ef3b67067e449d8ea17db0df503ceb0665ea1f917b22d4	e92a947a194e6da2ad335813a6c3f46d317a132711d6569baf6f8b677fdea8a6	742869ad58544da8e997b2535dff116bdad496b12e93cfca347f2029a56f6acd	7f2716e41a2d45e4dd9e817499a19e2685bf7b0c6f10477a4bd7016abd83a02a	linked-historical-reference
0x0016adf0	_Z6OpE3M0v	src/snes9x/native_sa1_opcodes.cpp	84	local	9	9c9b73edb487569ad7602599f26e54bfe0ef97d05fdbed8a977f5c45478b6fa2	e92a947a194e6da2ad335813a6c3f46d317a132711d6569baf6f8b677fdea8a6	742869ad58544da8e997b2535dff116bdad496b12e93cfca347f2029a56f6acd	20c55db065461ae8a88ade1c09728a50ff4157d80dbd98ab5c32416e78611d8a	linked-historical-reference
0x0016ae44	_Z6OpF3M1v	src/snes9x/native_sa1_opcodes.cpp	176	local	13	7a2c45bd267a3bfba0304414d5e09b71cbb5535e53beaf506bb0edd2b3979cea	4587ea7feb28a2c0585e69b4e130385c76292d0dae282e73d9391ae3931be879	4587ea7feb28a2c0585e69b4e130385c76292d0dae282e73d9391ae3931be879	c54b6e711058db052eb9984de232866bb9cdfb8140f6b3edfe9d3c588adac9b0	linked-historical-reference
0x0016aef4	_Z6OpF3M0v	src/snes9x/native_sa1_opcodes.cpp	176	local	13	e7b998bb77358b29023121c9a1550c6c8b82b3dfceaea085c90ea4dfa441bbd3	4587ea7feb28a2c0585e69b4e130385c76292d0dae282e73d9391ae3931be879	4587ea7feb28a2c0585e69b4e130385c76292d0dae282e73d9391ae3931be879	d3fa42e9adb400ec12a1ea9a5b2eba9028836f96234e041ccf8826ca027ef2c7	linked-historical-reference
0x0016afa4	_Z6Op85M1v	src/snes9x/native_sa1_opcodes.cpp	84	local	8	993e2890f5d9aab829507dc4052186b302c67d2f58581a7e08505eaf4504be5c	993e2890f5d9aab829507dc4052186b302c67d2f58581a7e08505eaf4504be5c	993e2890f5d9aab829507dc4052186b302c67d2f58581a7e08505eaf4504be5c	295bb959711e6ed49fee51f237afa69362efa697b594402f444028e3915d9b6b	linked-historical-reference
0x0016aff8	_Z6Op85M0v	src/snes9x/native_sa1_opcodes.cpp	84	local	8	79710b6f88db6f523090af21f656e62e6855367f68533f4b3e6870f681aca3bc	79710b6f88db6f523090af21f656e62e6855367f68533f4b3e6870f681aca3bc	79710b6f88db6f523090af21f656e62e6855367f68533f4b3e6870f681aca3bc	538bff587c21ddca042ec987c95d381098da16b33182520818b157e3913b4aa1	linked-historical-reference
0x0016b04c	_Z6Op95M1v	src/snes9x/native_sa1_opcodes.cpp	108	local	8	f69512e923c04792d163113abd1e4775d4c0617aa7090fc0e3262de60e181ed3	f69512e923c04792d163113abd1e4775d4c0617aa7090fc0e3262de60e181ed3	f69512e923c04792d163113abd1e4775d4c0617aa7090fc0e3262de60e181ed3	afe43d82975c1716606d3a4f2b0790f94d834f52faacbfb6ffeb89d3bab1912b	linked-historical-reference
0x0016b0b8	_Z6Op95M0v	src/snes9x/native_sa1_opcodes.cpp	108	local	8	c4530dc518bf9290e69d9b70b5f4cc67a6c34be8b5cc81c6e87cefd95f628163	c4530dc518bf9290e69d9b70b5f4cc67a6c34be8b5cc81c6e87cefd95f628163	c4530dc518bf9290e69d9b70b5f4cc67a6c34be8b5cc81c6e87cefd95f628163	2cb0182fb6ccf5a738e5ec2a335c9e0d6ccef0042e2a654ca1083cea1ffd40b8	linked-historical-reference
0x0016b124	_Z6Op92M1v	src/snes9x/native_sa1_opcodes.cpp	140	local	13	43e20817536438627be7a19055c375f80a243eab7d4b59f3946f5cd78169b459	43e20817536438627be7a19055c375f80a243eab7d4b59f3946f5cd78169b459	43e20817536438627be7a19055c375f80a243eab7d4b59f3946f5cd78169b459	e6885a01d945cac9d229f95fca09a04dcb5e41261d7ce8724c083cd318ee7491	linked-historical-reference
0x0016b1b0	_Z6Op92M0v	src/snes9x/native_sa1_opcodes.cpp	140	local	13	d8d3cca985a250d365dcd9bcf4effdb886f0b866b3d2dae0f2338c56c9e1b639	d8d3cca985a250d365dcd9bcf4effdb886f0b866b3d2dae0f2338c56c9e1b639	d8d3cca985a250d365dcd9bcf4effdb886f0b866b3d2dae0f2338c56c9e1b639	4d0848dfcd9fa00b46f55cea0991be8d6feb7bd24ca10846ce84b91fd2b11aed	linked-historical-reference
0x0016b23c	_Z6Op81M1v	src/snes9x/native_sa1_opcodes.cpp	148	local	13	bd38fc793557a06b2c0a2377199fc4dee897215d86ce3e0f8d700440d09dc0d7	bd38fc793557a06b2c0a2377199fc4dee897215d86ce3e0f8d700440d09dc0d7	bd38fc793557a06b2c0a2377199fc4dee897215d86ce3e0f8d700440d09dc0d7	26eee1e07771a4831abc90399d69985c7b36950a1a68e0351759a05e80f783df	linked-historical-reference
0x0016b2d0	_Z6Op81M0v	src/snes9x/native_sa1_opcodes.cpp	148	local	13	5967fe428054b6eb4b28e0aab76ecc0944548300410ebd77043f627d0229fa37	5967fe428054b6eb4b28e0aab76ecc0944548300410ebd77043f627d0229fa37	5967fe428054b6eb4b28e0aab76ecc0944548300410ebd77043f627d0229fa37	5698b6d1de1e76678620caa8d6d91f0171357078a36704453db465e7aa8acf1f	linked-historical-reference
0x0016b364	_Z6Op91M1v	src/snes9x/native_sa1_opcodes.cpp	156	local	13	a03178f3ae39533e54397a844b6b7a49a5c3c92b098eb8e170d471b962e52414	a03178f3ae39533e54397a844b6b7a49a5c3c92b098eb8e170d471b962e52414	a03178f3ae39533e54397a844b6b7a49a5c3c92b098eb8e170d471b962e52414	fd39747d2b61e6b51d9e2a3c919bc53f4ce756e8782e6549faf92af916f7236d	linked-historical-reference
0x0016b400	_Z6Op91M0v	src/snes9x/native_sa1_opcodes.cpp	156	local	13	5b4a0b81cbd0c53ba0c049ac32b1b67f9bfd285e64b4e4c31bd3cd64a071b2a9	5b4a0b81cbd0c53ba0c049ac32b1b67f9bfd285e64b4e4c31bd3cd64a071b2a9	5b4a0b81cbd0c53ba0c049ac32b1b67f9bfd285e64b4e4c31bd3cd64a071b2a9	35fe6b81fb719ae2fc0471b68da68ec05dc550519354332b4649ffa4356cb292	linked-historical-reference
0x0016b49c	_Z6Op87M1v	src/snes9x/native_sa1_opcodes.cpp	164	local	15	72e9281c9df14281e757612db1f76defddc768bc51625e1d54c19708939789c5	72e9281c9df14281e757612db1f76defddc768bc51625e1d54c19708939789c5	72e9281c9df14281e757612db1f76defddc768bc51625e1d54c19708939789c5	e5c339d66716f29b2a148553780c10d2d71a45de27be58224b30e6167f4a7143	linked-historical-reference
0x0016b540	_Z6Op87M0v	src/snes9x/native_sa1_opcodes.cpp	164	local	15	3838f4b81797133f3ee1487079e76dc07a6c01afa6e872268fa336a58c153082	3838f4b81797133f3ee1487079e76dc07a6c01afa6e872268fa336a58c153082	3838f4b81797133f3ee1487079e76dc07a6c01afa6e872268fa336a58c153082	ce7c514ef409950f4e5522fffd81d4213782245541d1d936a6131a05b4cdd118	linked-historical-reference
0x0016b5e4	_Z6Op97M1v	src/snes9x/native_sa1_opcodes.cpp	172	local	15	3ed76b11d38beb6e4b301d766e6fdf02817ee7efd24f3f3666431b272f16d7ca	3ed76b11d38beb6e4b301d766e6fdf02817ee7efd24f3f3666431b272f16d7ca	3ed76b11d38beb6e4b301d766e6fdf02817ee7efd24f3f3666431b272f16d7ca	98370957a1035caf7845696915ba279465fd7ae2880fa833ba3f70b6b062011a	linked-historical-reference
0x0016b690	_Z6Op97M0v	src/snes9x/native_sa1_opcodes.cpp	172	local	15	fb85e60e43d73066ffa1dd664a4b582d1767052f9316033b3a364e54a95c941b	fb85e60e43d73066ffa1dd664a4b582d1767052f9316033b3a364e54a95c941b	fb85e60e43d73066ffa1dd664a4b582d1767052f9316033b3a364e54a95c941b	4e6d61bcdd6df9994c9c5096ac8b73fc46271109562314d056b4ff768292c5af	linked-historical-reference
0x0016b73c	_Z6Op8DM1v	src/snes9x/native_sa1_opcodes.cpp	96	local	8	7ab00bae5adbb6ae499254edfda8abdb9e105e508f6ad2864d38e1e5b0266689	7ab00bae5adbb6ae499254edfda8abdb9e105e508f6ad2864d38e1e5b0266689	987239518888b5cf1a7a10cf10d14eadf6759a11940ac3640e5293f272e29de3	5009a40a4448d8a10a0c33331ba40e3c44041fae90459325754343ed8c71ca1c	linked-historical-reference
0x0016b79c	_Z6Op8DM0v	src/snes9x/native_sa1_opcodes.cpp	96	local	8	7591e40d40a9e7d82767f3c50beb48a440e55181a9b4dac2cc328db2391abfa6	7591e40d40a9e7d82767f3c50beb48a440e55181a9b4dac2cc328db2391abfa6	255b597319d31fa71ed80d86c4ad57c60fb2b0fe11cc74c4211e7f2a0348aff4	2bcdc830f3290d540d739e5c6cad1155fe851acb84ea5dbcfbc3b53efcf4b00e	linked-historical-reference
0x0016b7fc	_Z6Op9DM1v	src/snes9x/native_sa1_opcodes.cpp	108	local	8	fd215a918f9c78ee04576717880109d29a86846ff9c5ae335f82af13c467f8e3	fd215a918f9c78ee04576717880109d29a86846ff9c5ae335f82af13c467f8e3	fd215a918f9c78ee04576717880109d29a86846ff9c5ae335f82af13c467f8e3	36fec4e7025b751a1b311e6687376e0e86f2bdd79c6df2ca7595fb32267ce05d	linked-historical-reference
0x0016b868	_Z6Op9DM0v	src/snes9x/native_sa1_opcodes.cpp	108	local	8	e6bb8c180ada29077ba472fc4ea1a48c7ad5bfa062919d3daa8bcce5eae9181b	e6bb8c180ada29077ba472fc4ea1a48c7ad5bfa062919d3daa8bcce5eae9181b	e6bb8c180ada29077ba472fc4ea1a48c7ad5bfa062919d3daa8bcce5eae9181b	597deed5019b4de45ccb9998032809f38658116d8d16f98f2db1db00edb540a3	linked-historical-reference
0x0016b8d4	_Z6Op99M1v	src/snes9x/native_sa1_opcodes.cpp	108	local	8	d2775fef75b2043f0dbd3ae25830fd496d156add2f47f4397b587633d494e79d	d2775fef75b2043f0dbd3ae25830fd496d156add2f47f4397b587633d494e79d	d2775fef75b2043f0dbd3ae25830fd496d156add2f47f4397b587633d494e79d	c6e42a34405fe57b804b28cbf4e6efa441fff09572b05e11243948113a620c28	linked-historical-reference
0x0016b940	_Z6Op99M0v	src/snes9x/native_sa1_opcodes.cpp	108	local	8	f9c9dcb91697995ece2b53a598fc628b28b9942ad5769b7be07508bcfec58297	f9c9dcb91697995ece2b53a598fc628b28b9942ad5769b7be07508bcfec58297	f9c9dcb91697995ece2b53a598fc628b28b9942ad5769b7be07508bcfec58297	b827d638d78bf7097089cb72089cb122479400332e0c4c9689b5dc188927014e	linked-historical-reference
0x0016b9ac	_Z6Op8FM1v	src/snes9x/native_sa1_opcodes.cpp	92	local	8	ac46745c5d02f24449ed7e4c60efc120f12ac056cd992a57c18272aa0fc7d32c	ac46745c5d02f24449ed7e4c60efc120f12ac056cd992a57c18272aa0fc7d32c	4df573110c6bb63ce65588621a5ab48327d507cb60d275b34ee8ed3149699080	b338eaf5886e5d9b9eb3294fe7aff3662c2631dd437e543c1a62fe68fa02ab3f	linked-historical-reference
0x0016ba08	_Z6Op8FM0v	src/snes9x/native_sa1_opcodes.cpp	92	local	8	363daf21c59bc59394977ffe609827e9fe6de2307c54b21a887b574e7c2a6c47	363daf21c59bc59394977ffe609827e9fe6de2307c54b21a887b574e7c2a6c47	b88860241198103dbc9c51d1fad60d4b079b2494ee990bac6373db168df547b0	a63b46db3e5f85c6dc3f434f677a666bcdbc093984255f2a60cb0c6f7965e7a7	linked-historical-reference
0x0016ba64	_Z6Op9FM1v	src/snes9x/native_sa1_opcodes.cpp	116	local	8	aa610f0d0e0b1b901fa4719249b7594dc7d759c748e6ff1813aef82155bbb59e	aa610f0d0e0b1b901fa4719249b7594dc7d759c748e6ff1813aef82155bbb59e	aa610f0d0e0b1b901fa4719249b7594dc7d759c748e6ff1813aef82155bbb59e	d948ce4a98ab4ac85b0c857c1cc38f2eff21b8e4f9b32c59bd42dd0ba4cd5320	linked-historical-reference
0x0016bad8	_Z6Op9FM0v	src/snes9x/native_sa1_opcodes.cpp	116	local	8	dd8110ff70639453eaceda55d0783d042bc6c458d390db223ae19459daf509ff	dd8110ff70639453eaceda55d0783d042bc6c458d390db223ae19459daf509ff	dd8110ff70639453eaceda55d0783d042bc6c458d390db223ae19459daf509ff	085e70672b7845729cc63d3918f596f051dcfa1a72ea7fd57a168ecd7d24d219	linked-historical-reference
0x0016bb4c	_Z6Op83M1v	src/snes9x/native_sa1_opcodes.cpp	84	local	8	66027f5b7a70873da0baf52fc154765e163b07c10670fc388395d9a849cefb78	66027f5b7a70873da0baf52fc154765e163b07c10670fc388395d9a849cefb78	66027f5b7a70873da0baf52fc154765e163b07c10670fc388395d9a849cefb78	2e7a229f92b28e5c4182fbaf19e63682827fafaa7a5ae379d94349b0461dc84a	linked-historical-reference
0x0016bba0	_Z6Op83M0v	src/snes9x/native_sa1_opcodes.cpp	84	local	8	0cfbc6a389b25b1cff8b77a57d8ba8d1de77bd6416e3dd0fa226cbeb2228724d	0cfbc6a389b25b1cff8b77a57d8ba8d1de77bd6416e3dd0fa226cbeb2228724d	0cfbc6a389b25b1cff8b77a57d8ba8d1de77bd6416e3dd0fa226cbeb2228724d	cbab43eae0d44804648f720a826bb3ad66bcde8fac19d42720365d95035c5a39	linked-historical-reference
0x0016bbf4	_Z6Op93M1v	src/snes9x/native_sa1_opcodes.cpp	160	local	13	0d45e15c0d95b1822ec1b56bf26dc8d0059473c23bd6641708c6bf633727fe23	0d45e15c0d95b1822ec1b56bf26dc8d0059473c23bd6641708c6bf633727fe23	0d45e15c0d95b1822ec1b56bf26dc8d0059473c23bd6641708c6bf633727fe23	f76e02a1576e35ca9bd4926d441e1872b937ffc5f41d6340fb6c4da8e18431d8	linked-historical-reference
0x0016bc94	_Z6Op93M0v	src/snes9x/native_sa1_opcodes.cpp	160	local	13	095b3bed20338a5d4fed5ab739b064b3b030d60a1d5a92f914b8746aa45272dc	095b3bed20338a5d4fed5ab739b064b3b030d60a1d5a92f914b8746aa45272dc	095b3bed20338a5d4fed5ab739b064b3b030d60a1d5a92f914b8746aa45272dc	c2f52dff233bcf36c8ebe6a58320d88219100d91988748a68d8549cade037f99	linked-historical-reference
0x0016bd34	_Z6Op86X1v	src/snes9x/native_sa1_opcodes.cpp	84	local	8	04375d7c7cd56797739b1d6bfe93bc58195cba5b6af9eaca0ae5fa9797327eb6	04375d7c7cd56797739b1d6bfe93bc58195cba5b6af9eaca0ae5fa9797327eb6	04375d7c7cd56797739b1d6bfe93bc58195cba5b6af9eaca0ae5fa9797327eb6	042476b0fb32b2ec7d3dd02f4ee387dddf0bff6091383d76ceaa728159f5d6a4	linked-historical-reference
0x0016bd88	_Z6Op86X0v	src/snes9x/native_sa1_opcodes.cpp	84	local	8	6ece1377abde36657fd7662c82e19ad84e19aac90a654f782542905515b9d357	6ece1377abde36657fd7662c82e19ad84e19aac90a654f782542905515b9d357	6ece1377abde36657fd7662c82e19ad84e19aac90a654f782542905515b9d357	25c16ac8d8f7330ef973f3642717d4ac494f79463c4f1471a7c373b75a210319	linked-historical-reference
0x0016bddc	_Z6Op96X1v	src/snes9x/native_sa1_opcodes.cpp	108	local	8	5704a182378a0532868e4d2044762fbcf1bc5f677b27633645dd2d1316bb7758	5704a182378a0532868e4d2044762fbcf1bc5f677b27633645dd2d1316bb7758	5704a182378a0532868e4d2044762fbcf1bc5f677b27633645dd2d1316bb7758	b8f4bc877ce61d0c7f37982193321d143f0f0e5f6b822299fbcec87336dc13dd	linked-historical-reference
0x0016be48	_Z6Op96X0v	src/snes9x/native_sa1_opcodes.cpp	108	local	8	02eb2baad953ff6d6c22b018ac6191ab53ecb5f70155056616ae3ed147222dcd	02eb2baad953ff6d6c22b018ac6191ab53ecb5f70155056616ae3ed147222dcd	02eb2baad953ff6d6c22b018ac6191ab53ecb5f70155056616ae3ed147222dcd	71694139bd19ba8096785fec65f624f7e227a619c0ecd762f54f084af289c9e9	linked-historical-reference
0x0016beb4	_Z6Op8EX1v	src/snes9x/native_sa1_opcodes.cpp	96	local	8	a4133228a1ddfa011955ee5d80073bd75b299e1aef014a0698b83b0a09ddef47	a4133228a1ddfa011955ee5d80073bd75b299e1aef014a0698b83b0a09ddef47	987239518888b5cf1a7a10cf10d14eadf6759a11940ac3640e5293f272e29de3	81c04c022ea338f9e526cefb9c16013395533671ff405b636bdbbb744742ee85	linked-historical-reference
0x0016bf14	_Z6Op8EX0v	src/snes9x/native_sa1_opcodes.cpp	96	local	8	2029aee6a714d0cb7a0419174eef3399d80384f201aff53881c1874da1260528	2029aee6a714d0cb7a0419174eef3399d80384f201aff53881c1874da1260528	255b597319d31fa71ed80d86c4ad57c60fb2b0fe11cc74c4211e7f2a0348aff4	69549cbbb18fa206ec37ad9d7fc8552c776a3d3b4d27b318dbf97e71ef9c98d0	linked-historical-reference
0x0016bf74	_Z6Op84X1v	src/snes9x/native_sa1_opcodes.cpp	84	local	8	0f6cc33c8f620403c4fbc9c983045224f06695d7e453445ae76b17444e286ef6	0f6cc33c8f620403c4fbc9c983045224f06695d7e453445ae76b17444e286ef6	0f6cc33c8f620403c4fbc9c983045224f06695d7e453445ae76b17444e286ef6	6274c324c3e1549a67f5b47b2ecb84d6dd8aff47b39b943e17e8f1ff651e6a26	linked-historical-reference
0x0016bfc8	_Z6Op84X0v	src/snes9x/native_sa1_opcodes.cpp	84	local	8	a90829d1cea5a677a7a8a92fb3bfac727484ec69f77b7f3f67d13d2484ab983a	a90829d1cea5a677a7a8a92fb3bfac727484ec69f77b7f3f67d13d2484ab983a	a90829d1cea5a677a7a8a92fb3bfac727484ec69f77b7f3f67d13d2484ab983a	c6135f58c0f5b3fa047ef8cb511595ce3296879687b8afbc53df12e386515e7b	linked-historical-reference
0x0016c01c	_Z6Op94X1v	src/snes9x/native_sa1_opcodes.cpp	108	local	8	7a80bce0fbf93e975da6941910ac4964b42172c73a421deaa50716a0e1f59b78	7a80bce0fbf93e975da6941910ac4964b42172c73a421deaa50716a0e1f59b78	7a80bce0fbf93e975da6941910ac4964b42172c73a421deaa50716a0e1f59b78	cbf9e8fd36be22ecc5799816abb978f35bfae27b9ab9f5223374a590dac35272	linked-historical-reference
0x0016c088	_Z6Op94X0v	src/snes9x/native_sa1_opcodes.cpp	108	local	8	8cac1513f9cd068df67e11d385c8ded90e26acae963f88937dc2af24ba19f52a	8cac1513f9cd068df67e11d385c8ded90e26acae963f88937dc2af24ba19f52a	8cac1513f9cd068df67e11d385c8ded90e26acae963f88937dc2af24ba19f52a	9905a6b68d7c605f3e280dc3cd1ae36348956b0694e335d5015544becdb1de66	linked-historical-reference
0x0016c0f4	_Z6Op8CX1v	src/snes9x/native_sa1_opcodes.cpp	96	local	8	2ffd9c0830949ce69b73c0169aa34c7622079f8c326c5b44392610f4d4acb940	2ffd9c0830949ce69b73c0169aa34c7622079f8c326c5b44392610f4d4acb940	987239518888b5cf1a7a10cf10d14eadf6759a11940ac3640e5293f272e29de3	eab4961b8b71f6f29367b08a1cf21f0990596ec75ee02002f01f9bd0028873e4	linked-historical-reference
0x0016c154	_Z6Op8CX0v	src/snes9x/native_sa1_opcodes.cpp	96	local	8	86fefe50d9e52e03d0abf0da75158ac77ce52535d7e3bf2dc178c1d757ae4bc1	86fefe50d9e52e03d0abf0da75158ac77ce52535d7e3bf2dc178c1d757ae4bc1	255b597319d31fa71ed80d86c4ad57c60fb2b0fe11cc74c4211e7f2a0348aff4	a1ea07a43adbb05c4ff00c581ee850f0a5b94dd99df4e068c8a26749a064c266	linked-historical-reference
0x0016c1b4	_Z6Op64M1v	src/snes9x/native_sa1_opcodes.cpp	80	local	8	0aa40b945a25cc55d83675c68c3f69d8b61f705f515b15e8fafa53c515e810f5	0aa40b945a25cc55d83675c68c3f69d8b61f705f515b15e8fafa53c515e810f5	8a143de930e4ac543315c835c1603f4bf5d4c7c8966335e85576d1054158d9ab	972ebd2d560854414484564740f3b56aaf84535a52530c4373e67c7302eb8d99	linked-historical-reference
0x0016c204	_Z6Op64M0v	src/snes9x/native_sa1_opcodes.cpp	80	local	8	0aa40b945a25cc55d83675c68c3f69d8b61f705f515b15e8fafa53c515e810f5	0aa40b945a25cc55d83675c68c3f69d8b61f705f515b15e8fafa53c515e810f5	8a143de930e4ac543315c835c1603f4bf5d4c7c8966335e85576d1054158d9ab	0649362fe8bff5ed450afc68496f37a3c71a44cfedd80d477af79b3fae6224d2	linked-historical-reference
0x0016c254	_Z6Op74M1v	src/snes9x/native_sa1_opcodes.cpp	108	local	8	a33fd1265fc0b40f4d8b6ac1924c8be81035a72282482755668aba372153c6ba	a33fd1265fc0b40f4d8b6ac1924c8be81035a72282482755668aba372153c6ba	a33fd1265fc0b40f4d8b6ac1924c8be81035a72282482755668aba372153c6ba	fcaf6462dc6035dd5c08bd0ead12db85b0123c7e2452dd19fa554bc99d88bf45	linked-historical-reference
0x0016c2c0	_Z6Op74M0v	src/snes9x/native_sa1_opcodes.cpp	108	local	8	a33fd1265fc0b40f4d8b6ac1924c8be81035a72282482755668aba372153c6ba	a33fd1265fc0b40f4d8b6ac1924c8be81035a72282482755668aba372153c6ba	a33fd1265fc0b40f4d8b6ac1924c8be81035a72282482755668aba372153c6ba	5c4eef9f706bb1ea647f24d169c5f724492192b0c56d4180b6149c6fead11b25	linked-historical-reference
0x0016c32c	_Z6Op9CM1v	src/snes9x/native_sa1_opcodes.cpp	92	local	6	6aa21b58eb39dc028e6075967d1a4b5c57d65e9166a58df7baf9ad4656f34a70	6aa21b58eb39dc028e6075967d1a4b5c57d65e9166a58df7baf9ad4656f34a70	6aa21b58eb39dc028e6075967d1a4b5c57d65e9166a58df7baf9ad4656f34a70	490bbd8a84c427a3a3a12e1bfd138e88827f3f1d1bdb578368f3392deaddafd0	linked-historical-reference
0x0016c388	_Z6Op9CM0v	src/snes9x/native_sa1_opcodes.cpp	92	local	6	6aa21b58eb39dc028e6075967d1a4b5c57d65e9166a58df7baf9ad4656f34a70	6aa21b58eb39dc028e6075967d1a4b5c57d65e9166a58df7baf9ad4656f34a70	6aa21b58eb39dc028e6075967d1a4b5c57d65e9166a58df7baf9ad4656f34a70	c363b12cb8af661000215f4d38c1311bde7d358ec366f889049537649037005c	linked-historical-reference
0x0016c3e4	_Z6Op9EM1v	src/snes9x/native_sa1_opcodes.cpp	104	local	8	e55011ca2aec7e34fe7f98a85e71f4c39160fed2091bc5b4f25fb04fa714ff85	e55011ca2aec7e34fe7f98a85e71f4c39160fed2091bc5b4f25fb04fa714ff85	b26540e442027d153a86df92e277e8e6776391e7d726ed85ad7c0eadebb10b17	3f84de417971f6d61a9f76d3440460c0f7a315d448a53e5c36363801ace84475	linked-historical-reference
0x0016c44c	_Z6Op9EM0v	src/snes9x/native_sa1_opcodes.cpp	104	local	8	e55011ca2aec7e34fe7f98a85e71f4c39160fed2091bc5b4f25fb04fa714ff85	e55011ca2aec7e34fe7f98a85e71f4c39160fed2091bc5b4f25fb04fa714ff85	b26540e442027d153a86df92e277e8e6776391e7d726ed85ad7c0eadebb10b17	a3598ce626fdf142e48f808474d514491981c534e310206d33c924c172ed35fe	linked-historical-reference
0x0016c4b4	_Z6Op14M1v	src/snes9x/native_sa1_opcodes.cpp	156	local	14	3ec66c1ff1831aeb81ed74eaa2d26d3de9a9a687fe822e3cc3e4463f8493210f	3ec66c1ff1831aeb81ed74eaa2d26d3de9a9a687fe822e3cc3e4463f8493210f	3ec66c1ff1831aeb81ed74eaa2d26d3de9a9a687fe822e3cc3e4463f8493210f	b5c07953f79f98d4553cb6ce3feccd46f347c786bd922536b279d1538a23832c	linked-historical-reference
0x0016c550	_Z6Op14M0v	src/snes9x/native_sa1_opcodes.cpp	192	local	17	285dd5b9c8ffad23654c6e38192de22f77db83da75a9889a2a55ee74b66f459f	285dd5b9c8ffad23654c6e38192de22f77db83da75a9889a2a55ee74b66f459f	285dd5b9c8ffad23654c6e38192de22f77db83da75a9889a2a55ee74b66f459f	f07292eb993c0652291b42552c99476f528376d0a65b7fcb1b65e1de4d1f66da	linked-historical-reference
0x0016c610	_Z6Op1CM1v	src/snes9x/native_sa1_opcodes.cpp	160	local	14	5ec042cdc035476faae29d4a8bc9e4575c3567be5711fd59bfb50848b3585350	5ec042cdc035476faae29d4a8bc9e4575c3567be5711fd59bfb50848b3585350	8f5e14620c6bf590f9c8d3450e4ff731fb491aaa1705662a032a340a0f1938f5	e0b0a45df2ae24b5ba3b23f890c2dc244c4257276c968d39784562f912bdebbd	linked-historical-reference
0x0016c6b0	_Z6Op1CM0v	src/snes9x/native_sa1_opcodes.cpp	196	local	17	a8e270d2e17b8c3ed36f3fbcea61017bd6434f3a4e1f8ded067e8ec3e527e061	a8e270d2e17b8c3ed36f3fbcea61017bd6434f3a4e1f8ded067e8ec3e527e061	c19a30310217c66347be83f832e2b02d96c631248a675edf1cb65de521146c6c	e55b9b14e01e34e8e1410c865377542a43738bd227f746f0048b8d8e1dab9a9f	linked-historical-reference
0x0016c774	_Z6Op04M1v	src/snes9x/native_sa1_opcodes.cpp	152	local	14	d6492e6d157e19f7948c557a80e291f0b672b4dd97f3a84726342ac08b351df0	d6492e6d157e19f7948c557a80e291f0b672b4dd97f3a84726342ac08b351df0	d6492e6d157e19f7948c557a80e291f0b672b4dd97f3a84726342ac08b351df0	217863498f66556124dfc6789962d215382c9c602b2aafb1dee23279c614793b	linked-historical-reference
0x0016c80c	_Z6Op04M0v	src/snes9x/native_sa1_opcodes.cpp	188	local	17	6f4361c22e381e01a2edddb3ba69fbfd5388f0b23df96821834c01ae7c047596	6f4361c22e381e01a2edddb3ba69fbfd5388f0b23df96821834c01ae7c047596	6f4361c22e381e01a2edddb3ba69fbfd5388f0b23df96821834c01ae7c047596	4ca87b361a1278297486bf68c7d1f4d934819041b1fd2ea2e784c1b23363f490	linked-historical-reference
0x0016c8c8	_Z6Op0CM1v	src/snes9x/native_sa1_opcodes.cpp	156	local	14	677bf6994bf7620ebf1f6490ef30fac4a752b95c9d93374ed9b1f40e8a9483d6	677bf6994bf7620ebf1f6490ef30fac4a752b95c9d93374ed9b1f40e8a9483d6	3d17437acf2c23663ec99853b95351c6f3d05abdccd84346d9e3dc98e7f250e0	50b3840de1bca76effc6a9a75e400f12d995c35976d286030a8b601585ad1560	linked-historical-reference
0x0016c964	_Z6Op0CM0v	src/snes9x/native_sa1_opcodes.cpp	192	local	17	d43eb19894302f7f76aa5e77f63833abc8e7ff7b548ae5bdf283dec7147e1524	d43eb19894302f7f76aa5e77f63833abc8e7ff7b548ae5bdf283dec7147e1524	0f76efa97acf28dbc13398685f3b948bcff5cae6acff9a1ffec1bbbbcd91ff18	c302e317c37ad555811567159cb2642e4dc6abdaf61cb4936c5c2778752c0c10	linked-historical-reference
0x0016ca24	_Z4Op90v	src/snes9x/native_sa1_opcodes.cpp	144	local	9	3980f634dfce4734b2341e9d86bb5ca481cd3ad55e6677d92640c8c567e6da9d	0cb5fa51c958713ca0692f969f4510df9cdef9ab0a58a0721224db24526706aa	4f23b9194d2c638070e95a5c2b8334c64adcae4ca20868f3aa676e6386ad813a	4255c10df7a06dbb3980990a2437d1e4ef7f6defcc452f4d02128cfaeda57c83	linked-historical-reference
0x0016cab4	_Z4OpB0v	src/snes9x/native_sa1_opcodes.cpp	144	local	9	15936ce9d507c47440b6ca4ef260d9a4e8f662fde800463911571beea825d32a	10996fcc959b08c405e6a084bcb31614298144419c0c30d504a86d530448807c	a642ce51e302a1eff02feddc4c13f04dede05ae3c4784576e2b68147e86f565d	ba9ad20162501941b1b05fd143f49ebcfaece9d2e71c416014d393c455aa318a	linked-historical-reference
0x0016cb44	_Z4OpF0v	src/snes9x/native_sa1_opcodes.cpp	144	local	9	71b8b6e28d73dfbcfbb2ca4de96dc17daf3e6c957291b66ca3140ed340bddc09	e33ee91cb0fea009bab619aae78d2db179b7ae5887cd8ea71304c92b150fe098	0bef9b30eebb4daf7406afd42cf4b5b3247cde82ffc1beebe9c8ddf4c4dda0c4	f55ad1f9c938cbf2dc6b9b430ee97c0487dd56afaa637d8aca70ecc337b88a21	linked-historical-reference
0x0016cbd4	_Z4Op30v	src/snes9x/native_sa1_opcodes.cpp	148	local	9	ab27d8648b8342a0f667691d5101e25a0812b7c6dbe2e680ff08f310e284442f	69f3c9bb839406a38e014a66e40e455bb82db4c63590361c2f7541b6bc399835	84cfe4e99f5e8bb5ba992f224177aa0ae1883345b4313552397df0e7003d0508	bc5d6d35232baff1a0c00ec098d04df237e2119f8630a4806281764010cbd15d	linked-historical-reference
0x0016cc68	_Z4OpD0v	src/snes9x/native_sa1_opcodes.cpp	144	local	9	2df796c92c65515302b60ddc2ab830bcbb4867dbe2926287e6990dfe31160593	b3a8e984c66915c65a181e01555902cdb4e7385e4c493e0a54377f3b8b770143	b9a6fda6499661176fb825647af63f8878f5ce58e06a127974563ff8d7ff78d0	02e3be4ba18f55c90fcd782378df96411aada59a50574e8f6148564f005c6b54	linked-historical-reference
0x0016ccf8	_Z4Op10v	src/snes9x/native_sa1_opcodes.cpp	148	local	9	af0f185127a78026eafcdeba5fdf0325230e1a50819cd94e1a94f787bc0bd19e	10c7f635e506c57ff231fdc1fd2c78e503b324dff75bae6b2d0494b5fb8c3bf0	d89db6de9d6f8e58b645ed37fcdb39eab8ff73177189587813497f542eef66d9	1e0165edb4666dba7f99cc51f5176270f042e198a01c2b2806cdcd43bbed4dc1	linked-historical-reference
0x0016cd8c	_Z4Op80v	src/snes9x/native_sa1_opcodes.cpp	132	local	9	fc0ebf4b77dab8b0b8a34929ec71ea10baab8c643cf14962e69d1995f202f890	fda2d9883b5e9296e3251126d594c485b7a0d1a0dd0f8e80ccc70d944f59d81d	f3b11efdf45d48d1ccb3ba5a63b042d1c20315b6f68153e154c377c06b32110f	aa3e189cfb17fef815b5dad8e846c7e9213fdff920d92b9bbcf3ab16962e88a2	linked-historical-reference
0x0016ce10	_Z4Op50v	src/snes9x/native_sa1_opcodes.cpp	144	local	9	1565c824a909f5010f79264ab345923468315351b3d6f8643d568b92820d8429	6da1a1323143483b5fce40b8d7fc9409ba41c322937d054f2653093f49337b8a	d57f63a650277f3712a5be3b705d9a37066342bb16ac2b7a0b0442358383aa61	af8ce74d48e4d84e793fd8e7e717b74cce76df2b059bda626ad76f22430c9d91	linked-historical-reference
0x0016cea0	_Z4Op70v	src/snes9x/native_sa1_opcodes.cpp	144	local	9	05030b18532fdef59a27abc210bd0a2e8d9cb98b46deab65a3b2aaccd2661bdc	1f871ad33b503c281313e1312fd6d431f7fb3a6a37e34c18dc0044979133be84	a9cd2f704da4d02efdd6feda46d0393d30099589efae2c3e1066fd6094173f76	dbe2e71981d36389195ec26368606d460d208eec034f3b87274b93e56a0c43b4	linked-historical-reference
0x0016cf30	_Z4Op18v	src/snes9x/native_sa1_opcodes.cpp	12	local	2	8670ffac796bfd483abd0bea5d0bd6d47a2fbd96cbcce38cc4b0a86130eb8340	8670ffac796bfd483abd0bea5d0bd6d47a2fbd96cbcce38cc4b0a86130eb8340	c38945534ae18bf9cd3c6921962b7222956ef629601ef9714b83fac6c6efe651	06c2fe3163c116b8d4e2967ea52350b901b2f9f576a3eb3712452bd4e54020c9	linked-historical-reference
0x0016cf3c	_Z4OpD8v	src/snes9x/native_sa1_opcodes.cpp	24	local	2	22cffd9a7b8a6bc9511915f30619283e873b9634b8277d08c91278308ee91d96	22cffd9a7b8a6bc9511915f30619283e873b9634b8277d08c91278308ee91d96	22cffd9a7b8a6bc9511915f30619283e873b9634b8277d08c91278308ee91d96	833ccf81aa911c56b3a5f9f2fe021bb003e14dbed90aa20306cac0d3729d63b5	linked-historical-reference
0x0016cf54	_Z4Op58v	src/snes9x/native_sa1_opcodes.cpp	24	local	2	0eefe37d82988079418f4db5a6aeedaeea7a13a75e8c0c57b780bc60e6d76071	0eefe37d82988079418f4db5a6aeedaeea7a13a75e8c0c57b780bc60e6d76071	0eefe37d82988079418f4db5a6aeedaeea7a13a75e8c0c57b780bc60e6d76071	b1d821e32509aa77dc5c106ee513e3b5a4bf202a5056f4ac6f4d9d1eb09cc315	linked-historical-reference
0x0016cf6c	_Z4OpB8v	src/snes9x/native_sa1_opcodes.cpp	12	local	2	ccd8bdffa907ff02d71e7378e2308e338f998974ca5a103763b63d04518fde6f	ccd8bdffa907ff02d71e7378e2308e338f998974ca5a103763b63d04518fde6f	c38945534ae18bf9cd3c6921962b7222956ef629601ef9714b83fac6c6efe651	6a8ff9b8d30a7d36f63fcfe29894e72731e8bec944c96883c678c18d87c9f570	linked-historical-reference
0x0016cf78	_Z6OpCAX1v	src/snes9x/native_sa1_opcodes.cpp	48	local	4	1e169decc285f97701c97de171e64c87158b599261dfb3942bdcaefaad12c72f	1e169decc285f97701c97de171e64c87158b599261dfb3942bdcaefaad12c72f	1e169decc285f97701c97de171e64c87158b599261dfb3942bdcaefaad12c72f	72cd38d9fe7d901b5b364decec498f5029c473bded2f24d9b0ac75baf3070242	linked-historical-reference
0x0016cfa8	_Z6OpCAX0v	src/snes9x/native_sa1_opcodes.cpp	56	local	4	5d7cc4f77be88fe4b8a06ebd0cdfef372ddb1b92111eb82ff71b5ddcc14b3e26	5d7cc4f77be88fe4b8a06ebd0cdfef372ddb1b92111eb82ff71b5ddcc14b3e26	5d7cc4f77be88fe4b8a06ebd0cdfef372ddb1b92111eb82ff71b5ddcc14b3e26	6742c7803e61f383a36a9c0aeb08d7456bc0646f17e0d441f36a2975dd0fa32f	linked-historical-reference
0x0016cfe0	_Z6Op88X1v	src/snes9x/native_sa1_opcodes.cpp	48	local	4	bbcb7c785ddcb81cba7a87cb0895bf75a8dcb90ff2b3c394e62157675946a1d1	bbcb7c785ddcb81cba7a87cb0895bf75a8dcb90ff2b3c394e62157675946a1d1	bbcb7c785ddcb81cba7a87cb0895bf75a8dcb90ff2b3c394e62157675946a1d1	e5f7c558fb3adbebcaa6e50f215c6d6c498f78f9a86de1260438bd5ebef8cf2c	linked-historical-reference
0x0016d010	_Z6Op88X0v	src/snes9x/native_sa1_opcodes.cpp	56	local	4	d43f1aabd8c450bf39d7c4af4c6a118e52c4c235094932ffef3b3a0102caee71	d43f1aabd8c450bf39d7c4af4c6a118e52c4c235094932ffef3b3a0102caee71	d43f1aabd8c450bf39d7c4af4c6a118e52c4c235094932ffef3b3a0102caee71	81cd26f61252972df912722ac72c48833da7c80025828b71b8bc3d20d43ef6f3	linked-historical-reference
0x0016d048	_Z6OpE8X1v	src/snes9x/native_sa1_opcodes.cpp	48	local	4	2427e84696c46e6e52e57b4e0f25a440adf0aac290d7966743e2eba80e354b47	2427e84696c46e6e52e57b4e0f25a440adf0aac290d7966743e2eba80e354b47	2427e84696c46e6e52e57b4e0f25a440adf0aac290d7966743e2eba80e354b47	07650d52f3bf450c4d56c4d07431163b6bda8f1b811f3b771712ec4409851232	linked-historical-reference
0x0016d078	_Z6OpE8X0v	src/snes9x/native_sa1_opcodes.cpp	56	local	4	3f86fec818de9eb11e260bf16abd73642bd81721067685f78719f8dbf34bf1c7	3f86fec818de9eb11e260bf16abd73642bd81721067685f78719f8dbf34bf1c7	3f86fec818de9eb11e260bf16abd73642bd81721067685f78719f8dbf34bf1c7	c63efc1d84c3c8ffbaa74fe988c7eb155cbfb2a189d2a5447f34229d48d036a5	linked-historical-reference
0x0016d0b0	_Z6OpC8X1v	src/snes9x/native_sa1_opcodes.cpp	48	local	4	5c390a72f6df9c84cf0166046ff78e72a4d204f794d18dc4dc362c19c039bf5b	5c390a72f6df9c84cf0166046ff78e72a4d204f794d18dc4dc362c19c039bf5b	5c390a72f6df9c84cf0166046ff78e72a4d204f794d18dc4dc362c19c039bf5b	4a48663050e494790acebd3557cac8ddf890512f9ae78b340c40a465c19ce650	linked-historical-reference
0x0016d0e0	_Z6OpC8X0v	src/snes9x/native_sa1_opcodes.cpp	56	local	4	995e0b41f8e5a5d7362c23905f4c0945fb05c635162a659e30fcdef4d3c5e1b9	995e0b41f8e5a5d7362c23905f4c0945fb05c635162a659e30fcdef4d3c5e1b9	995e0b41f8e5a5d7362c23905f4c0945fb05c635162a659e30fcdef4d3c5e1b9	31cf97fea1c74de962e3c176ea2241ee8c7d1873060595106afa285e335439c3	linked-historical-reference
0x0016d118	_Z4OpEAv	src/snes9x/native_sa1_opcodes.cpp	8	local	0	6d64edf91449c1b17746c1ef18afa2eb25c70bdf1322ab3df5a2630993b7e2f1	6d64edf91449c1b17746c1ef18afa2eb25c70bdf1322ab3df5a2630993b7e2f1	6d64edf91449c1b17746c1ef18afa2eb25c70bdf1322ab3df5a2630993b7e2f1	6d64edf91449c1b17746c1ef18afa2eb25c70bdf1322ab3df5a2630993b7e2f1	linked-historical-reference
0x0016d120	_Z4OpF4v	src/snes9x/native_sa1_opcodes.cpp	148	local	10	1f33eb75737f4cd7a9f7ec9ce738deb7b71e6f0aa0d26e85a98600bc78147373	1f33eb75737f4cd7a9f7ec9ce738deb7b71e6f0aa0d26e85a98600bc78147373	1f33eb75737f4cd7a9f7ec9ce738deb7b71e6f0aa0d26e85a98600bc78147373	aa6b5668029b1befbbb189f3bfd1a85d8dfe4555c8ea6fa5b4381e686ba327c9	linked-historical-reference
0x0016d1b4	_Z4OpD4v	src/snes9x/native_sa1_opcodes.cpp	172	local	15	8d095751554830282a33203507b274cbd8a951a9e342a3fcecbd89c309fbd383	8d095751554830282a33203507b274cbd8a951a9e342a3fcecbd89c309fbd383	8d095751554830282a33203507b274cbd8a951a9e342a3fcecbd89c309fbd383	fcc09e3fecdd8745c9d218fbd56e0fdba6d33ab0937d062061a440b384da9dd1	linked-historical-reference
0x0016d260	_Z4Op62v	src/snes9x/native_sa1_opcodes.cpp	148	local	10	19573b7c02230fffc5acd634866a061b077d379a6c8817caacfba7f095573c84	19573b7c02230fffc5acd634866a061b077d379a6c8817caacfba7f095573c84	19573b7c02230fffc5acd634866a061b077d379a6c8817caacfba7f095573c84	458202b8bcd8b5a3d2882d8e226e706e98a6a44d394819d509cca542c2d6d7f0	linked-historical-reference
0x0016d2f4	_Z6Op48M1v	src/snes9x/native_sa1_opcodes.cpp	52	local	3	cefaef86becbcfff66be1d67a894e711f06086083fd28754f448d62f89482d5d	cefaef86becbcfff66be1d67a894e711f06086083fd28754f448d62f89482d5d	cefaef86becbcfff66be1d67a894e711f06086083fd28754f448d62f89482d5d	4b75e83f9437610ba27abf4093cb5e8682abc715cef043620bce01b48f75a92b	linked-historical-reference
0x0016d328	_Z6Op48M0v	src/snes9x/native_sa1_opcodes.cpp	80	local	4	ba3ef986d1593e4ccf2177f2699083b0757ed26662ca721bd0eaa86763cc5b22	ba3ef986d1593e4ccf2177f2699083b0757ed26662ca721bd0eaa86763cc5b22	ba3ef986d1593e4ccf2177f2699083b0757ed26662ca721bd0eaa86763cc5b22	cb8936375f1f64b8e3a2fd8d892251fd72e19e64a4adddf21bf195be5da3dc65	linked-historical-reference
0x0016d378	_Z4Op8Bv	src/snes9x/native_sa1_opcodes.cpp	52	local	3	5dae1759d7f529d18f25dbbd159add381a0be6700c4d7d3c20343969f8b6371b	5dae1759d7f529d18f25dbbd159add381a0be6700c4d7d3c20343969f8b6371b	5dae1759d7f529d18f25dbbd159add381a0be6700c4d7d3c20343969f8b6371b	1113781aa3135729cbd41ed1f40e6e81c47820e767350902b81670a45b099cf7	linked-historical-reference
0x0016d3ac	_Z4Op0Bv	src/snes9x/native_sa1_opcodes.cpp	80	local	4	67a69e8a398844822bc6ca83112a943caadcd7b4b1c93db862acbba9a26c12d8	67a69e8a398844822bc6ca83112a943caadcd7b4b1c93db862acbba9a26c12d8	67a69e8a398844822bc6ca83112a943caadcd7b4b1c93db862acbba9a26c12d8	5f1a2058fd80a1edf1d75339a600d4191321b4ef7292b529cb553d3d5824bb5b	linked-historical-reference
0x0016d3fc	_Z4Op4Bv	src/snes9x/native_sa1_opcodes.cpp	52	local	4	510e27f142c0213a90d2859b9745d4ea3969a8996deea3f59bd11890b7c12c81	510e27f142c0213a90d2859b9745d4ea3969a8996deea3f59bd11890b7c12c81	510e27f142c0213a90d2859b9745d4ea3969a8996deea3f59bd11890b7c12c81	4ed69087c60b1677af066f8327355fa5b573ceb7a1e71e291ca50104b5eb3fee	linked-historical-reference
0x0016d430	_Z4Op08v	src/snes9x/native_sa1_opcodes.cpp	116	local	5	2917b6de0690c6aa01a033c9a40c14f2e76b3db186c85fcad2cb98064349efe9	2917b6de0690c6aa01a033c9a40c14f2e76b3db186c85fcad2cb98064349efe9	2917b6de0690c6aa01a033c9a40c14f2e76b3db186c85fcad2cb98064349efe9	d3b9160d04848e8a895d5912983079da5ee675842c67cc5c425aff023bf117ca	linked-historical-reference
0x0016d4a4	_Z6OpDAX1v	src/snes9x/native_sa1_opcodes.cpp	52	local	3	a88643dbff664af832e2f3a4395eb3661cfc49e9e5435846e8f4fd3c0ed27fa9	a88643dbff664af832e2f3a4395eb3661cfc49e9e5435846e8f4fd3c0ed27fa9	a88643dbff664af832e2f3a4395eb3661cfc49e9e5435846e8f4fd3c0ed27fa9	277e9d789b85ef715339011bb6bb7a553013020b87d1398670cfeb9d5f6dde50	linked-historical-reference
0x0016d4d8	_Z6OpDAX0v	src/snes9x/native_sa1_opcodes.cpp	80	local	4	5a3fae12cb6857bef9f4dea1a83918d96b612283ce6eb5b7a9fac496e040ad89	5a3fae12cb6857bef9f4dea1a83918d96b612283ce6eb5b7a9fac496e040ad89	5a3fae12cb6857bef9f4dea1a83918d96b612283ce6eb5b7a9fac496e040ad89	08bd32e360536d18f6778bedf96dbb175f0f429a5e1ea551cd0b5a2dafed983b	linked-historical-reference
0x0016d528	_Z6Op5AX1v	src/snes9x/native_sa1_opcodes.cpp	52	local	3	89bf6b35d8d78363e9b53db4c5150fae75d7a9d10e348b252290751145288fb0	89bf6b35d8d78363e9b53db4c5150fae75d7a9d10e348b252290751145288fb0	89bf6b35d8d78363e9b53db4c5150fae75d7a9d10e348b252290751145288fb0	d53c32ab46ac009fb9c0cd0a5e62901f4a79c087d707444c6c100d30df981b6b	linked-historical-reference
0x0016d55c	_Z6Op5AX0v	src/snes9x/native_sa1_opcodes.cpp	80	local	4	783298b8da7ed4bd8419e0b548574f94339508e47f843337b7cfcbd5387396dc	783298b8da7ed4bd8419e0b548574f94339508e47f843337b7cfcbd5387396dc	783298b8da7ed4bd8419e0b548574f94339508e47f843337b7cfcbd5387396dc	40d9c424d36156efca34e13e03497ec8894af8cb2d91a58c32c62b57e89722d9	linked-historical-reference
0x0016d5ac	_Z6Op68M1v	src/snes9x/native_sa1_opcodes.cpp	76	local	5	3c417847ee2e27f2eaf54b98357a3f449c75900d2e44fa6bda3d383ff1ed59a1	3c417847ee2e27f2eaf54b98357a3f449c75900d2e44fa6bda3d383ff1ed59a1	3c417847ee2e27f2eaf54b98357a3f449c75900d2e44fa6bda3d383ff1ed59a1	3a9a3be32aa671eee683010dbde715a71e9d8f74b70ca8ce1c54d4b60022f32a	linked-historical-reference
0x0016d5f8	_Z6Op68M0v	src/snes9x/native_sa1_opcodes.cpp	88	local	5	f04e6137dd9b5c453e7dba9fb071108cb56c52b47fc4e08b401fdefe6399438a	f04e6137dd9b5c453e7dba9fb071108cb56c52b47fc4e08b401fdefe6399438a	f04e6137dd9b5c453e7dba9fb071108cb56c52b47fc4e08b401fdefe6399438a	1816bc4cf61fdfec5a64d0309643812cf5d4b7c31750e52d9c0252990865afdc	linked-historical-reference
0x0016d650	_Z4OpABv	src/snes9x/native_sa1_opcodes.cpp	84	local	5	2efdb066401012c8b53d412e21b4fed492f80cc2d808e64e7c5f0f2e084fe269	2efdb066401012c8b53d412e21b4fed492f80cc2d808e64e7c5f0f2e084fe269	2efdb066401012c8b53d412e21b4fed492f80cc2d808e64e7c5f0f2e084fe269	037db42e90b3e1db4ee8ed64c2763e1a7b701e146fc69005abde64cd7d513f4f	linked-historical-reference
0x0016d6a4	_Z4Op2Bv	src/snes9x/native_sa1_opcodes.cpp	88	local	5	2cc8ec21ed941e502f674f863f7b380af424bdc93de5cdfa691e8b6941ff4f15	2cc8ec21ed941e502f674f863f7b380af424bdc93de5cdfa691e8b6941ff4f15	2cc8ec21ed941e502f674f863f7b380af424bdc93de5cdfa691e8b6941ff4f15	d0cbfe3aee1fffa3776f92c9ee163de646b95832c122ffce6ae258b23c8e9afd	linked-historical-reference
0x0016d6fc	_Z4Op28v	src/snes9x/native_sa1_opcodes.cpp	136	local	6	786767b53961d5fcb3b8b3c8cfe246fcafe365f9e1a897d8ea1a99ccdb4c6d17	7e0b94b9634099e53e7cc9b97e818d98f7da69e0219243c07927754a28d0b315	7e0b94b9634099e53e7cc9b97e818d98f7da69e0219243c07927754a28d0b315	11e51cc326aeca259e82b0a26d6fa9da91e8ec75a95e43909a50b263cc46595d	linked-historical-reference
0x0016d784	_Z6OpFAX1v	src/snes9x/native_sa1_opcodes.cpp	76	local	5	79772285665112cdde847589a0021aedccaee6648d5e501a717455e5441d8820	79772285665112cdde847589a0021aedccaee6648d5e501a717455e5441d8820	79772285665112cdde847589a0021aedccaee6648d5e501a717455e5441d8820	7ce6a8d061ce460443c44dbbc9bee32e807ea3d2b184c393ef040b3ea407d850	linked-historical-reference
0x0016d7d0	_Z6OpFAX0v	src/snes9x/native_sa1_opcodes.cpp	88	local	5	cdf2cb6c3c0a0fd8a678bb18f571a0e3ca8ca35c1002fcf18ee47ddfe7fe906c	cdf2cb6c3c0a0fd8a678bb18f571a0e3ca8ca35c1002fcf18ee47ddfe7fe906c	cdf2cb6c3c0a0fd8a678bb18f571a0e3ca8ca35c1002fcf18ee47ddfe7fe906c	fca8574558b3b3246c31c3a45766cd7cbb51a696c428c3b4077571f7043e02a7	linked-historical-reference
0x0016d828	_Z6Op7AX1v	src/snes9x/native_sa1_opcodes.cpp	76	local	5	a9c79d531ac4e944616fae6d73d6fa98f32500e365b4663f93165fd1ae741416	a9c79d531ac4e944616fae6d73d6fa98f32500e365b4663f93165fd1ae741416	a9c79d531ac4e944616fae6d73d6fa98f32500e365b4663f93165fd1ae741416	695b6d3273da9d74a730b521d779fbf527bb0f0a01a490f36df2ee6d058c70ac	linked-historical-reference
0x0016d874	_Z6Op7AX0v	src/snes9x/native_sa1_opcodes.cpp	88	local	5	bb0689ad986bbd83b8800e7f5ca6faccbf047669645a31737aefec387dcdf678	bb0689ad986bbd83b8800e7f5ca6faccbf047669645a31737aefec387dcdf678	bb0689ad986bbd83b8800e7f5ca6faccbf047669645a31737aefec387dcdf678	f850727b686bd84b16c3ddffcd8cc4544f0ad398b0c75b254090cc2c7057dfa8	linked-historical-reference
0x0016d8cc	_Z4Op38v	src/snes9x/native_sa1_opcodes.cpp	16	local	2	b4b384c1e7ef6de83c74f2592a0638be3beb45c7ec69a5cf70c602bf0b710bd8	b4b384c1e7ef6de83c74f2592a0638be3beb45c7ec69a5cf70c602bf0b710bd8	475b05be75924bf53873d02d5c20ad71da85676db9a5e8ab82611503c4957d3d	70b89f7cdb41d44926563f1bbc411a0d8fe41a12c1bc8198828878446d4fc296	linked-historical-reference
0x0016d8dc	_Z4OpF8v	src/snes9x/native_sa1_opcodes.cpp	36	local	4	9b6d77932df7990980006738591ea9a80743a9dcf1f89c48cd6c2bf174d891ae	9b6d77932df7990980006738591ea9a80743a9dcf1f89c48cd6c2bf174d891ae	14b67e4ba35c66ccc4a518b216d4c324de7812e9ccc5f5126f2e50b663f4860b	f88ce085667bd64dfd97ca4d43dfe7528a239b49b173068d2f9d2ed7ce083da1	linked-historical-reference
0x0016d900	_Z4Op78v	src/snes9x/native_sa1_opcodes.cpp	24	local	2	b55a29d9a48b1aa3f8467c4c4437a2936f79bcf06a92a316c3b988fb365c0c05	b55a29d9a48b1aa3f8467c4c4437a2936f79bcf06a92a316c3b988fb365c0c05	b55a29d9a48b1aa3f8467c4c4437a2936f79bcf06a92a316c3b988fb365c0c05	e83d78d9bad76db0e4ada3b577f4187c7a71d9af911a98b7a9757e9fe9ea35c1	linked-historical-reference
0x0016d918	_Z6OpAAX1v	src/snes9x/native_sa1_opcodes.cpp	36	local	4	2aa7e8292ae92c3a32e8a582dc8ca62166d88a2efb9b0b06adba0d364ff73246	2aa7e8292ae92c3a32e8a582dc8ca62166d88a2efb9b0b06adba0d364ff73246	2aa7e8292ae92c3a32e8a582dc8ca62166d88a2efb9b0b06adba0d364ff73246	c12d2c3108341350352138b30ae9bd69eef16524b030ce581022ea57b0f6e0e3	linked-historical-reference
0x0016d93c	_Z6OpAAX0v	src/snes9x/native_sa1_opcodes.cpp	44	local	4	1082ffaebd85c40ea070902e5eda14b3bc851226004e972a58b2edf04f648d4a	1082ffaebd85c40ea070902e5eda14b3bc851226004e972a58b2edf04f648d4a	1082ffaebd85c40ea070902e5eda14b3bc851226004e972a58b2edf04f648d4a	cbeae64cbbe342f397ab3667c6de4243b464e16230beeb44f84e58722b4236a6	linked-historical-reference
0x0016d968	_Z6OpA8X1v	src/snes9x/native_sa1_opcodes.cpp	36	local	4	dd4ee0c8ab18fc1e4f01cc223c41b517bfa3403394495431f77b9a22117c2e18	dd4ee0c8ab18fc1e4f01cc223c41b517bfa3403394495431f77b9a22117c2e18	dd4ee0c8ab18fc1e4f01cc223c41b517bfa3403394495431f77b9a22117c2e18	de3c155f3c14c77e8eaed08d10152d06420775ed4171e0ff7d4a411347c871dc	linked-historical-reference
0x0016d98c	_Z6OpA8X0v	src/snes9x/native_sa1_opcodes.cpp	44	local	4	4489854657ff2ccb8b8cf0fcf1b75479a454f1d6fbe988832f0d48c0791ae781	4489854657ff2ccb8b8cf0fcf1b75479a454f1d6fbe988832f0d48c0791ae781	4489854657ff2ccb8b8cf0fcf1b75479a454f1d6fbe988832f0d48c0791ae781	8dad1a408e75d7ad87cb75a23db1a39344c070ea69943efb44acddab19b79257	linked-historical-reference
0x0016d9b8	_Z4Op5Bv	src/snes9x/native_sa1_opcodes.cpp	44	local	4	9e7ba9331e55ba89418fd41a028ed31b01dc949f38ea0351917be62d0a55095c	9e7ba9331e55ba89418fd41a028ed31b01dc949f38ea0351917be62d0a55095c	9e7ba9331e55ba89418fd41a028ed31b01dc949f38ea0351917be62d0a55095c	05062bbe30bde121f85bd607fc2a2e1e3e66b7a2d7df62abc694829b8f60de67	linked-historical-reference
0x0016d9e4	_Z4Op1Bv	src/snes9x/native_sa1_opcodes.cpp	44	local	2	be8cc59d168ea8fa32ad033d9958452a1160f1d56c05890365c3d3304dd96bec	be8cc59d168ea8fa32ad033d9958452a1160f1d56c05890365c3d3304dd96bec	be8cc59d168ea8fa32ad033d9958452a1160f1d56c05890365c3d3304dd96bec	27fa51fe531e29001cf5d8ffa1b0242cac70c58f89c3e21c7e9489ce11d71819	linked-historical-reference
0x0016da10	_Z4Op7Bv	src/snes9x/native_sa1_opcodes.cpp	44	local	4	2580c48292ffbeb93c10dc9f31f9cccd20b44f0b60c659fd1476e94c41600c2e	2580c48292ffbeb93c10dc9f31f9cccd20b44f0b60c659fd1476e94c41600c2e	2580c48292ffbeb93c10dc9f31f9cccd20b44f0b60c659fd1476e94c41600c2e	32cfafa18e089f993e4ef0a173daffc33478be07bb8f6e5af852b03a2a1f34f8	linked-historical-reference
0x0016da3c	_Z4Op3Bv	src/snes9x/native_sa1_opcodes.cpp	44	local	4	928b3ad9b0408ce1594c36f43255dfadea17630d3edf7d7eb6532ae5c060d4e4	928b3ad9b0408ce1594c36f43255dfadea17630d3edf7d7eb6532ae5c060d4e4	928b3ad9b0408ce1594c36f43255dfadea17630d3edf7d7eb6532ae5c060d4e4	98ab203bbe9b3c2ae79f03c838be6fd28277665281d441ff0fb48f587122f723	linked-historical-reference
0x0016da68	_Z6OpBAX1v	src/snes9x/native_sa1_opcodes.cpp	36	local	4	a5162add5fa58ffac9635d3ee2cf19610ea2c48895c06e3248a9a1da9c555685	a5162add5fa58ffac9635d3ee2cf19610ea2c48895c06e3248a9a1da9c555685	a5162add5fa58ffac9635d3ee2cf19610ea2c48895c06e3248a9a1da9c555685	f6017b41159c2dc9ed19a23f237008e26c5d8ad9b99f35b8f6ecf7a4134013c0	linked-historical-reference
0x0016da8c	_Z6OpBAX0v	src/snes9x/native_sa1_opcodes.cpp	44	local	4	42343a2bb63e220ad2c2ff7f557f956429641b84c15fa9eaeb4a4bd02220dd03	42343a2bb63e220ad2c2ff7f557f956429641b84c15fa9eaeb4a4bd02220dd03	42343a2bb63e220ad2c2ff7f557f956429641b84c15fa9eaeb4a4bd02220dd03	b1f248ba497aeec238de37e837149c88a6ed9115e213454c6112ee6967988b1f	linked-historical-reference
0x0016dab8	_Z6Op8AM1v	src/snes9x/native_sa1_opcodes.cpp	36	local	4	490825524600be8ab28e99a94a5d79c2fa4fce7b31278e920f02c9ec69478e90	490825524600be8ab28e99a94a5d79c2fa4fce7b31278e920f02c9ec69478e90	490825524600be8ab28e99a94a5d79c2fa4fce7b31278e920f02c9ec69478e90	82693c0595a4bb3ea62c1d6d29963d149cfbfa59314c6889110bcb71cddcb1d2	linked-historical-reference
0x0016dadc	_Z6Op8AM0v	src/snes9x/native_sa1_opcodes.cpp	44	local	4	4070c29198f7cbfc4dd35918b83605025a851f6dd253c02f3d93ec2b99faa9f0	4070c29198f7cbfc4dd35918b83605025a851f6dd253c02f3d93ec2b99faa9f0	4070c29198f7cbfc4dd35918b83605025a851f6dd253c02f3d93ec2b99faa9f0	b5681dfa5532e086be3db1e0519721c231e111f8e4816e269a916f8b7d7647d4	linked-historical-reference
0x0016db08	_Z4Op9Av	src/snes9x/native_sa1_opcodes.cpp	44	local	2	c7b71a3f417a0e695acc99fa777165b0827f1786c4f9154759289ff6741a8c67	c7b71a3f417a0e695acc99fa777165b0827f1786c4f9154759289ff6741a8c67	c7b71a3f417a0e695acc99fa777165b0827f1786c4f9154759289ff6741a8c67	e52b80b5c0ac2ae4431296948cd3d79b55f844a141d4ed57985ee32b55f96c9b	linked-historical-reference
0x0016db34	_Z6Op9BX1v	src/snes9x/native_sa1_opcodes.cpp	36	local	4	282efe601cd47c46838b33ce5591eeee99989e7ede595960ce16afe3dc53971d	282efe601cd47c46838b33ce5591eeee99989e7ede595960ce16afe3dc53971d	282efe601cd47c46838b33ce5591eeee99989e7ede595960ce16afe3dc53971d	f394f36dcc87e2eebbd4bbb659b720b482106eaaed864e4a13e929787875b8b8	linked-historical-reference
0x0016db58	_Z6Op9BX0v	src/snes9x/native_sa1_opcodes.cpp	44	local	4	5578714b71fc237ec5298f75e993d5207068f0eddf5ac6a5719e875a0205f81f	5578714b71fc237ec5298f75e993d5207068f0eddf5ac6a5719e875a0205f81f	5578714b71fc237ec5298f75e993d5207068f0eddf5ac6a5719e875a0205f81f	96841ccced42b1a05847eed72689140aa02c947f27ec06a2371fe0f6a4e9e698	linked-historical-reference
0x0016db84	_Z6Op98M1v	src/snes9x/native_sa1_opcodes.cpp	36	local	4	49a2cfe26879af408a9db82c0236f27a2810332551a450772c625355e29ff66b	49a2cfe26879af408a9db82c0236f27a2810332551a450772c625355e29ff66b	49a2cfe26879af408a9db82c0236f27a2810332551a450772c625355e29ff66b	d78e753c4d5438181a1f7baae8b5a3683bb7e2275136a92b78930aad7c23b057	linked-historical-reference
0x0016dba8	_Z6Op98M0v	src/snes9x/native_sa1_opcodes.cpp	44	local	4	6825e2cbb8713b9a91022c63d3ce293afc3254da0da33608e2b2c236080a30fc	6825e2cbb8713b9a91022c63d3ce293afc3254da0da33608e2b2c236080a30fc	6825e2cbb8713b9a91022c63d3ce293afc3254da0da33608e2b2c236080a30fc	8276c22ef2586e280e9ae79a071f8f9c5b30954528ea871bd0d43582bb8d6f64	linked-historical-reference
0x0016dbd4	_Z6OpBBX1v	src/snes9x/native_sa1_opcodes.cpp	36	local	4	1cfc7cc20a8fe037adcf1f2b92f8555af2a2e870b89f838d87b5ea1df3eaee6f	1cfc7cc20a8fe037adcf1f2b92f8555af2a2e870b89f838d87b5ea1df3eaee6f	1cfc7cc20a8fe037adcf1f2b92f8555af2a2e870b89f838d87b5ea1df3eaee6f	666feae847775bed172121cc4ce25d082c165a55a9686252e1834f41ac13800d	linked-historical-reference
0x0016dbf8	_Z6OpBBX0v	src/snes9x/native_sa1_opcodes.cpp	44	local	4	a234bbcbb6969dc569d383736c6d2309038c8b3c012fc66825413e82947e2356	a234bbcbb6969dc569d383736c6d2309038c8b3c012fc66825413e82947e2356	a234bbcbb6969dc569d383736c6d2309038c8b3c012fc66825413e82947e2356	c3a409b271cb6e272d12689728fa3dd36105d074b97bd4a739afebc18b0a41cb	linked-historical-reference
0x0016dc24	_Z4OpFBv	src/snes9x/native_sa1_opcodes.cpp	140	local	11	310d67aada8e9acedf612319b206ae5dc5cecc1c9f667a7e00ad43203d0a6ce3	48229fc9ebaac878db21c6948c1d8288f31d9b76e15b1f7c57ca72077c55134d	48229fc9ebaac878db21c6948c1d8288f31d9b76e15b1f7c57ca72077c55134d	d290fcdc9bb5ba399aa1f577f63023648c8ac4d92a3cc42736c6fea0811df5c9	linked-historical-reference
0x0016dcb0	_Z4Op00v	src/snes9x/native_sa1_opcodes.cpp	452	local	19	34498c42195e35d30e7b7e1fcbd34e69c05961e41e9a2c537c9bbda5888ac106	34498c42195e35d30e7b7e1fcbd34e69c05961e41e9a2c537c9bbda5888ac106	34498c42195e35d30e7b7e1fcbd34e69c05961e41e9a2c537c9bbda5888ac106	c6dfb9e0217940f177b4af5796edb98d3cc7b4351bb53579e741241f3bda08ba	linked-historical-reference
0x0016de74	_Z4Op82v	src/snes9x/native_sa1_opcodes.cpp	96	local	6	2663ea250e7dff2c393f20654fae4dd81c7148175241ff49fca08e03dba37ce7	2663ea250e7dff2c393f20654fae4dd81c7148175241ff49fca08e03dba37ce7	2663ea250e7dff2c393f20654fae4dd81c7148175241ff49fca08e03dba37ce7	d6b234b70ab60b3edfba55e0abec6a06d62700cbbcd4ba860e32d9e0739e13a9	linked-historical-reference
0x0016dffc	_Z16S9xSA1Opcode_NMIv	src/snes9x/native_sa1_opcodes.cpp	296	global	15	46644bd0db50ed8dc900ee5dbbcb288803f5a4c6ac17e7a0ae45d96a0830e7a9	46644bd0db50ed8dc900ee5dbbcb288803f5a4c6ac17e7a0ae45d96a0830e7a9	6dd06aa45271602c4cd5bcdc622f353c2ab14b933c6f5f3302e026d0ff3e1b82	f498f8e01c8f299aab6f87c0bf0c222fb30956df20244ac2400f11744505d076	linked-historical-reference
0x0016e124	_Z4Op02v	src/snes9x/native_sa1_opcodes.cpp	452	local	19	8f7889edc805ce507d436034bf8b383ec91922b444141ae42d230d4446bccc0a	8f7889edc805ce507d436034bf8b383ec91922b444141ae42d230d4446bccc0a	8f7889edc805ce507d436034bf8b383ec91922b444141ae42d230d4446bccc0a	010d4e7701275c3340a17816c0248d828d4b4aafdf294650bee89f8c68eaf403	linked-historical-reference
0x0016e2e8	_Z4OpDCv	src/snes9x/native_sa1_opcodes.cpp	188	local	15	9967475c741e3b6e6118b07a91a277db3139990650f5171ade8d6ffba995f7e9	9967475c741e3b6e6118b07a91a277db3139990650f5171ade8d6ffba995f7e9	9967475c741e3b6e6118b07a91a277db3139990650f5171ade8d6ffba995f7e9	3810d26968bd4cdc429db6e4518320f6cf997c0fcdbce6b1d89bd18d8c3551c1	linked-historical-reference
0x0016e3a4	_Z4Op5Cv	src/snes9x/native_sa1_opcodes.cpp	120	local	8	12a7cde23ee3b29ccbfa616782793f3f65b4eb14bc2bffb63b53d0b3b10bb86b	12a7cde23ee3b29ccbfa616782793f3f65b4eb14bc2bffb63b53d0b3b10bb86b	12a7cde23ee3b29ccbfa616782793f3f65b4eb14bc2bffb63b53d0b3b10bb86b	bb5bd097dd15c85ea952a9da8f5b6f9ab7603644ae6fddda853bde616af004ea	linked-historical-reference
0x0016e41c	_Z4Op4Cv	src/snes9x/native_sa1_opcodes.cpp	172	local	7	522009dcd609c362085c234fc900567fb3ea045554bf72f637b9e2af16427dd8	522009dcd609c362085c234fc900567fb3ea045554bf72f637b9e2af16427dd8	a9183adf29aabbe29c34512107c31cc2ae92cb0f86acb1b580e9eb48522df1f1	3bfe23abd6426ca452ef6cac7812331a60ebc3c9873672a32475483d8fa03a61	linked-historical-reference
0x0016e4c8	_Z4Op6Cv	src/snes9x/native_sa1_opcodes.cpp	136	local	10	e1ce0d416c86590e8e5cc4cf8dc6e786a54a30ef76ccd48a690843dfe819a2ba	e1ce0d416c86590e8e5cc4cf8dc6e786a54a30ef76ccd48a690843dfe819a2ba	e1ce0d416c86590e8e5cc4cf8dc6e786a54a30ef76ccd48a690843dfe819a2ba	b27a946c93f2cc724f254a276fee25c0c18086f962c39ed4641538979ee31f32	linked-historical-reference
0x0016e550	_Z4Op7Cv	src/snes9x/native_sa1_opcodes.cpp	144	local	13	045ddb3e58656702ab9638bdcbc9e6b8b6a9fefa5c29a812e90591dea20f2db7	045ddb3e58656702ab9638bdcbc9e6b8b6a9fefa5c29a812e90591dea20f2db7	b84fbed919f899878e65119c715b3a8b5dfd383010a4d1175032dd498ae7c18e	4eb00d838fc3962496ad9fa5ef9a7df13a61f9b0fedee472ae6bc959e6e67345	linked-historical-reference
0x0016e5e0	_Z4Op22v	src/snes9x/native_sa1_opcodes.cpp	260	local	14	4ede81ceca74adad24716bc74aa1f65ae506e62512642d5e8c13793f37fb52cd	4ede81ceca74adad24716bc74aa1f65ae506e62512642d5e8c13793f37fb52cd	4ede81ceca74adad24716bc74aa1f65ae506e62512642d5e8c13793f37fb52cd	4df02ee9d990b6bfd0c89b7ea409b2236a014a7e32da8f64897de426f0475642	linked-historical-reference
0x0016e6e4	_Z4Op6Bv	src/snes9x/native_sa1_opcodes.cpp	116	local	8	4be32b72c2790d44d0acd0d549381258d53c65b09a7d5edd2747aef0c1b7fa12	4be32b72c2790d44d0acd0d549381258d53c65b09a7d5edd2747aef0c1b7fa12	16abb4a7c0b9be92f25f873d5476df31077875081220d4f9cfbdbad621aa0545	d59070ea1e9d23db0054821ad6c373a47ab4f0d9c6ddf04e9bbadc1c2c2dbc1c	linked-historical-reference
0x0016e758	_Z4Op20v	src/snes9x/native_sa1_opcodes.cpp	208	local	10	d1cf26a73af70136e8a7c84caa231e575f00ff3a33d6946dfa8c484f47cd2628	d1cf26a73af70136e8a7c84caa231e575f00ff3a33d6946dfa8c484f47cd2628	d1cf26a73af70136e8a7c84caa231e575f00ff3a33d6946dfa8c484f47cd2628	c02e031bf6c9bf415eba4aa085694a6ed715ed18bc09a3780b1a1b94f4f4f102	linked-historical-reference
0x0016e828	_Z4OpFCv	src/snes9x/native_sa1_opcodes.cpp	232	local	15	02b54cb7158d99427788314880b577d6855947425d0b631776ba0adf64809c3e	02b54cb7158d99427788314880b577d6855947425d0b631776ba0adf64809c3e	02b54cb7158d99427788314880b577d6855947425d0b631776ba0adf64809c3e	0524dd0782a3debf01f1e61fb73700c5299d71edae92666c63937b6a46f1de9e	linked-historical-reference
0x0016e910	_Z4Op60v	src/snes9x/native_sa1_opcodes.cpp	88	local	6	653a51b2daea2b570ca59d985c273147e92d9aef7ee8a9a1c4fd5a5c8a767b7a	653a51b2daea2b570ca59d985c273147e92d9aef7ee8a9a1c4fd5a5c8a767b7a	ca86e03187409ea8511f385890c37f4ea322ec5365014874cf796383a1b4421a	572d04e521cf47fb2c31accd911d3d800c46b774abc04b690629e2ff76f79a60	linked-historical-reference
0x0016e968	_Z6Op54X1v	src/snes9x/native_sa1_opcodes.cpp	196	local	8	ba4b00502edd68bfd794d90decdbb9f1d9f218d340f0a8bfcace95e900e06db8	ba4b00502edd68bfd794d90decdbb9f1d9f218d340f0a8bfcace95e900e06db8	ba4b00502edd68bfd794d90decdbb9f1d9f218d340f0a8bfcace95e900e06db8	377655702696a917469a686c52a2c5cbc35c64ed27994a421fd9682bf87bc83e	linked-historical-reference
0x0016ea2c	_Z6Op54X0v	src/snes9x/native_sa1_opcodes.cpp	196	local	8	6758cc92c05ce5e3f4b0ab0e1bda345bc8997d1ffeb1e513e3f7081c54265a4f	6758cc92c05ce5e3f4b0ab0e1bda345bc8997d1ffeb1e513e3f7081c54265a4f	6758cc92c05ce5e3f4b0ab0e1bda345bc8997d1ffeb1e513e3f7081c54265a4f	ff06fde7602f94292a98fae5d602f4e3e8cd1a272cc3057747e027f480fb6b1a	linked-historical-reference
0x0016eaf0	_Z6Op44X1v	src/snes9x/native_sa1_opcodes.cpp	196	local	8	bab6d275ed23a060059d4e440fbd5f1bf889ba2c556d22fc243d14e764ca160a	bab6d275ed23a060059d4e440fbd5f1bf889ba2c556d22fc243d14e764ca160a	bab6d275ed23a060059d4e440fbd5f1bf889ba2c556d22fc243d14e764ca160a	3be1d034e9a1a40447c7bce9e2ffbef20301a1c8a28815d525aff60df868b851	linked-historical-reference
0x0016ebb4	_Z6Op44X0v	src/snes9x/native_sa1_opcodes.cpp	196	local	8	01c6986bc9f7bc68531bf96fb8e4bf981c02b90359a8895e65baf4ceab1950da	01c6986bc9f7bc68531bf96fb8e4bf981c02b90359a8895e65baf4ceab1950da	01c6986bc9f7bc68531bf96fb8e4bf981c02b90359a8895e65baf4ceab1950da	056c6cca2390af4ac1e955b92e8ac665a76feb077cc072d19e99faa864bbc838	linked-historical-reference
0x0016ec78	_Z4OpC2v	src/snes9x/native_sa1_opcodes.cpp	200	local	9	36bae4b65ea83f226fe346f73b1f477cc8655250ae2774df1dcfec8f7a3e6080	466edfede7d9bf63a79a1651be29ab3c9078ef76f09b3e55fdb54003d17d430f	466edfede7d9bf63a79a1651be29ab3c9078ef76f09b3e55fdb54003d17d430f	5e95234f08215a26d1b14a2ab55edfe73d95770cd6838a6417d7514c7b66492e	linked-historical-reference
0x0016ed40	_Z4OpE2v	src/snes9x/native_sa1_opcodes.cpp	200	local	9	5af87c0f6ca13ddc582d256876d11c4147aefc9f2c897f5452c49efc82af214d	c11f4a7eb9fdcac8165ef8804bc2278179acd4cab94240f4ddeb4af150a613e2	c11f4a7eb9fdcac8165ef8804bc2278179acd4cab94240f4ddeb4af150a613e2	95350f02e888104bc7f1f94eadbcf53e2ea9f13c47be04545e7e506b1271deab	linked-historical-reference
0x0016ee08	_Z4OpEBv	src/snes9x/native_sa1_opcodes.cpp	52	local	6	a0229ebf8549a45535348c26eb0e6598fcc714bc6e07129a7b50fed363e4b66a	a0229ebf8549a45535348c26eb0e6598fcc714bc6e07129a7b50fed363e4b66a	a0229ebf8549a45535348c26eb0e6598fcc714bc6e07129a7b50fed363e4b66a	54e1655dd5503535c0645998c9c4b2afc65b9701786603afbd9ed94be1898094	linked-historical-reference
0x0016ee3c	_Z4Op40v	src/snes9x/native_sa1_opcodes.cpp	280	local	16	e35d983f24d65039110092d9a6cab3811f12e79c1e598e8dfcf5fbe3fa38dc9a	e0f3aa2ec9f1b96a1e656b82ee887da131af683c44495cc1fb6b547862b9ee45	b52607683e3858f56b9f77aa99e5ee7ef7c88996d543bae5761455f2b458f9b8	0a741a9b1f10ca4557e1682953df047f8e35d5e95cfc4ee3234048e756a113b7	linked-historical-reference
0x0016ef54	_Z4OpCBv	src/snes9x/native_sa1_opcodes.cpp	32	local	2	eeec0aa587a5f50e15b83276d2a939853d2afabcc91769c22b857d0527792ef8	eeec0aa587a5f50e15b83276d2a939853d2afabcc91769c22b857d0527792ef8	eeec0aa587a5f50e15b83276d2a939853d2afabcc91769c22b857d0527792ef8	ba087bfd88240511d5d6eddb78b45fd708e639ecfed489db20c84f63ae04c752	linked-historical-reference
0x0016ef74	_Z4OpDBv	src/snes9x/native_sa1_opcodes.cpp	36	local	2	0a796ce13dacb2490a4638c65e2b18de4e8c31099f5b936d4902c4b0662dd8d6	0a796ce13dacb2490a4638c65e2b18de4e8c31099f5b936d4902c4b0662dd8d6	0a796ce13dacb2490a4638c65e2b18de4e8c31099f5b936d4902c4b0662dd8d6	8656576398773df45b49793872eb161dc8abc6b7bf6b36fed7fbf6ca0a4ca953	linked-historical-reference
0x0016ef98	_Z4Op42v	src/snes9x/native_sa1_opcodes.cpp	8	local	0	6d64edf91449c1b17746c1ef18afa2eb25c70bdf1322ab3df5a2630993b7e2f1	6d64edf91449c1b17746c1ef18afa2eb25c70bdf1322ab3df5a2630993b7e2f1	6d64edf91449c1b17746c1ef18afa2eb25c70bdf1322ab3df5a2630993b7e2f1	6d64edf91449c1b17746c1ef18afa2eb25c70bdf1322ab3df5a2630993b7e2f1	linked-historical-reference
0x0016f0a0	_Z15S9xSA1FixCyclesv	src/snes9x/native_sa1_opcodes.cpp	108	local	13	4c03cc84bd77711916e171d73525e393e4be08d5e19ae3802350bfe5c6da9298	4c03cc84bd77711916e171d73525e393e4be08d5e19ae3802350bfe5c6da9298	4c03cc84bd77711916e171d73525e393e4be08d5e19ae3802350bfe5c6da9298	b7a708bdfd25b13ecebc6090fe0cf036ba4c7a65a73c68ed210371033631fd66	linked-historical-reference
0x0016f10c	_Z4ADC8v	src/snes9x/native_sa1_opcodes.cpp	464	local	49	be3a7356a37430d952286ed98f0dbf1b67717c269a9c9de40ca6b826c6a8c9c8	be3a7356a37430d952286ed98f0dbf1b67717c269a9c9de40ca6b826c6a8c9c8	92bacc16a7e7f55ecd68486e77c0d87baebda7546a85cd28d03b10eb0d9ef648	bdff71125fec2418f5e2d1ada663c15a67940619f77a1504efc323da67e7b93c	linked-historical-reference
0x0016f2dc	_Z5ADC16v	src/snes9x/native_sa1_opcodes.cpp	676	local	74	19c1db594a6e9c66c029f1e4cd3e6a82a9c4a8d32140868c49a590f66a29d4d4	19c1db594a6e9c66c029f1e4cd3e6a82a9c4a8d32140868c49a590f66a29d4d4	6e2c9820ae01f3a6a79f2dc7b343c02d77cbf19cd1d52ca176406e65d9532cdd	a8e91f3dab6f5a29d5bf5ab2ea673a1a1bf98497dc4e5d79d7a87cd5e4b297d6	linked-historical-reference
0x0016f580	_Z5SBC16v	src/snes9x/native_sa1_opcodes.cpp	632	local	70	3001de60d735e464105fa6d2893e548b119e866be2ec89133b880ae378d79ff7	3001de60d735e464105fa6d2893e548b119e866be2ec89133b880ae378d79ff7	06dfd4d1ebb8377c566bbe2d3807d942711cf79a61ce24abccdf1919c571ba9b	6c8c5c34e158f47dd6c650b1b4dc4cb31326f2251f35ad542b67d8a033e1f0ab	linked-historical-reference
0x0016f7f8	_Z4SBC8v	src/snes9x/native_sa1_opcodes.cpp	440	local	47	7dbdc9d62043e7260eec94d53a3bc2630efc272996d25490299355535eb53dee	7dbdc9d62043e7260eec94d53a3bc2630efc272996d25490299355535eb53dee	5abd8234b698850bd9009e3ed57a123fda31f846df3a91cf62a6892370a848f5	0cf5a387fd161cb7ba30641e8860111569b2fe41586201cf89945a72587f77cc	linked-historical-reference
