address,name,area,manifest_status,source_form,explicit_src_reference,source_files,matching_status
0x00100008,_start,startup,RECONSTRUCTED,BEHAVIORAL_SOURCE_MODEL,yes,src/ps2/progress28_structural_lift_recovered.c,UNPROVEN
0x001000e0,snes_p17_001000e0,frontend-core,RECONSTRUCTED,BEHAVIORAL_SOURCE_MODEL,yes,src/ps2/progress28_structural_lift_recovered.c,UNPROVEN
0x00100114,snes_p17_00100114,frontend-core,RECONSTRUCTED,BEHAVIORAL_SOURCE_MODEL,yes,src/ps2/progress28_structural_lift_recovered.c,UNPROVEN
0x0010038c,snes_p16_0010038c,frontend-core,RECONSTRUCTED,BEHAVIORAL_SOURCE_MODEL,yes,src/ps2/progress28_structural_lift_recovered.c,UNPROVEN
0x001005b0,snes_p11_001005b0,frontend,RECONSTRUCTED,BEHAVIORAL_SOURCE_MODEL,yes,src/ps2/progress11_frontend_recovered.c;src/ps2/progress28_structural_lift_recovered.c,UNPROVEN
0x001005ec,snes_p16_001005ec,frontend-core,RECONSTRUCTED,BEHAVIORAL_SOURCE_MODEL,yes,src/ps2/progress28_structural_lift_recovered.c,UNPROVEN
0x001008dc,snes_p16_001008dc,frontend-core,RECONSTRUCTED,BEHAVIORAL_SOURCE_MODEL,yes,src/ps2/progress28_structural_lift_recovered.c,UNPROVEN
0x00100e78,snes_p16_00100e78,frontend-core,RECONSTRUCTED,BEHAVIORAL_SOURCE_MODEL,yes,src/ps2/progress28_structural_lift_recovered.c,UNPROVEN
0x00101814,snes_leaf_00101814,address-leaf,RECONSTRUCTED,BEHAVIORAL_SOURCE_MODEL,yes,src/ps2/address_leaf_recovered.c,UNPROVEN
0x00101858,snes_leaf_00101858,address-leaf,RECONSTRUCTED,BEHAVIORAL_SOURCE_MODEL,yes,src/ps2/address_leaf_recovered.c;src/ps2/progress28_structural_lift_recovered.c,UNPROVEN
0x00101860,snes_leaf_00101860,address-leaf,RECONSTRUCTED,BEHAVIORAL_SOURCE_MODEL,yes,src/ps2/address_leaf_recovered.c;src/ps2/progress11_frontend_recovered.c;src/ps2/progress28_structural_lift_recovered.c,UNPROVEN
0x00101878,snes_leaf_00101878,address-leaf,RECONSTRUCTED,BEHAVIORAL_SOURCE_MODEL,yes,src/ps2/address_leaf_recovered.c;src/ps2/progress28_structural_lift_recovered.c,UNPROVEN
0x00101880,snes_leaf_00101880,address-leaf,RECONSTRUCTED,BEHAVIORAL_SOURCE_MODEL,yes,src/ps2/address_leaf_recovered.c;src/ps2/progress28_structural_lift_recovered.c,UNPROVEN
0x00101888,snes_leaf_00101888,address-leaf,RECONSTRUCTED,BEHAVIORAL_SOURCE_MODEL,yes,src/ps2/address_leaf_recovered.c;src/ps2/progress28_structural_lift_recovered.c,UNPROVEN
0x00101890,snes_dispatch_00101890,dispatch-leaf,RECONSTRUCTED,BEHAVIORAL_SOURCE_MODEL,yes,src/ps2/small_dispatch_recovered.c,UNPROVEN
0x001018e0,snes_dispatch_001018e0,dispatch-leaf,RECONSTRUCTED,BEHAVIORAL_SOURCE_MODEL,yes,src/ps2/small_dispatch_recovered.c,UNPROVEN
0x001018fc,snes_leaf_001018fc,address-leaf,RECONSTRUCTED,BEHAVIORAL_SOURCE_MODEL,yes,src/ps2/address_leaf_recovered.c;src/ps2/progress28_structural_lift_recovered.c,UNPROVEN
0x00101904,snes_leaf_00101904,address-leaf,RECONSTRUCTED,BEHAVIORAL_SOURCE_MODEL,yes,src/ps2/address_leaf_recovered.c;src/ps2/progress28_structural_lift_recovered.c,UNPROVEN
0x0010190c,snes_leaf_0010190c,address-leaf,RECONSTRUCTED,BEHAVIORAL_SOURCE_MODEL,yes,src/ps2/address_leaf_recovered.c;src/ps2/progress28_structural_lift_recovered.c,UNPROVEN
0x00101914,snes_leaf_00101914,address-leaf,RECONSTRUCTED,BEHAVIORAL_SOURCE_MODEL,yes,src/ps2/address_leaf_recovered.c;src/ps2/progress28_structural_lift_recovered.c,UNPROVEN
0x0010191c,snes_leaf_0010191c,address-leaf,RECONSTRUCTED,BEHAVIORAL_SOURCE_MODEL,yes,src/ps2/address_leaf_recovered.c;src/ps2/progress28_structural_lift_recovered.c,UNPROVEN
0x00101924,snes_p13_path_wrapper_00101924,frontend,RECONSTRUCTED,BEHAVIORAL_SOURCE_MODEL,yes,src/ps2/progress28_structural_lift_recovered.c;src/snes9x/progress13_frontend_more_recovered.c,UNPROVEN
0x001019a0,snes_leaf_001019a0,address-leaf,RECONSTRUCTED,BEHAVIORAL_SOURCE_MODEL,yes,src/ps2/address_leaf_recovered.c;src/ps2/progress28_structural_lift_recovered.c,UNPROVEN
0x001019a8,snes_p16_001019a8,frontend-core,RECONSTRUCTED,BEHAVIORAL_SOURCE_MODEL,yes,src/ps2/progress22_more_small_helpers_recovered.c;src/ps2/progress25_small_core_helpers_recovered.c;src/ps2/progress28_structural_lift_recovered.c,UNPROVEN
0x00101b04,snes_p11_00101b04,gslib,RECONSTRUCTED,BEHAVIORAL_SOURCE_MODEL,yes,src/ps2/progress11_frontend_recovered.c;src/ps2/progress28_structural_lift_recovered.c,UNPROVEN
0x00101b64,snes_p16_00101b64,frontend-core,RECONSTRUCTED,BEHAVIORAL_SOURCE_MODEL,yes,src/ps2/progress22_more_small_helpers_recovered.c;src/ps2/progress25_small_core_helpers_recovered.c;src/ps2/progress28_structural_lift_recovered.c,UNPROVEN
0x00101e8c,snes_p16_00101e8c,frontend-core,RECONSTRUCTED,BEHAVIORAL_SOURCE_MODEL,yes,src/ps2/progress11_frontend_recovered.c;src/ps2/progress22_more_small_helpers_recovered.c;src/ps2/progress28_structural_lift_recovered.c,UNPROVEN
0x00101ef0,snes_p16_00101ef0,frontend-core,RECONSTRUCTED,BEHAVIORAL_SOURCE_MODEL,yes,src/app/main_flow_recovered.c;src/ps2/progress28_structural_lift_recovered.c,UNPROVEN
0x001029c4,snes_p16_001029c4,frontend-core,RECONSTRUCTED,BEHAVIORAL_SOURCE_MODEL,yes,src/ps2/progress28_structural_lift_recovered.c,UNPROVEN
0x00102ab0,top_level_gui,frontend,RECONSTRUCTED,BEHAVIORAL_SOURCE_MODEL,yes,src/app/main_flow_recovered.c;src/ps2/progress28_structural_lift_recovered.c,UNPROVEN
0x00103314,snes_p16_00103314,frontend-core,RECONSTRUCTED,BEHAVIORAL_SOURCE_MODEL,yes,src/ps2/progress28_structural_lift_recovered.c,UNPROVEN
0x00103b34,snes_p16_00103b34,frontend-core,RECONSTRUCTED,BEHAVIORAL_SOURCE_MODEL,yes,src/ps2/progress22_more_small_helpers_recovered.c;src/ps2/progress28_structural_lift_recovered.c,UNPROVEN
0x00103c7c,snes_dispatch_00103c7c,dispatch-leaf,RECONSTRUCTED,BEHAVIORAL_SOURCE_MODEL,yes,src/ps2/progress28_structural_lift_recovered.c;src/ps2/small_dispatch_recovered.c,UNPROVEN
0x00103cb0,snes_leaf_00103cb0,address-leaf,RECONSTRUCTED,BEHAVIORAL_SOURCE_MODEL,yes,src/ps2/address_leaf_recovered.c;src/ps2/progress28_structural_lift_recovered.c,UNPROVEN
0x00103cd4,snes_p16_00103cd4,frontend-core,RECONSTRUCTED,BEHAVIORAL_SOURCE_MODEL,yes,src/ps2/progress21_small_helpers_recovered.c;src/ps2/progress28_structural_lift_recovered.c,UNPROVEN
0x00103d90,snes_p12_00103d90,frontend-path,RECONSTRUCTED,BEHAVIORAL_SOURCE_MODEL,yes,src/ps2/progress12_io_state_recovered.c;src/ps2/progress28_structural_lift_recovered.c,UNPROVEN
0x00103dd4,snes_p16_00103dd4,frontend-core,RECONSTRUCTED,BEHAVIORAL_SOURCE_MODEL,yes,src/ps2/progress28_structural_lift_recovered.c,UNPROVEN
0x001041c0,snes_leaf_001041c0,address-leaf,RECONSTRUCTED,BEHAVIORAL_SOURCE_MODEL,yes,src/ps2/address_leaf_recovered.c,UNPROVEN
0x0010421c,snes_leaf_0010421c,address-leaf,RECONSTRUCTED,BEHAVIORAL_SOURCE_MODEL,yes,src/ps2/address_leaf_recovered.c;src/ps2/progress28_structural_lift_recovered.c,UNPROVEN
0x00104234,snes_p16_00104234,frontend-core,RECONSTRUCTED,BEHAVIORAL_SOURCE_MODEL,yes,src/ps2/progress22_more_small_helpers_recovered.c;src/ps2/progress28_structural_lift_recovered.c,UNPROVEN
0x00104358,snes_p11_00104358,frontend,RECONSTRUCTED,BEHAVIORAL_SOURCE_MODEL,yes,src/ps2/progress11_frontend_recovered.c;src/ps2/progress28_structural_lift_recovered.c,UNPROVEN
0x00104418,snes_p16_00104418,frontend-core,RECONSTRUCTED,BEHAVIORAL_SOURCE_MODEL,yes,src/ps2/progress28_structural_lift_recovered.c,UNPROVEN
0x00104998,mtapInit_00104998,multitap,RECONSTRUCTED,BEHAVIORAL_SOURCE_MODEL,yes,src/ps2/libmtap_recovered.c,UNPROVEN
0x001049f0,mtapPortOpen_001049f0,multitap,RECONSTRUCTED,BEHAVIORAL_SOURCE_MODEL,yes,src/ps2/libmtap_recovered.c,UNPROVEN
0x00104a54,mtapPortClose_00104a54,multitap,RECONSTRUCTED,BEHAVIORAL_SOURCE_MODEL,yes,src/app/main_flow_recovered.c;src/ps2/libmtap_recovered.c;src/ps2/progress28_structural_lift_recovered.c,UNPROVEN
0x00104bbc,mtapGetConnection_00104bbc,multitap,RECONSTRUCTED,BEHAVIORAL_SOURCE_MODEL,yes,src/ps2/libmtap_recovered.c;src/ps2/progress28_structural_lift_recovered.c,UNPROVEN
0x00104e48,snes_leaf_00104e48,address-leaf,RECONSTRUCTED,BEHAVIORAL_SOURCE_MODEL,yes,src/ps2/address_leaf_recovered.c;src/ps2/progress28_structural_lift_recovered.c,UNPROVEN
0x00104e50,snes_leaf_00104e50,address-leaf,RECONSTRUCTED,BEHAVIORAL_SOURCE_MODEL,yes,src/ps2/address_leaf_recovered.c;src/ps2/progress28_structural_lift_recovered.c,UNPROVEN
0x00104e58,mtapChangeSlot_00104e58,multitap,RECONSTRUCTED,BEHAVIORAL_SOURCE_MODEL,yes,src/app/main_flow_recovered.c;src/ps2/libmtap_recovered.c;src/ps2/progress28_structural_lift_recovered.c,UNPROVEN
0x00104e7c,loadModuleBuffer,ps2,RECONSTRUCTED,BEHAVIORAL_SOURCE_MODEL,yes,src/app/main_bootstrap.c;src/ps2/load_module_buffer.c;src/ps2/progress28_structural_lift_recovered.c,UNPROVEN
0x00104f18,main,frontend,RECONSTRUCTED,BEHAVIORAL_SOURCE_MODEL,yes,src/app/main_bootstrap.c;src/ps2/progress28_structural_lift_recovered.c,UNPROVEN
0x001056b0,snes_leaf_001056b0,address-leaf,RECONSTRUCTED,BEHAVIORAL_SOURCE_MODEL,yes,src/ps2/address_leaf_recovered.c;src/ps2/progress28_structural_lift_recovered.c,UNPROVEN
0x001056b8,snes_leaf_001056b8,address-leaf,RECONSTRUCTED,BEHAVIORAL_SOURCE_MODEL,yes,src/ps2/address_leaf_recovered.c;src/ps2/progress28_structural_lift_recovered.c,UNPROVEN
0x001056c0,snes_dispatch_001056c0,dispatch-leaf,RECONSTRUCTED,BEHAVIORAL_SOURCE_MODEL,yes,src/ps2/progress28_structural_lift_recovered.c;src/ps2/small_dispatch_recovered.c,UNPROVEN
0x00105718,snes_dispatch_00105718,dispatch-leaf,RECONSTRUCTED,BEHAVIORAL_SOURCE_MODEL,yes,src/ps2/progress28_structural_lift_recovered.c;src/ps2/small_dispatch_recovered.c,UNPROVEN
0x00105750,build_sram_path_00105750,frontend,RECONSTRUCTED,BEHAVIORAL_SOURCE_MODEL,yes,src/app/main_flow_recovered.c;src/ps2/path_helpers_recovered.c;src/ps2/progress28_structural_lift_recovered.c,UNPROVEN
0x001057fc,snes_p16_001057fc,frontend-core,RECONSTRUCTED,BEHAVIORAL_SOURCE_MODEL,yes,src/ps2/path_helpers_recovered.c;src/ps2/progress28_structural_lift_recovered.c,UNPROVEN
0x00105898,snes_p16_00105898,frontend-core,RECONSTRUCTED,BEHAVIORAL_SOURCE_MODEL,yes,src/ps2/path_helpers_recovered.c;src/ps2/progress28_structural_lift_recovered.c,UNPROVEN
0x001059cc,snes_p16_001059cc,frontend-core,RECONSTRUCTED,BEHAVIORAL_SOURCE_MODEL,yes,src/ps2/path_helpers_recovered.c;src/ps2/progress28_structural_lift_recovered.c,UNPROVEN
0x00105ae8,snes_p16_00105ae8,frontend-core,RECONSTRUCTED,BEHAVIORAL_SOURCE_MODEL,yes,src/ps2/path_helpers_recovered.c;src/ps2/progress28_structural_lift_recovered.c,UNPROVEN
0x00105cb8,snes_p11_00105cb8,audio,RECONSTRUCTED,BEHAVIORAL_SOURCE_MODEL,yes,src/ps2/progress11_frontend_recovered.c,UNPROVEN
0x00105d30,snes_dispatch_00105d30,dispatch-leaf,RECONSTRUCTED,BEHAVIORAL_SOURCE_MODEL,yes,src/ps2/progress28_structural_lift_recovered.c;src/ps2/small_dispatch_recovered.c,UNPROVEN
0x00105d78,snes_dispatch_00105d78,dispatch-leaf,RECONSTRUCTED,BEHAVIORAL_SOURCE_MODEL,yes,src/app/main_flow_recovered.c;src/ps2/progress28_structural_lift_recovered.c;src/ps2/small_dispatch_recovered.c,UNPROVEN
0x00105e04,snes_dispatch_00105e04,dispatch-leaf,RECONSTRUCTED,BEHAVIORAL_SOURCE_MODEL,yes,src/ps2/progress28_structural_lift_recovered.c;src/ps2/small_dispatch_recovered.c,UNPROVEN
0x00105e48,snes_p17_00105e48,frontend-core,RECONSTRUCTED,BEHAVIORAL_SOURCE_MODEL,yes,src/ps2/progress28_structural_lift_recovered.c,UNPROVEN
0x00106054,snes_p11_00106054,frontend,RECONSTRUCTED,BEHAVIORAL_SOURCE_MODEL,yes,src/app/main_flow_recovered.c;src/ps2/progress11_frontend_recovered.c;src/ps2/progress28_structural_lift_recovered.c,UNPROVEN
0x001060dc,snes_p16_001060dc,frontend-core,RECONSTRUCTED,BEHAVIORAL_SOURCE_MODEL,yes,src/app/main_flow_recovered.c;src/ps2/progress28_structural_lift_recovered.c,UNPROVEN
0x001064c0,snes_p16_001064c0,frontend-core,RECONSTRUCTED,BEHAVIORAL_SOURCE_MODEL,yes,src/ps2/progress28_structural_lift_recovered.c,UNPROVEN
0x00106824,snes_p12_00106824,memory-card,RECONSTRUCTED,BEHAVIORAL_SOURCE_MODEL,yes,src/app/main_flow_recovered.c;src/ps2/progress12_io_state_recovered.c;src/ps2/progress28_structural_lift_recovered.c,UNPROVEN
0x0010689c,snes_p16_0010689c,frontend-core,RECONSTRUCTED,BEHAVIORAL_SOURCE_MODEL,yes,src/app/main_flow_recovered.c;src/ps2/progress28_structural_lift_recovered.c,UNPROVEN
0x00106bcc,SjPCM_Init_00106bcc,audio-rpc,RECONSTRUCTED,BEHAVIORAL_SOURCE_MODEL,yes,src/ps2/audio_rpc_recovered.c;src/ps2/progress28_structural_lift_recovered.c,UNPROVEN
0x00106c08,snes_p16_00106c08,frontend-core,RECONSTRUCTED,BEHAVIORAL_SOURCE_MODEL,yes,src/ps2/progress21_small_helpers_recovered.c;src/ps2/progress28_structural_lift_recovered.c,UNPROVEN
0x00106ca0,snes_p16_00106ca0,frontend-core,RECONSTRUCTED,BEHAVIORAL_SOURCE_MODEL,yes,src/ps2/progress28_structural_lift_recovered.c,UNPROVEN
0x00107358,snes_p16_00107358,frontend-core,RECONSTRUCTED,BEHAVIORAL_SOURCE_MODEL,yes,src/ps2/progress28_structural_lift_recovered.c,UNPROVEN
0x00107578,snes_fatal_spin_00107578,libc,RECONSTRUCTED,BEHAVIORAL_SOURCE_MODEL,yes,src/ps2/libc_misc_recovered.c;src/ps2/progress28_structural_lift_recovered.c,UNPROVEN
0x0010768c,snes_p11_0010768c,audio-rpc,RECONSTRUCTED,BEHAVIORAL_SOURCE_MODEL,yes,src/ps2/progress11_frontend_recovered.c;src/ps2/progress28_structural_lift_recovered.c,UNPROVEN
0x001076e4,snes_p11_001076e4,audio-rpc,RECONSTRUCTED,BEHAVIORAL_SOURCE_MODEL,yes,src/ps2/progress11_frontend_recovered.c;src/ps2/progress28_structural_lift_recovered.c,UNPROVEN
0x0010773c,snes_p11_0010773c,audio-rpc,RECONSTRUCTED,BEHAVIORAL_SOURCE_MODEL,yes,src/ps2/progress11_frontend_recovered.c;src/ps2/progress28_structural_lift_recovered.c,UNPROVEN
0x001077f8,SjPCM_Quit_001077f8,audio-rpc,RECONSTRUCTED,BEHAVIORAL_SOURCE_MODEL,yes,src/ps2/audio_rpc_recovered.c,UNPROVEN
0x001078f8,SjPCM_Setvol_001078f8,audio-rpc,RECONSTRUCTED,BEHAVIORAL_SOURCE_MODEL,yes,src/ps2/audio_rpc_recovered.c,UNPROVEN
0x00107b1c,amigaModInit_00107b1c,audio-rpc,RECONSTRUCTED,BEHAVIORAL_SOURCE_MODEL,yes,src/ps2/audio_rpc_recovered.c,UNPROVEN
0x00107b7c,amigaModPause_00107b7c,audio-rpc,RECONSTRUCTED,BEHAVIORAL_SOURCE_MODEL,yes,src/ps2/audio_rpc_recovered.c,UNPROVEN
0x00107c64,amigaModLoad_00107c64,audio-rpc,RECONSTRUCTED,BEHAVIORAL_SOURCE_MODEL,yes,src/ps2/audio_rpc_recovered.c,UNPROVEN
0x00107d44,amigaModPlay_00107d44,audio-rpc,RECONSTRUCTED,BEHAVIORAL_SOURCE_MODEL,yes,src/ps2/audio_rpc_recovered.c,UNPROVEN
0x00107db4,amigaModSetVolume_00107db4,audio-rpc,RECONSTRUCTED,BEHAVIORAL_SOURCE_MODEL,yes,src/ps2/audio_rpc_recovered.c,UNPROVEN
0x00107e14,amigaModGetPosition_00107e14,audio-rpc,RECONSTRUCTED,BEHAVIORAL_SOURCE_MODEL,yes,src/ps2/audio_rpc_recovered.c,UNPROVEN
0x00107f18,amigaModQuit_00107f18,audio-rpc,RECONSTRUCTED,BEHAVIORAL_SOURCE_MODEL,yes,src/ps2/audio_rpc_recovered.c,UNPROVEN
0x001080cc,snes_qsort_001080cc,libc,RECONSTRUCTED,BEHAVIORAL_SOURCE_MODEL,yes,src/ps2/libc_misc_recovered.c;src/ps2/progress28_structural_lift_recovered.c,UNPROVEN
0x00108a34,snes_rand_00108a34,libc,RECONSTRUCTED,BEHAVIORAL_SOURCE_MODEL,yes,src/ps2/libc_misc_recovered.c;src/ps2/progress28_structural_lift_recovered.c,UNPROVEN
0x00108a9c,snes_p16_00108a9c,frontend-core,RECONSTRUCTED,BEHAVIORAL_SOURCE_MODEL,yes,src/ps2/progress28_structural_lift_recovered.c,UNPROVEN
0x00108bfc,snes_p11_00108bfc,ps2-rpc,RECONSTRUCTED,BEHAVIORAL_SOURCE_MODEL,yes,src/ps2/progress11_frontend_recovered.c,UNPROVEN
0x00108ce4,snes_p11_00108ce4,ps2-rpc,RECONSTRUCTED,BEHAVIORAL_SOURCE_MODEL,yes,src/ps2/progress11_frontend_recovered.c;src/ps2/progress28_structural_lift_recovered.c,UNPROVEN
0x0010a18c,snes_p13_color_blend_0010a18c,renderer,RECONSTRUCTED,BEHAVIORAL_SOURCE_MODEL,yes,src/snes9x/progress13_runtime_more_recovered.c,UNPROVEN
0x0010a264,snes_p16_0010a264,frontend-core,RECONSTRUCTED,BEHAVIORAL_SOURCE_MODEL,yes,src/ps2/progress24_core_helpers_recovered.c,UNPROVEN
0x0010a768,snes_leaf_0010a768,address-leaf,RECONSTRUCTED,BEHAVIORAL_SOURCE_MODEL,yes,src/ps2/address_leaf_recovered.c,UNPROVEN
0x0010a7ac,snes_leaf_0010a7ac,address-leaf,RECONSTRUCTED,BEHAVIORAL_SOURCE_MODEL,yes,src/ps2/address_leaf_recovered.c,UNPROVEN
0x0010a7fc,snes_leaf_0010a7fc,address-leaf,RECONSTRUCTED,BEHAVIORAL_SOURCE_MODEL,yes,src/ps2/address_leaf_recovered.c,UNPROVEN
0x0010a840,apu_buffer_allocator,audio,RECONSTRUCTED,BEHAVIORAL_SOURCE_MODEL,yes,src/app/main_flow_recovered.c;src/ps2/progress28_structural_lift_recovered.c;src/snes9x/apu_alloc_recovered.c,UNPROVEN
0x0010a8bc,snes_p11_0010a8bc,frontend,RECONSTRUCTED,BEHAVIORAL_SOURCE_MODEL,yes,src/ps2/progress11_frontend_recovered.c;src/snes9x/apu_alloc_recovered.c,UNPROVEN
0x0010a934,snes_p16_0010a934,frontend-core,RECONSTRUCTED,BEHAVIORAL_SOURCE_MODEL,yes,src/ps2/progress24_core_helpers_recovered.c;src/ps2/progress28_structural_lift_recovered.c,UNPROVEN
0x0010ad48,snes_p16_0010ad48,frontend-core,RECONSTRUCTED,BEHAVIORAL_SOURCE_MODEL,yes,src/ps2/progress28_structural_lift_recovered.c,UNPROVEN
0x0010b370,snes_p16_0010b370,frontend-core,RECONSTRUCTED,BEHAVIORAL_SOURCE_MODEL,yes,src/ps2/progress28_structural_lift_recovered.c,UNPROVEN
0x0010b564,snes_p16_0010b564,frontend-core,RECONSTRUCTED,BEHAVIORAL_SOURCE_MODEL,yes,src/ps2/progress28_structural_lift_recovered.c,UNPROVEN
0x0010b72c,snes_p13_apu_io_write_0010b72c,audio,RECONSTRUCTED,BEHAVIORAL_SOURCE_MODEL,yes,src/ps2/progress28_structural_lift_recovered.c;src/snes9x/progress13_core_helpers_recovered.c,UNPROVEN
0x0010b7f8,snes_p16_0010b7f8,frontend-core,RECONSTRUCTED,BEHAVIORAL_SOURCE_MODEL,yes,src/ps2/progress24_core_helpers_recovered.c,UNPROVEN
0x0010b8a4,snes_p17_0010b8a4,frontend-core,RECONSTRUCTED,BEHAVIORAL_SOURCE_MODEL,yes,src/ps2/progress28_structural_lift_recovered.c,UNPROVEN
0x0010bbcc,snes_p17_0010bbcc,frontend-core,RECONSTRUCTED,BEHAVIORAL_SOURCE_MODEL,yes,src/ps2/progress28_structural_lift_recovered.c,UNPROVEN
0x0010becc,snes_p17_0010becc,frontend-core,RECONSTRUCTED,BEHAVIORAL_SOURCE_MODEL,yes,src/ps2/progress28_structural_lift_recovered.c,UNPROVEN
0x0010c094,snes_p16_0010c094,frontend-core,RECONSTRUCTED,BEHAVIORAL_SOURCE_MODEL,yes,src/ps2/progress28_structural_lift_recovered.c,UNPROVEN
0x0010c1f8,snes_p16_0010c1f8,frontend-core,RECONSTRUCTED,BEHAVIORAL_SOURCE_MODEL,yes,src/ps2/progress28_structural_lift_recovered.c,UNPROVEN
0x0010c300,snes_dispatch_0010c300,dispatch-leaf,RECONSTRUCTED,BEHAVIORAL_SOURCE_MODEL,yes,src/ps2/progress24_core_helpers_recovered.c;src/ps2/small_dispatch_recovered.c,UNPROVEN
0x0010c328,snes_dispatch_0010c328,dispatch-leaf,RECONSTRUCTED,BEHAVIORAL_SOURCE_MODEL,yes,src/ps2/small_dispatch_recovered.c,UNPROVEN
0x0010c340,snes_p16_0010c340,frontend-core,RECONSTRUCTED,BEHAVIORAL_SOURCE_MODEL,yes,src/ps2/progress28_structural_lift_recovered.c,UNPROVEN
0x0010c6f8,snes_p16_0010c6f8,frontend-core,RECONSTRUCTED,BEHAVIORAL_SOURCE_MODEL,yes,src/ps2/progress28_structural_lift_recovered.c,UNPROVEN
0x0010cbb0,snes_p17_0010cbb0,frontend-core,RECONSTRUCTED,BEHAVIORAL_SOURCE_MODEL,yes,src/ps2/progress28_structural_lift_recovered.c,UNPROVEN
0x0010cdcc,snes_p17_0010cdcc,frontend-core,RECONSTRUCTED,BEHAVIORAL_SOURCE_MODEL,yes,src/ps2/progress28_structural_lift_recovered.c,UNPROVEN
0x0010cfa4,snes_p17_0010cfa4,frontend-core,RECONSTRUCTED,BEHAVIORAL_SOURCE_MODEL,yes,src/ps2/progress28_structural_lift_recovered.c,UNPROVEN
0x0010d2a8,snes_p16_0010d2a8,frontend-core,RECONSTRUCTED,BEHAVIORAL_SOURCE_MODEL,yes,src/ps2/progress28_structural_lift_recovered.c,UNPROVEN
0x0010d4f0,snes_p16_0010d4f0,frontend-core,RECONSTRUCTED,BEHAVIORAL_SOURCE_MODEL,yes,src/ps2/progress28_structural_lift_recovered.c,UNPROVEN
0x0010d734,snes_p16_0010d734,frontend-core,RECONSTRUCTED,BEHAVIORAL_SOURCE_MODEL,yes,src/ps2/progress28_structural_lift_recovered.c,UNPROVEN
0x0010d7dc,snes_p17_0010d7dc,frontend-core,RECONSTRUCTED,BEHAVIORAL_SOURCE_MODEL,yes,src/ps2/progress28_structural_lift_recovered.c,UNPROVEN
0x0010e33c,snes_leaf_0010e33c,address-leaf,RECONSTRUCTED,BEHAVIORAL_SOURCE_MODEL,yes,src/ps2/address_leaf_recovered.c,UNPROVEN
0x0010e348,snes_leaf_0010e348,address-leaf,RECONSTRUCTED,BEHAVIORAL_SOURCE_MODEL,yes,src/ps2/address_leaf_recovered.c,UNPROVEN
0x0010e354,snes_leaf_0010e354,address-leaf,RECONSTRUCTED,BEHAVIORAL_SOURCE_MODEL,yes,src/ps2/address_leaf_recovered.c,UNPROVEN
0x001140e0,snes_leaf_001140e0,address-leaf,RECONSTRUCTED,BEHAVIORAL_SOURCE_MODEL,yes,src/ps2/address_leaf_recovered.c;src/ps2/progress24_core_helpers_recovered.c;src/ps2/progress28_structural_lift_recovered.c,UNPROVEN
0x00114118,snes_p11_00114118,cheats,RECONSTRUCTED,BEHAVIORAL_SOURCE_MODEL,yes,src/snes9x/progress11_core_recovered.c,UNPROVEN
0x00114328,snes_p11_00114328,cheats,RECONSTRUCTED,BEHAVIORAL_SOURCE_MODEL,yes,src/snes9x/progress11_core_recovered.c,UNPROVEN
0x0011439c,snes_p11_0011439c,cheats,RECONSTRUCTED,BEHAVIORAL_SOURCE_MODEL,yes,src/snes9x/progress11_core_recovered.c,UNPROVEN
0x0011444c,snes_p11_0011444c,cheats,RECONSTRUCTED,BEHAVIORAL_SOURCE_MODEL,yes,src/ps2/progress28_structural_lift_recovered.c;src/snes9x/progress11_core_recovered.c,UNPROVEN
0x001144d0,snes_p11_001144d0,cheats,RECONSTRUCTED,BEHAVIORAL_SOURCE_MODEL,yes,src/snes9x/progress11_core_recovered.c,UNPROVEN
0x00114544,snes_p16_00114544,snes-core-dsp,RECONSTRUCTED,BEHAVIORAL_SOURCE_MODEL,yes,src/ps2/progress28_structural_lift_recovered.c,UNPROVEN
0x00114818,snes_p16_00114818,snes-core-dsp,RECONSTRUCTED,BEHAVIORAL_SOURCE_MODEL,yes,src/ps2/progress28_structural_lift_recovered.c,UNPROVEN
0x001159f4,snes_dispatch_001159f4,dispatch-leaf,RECONSTRUCTED,BEHAVIORAL_SOURCE_MODEL,yes,src/ps2/progress24_core_helpers_recovered.c;src/ps2/small_dispatch_recovered.c,UNPROVEN
0x00115a18,snes_p17_00115a18,snes-core-dsp,RECONSTRUCTED,BEHAVIORAL_SOURCE_MODEL,yes,src/ps2/progress24_core_helpers_recovered.c;src/ps2/progress28_structural_lift_recovered.c,UNPROVEN
0x00115b58,snes_p16_00115b58,snes-core-dsp,RECONSTRUCTED,BEHAVIORAL_SOURCE_MODEL,yes,src/ps2/progress24_core_helpers_recovered.c;src/ps2/progress28_structural_lift_recovered.c,UNPROVEN
0x00115db0,snes_p16_00115db0,snes-core-dsp,RECONSTRUCTED,BEHAVIORAL_SOURCE_MODEL,yes,src/ps2/progress28_structural_lift_recovered.c,UNPROVEN
0x00116128,snes_leaf_00116128,address-leaf,RECONSTRUCTED,BEHAVIORAL_SOURCE_MODEL,yes,src/ps2/address_leaf_recovered.c;src/ps2/progress22_more_small_helpers_recovered.c;src/ps2/progress28_structural_lift_recovered.c,UNPROVEN
0x00116174,snes_leaf_00116174,address-leaf,RECONSTRUCTED,BEHAVIORAL_SOURCE_MODEL,yes,src/ps2/address_leaf_recovered.c;src/ps2/progress28_structural_lift_recovered.c,UNPROVEN
0x001161a8,snes_p16_001161a8,snes-core-dsp,RECONSTRUCTED,BEHAVIORAL_SOURCE_MODEL,yes,src/ps2/progress28_structural_lift_recovered.c,UNPROVEN
0x0011c050,snes_dispatch_0011c050,dispatch-leaf,RECONSTRUCTED,BEHAVIORAL_SOURCE_MODEL,yes,src/ps2/small_dispatch_recovered.c,UNPROVEN
0x00127b78,snes_p16_00127b78,snes-core-dsp,RECONSTRUCTED,BEHAVIORAL_SOURCE_MODEL,yes,src/ps2/progress27_large_state_cpu_batch_recovered.c;src/ps2/progress28_structural_lift_recovered.c,UNPROVEN
0x00127e00,snes_p16_00127e00,snes-core-dsp,RECONSTRUCTED,BEHAVIORAL_SOURCE_MODEL,yes,src/ps2/progress27_large_state_cpu_batch_recovered.c;src/ps2/progress28_structural_lift_recovered.c,UNPROVEN
0x001291e4,snes_p11_001291e4,snes9x-core,RECONSTRUCTED,BEHAVIORAL_SOURCE_MODEL,yes,src/snes9x/progress11_core_recovered.c,UNPROVEN
0x00129250,snes_p16_00129250,snes-core-dsp,RECONSTRUCTED,BEHAVIORAL_SOURCE_MODEL,yes,src/ps2/progress26_dsp_runtime_batch_recovered.c,UNPROVEN
0x00129420,snes_p17_00129420,snes-core-dsp,RECONSTRUCTED,BEHAVIORAL_SOURCE_MODEL,yes,src/ps2/progress28_structural_lift_recovered.c,UNPROVEN
0x001296c4,snes_p17_001296c4,snes-core-dsp,RECONSTRUCTED,BEHAVIORAL_SOURCE_MODEL,yes,src/ps2/progress28_structural_lift_recovered.c,UNPROVEN
0x0012993c,snes_p17_0012993c,snes-core-dsp,RECONSTRUCTED,BEHAVIORAL_SOURCE_MODEL,yes,src/ps2/progress28_structural_lift_recovered.c,UNPROVEN
0x00129af4,snes_p17_00129af4,snes-core-dsp,RECONSTRUCTED,BEHAVIORAL_SOURCE_MODEL,yes,src/ps2/progress28_structural_lift_recovered.c,UNPROVEN
0x0012a400,ppu_vram_cache_invalidate,ppu,RECONSTRUCTED,BEHAVIORAL_SOURCE_MODEL,yes,src/ps2/progress28_structural_lift_recovered.c,UNPROVEN
0x0012b3e8,snes_p16_0012b3e8,snes-core-dsp,RECONSTRUCTED,BEHAVIORAL_SOURCE_MODEL,yes,src/ps2/progress25_small_core_helpers_recovered.c;src/ps2/progress28_structural_lift_recovered.c,UNPROVEN
0x0012b498,snes_p16_0012b498,snes-core-dsp,RECONSTRUCTED,BEHAVIORAL_SOURCE_MODEL,yes,src/ps2/progress28_structural_lift_recovered.c,UNPROVEN
0x0012b9a4,snes_p13_record_ram_init_0012b9a4,core,RECONSTRUCTED,BEHAVIORAL_SOURCE_MODEL,yes,src/ps2/progress24_core_helpers_recovered.c;src/snes9x/progress13_runtime_more_recovered.c,UNPROVEN
0x0012ba5c,snes_p16_0012ba5c,snes-core-dsp,RECONSTRUCTED,BEHAVIORAL_SOURCE_MODEL,yes,src/ps2/progress28_structural_lift_recovered.c,UNPROVEN
0x0012bd48,snes_p16_0012bd48,snes-core-dsp,RECONSTRUCTED,BEHAVIORAL_SOURCE_MODEL,yes,src/ps2/progress27_large_state_cpu_batch_recovered.c;src/ps2/progress28_structural_lift_recovered.c,UNPROVEN
0x0012bf5c,snes_p16_0012bf5c,snes-core-dsp,RECONSTRUCTED,BEHAVIORAL_SOURCE_MODEL,yes,src/ps2/progress27_large_state_cpu_batch_recovered.c;src/ps2/progress28_structural_lift_recovered.c,UNPROVEN
0x0012c02c,snes_p16_0012c02c,snes-core-dsp,RECONSTRUCTED,BEHAVIORAL_SOURCE_MODEL,yes,src/ps2/progress26_dsp_runtime_batch_recovered.c,UNPROVEN
0x0012c13c,snes_leaf_0012c13c,address-leaf,RECONSTRUCTED,BEHAVIORAL_SOURCE_MODEL,yes,src/ps2/address_leaf_recovered.c,UNPROVEN
0x0012c160,snes_leaf_0012c160,address-leaf,RECONSTRUCTED,BEHAVIORAL_SOURCE_MODEL,yes,src/ps2/address_leaf_recovered.c,UNPROVEN
0x0012c188,snes_p16_0012c188,snes-core-dsp,RECONSTRUCTED,BEHAVIORAL_SOURCE_MODEL,yes,src/ps2/progress26_dsp_runtime_batch_recovered.c;src/ps2/progress28_structural_lift_recovered.c,UNPROVEN
0x0012c2a4,snes_p11_0012c2a4,frontend,RECONSTRUCTED,BEHAVIORAL_SOURCE_MODEL,yes,src/ps2/progress11_frontend_recovered.c,UNPROVEN
0x0012c2dc,snes_p16_0012c2dc,snes-core-dsp,RECONSTRUCTED,BEHAVIORAL_SOURCE_MODEL,yes,src/ps2/progress26_dsp_runtime_batch_recovered.c;src/ps2/progress28_structural_lift_recovered.c,UNPROVEN
0x0012c398,snes_p16_0012c398,snes-core-dsp,RECONSTRUCTED,BEHAVIORAL_SOURCE_MODEL,yes,src/ps2/progress26_dsp_runtime_batch_recovered.c;src/ps2/progress28_structural_lift_recovered.c,UNPROVEN
0x0012c444,snes_p16_0012c444,snes-core-dsp,RECONSTRUCTED,BEHAVIORAL_SOURCE_MODEL,yes,src/ps2/progress28_structural_lift_recovered.c,UNPROVEN
0x0012c4a8,snes_p16_0012c4a8,snes-core-dsp,RECONSTRUCTED,BEHAVIORAL_SOURCE_MODEL,yes,src/ps2/progress28_structural_lift_recovered.c,UNPROVEN
0x0012c558,snes_p17_0012c558,snes-core-dsp,RECONSTRUCTED,BEHAVIORAL_SOURCE_MODEL,yes,src/ps2/progress28_structural_lift_recovered.c,UNPROVEN
0x0012cbd8,snes_p16_0012cbd8,snes-core-dsp,RECONSTRUCTED,BEHAVIORAL_SOURCE_MODEL,yes,src/ps2/progress27_large_state_cpu_batch_recovered.c;src/ps2/progress28_structural_lift_recovered.c,UNPROVEN
0x0012ce18,snes_p17_0012ce18,snes-core-dsp,RECONSTRUCTED,BEHAVIORAL_SOURCE_MODEL,yes,src/ps2/progress28_structural_lift_recovered.c,UNPROVEN
0x0012d05c,snes_p17_0012d05c,snes-core-dsp,RECONSTRUCTED,BEHAVIORAL_SOURCE_MODEL,yes,src/ps2/progress28_structural_lift_recovered.c,UNPROVEN
0x0012d334,snes_p16_0012d334,snes-core-dsp,RECONSTRUCTED,BEHAVIORAL_SOURCE_MODEL,yes,src/ps2/progress26_dsp_runtime_batch_recovered.c,UNPROVEN
0x0012d4ac,snes_p16_0012d4ac,snes-core-dsp,RECONSTRUCTED,BEHAVIORAL_SOURCE_MODEL,yes,src/ps2/progress26_dsp_runtime_batch_recovered.c,UNPROVEN
0x0012d624,snes_p16_0012d624,snes-core-dsp,RECONSTRUCTED,BEHAVIORAL_SOURCE_MODEL,yes,src/ps2/progress26_dsp_runtime_batch_recovered.c,UNPROVEN
0x0012d79c,snes_p12_0012d79c,fixed-transform,RECONSTRUCTED,BEHAVIORAL_SOURCE_MODEL,yes,src/snes9x/progress12_fixed_transform_recovered.c,UNPROVEN
0x0012d85c,snes_p12_0012d85c,fixed-transform,RECONSTRUCTED,BEHAVIORAL_SOURCE_MODEL,yes,src/snes9x/progress12_fixed_transform_recovered.c,UNPROVEN
0x0012d91c,snes_p12_0012d91c,fixed-transform,RECONSTRUCTED,BEHAVIORAL_SOURCE_MODEL,yes,src/snes9x/progress12_fixed_transform_recovered.c,UNPROVEN
0x0012d9dc,snes_p12_0012d9dc,fixed-transform,RECONSTRUCTED,BEHAVIORAL_SOURCE_MODEL,yes,src/snes9x/progress12_fixed_transform_recovered.c,UNPROVEN
0x0012da9c,snes_p12_0012da9c,fixed-transform,RECONSTRUCTED,BEHAVIORAL_SOURCE_MODEL,yes,src/snes9x/progress12_fixed_transform_recovered.c,UNPROVEN
0x0012db5c,snes_p12_0012db5c,fixed-transform,RECONSTRUCTED,BEHAVIORAL_SOURCE_MODEL,yes,src/snes9x/progress12_fixed_transform_recovered.c,UNPROVEN
0x0012dc1c,snes_p17_0012dc1c,snes-core-dsp,RECONSTRUCTED,BEHAVIORAL_SOURCE_MODEL,yes,src/ps2/progress28_structural_lift_recovered.c,UNPROVEN
0x0012dde0,snes_p11_0012dde0,frontend,RECONSTRUCTED,BEHAVIORAL_SOURCE_MODEL,yes,src/ps2/progress11_frontend_recovered.c,UNPROVEN
0x0012de60,snes_leaf_0012de60,address-leaf,RECONSTRUCTED,BEHAVIORAL_SOURCE_MODEL,yes,src/ps2/address_leaf_recovered.c,UNPROVEN
0x0012deb0,snes_leaf_0012deb0,address-leaf,RECONSTRUCTED,BEHAVIORAL_SOURCE_MODEL,yes,src/ps2/address_leaf_recovered.c,UNPROVEN
0x0012df50,snes_leaf_0012df50,address-leaf,RECONSTRUCTED,BEHAVIORAL_SOURCE_MODEL,yes,src/ps2/address_leaf_recovered.c,UNPROVEN
0x0012dfb0,snes_leaf_0012dfb0,address-leaf,RECONSTRUCTED,BEHAVIORAL_SOURCE_MODEL,yes,src/ps2/address_leaf_recovered.c,UNPROVEN
0x0012dffc,snes_leaf_0012dffc,address-leaf,RECONSTRUCTED,BEHAVIORAL_SOURCE_MODEL,yes,src/ps2/address_leaf_recovered.c,UNPROVEN
0x0012e04c,snes_p16_0012e04c,snes-core-dsp,RECONSTRUCTED,BEHAVIORAL_SOURCE_MODEL,yes,src/ps2/progress28_structural_lift_recovered.c,UNPROVEN
0x0012e0cc,snes_p17_0012e0cc,snes-core-dsp,RECONSTRUCTED,BEHAVIORAL_SOURCE_MODEL,yes,src/ps2/progress28_structural_lift_recovered.c,UNPROVEN
0x0012e2c4,snes_leaf_0012e2c4,address-leaf,RECONSTRUCTED,BEHAVIORAL_SOURCE_MODEL,yes,src/ps2/address_leaf_recovered.c,UNPROVEN
0x0012e2d0,snes_leaf_0012e2d0,address-leaf,RECONSTRUCTED,BEHAVIORAL_SOURCE_MODEL,yes,src/ps2/address_leaf_recovered.c,UNPROVEN
0x0012e2e0,snes_p11_0012e2e0,renderer,RECONSTRUCTED,BEHAVIORAL_SOURCE_MODEL,yes,src/snes9x/progress11_core_recovered.c,UNPROVEN
0x0012e374,snes_p13_bitplane_transpose_0012e374,ppu,RECONSTRUCTED,BEHAVIORAL_SOURCE_MODEL,yes,src/snes9x/progress13_frontend_more_recovered.c,UNPROVEN
0x0012e568,snes_leaf_0012e568,address-leaf,RECONSTRUCTED,BEHAVIORAL_SOURCE_MODEL,yes,src/ps2/address_leaf_recovered.c,UNPROVEN
0x0012e5b8,snes_p16_0012e5b8,snes-core-dsp,RECONSTRUCTED,BEHAVIORAL_SOURCE_MODEL,yes,src/ps2/progress26_dsp_runtime_batch_recovered.c,UNPROVEN
0x0012e688,snes_dispatch_0012e688,dispatch-leaf,RECONSTRUCTED,BEHAVIORAL_SOURCE_MODEL,yes,src/ps2/small_dispatch_recovered.c,UNPROVEN
0x0012e6c4,snes_dispatch_0012e6c4,dispatch-leaf,RECONSTRUCTED,BEHAVIORAL_SOURCE_MODEL,yes,src/ps2/progress24_core_helpers_recovered.c;src/ps2/small_dispatch_recovered.c,UNPROVEN
0x0012e704,snes_dispatch_0012e704,dispatch-leaf,RECONSTRUCTED,BEHAVIORAL_SOURCE_MODEL,yes,src/ps2/small_dispatch_recovered.c,UNPROVEN
0x0012e728,snes_dispatch_0012e728,dispatch-leaf,RECONSTRUCTED,BEHAVIORAL_SOURCE_MODEL,yes,src/ps2/small_dispatch_recovered.c,UNPROVEN
0x0012fe5c,snes_leaf_0012fe5c,address-leaf,RECONSTRUCTED,BEHAVIORAL_SOURCE_MODEL,yes,src/ps2/address_leaf_recovered.c;src/ps2/progress28_structural_lift_recovered.c,UNPROVEN
0x0012fe9c,snes_leaf_0012fe9c,address-leaf,RECONSTRUCTED,BEHAVIORAL_SOURCE_MODEL,yes,src/ps2/address_leaf_recovered.c;src/ps2/progress28_structural_lift_recovered.c,UNPROVEN
0x0012feb4,snes_leaf_0012feb4,address-leaf,RECONSTRUCTED,BEHAVIORAL_SOURCE_MODEL,yes,src/ps2/address_leaf_recovered.c;src/ps2/progress28_structural_lift_recovered.c,UNPROVEN
0x0012febc,snes_leaf_0012febc,address-leaf,RECONSTRUCTED,BEHAVIORAL_SOURCE_MODEL,yes,src/ps2/address_leaf_recovered.c,UNPROVEN
0x0012fec4,snes_dispatch_0012fec4,dispatch-leaf,RECONSTRUCTED,BEHAVIORAL_SOURCE_MODEL,yes,src/ps2/small_dispatch_recovered.c,UNPROVEN
0x0012fef0,snes_p17_0012fef0,snes-core-dsp,RECONSTRUCTED,BEHAVIORAL_SOURCE_MODEL,yes,src/ps2/progress28_structural_lift_recovered.c,UNPROVEN
0x00130134,snes_p16_00130134,snes-core-dsp,RECONSTRUCTED,BEHAVIORAL_SOURCE_MODEL,yes,src/ps2/progress28_structural_lift_recovered.c,UNPROVEN
0x001305a0,snes_p16_001305a0,snes-core-dsp,RECONSTRUCTED,BEHAVIORAL_SOURCE_MODEL,yes,src/ps2/progress26_dsp_runtime_batch_recovered.c,UNPROVEN
0x001306f8,snes_p16_001306f8,snes-core-dsp,RECONSTRUCTED,BEHAVIORAL_SOURCE_MODEL,yes,src/ps2/progress26_dsp_runtime_batch_recovered.c,UNPROVEN
0x001308f8,snes_p13_gate_predicate_001308f8,core,RECONSTRUCTED,BEHAVIORAL_SOURCE_MODEL,yes,src/snes9x/progress13_core_helpers_recovered.c,UNPROVEN
0x001309c4,snes_p16_001309c4,snes-core-dsp,RECONSTRUCTED,BEHAVIORAL_SOURCE_MODEL,yes,src/ps2/progress22_more_small_helpers_recovered.c;src/ps2/progress26_dsp_runtime_batch_recovered.c,UNPROVEN
0x00130c78,snes_p11_00130c78,snes9x-core,RECONSTRUCTED,BEHAVIORAL_SOURCE_MODEL,yes,src/snes9x/progress11_core_recovered.c,UNPROVEN
0x0013e014,snes_dispatch_0013e014,dispatch-leaf,RECONSTRUCTED,BEHAVIORAL_SOURCE_MODEL,yes,src/ps2/small_dispatch_recovered.c,UNPROVEN
0x0013e024,snes_dispatch_0013e024,dispatch-leaf,RECONSTRUCTED,BEHAVIORAL_SOURCE_MODEL,yes,src/ps2/small_dispatch_recovered.c,UNPROVEN
0x0013e3a8,snes_dispatch_0013e3a8,dispatch-leaf,RECONSTRUCTED,BEHAVIORAL_SOURCE_MODEL,yes,src/ps2/small_dispatch_recovered.c,UNPROVEN
0x0013fc10,snes_dispatch_0013fc10,dispatch-leaf,RECONSTRUCTED,BEHAVIORAL_SOURCE_MODEL,yes,src/ps2/small_dispatch_recovered.c,UNPROVEN
0x00140040,snes_dispatch_00140040,dispatch-leaf,RECONSTRUCTED,BEHAVIORAL_SOURCE_MODEL,yes,src/ps2/small_dispatch_recovered.c,UNPROVEN
0x0014080c,snes_dispatch_0014080c,dispatch-leaf,RECONSTRUCTED,BEHAVIORAL_SOURCE_MODEL,yes,src/ps2/small_dispatch_recovered.c,UNPROVEN
0x00140c30,snes_dispatch_00140c30,dispatch-leaf,RECONSTRUCTED,BEHAVIORAL_SOURCE_MODEL,yes,src/ps2/small_dispatch_recovered.c,UNPROVEN
0x00142a78,tile_lookup_table_init,renderer,RECONSTRUCTED,BEHAVIORAL_SOURCE_MODEL,yes,src/ps2/progress28_structural_lift_recovered.c;src/snes9x/tile_lookup_tables_recovered.c,UNPROVEN
0x0014308c,snes_p11_0014308c,renderer,RECONSTRUCTED,BEHAVIORAL_SOURCE_MODEL,yes,src/ps2/progress28_structural_lift_recovered.c;src/snes9x/draw_large_pixel_recovered.c;src/snes9x/progress11_core_recovered.c;src/snes9x/tile_16bit_recovered.c;src/snes9x/tile_color_math_recovered.c;src/snes9x/tile_draw_clipped_recovered.c;src/snes9x/tile_draw_recovered.c;src/snes9x/tile_large16_recovered.c;src/snes9x/tile_scaled_remaining_recovered.c;src/snes9x/tile_x2_recovered.c,UNPROVEN
0x0014311c,S9xStartScreenRefresh,renderer,RECONSTRUCTED,BEHAVIORAL_SOURCE_MODEL,yes,src/ps2/progress28_structural_lift_recovered.c,UNPROVEN
0x00143390,RenderLine,renderer,RECONSTRUCTED,BEHAVIORAL_SOURCE_MODEL,yes,src/ps2/progress28_structural_lift_recovered.c,UNPROVEN
0x001434ac,S9xEndScreenRefresh,renderer,RECONSTRUCTED,BEHAVIORAL_SOURCE_MODEL,yes,src/ps2/progress28_structural_lift_recovered.c,UNPROVEN
0x0014368c,S9xSetupOBJ,renderer,RECONSTRUCTED,BEHAVIORAL_SOURCE_MODEL,yes,src/ps2/progress28_structural_lift_recovered.c,UNPROVEN
0x00143780,renderer_4bpp_setup,renderer,RECONSTRUCTED,BEHAVIORAL_SOURCE_MODEL,yes,src/snes9x/progress15_renderer_leaf_recovered.c,UNPROVEN
0x001437d8,DrawOBJS,renderer,RECONSTRUCTED,BEHAVIORAL_SOURCE_MODEL,yes,src/ps2/progress28_structural_lift_recovered.c,UNPROVEN
0x00143e7c,DrawBackgroundMosaic,renderer,RECONSTRUCTED,BEHAVIORAL_SOURCE_MODEL,yes,src/ps2/progress28_structural_lift_recovered.c,UNPROVEN
0x001443ec,DrawBackgroundOffset,renderer,RECONSTRUCTED,BEHAVIORAL_SOURCE_MODEL,yes,src/ps2/progress28_structural_lift_recovered.c,UNPROVEN
0x00144ad8,DrawBackgroundMode5,renderer,RECONSTRUCTED,BEHAVIORAL_SOURCE_MODEL,yes,src/ps2/progress28_structural_lift_recovered.c,UNPROVEN
0x00145240,renderer_cache_select,renderer,RECONSTRUCTED,BEHAVIORAL_SOURCE_MODEL,yes,src/ps2/progress28_structural_lift_recovered.c,UNPROVEN
0x001452b0,DrawBackground,renderer,RECONSTRUCTED,BEHAVIORAL_SOURCE_MODEL,yes,src/ps2/progress28_structural_lift_recovered.c,UNPROVEN
0x00145c08,DrawBGMode7Background,renderer,RECONSTRUCTED,BEHAVIORAL_SOURCE_MODEL,yes,src/ps2/progress28_structural_lift_recovered.c,UNPROVEN
0x001461a8,DrawBGMode7Background16,renderer,RECONSTRUCTED,BEHAVIORAL_SOURCE_MODEL,yes,src/ps2/progress28_structural_lift_recovered.c,UNPROVEN
0x00146720,DrawBGMode7Background16Add,renderer,RECONSTRUCTED,BEHAVIORAL_SOURCE_MODEL,yes,src/ps2/progress28_structural_lift_recovered.c,UNPROVEN
0x00146e6c,DrawBGMode7Background16Add1_2,renderer,RECONSTRUCTED,BEHAVIORAL_SOURCE_MODEL,yes,src/ps2/progress28_structural_lift_recovered.c,UNPROVEN
0x00147578,DrawBGMode7Background16Sub,renderer,RECONSTRUCTED,BEHAVIORAL_SOURCE_MODEL,yes,src/ps2/progress28_structural_lift_recovered.c,UNPROVEN
0x00147c68,DrawBGMode7Background16Sub1_2,renderer,RECONSTRUCTED,BEHAVIORAL_SOURCE_MODEL,yes,src/ps2/progress28_structural_lift_recovered.c,UNPROVEN
0x00148338,snes_leaf_00148338,address-leaf,RECONSTRUCTED,BEHAVIORAL_SOURCE_MODEL,yes,src/ps2/address_leaf_recovered.c;src/ps2/progress28_structural_lift_recovered.c,UNPROVEN
0x00148394,DrawBGMode7Background16_i,renderer,RECONSTRUCTED,BEHAVIORAL_SOURCE_MODEL,yes,src/ps2/progress28_structural_lift_recovered.c,UNPROVEN
0x001493a8,DrawBGMode7Background16Add_i,renderer,RECONSTRUCTED,BEHAVIORAL_SOURCE_MODEL,yes,src/ps2/progress28_structural_lift_recovered.c,UNPROVEN
0x0014a784,DrawBGMode7Background16Add1_2_i,renderer,RECONSTRUCTED,BEHAVIORAL_SOURCE_MODEL,yes,src/ps2/progress28_structural_lift_recovered.c,UNPROVEN
0x0014babc,DrawBGMode7Background16Sub_i,renderer,RECONSTRUCTED,BEHAVIORAL_SOURCE_MODEL,yes,src/ps2/progress28_structural_lift_recovered.c,UNPROVEN
0x0014ce24,DrawBGMode7Background16Sub1_2_i,renderer,RECONSTRUCTED,BEHAVIORAL_SOURCE_MODEL,yes,src/ps2/progress28_structural_lift_recovered.c,UNPROVEN
0x0014e140,RenderScreen,renderer,RECONSTRUCTED,BEHAVIORAL_SOURCE_MODEL,yes,src/ps2/progress28_structural_lift_recovered.c,UNPROVEN
0x0014e828,DisplayChar,renderer,RECONSTRUCTED,BEHAVIORAL_SOURCE_MODEL,yes,src/ps2/progress28_structural_lift_recovered.c,UNPROVEN
0x0014eaa4,S9xDisplayString,renderer,RECONSTRUCTED,BEHAVIORAL_SOURCE_MODEL,yes,src/ps2/progress28_structural_lift_recovered.c,UNPROVEN
0x0014ec54,S9xUpdateScreen,renderer,RECONSTRUCTED,BEHAVIORAL_SOURCE_MODEL,yes,src/ps2/progress28_structural_lift_recovered.c,UNPROVEN
0x0015068c,snes_p17_0015068c,renderer,RECONSTRUCTED,BEHAVIORAL_SOURCE_MODEL,yes,src/ps2/progress28_structural_lift_recovered.c,UNPROVEN
0x00150b1c,ForceInterleave1OverrideSnes9x,memory-ppu,RECONSTRUCTED,BEHAVIORAL_SOURCE_MODEL,yes,src/ps2/progress28_structural_lift_recovered.c,UNPROVEN
0x00150c90,snes_leaf_00150c90,address-leaf,RECONSTRUCTED,BEHAVIORAL_SOURCE_MODEL,yes,src/ps2/address_leaf_recovered.c,UNPROVEN
0x00150ccc,CMemory_ScoreHiROM,memory-ppu,RECONSTRUCTED,BEHAVIORAL_SOURCE_MODEL,yes,src/ps2/progress27_large_state_cpu_batch_recovered.c;src/ps2/progress28_structural_lift_recovered.c,UNPROVEN
0x00150e18,CMemory_ScoreLoROM,memory-ppu,RECONSTRUCTED,BEHAVIORAL_SOURCE_MODEL,yes,src/ps2/progress27_large_state_cpu_batch_recovered.c;src/ps2/progress28_structural_lift_recovered.c,UNPROVEN
0x00150f54,CMemory_Safe,memory-ppu,RECONSTRUCTED,BEHAVIORAL_SOURCE_MODEL,yes,src/ps2/progress27_large_state_cpu_batch_recovered.c;src/ps2/progress28_structural_lift_recovered.c;src/snes9x/memory_cleanup_recovered.c,UNPROVEN
0x00151074,CMemory_Init,memory,RECONSTRUCTED,BEHAVIORAL_SOURCE_MODEL,yes,src/ps2/progress28_structural_lift_recovered.c;src/snes9x/memory_init_recovered.c,UNPROVEN
0x00151330,per_rom_cleanup,memory,RECONSTRUCTED,BEHAVIORAL_SOURCE_MODEL,yes,src/app/main_flow_recovered.c;src/ps2/progress28_structural_lift_recovered.c;src/snes9x/memory_cleanup_recovered.c;src/snes9x/memory_init_recovered.c,UNPROVEN
0x00151360,snes_p11_00151360,memory,RECONSTRUCTED,BEHAVIORAL_SOURCE_MODEL,yes,src/ps2/progress11_frontend_recovered.c;src/ps2/progress28_structural_lift_recovered.c;src/snes9x/memory_cleanup_recovered.c,UNPROVEN
0x001513bc,CMemory_LoadROM,memory,RECONSTRUCTED,BEHAVIORAL_SOURCE_MODEL,yes,src/app/main_flow_recovered.c;src/ps2/progress28_structural_lift_recovered.c,UNPROVEN
0x001520b8,snes_p16_001520b8,memory-ppu,RECONSTRUCTED,BEHAVIORAL_SOURCE_MODEL,yes,src/ps2/progress28_structural_lift_recovered.c,UNPROVEN
0x001522d8,CMemory_InitROM,memory-ppu,RECONSTRUCTED,BEHAVIORAL_SOURCE_MODEL,yes,src/ps2/progress28_structural_lift_recovered.c,UNPROVEN
0x00153354,CMemory_LoadSRAM,memory,RECONSTRUCTED,BEHAVIORAL_SOURCE_MODEL,yes,src/ps2/progress28_structural_lift_recovered.c;src/snes9x/sram_recovered.c,UNPROVEN
0x001534b8,CMemory_SaveSRAM,memory,RECONSTRUCTED,BEHAVIORAL_SOURCE_MODEL,yes,src/ps2/progress28_structural_lift_recovered.c;src/snes9x/sram_recovered.c,UNPROVEN
0x001535c0,snes_leaf_001535c0,address-leaf,RECONSTRUCTED,BEHAVIORAL_SOURCE_MODEL,yes,src/ps2/address_leaf_recovered.c;src/ps2/progress28_structural_lift_recovered.c,UNPROVEN
0x00153608,CMemory_map_WriteProtectROM_00153608,snes9x-memory,RECONSTRUCTED,BEHAVIORAL_SOURCE_MODEL,yes,src/ps2/progress28_structural_lift_recovered.c;src/snes9x/memmap_metadata_recovered.c,UNPROVEN
0x00153674,snes_p13_frontend_table_init_00153674,frontend,RECONSTRUCTED,BEHAVIORAL_SOURCE_MODEL,yes,src/ps2/progress28_structural_lift_recovered.c;src/snes9x/progress13_frontend_more_recovered.c,UNPROVEN
0x00153780,snes_p13_frontend_bank_init_00153780,frontend,RECONSTRUCTED,BEHAVIORAL_SOURCE_MODEL,yes,src/ps2/progress28_structural_lift_recovered.c;src/snes9x/progress13_frontend_more_recovered.c,UNPROVEN
0x001538b0,CMemory_LoROMMap,memory-ppu,RECONSTRUCTED,BEHAVIORAL_SOURCE_MODEL,yes,src/ps2/progress28_structural_lift_recovered.c,UNPROVEN
0x00153da4,CMemory_BSLoROMMap,memory-ppu,RECONSTRUCTED,BEHAVIORAL_SOURCE_MODEL,yes,src/ps2/progress28_structural_lift_recovered.c,UNPROVEN
0x001541e0,CMemory_HiROMMap,memory-ppu,RECONSTRUCTED,BEHAVIORAL_SOURCE_MODEL,yes,src/ps2/progress28_structural_lift_recovered.c,UNPROVEN
0x0015458c,CMemory_TalesROMMap,memory-ppu,RECONSTRUCTED,BEHAVIORAL_SOURCE_MODEL,yes,src/ps2/progress28_structural_lift_recovered.c,UNPROVEN
0x00154a24,CMemory_AlphaROMMap,memory-ppu,RECONSTRUCTED,BEHAVIORAL_SOURCE_MODEL,yes,src/ps2/progress28_structural_lift_recovered.c,UNPROVEN
0x00154c2c,CMemory_SuperFXROMMap,memory-ppu,RECONSTRUCTED,BEHAVIORAL_SOURCE_MODEL,yes,src/ps2/progress28_structural_lift_recovered.c,UNPROVEN
0x00154f9c,CMemory_SA1ROMMap,memory-ppu,RECONSTRUCTED,BEHAVIORAL_SOURCE_MODEL,yes,src/ps2/progress28_structural_lift_recovered.c,UNPROVEN
0x00155334,CMemory_LoROM24MBSMap,memory-ppu,RECONSTRUCTED,BEHAVIORAL_SOURCE_MODEL,yes,src/ps2/progress28_structural_lift_recovered.c,UNPROVEN
0x0015568c,CMemory_SufamiTurboLoROMMap,memory-ppu,RECONSTRUCTED,BEHAVIORAL_SOURCE_MODEL,yes,src/ps2/progress28_structural_lift_recovered.c,UNPROVEN
0x00155a44,CMemory_SRAM512KLoROMMap,memory-ppu,RECONSTRUCTED,BEHAVIORAL_SOURCE_MODEL,yes,src/ps2/progress28_structural_lift_recovered.c,UNPROVEN
0x00155ca0,CMemory_BSHiROMMap,memory-ppu,RECONSTRUCTED,BEHAVIORAL_SOURCE_MODEL,yes,src/ps2/progress28_structural_lift_recovered.c,UNPROVEN
0x00156118,CMemory_JumboLoROMMap,memory-ppu,RECONSTRUCTED,BEHAVIORAL_SOURCE_MODEL,yes,src/ps2/progress28_structural_lift_recovered.c,UNPROVEN
0x00156514,CMemory_SPC7110HiROMMap,memory-ppu,RECONSTRUCTED,BEHAVIORAL_SOURCE_MODEL,yes,src/ps2/progress28_structural_lift_recovered.c,UNPROVEN
0x00156884,snes_leaf_00156884,address-leaf,RECONSTRUCTED,BEHAVIORAL_SOURCE_MODEL,yes,src/ps2/address_leaf_recovered.c;src/ps2/progress28_structural_lift_recovered.c,UNPROVEN
0x001568c4,snes_leaf_001568c4,address-leaf,RECONSTRUCTED,BEHAVIORAL_SOURCE_MODEL,yes,src/ps2/address_leaf_recovered.c;src/ps2/progress28_structural_lift_recovered.c,UNPROVEN
0x00156914,snes_leaf_00156914,address-leaf,RECONSTRUCTED,BEHAVIORAL_SOURCE_MODEL,yes,src/ps2/address_leaf_recovered.c;src/ps2/progress28_structural_lift_recovered.c,UNPROVEN
0x00156934,CMemory_StaticRAMSize_00156934,snes9x-memory,RECONSTRUCTED,BEHAVIORAL_SOURCE_MODEL,yes,src/ps2/progress28_structural_lift_recovered.c;src/snes9x/memmap_metadata_recovered.c,UNPROVEN
0x00156994,CMemory_Size_00156994,snes9x-memory,RECONSTRUCTED,BEHAVIORAL_SOURCE_MODEL,yes,src/ps2/progress28_structural_lift_recovered.c;src/snes9x/memmap_metadata_recovered.c,UNPROVEN
0x00156a04,snes_p17_00156a04,memory-ppu,RECONSTRUCTED,BEHAVIORAL_SOURCE_MODEL,yes,src/ps2/progress28_structural_lift_recovered.c,UNPROVEN
0x00156c0c,CMemory_MapMode_00156c0c,snes9x-memory,RECONSTRUCTED,BEHAVIORAL_SOURCE_MODEL,yes,src/ps2/progress28_structural_lift_recovered.c;src/snes9x/memmap_metadata_recovered.c,UNPROVEN
0x00156c60,CMemory_ApplyROMFixes,memory-ppu,RECONSTRUCTED,BEHAVIORAL_SOURCE_MODEL,yes,src/ps2/progress28_structural_lift_recovered.c,UNPROVEN
0x001584d0,CMemory_CheckForIPSPatch,memory-ppu,RECONSTRUCTED,BEHAVIORAL_SOURCE_MODEL,yes,src/ps2/progress28_structural_lift_recovered.c,UNPROVEN
0x00158974,snes_p13_header_validate_00158974,frontend,RECONSTRUCTED,BEHAVIORAL_SOURCE_MODEL,yes,src/ps2/progress28_structural_lift_recovered.c;src/snes9x/progress13_frontend_more_recovered.c,UNPROVEN
0x00158a58,snes_p13_multibyte_validate_00158a58,frontend,RECONSTRUCTED,BEHAVIORAL_SOURCE_MODEL,yes,src/snes9x/progress13_frontend_more_recovered.c,UNPROVEN
0x00158b3c,snes_leaf_00158b3c,address-leaf,RECONSTRUCTED,BEHAVIORAL_SOURCE_MODEL,yes,src/ps2/address_leaf_recovered.c;src/snes9x/progress13_frontend_more_recovered.c,UNPROVEN
0x00158b5c,snes_leaf_00158b5c,address-leaf,RECONSTRUCTED,BEHAVIORAL_SOURCE_MODEL,yes,src/ps2/address_leaf_recovered.c,UNPROVEN
0x00158b74,snes_p16_00158b74,memory-ppu,RECONSTRUCTED,BEHAVIORAL_SOURCE_MODEL,yes,src/ps2/progress28_structural_lift_recovered.c,UNPROVEN
0x00158fd0,snes_leaf_00158fd0,address-leaf,RECONSTRUCTED,BEHAVIORAL_SOURCE_MODEL,yes,src/ps2/address_leaf_recovered.c,UNPROVEN
0x00158fdc,snes_leaf_00158fdc,address-leaf,RECONSTRUCTED,BEHAVIORAL_SOURCE_MODEL,yes,src/ps2/address_leaf_recovered.c,UNPROVEN
0x00158ff0,snes_dispatch_00158ff0,dispatch-leaf,RECONSTRUCTED,BEHAVIORAL_SOURCE_MODEL,yes,src/ps2/progress24_core_helpers_recovered.c;src/ps2/small_dispatch_recovered.c,UNPROVEN
0x00159058,snes_p16_00159058,memory-ppu,RECONSTRUCTED,BEHAVIORAL_SOURCE_MODEL,yes,src/ps2/progress28_structural_lift_recovered.c,UNPROVEN
0x001591a8,snes_p13_palette_expand_001591a8,ppu,RECONSTRUCTED,BEHAVIORAL_SOURCE_MODEL,yes,src/ps2/progress28_structural_lift_recovered.c;src/snes9x/progress13_core_helpers_recovered.c,UNPROVEN
0x00159268,snes_p16_00159268,memory-ppu,RECONSTRUCTED,BEHAVIORAL_SOURCE_MODEL,yes,src/ps2/progress28_structural_lift_recovered.c,UNPROVEN
0x0015a5f0,snes_p16_0015a5f0,memory-ppu,RECONSTRUCTED,BEHAVIORAL_SOURCE_MODEL,yes,src/ps2/progress28_structural_lift_recovered.c,UNPROVEN
0x0015ad6c,snes_p17_0015ad6c,memory-ppu,RECONSTRUCTED,BEHAVIORAL_SOURCE_MODEL,yes,src/ps2/progress28_structural_lift_recovered.c,UNPROVEN
0x0015bc70,snes_p16_0015bc70,memory-ppu,RECONSTRUCTED,BEHAVIORAL_SOURCE_MODEL,yes,src/ps2/progress28_structural_lift_recovered.c,UNPROVEN
0x0015c124,snes_p16_0015c124,memory-ppu,RECONSTRUCTED,BEHAVIORAL_SOURCE_MODEL,yes,src/ps2/progress24_core_helpers_recovered.c;src/ps2/progress28_structural_lift_recovered.c,UNPROVEN
0x0015c624,snes_p16_0015c624,memory-ppu,RECONSTRUCTED,BEHAVIORAL_SOURCE_MODEL,yes,src/ps2/progress28_structural_lift_recovered.c,UNPROVEN
0x0015cae0,snes_p16_0015cae0,memory-ppu,RECONSTRUCTED,BEHAVIORAL_SOURCE_MODEL,yes,src/ps2/progress28_structural_lift_recovered.c,UNPROVEN
0x0015cce4,snes_p16_0015cce4,memory-ppu,RECONSTRUCTED,BEHAVIORAL_SOURCE_MODEL,yes,src/ps2/progress25_small_core_helpers_recovered.c;src/ps2/progress28_structural_lift_recovered.c,UNPROVEN
0x0015cdf8,snes_p13_stage_advance_0015cdf8,frontend,RECONSTRUCTED,BEHAVIORAL_SOURCE_MODEL,yes,src/ps2/progress28_structural_lift_recovered.c;src/snes9x/progress13_runtime_more_recovered.c,UNPROVEN
0x0015cea4,snes_p16_0015cea4,memory-ppu,RECONSTRUCTED,BEHAVIORAL_SOURCE_MODEL,yes,src/ps2/progress28_structural_lift_recovered.c,UNPROVEN
0x0015d0bc,snes_p16_0015d0bc,memory-ppu,RECONSTRUCTED,BEHAVIORAL_SOURCE_MODEL,yes,src/ps2/progress28_structural_lift_recovered.c,UNPROVEN
0x0015d334,snes_p16_0015d334,memory-ppu,RECONSTRUCTED,BEHAVIORAL_SOURCE_MODEL,yes,src/ps2/progress22_more_small_helpers_recovered.c;src/ps2/progress28_structural_lift_recovered.c,UNPROVEN
0x0015d3ec,snes_p16_0015d3ec,memory-ppu,RECONSTRUCTED,BEHAVIORAL_SOURCE_MODEL,yes,src/ps2/progress28_structural_lift_recovered.c,UNPROVEN
0x0015d6d8,snes_p16_0015d6d8,memory-ppu,RECONSTRUCTED,BEHAVIORAL_SOURCE_MODEL,yes,src/ps2/progress28_structural_lift_recovered.c,UNPROVEN
0x0015d8ec,snes_p13_ppu_reset_0015d8ec,ppu,RECONSTRUCTED,BEHAVIORAL_SOURCE_MODEL,yes,src/ps2/progress24_core_helpers_recovered.c;src/snes9x/progress13_core_helpers_recovered.c,UNPROVEN
0x0015d9ac,snes_p13_ppu_frontend_reset_0015d9ac,ppu,RECONSTRUCTED,BEHAVIORAL_SOURCE_MODEL,yes,src/ps2/progress28_structural_lift_recovered.c;src/snes9x/progress13_frontend_more_recovered.c,UNPROVEN
0x0015dab4,snes_p16_0015dab4,memory-ppu,RECONSTRUCTED,BEHAVIORAL_SOURCE_MODEL,yes,src/ps2/progress28_structural_lift_recovered.c,UNPROVEN
0x0015db74,snes_p13_ppu_frontend_reload_0015db74,ppu,RECONSTRUCTED,BEHAVIORAL_SOURCE_MODEL,yes,src/ps2/progress28_structural_lift_recovered.c;src/snes9x/progress13_frontend_more_recovered.c,UNPROVEN
0x0015dc84,snes_p16_0015dc84,memory-ppu,RECONSTRUCTED,BEHAVIORAL_SOURCE_MODEL,yes,src/ps2/progress28_structural_lift_recovered.c,UNPROVEN
0x0015de14,snes_p11_0015de14,snes9x-core,RECONSTRUCTED,BEHAVIORAL_SOURCE_MODEL,yes,src/ps2/progress28_structural_lift_recovered.c;src/snes9x/progress11_core_recovered.c,UNPROVEN
0x0015de68,snes_p16_0015de68,memory-ppu,RECONSTRUCTED,BEHAVIORAL_SOURCE_MODEL,yes,src/ps2/progress28_structural_lift_recovered.c,UNPROVEN
0x0015e034,snes_p11_0015e034,snes9x-core,RECONSTRUCTED,BEHAVIORAL_SOURCE_MODEL,yes,src/snes9x/progress11_core_recovered.c,UNPROVEN
0x0015e07c,snes_p13_set_map_cursor_0015e07c,memory,RECONSTRUCTED,BEHAVIORAL_SOURCE_MODEL,yes,src/snes9x/progress13_runtime_more_recovered.c,UNPROVEN
0x0015e190,snes_leaf_0015e190,address-leaf,RECONSTRUCTED,BEHAVIORAL_SOURCE_MODEL,yes,src/ps2/address_leaf_recovered.c,UNPROVEN
0x0015e198,snes_p13_map_window_0015e198,memory,RECONSTRUCTED,BEHAVIORAL_SOURCE_MODEL,yes,src/ps2/progress28_structural_lift_recovered.c;src/snes9x/progress13_core_helpers_recovered.c,UNPROVEN
0x0015e298,snes_p16_0015e298,memory-ppu,RECONSTRUCTED,BEHAVIORAL_SOURCE_MODEL,yes,src/ps2/progress26_dsp_runtime_batch_recovered.c;src/ps2/progress28_structural_lift_recovered.c,UNPROVEN
0x0015e40c,snes_p16_0015e40c,memory-ppu,RECONSTRUCTED,BEHAVIORAL_SOURCE_MODEL,yes,src/ps2/progress28_structural_lift_recovered.c,UNPROVEN
0x0015ecec,snes_p16_0015ecec,memory-ppu,RECONSTRUCTED,BEHAVIORAL_SOURCE_MODEL,yes,src/ps2/progress26_dsp_runtime_batch_recovered.c;src/ps2/progress28_structural_lift_recovered.c,UNPROVEN
0x0015eeac,snes_p16_0015eeac,memory-ppu,RECONSTRUCTED,BEHAVIORAL_SOURCE_MODEL,yes,src/ps2/progress26_dsp_runtime_batch_recovered.c;src/ps2/progress28_structural_lift_recovered.c,UNPROVEN
0x0015f030,snes_p13_ppu_shift_window_0015f030,ppu,RECONSTRUCTED,BEHAVIORAL_SOURCE_MODEL,yes,src/ps2/progress28_structural_lift_recovered.c;src/snes9x/progress13_frontend_more_recovered.c,UNPROVEN
0x0015f15c,snes_p11_0015f15c,snes9x-core,RECONSTRUCTED,BEHAVIORAL_SOURCE_MODEL,yes,src/snes9x/progress11_core_recovered.c,UNPROVEN
0x0016ded4,snes_p16_0016ded4,cpu-audio-runtime,RECONSTRUCTED,BEHAVIORAL_SOURCE_MODEL,yes,src/ps2/progress24_core_helpers_recovered.c,UNPROVEN
0x0016efa0,snes_p16_0016efa0,cpu-audio-runtime,RECONSTRUCTED,BEHAVIORAL_SOURCE_MODEL,yes,src/ps2/progress27_large_state_cpu_batch_recovered.c;src/ps2/progress28_structural_lift_recovered.c,UNPROVEN
0x0016f0a0,snes_p11_0016f0a0,snes9x-core,RECONSTRUCTED,BEHAVIORAL_SOURCE_MODEL,yes,src/snes9x/progress11_core_recovered.c,UNPROVEN
0x0016f10c,snes_p16_0016f10c,cpu-audio-runtime,RECONSTRUCTED,BEHAVIORAL_SOURCE_MODEL,yes,src/ps2/progress27_large_state_cpu_batch_recovered.c,UNPROVEN
0x0016f2dc,snes_p17_0016f2dc,cpu-audio-runtime,RECONSTRUCTED,BEHAVIORAL_SOURCE_MODEL,yes,src/ps2/progress28_structural_lift_recovered.c,UNPROVEN
0x0016f580,snes_p17_0016f580,cpu-audio-runtime,RECONSTRUCTED,BEHAVIORAL_SOURCE_MODEL,yes,src/ps2/progress28_structural_lift_recovered.c,UNPROVEN
0x0016f7f8,snes_p17_0016f7f8,cpu-audio-runtime,RECONSTRUCTED,BEHAVIORAL_SOURCE_MODEL,yes,src/ps2/progress28_structural_lift_recovered.c,UNPROVEN
0x0016f9b0,snes_p11_0016f9b0,memory-map,RECONSTRUCTED,BEHAVIORAL_SOURCE_MODEL,yes,src/ps2/progress28_structural_lift_recovered.c;src/snes9x/progress11_core_recovered.c,UNPROVEN
0x0016fa18,snes_p11_0016fa18,memory-map,RECONSTRUCTED,BEHAVIORAL_SOURCE_MODEL,yes,src/ps2/progress24_core_helpers_recovered.c;src/snes9x/progress11_core_recovered.c,UNPROVEN
0x0016fa7c,snes_dispatch_0016fa7c,dispatch-leaf,RECONSTRUCTED,BEHAVIORAL_SOURCE_MODEL,yes,src/ps2/progress28_structural_lift_recovered.c;src/ps2/small_dispatch_recovered.c,UNPROVEN
0x0016fb04,snes_p12_0016fb04,persistence,RECONSTRUCTED,BEHAVIORAL_SOURCE_MODEL,yes,src/ps2/progress12_io_state_recovered.c;src/snes9x/sram_recovered.c,UNPROVEN
0x0016fbb4,snes_p12_0016fbb4,persistence,RECONSTRUCTED,BEHAVIORAL_SOURCE_MODEL,yes,src/ps2/progress12_io_state_recovered.c;src/snes9x/sram_recovered.c,UNPROVEN
0x0016fc48,snes_dispatch_0016fc48,dispatch-leaf,RECONSTRUCTED,BEHAVIORAL_SOURCE_MODEL,yes,src/ps2/small_dispatch_recovered.c,UNPROVEN
0x0016fc6c,snes_dispatch_0016fc6c,dispatch-leaf,RECONSTRUCTED,BEHAVIORAL_SOURCE_MODEL,yes,src/ps2/small_dispatch_recovered.c,UNPROVEN
0x0016fcd4,snes_leaf_0016fcd4,address-leaf,RECONSTRUCTED,BEHAVIORAL_SOURCE_MODEL,yes,src/ps2/address_leaf_recovered.c,UNPROVEN
0x0016fd08,snes_p13_rotate_pair_0016fd08,frontend,RECONSTRUCTED,BEHAVIORAL_SOURCE_MODEL,yes,src/snes9x/progress13_core_helpers_recovered.c,UNPROVEN
0x001701fc,snes_leaf_001701fc,address-leaf,RECONSTRUCTED,BEHAVIORAL_SOURCE_MODEL,yes,src/ps2/address_leaf_recovered.c,UNPROVEN
0x00170204,snes_dispatch_00170204,dispatch-leaf,RECONSTRUCTED,BEHAVIORAL_SOURCE_MODEL,yes,src/ps2/small_dispatch_recovered.c,UNPROVEN
0x0017022c,snes_p11_0017022c,frontend,RECONSTRUCTED,BEHAVIORAL_SOURCE_MODEL,yes,src/ps2/progress11_frontend_recovered.c,UNPROVEN
0x0017028c,snes_p16_0017028c,cpu-audio-runtime,RECONSTRUCTED,BEHAVIORAL_SOURCE_MODEL,yes,src/ps2/progress27_large_state_cpu_batch_recovered.c;src/ps2/progress28_structural_lift_recovered.c,UNPROVEN
0x00170398,snapshot_Freeze,cpu-audio-runtime,RECONSTRUCTED,BEHAVIORAL_SOURCE_MODEL,yes,src/ps2/progress28_structural_lift_recovered.c,UNPROVEN
0x00171160,snes_p11_00171160,snes9x-core,RECONSTRUCTED,BEHAVIORAL_SOURCE_MODEL,yes,src/ps2/progress28_structural_lift_recovered.c;src/snes9x/progress11_core_recovered.c,UNPROVEN
0x001711e8,snes_p11_001711e8,frontend,RECONSTRUCTED,BEHAVIORAL_SOURCE_MODEL,yes,src/ps2/progress11_frontend_recovered.c;src/ps2/progress28_structural_lift_recovered.c,UNPROVEN
0x0017124c,snes_p16_0017124c,cpu-audio-runtime,RECONSTRUCTED,BEHAVIORAL_SOURCE_MODEL,yes,src/ps2/progress27_large_state_cpu_batch_recovered.c;src/ps2/progress28_structural_lift_recovered.c,UNPROVEN
0x00171348,snes_p16_00171348,cpu-audio-runtime,RECONSTRUCTED,BEHAVIORAL_SOURCE_MODEL,yes,src/ps2/progress28_structural_lift_recovered.c,UNPROVEN
0x00171700,snes_p16_00171700,cpu-audio-runtime,RECONSTRUCTED,BEHAVIORAL_SOURCE_MODEL,yes,src/ps2/progress28_structural_lift_recovered.c,UNPROVEN
0x00171de8,snes_leaf_00171de8,address-leaf,RECONSTRUCTED,BEHAVIORAL_SOURCE_MODEL,yes,src/ps2/address_leaf_recovered.c,UNPROVEN
0x00171e0c,snes_p16_00171e0c,cpu-audio-runtime,RECONSTRUCTED,BEHAVIORAL_SOURCE_MODEL,yes,src/ps2/progress27_large_state_cpu_batch_recovered.c;src/ps2/progress28_structural_lift_recovered.c,UNPROVEN
0x00172174,snes_p12_00172174,frontend-io,RECONSTRUCTED,BEHAVIORAL_SOURCE_MODEL,yes,src/ps2/progress12_io_state_recovered.c;src/ps2/progress28_structural_lift_recovered.c,UNPROVEN
0x001721ec,snes_p16_001721ec,cpu-audio-runtime,RECONSTRUCTED,BEHAVIORAL_SOURCE_MODEL,yes,src/ps2/progress27_large_state_cpu_batch_recovered.c;src/ps2/progress28_structural_lift_recovered.c,UNPROVEN
0x001725ac,snes_p16_001725ac,cpu-audio-runtime,RECONSTRUCTED,BEHAVIORAL_SOURCE_MODEL,yes,src/ps2/progress27_large_state_cpu_batch_recovered.c;src/ps2/progress28_structural_lift_recovered.c,UNPROVEN
0x001726ec,snes_p16_001726ec,cpu-audio-runtime,RECONSTRUCTED,BEHAVIORAL_SOURCE_MODEL,yes,src/ps2/progress27_large_state_cpu_batch_recovered.c;src/ps2/progress28_structural_lift_recovered.c,UNPROVEN
0x001728d4,snapshot_Unfreeze,cpu-audio-runtime,RECONSTRUCTED,BEHAVIORAL_SOURCE_MODEL,yes,src/ps2/progress28_structural_lift_recovered.c,UNPROVEN
0x00173c24,snes_p11_00173c24,snes9x-core,RECONSTRUCTED,BEHAVIORAL_SOURCE_MODEL,yes,src/ps2/progress28_structural_lift_recovered.c;src/snes9x/progress11_core_recovered.c,UNPROVEN
0x00173dfc,snes_leaf_00173dfc,address-leaf,RECONSTRUCTED,BEHAVIORAL_SOURCE_MODEL,yes,src/ps2/address_leaf_recovered.c;src/ps2/progress28_structural_lift_recovered.c,UNPROVEN
0x00173e4c,snes_leaf_00173e4c,address-leaf,RECONSTRUCTED,BEHAVIORAL_SOURCE_MODEL,yes,src/ps2/address_leaf_recovered.c;src/ps2/progress28_structural_lift_recovered.c,UNPROVEN
0x00173e6c,snes_p13_config_slot_00173e6c,runtime,RECONSTRUCTED,BEHAVIORAL_SOURCE_MODEL,yes,src/ps2/progress28_structural_lift_recovered.c;src/snes9x/progress13_runtime_more_recovered.c,UNPROVEN
0x00173f24,snes_p12_00173f24,slot-runtime,RECONSTRUCTED,BEHAVIORAL_SOURCE_MODEL,yes,src/ps2/progress28_structural_lift_recovered.c;src/snes9x/progress12_slot_runtime_recovered.c,UNPROVEN
0x00173f50,snes_p12_00173f50,slot-runtime,RECONSTRUCTED,BEHAVIORAL_SOURCE_MODEL,yes,src/ps2/progress28_structural_lift_recovered.c;src/snes9x/progress12_slot_runtime_recovered.c,UNPROVEN
0x00173ff0,snes_p11_00173ff0,input,RECONSTRUCTED,BEHAVIORAL_SOURCE_MODEL,yes,src/ps2/progress11_frontend_recovered.c;src/ps2/progress28_structural_lift_recovered.c,UNPROVEN
0x0017409c,snes_p11_0017409c,input,RECONSTRUCTED,BEHAVIORAL_SOURCE_MODEL,yes,src/ps2/progress11_frontend_recovered.c;src/ps2/progress28_structural_lift_recovered.c,UNPROVEN
0x00174120,snes_p13_controller_mask_00174120,input,RECONSTRUCTED,BEHAVIORAL_SOURCE_MODEL,yes,src/ps2/progress28_structural_lift_recovered.c;src/snes9x/progress13_runtime_more_recovered.c,UNPROVEN
0x00174204,snes_leaf_00174204,address-leaf,RECONSTRUCTED,BEHAVIORAL_SOURCE_MODEL,yes,src/ps2/address_leaf_recovered.c;src/ps2/progress28_structural_lift_recovered.c,UNPROVEN
0x0017422c,snes_p12_0017422c,slot-runtime,RECONSTRUCTED,BEHAVIORAL_SOURCE_MODEL,yes,src/ps2/progress28_structural_lift_recovered.c;src/snes9x/progress12_slot_runtime_recovered.c,UNPROVEN
0x001742b4,snes_p11_001742b4,input,RECONSTRUCTED,BEHAVIORAL_SOURCE_MODEL,yes,src/ps2/progress11_frontend_recovered.c;src/ps2/progress28_structural_lift_recovered.c,UNPROVEN
0x001742e8,snes_leaf_001742e8,address-leaf,RECONSTRUCTED,BEHAVIORAL_SOURCE_MODEL,yes,src/ps2/address_leaf_recovered.c;src/ps2/progress28_structural_lift_recovered.c,UNPROVEN
0x001742f8,snes_p12_001742f8,slot-runtime,RECONSTRUCTED,BEHAVIORAL_SOURCE_MODEL,yes,src/ps2/progress28_structural_lift_recovered.c;src/snes9x/progress12_slot_runtime_recovered.c,UNPROVEN
0x00174350,snes_p16_00174350,cpu-audio-runtime,RECONSTRUCTED,BEHAVIORAL_SOURCE_MODEL,yes,src/ps2/progress28_structural_lift_recovered.c,UNPROVEN
0x001744d0,snes_p11_001744d0,input,RECONSTRUCTED,BEHAVIORAL_SOURCE_MODEL,yes,src/ps2/progress11_frontend_recovered.c;src/ps2/progress28_structural_lift_recovered.c,UNPROVEN
0x00174564,snes_p16_00174564,cpu-audio-runtime,RECONSTRUCTED,BEHAVIORAL_SOURCE_MODEL,yes,src/ps2/progress23_audio_helpers_recovered.c;src/ps2/progress28_structural_lift_recovered.c,UNPROVEN
0x00174618,snes_p12_00174618,slot-runtime,RECONSTRUCTED,BEHAVIORAL_SOURCE_MODEL,yes,src/ps2/progress28_structural_lift_recovered.c;src/snes9x/progress12_slot_runtime_recovered.c,UNPROVEN
0x001746a4,snes_p12_001746a4,slot-runtime,RECONSTRUCTED,BEHAVIORAL_SOURCE_MODEL,yes,src/snes9x/progress12_slot_runtime_recovered.c,UNPROVEN
0x00174720,snes_leaf_00174720,address-leaf,RECONSTRUCTED,BEHAVIORAL_SOURCE_MODEL,yes,src/ps2/address_leaf_recovered.c;src/ps2/progress28_structural_lift_recovered.c,UNPROVEN
0x00174728,snes_p16_00174728,cpu-audio-runtime,RECONSTRUCTED,BEHAVIORAL_SOURCE_MODEL,yes,src/ps2/progress23_audio_helpers_recovered.c;src/ps2/progress28_structural_lift_recovered.c,UNPROVEN
0x00174830,snes_p12_00174830,slot-runtime,RECONSTRUCTED,BEHAVIORAL_SOURCE_MODEL,yes,src/ps2/progress28_structural_lift_recovered.c;src/snes9x/progress12_slot_runtime_recovered.c,UNPROVEN
0x00174860,snes_leaf_00174860,address-leaf,RECONSTRUCTED,BEHAVIORAL_SOURCE_MODEL,yes,src/ps2/address_leaf_recovered.c;src/ps2/progress28_structural_lift_recovered.c,UNPROVEN
0x0017487c,snes_leaf_0017487c,address-leaf,RECONSTRUCTED,BEHAVIORAL_SOURCE_MODEL,yes,src/ps2/address_leaf_recovered.c;src/ps2/progress28_structural_lift_recovered.c,UNPROVEN
0x00174898,snes_p16_00174898,cpu-audio-runtime,RECONSTRUCTED,BEHAVIORAL_SOURCE_MODEL,yes,src/ps2/progress28_structural_lift_recovered.c,UNPROVEN
0x00174b94,snes_p16_00174b94,cpu-audio-runtime,RECONSTRUCTED,BEHAVIORAL_SOURCE_MODEL,yes,src/ps2/progress28_structural_lift_recovered.c,UNPROVEN
0x00174fe4,snes_p17_00174fe4,cpu-audio-runtime,RECONSTRUCTED,BEHAVIORAL_SOURCE_MODEL,yes,src/ps2/progress28_structural_lift_recovered.c,UNPROVEN
0x00175300,snes_p17_00175300,cpu-audio-runtime,RECONSTRUCTED,BEHAVIORAL_SOURCE_MODEL,yes,src/ps2/progress28_structural_lift_recovered.c,UNPROVEN
0x00175cb4,snes_p16_00175cb4,cpu-audio-runtime,RECONSTRUCTED,BEHAVIORAL_SOURCE_MODEL,yes,src/ps2/progress28_structural_lift_recovered.c,UNPROVEN
0x00176578,snes_dispatch_00176578,dispatch-leaf,RECONSTRUCTED,BEHAVIORAL_SOURCE_MODEL,yes,src/ps2/small_dispatch_recovered.c,UNPROVEN
0x00176594,snes_p16_00176594,cpu-audio-runtime,RECONSTRUCTED,BEHAVIORAL_SOURCE_MODEL,yes,src/ps2/progress28_structural_lift_recovered.c,UNPROVEN
0x00177a84,snes_p16_00177a84,cpu-audio-runtime,RECONSTRUCTED,BEHAVIORAL_SOURCE_MODEL,yes,src/ps2/progress28_structural_lift_recovered.c,UNPROVEN
0x00177cec,snes_p16_00177cec,cpu-audio-runtime,RECONSTRUCTED,BEHAVIORAL_SOURCE_MODEL,yes,src/ps2/progress23_audio_helpers_recovered.c;src/ps2/progress28_structural_lift_recovered.c,UNPROVEN
0x00177db0,snes_p16_00177db0,cpu-audio-runtime,RECONSTRUCTED,BEHAVIORAL_SOURCE_MODEL,yes,src/ps2/progress23_audio_helpers_recovered.c;src/ps2/progress28_structural_lift_recovered.c,UNPROVEN
0x00177e6c,snes_p16_00177e6c,cpu-audio-runtime,RECONSTRUCTED,BEHAVIORAL_SOURCE_MODEL,yes,src/ps2/progress28_structural_lift_recovered.c,UNPROVEN
0x0017ec24,snes_leaf_0017ec24,address-leaf,RECONSTRUCTED,BEHAVIORAL_SOURCE_MODEL,yes,src/ps2/address_leaf_recovered.c,UNPROVEN
0x001806a4,snes_p17_001806a4,cpu-audio-runtime,RECONSTRUCTED,BEHAVIORAL_SOURCE_MODEL,yes,src/ps2/progress28_structural_lift_recovered.c,UNPROVEN
0x00180b80,snes_p16_00180b80,cpu-audio-runtime,RECONSTRUCTED,BEHAVIORAL_SOURCE_MODEL,yes,src/ps2/progress28_structural_lift_recovered.c,UNPROVEN
0x001813f0,snes_p17_001813f0,cpu-audio-runtime,RECONSTRUCTED,BEHAVIORAL_SOURCE_MODEL,yes,src/ps2/progress28_structural_lift_recovered.c,UNPROVEN
0x00181bac,snes_p17_00181bac,cpu-audio-runtime,RECONSTRUCTED,BEHAVIORAL_SOURCE_MODEL,yes,src/ps2/progress28_structural_lift_recovered.c,UNPROVEN
0x0018255c,snes_p11_0018255c,memory-map,RECONSTRUCTED,BEHAVIORAL_SOURCE_MODEL,yes,src/snes9x/progress11_core_recovered.c,UNPROVEN
0x001825e4,snes_p13_days_in_month_001825e4,runtime,RECONSTRUCTED,BEHAVIORAL_SOURCE_MODEL,yes,src/ps2/progress28_structural_lift_recovered.c;src/snes9x/progress13_runtime_more_recovered.c,UNPROVEN
0x00182638,snes_p17_00182638,cpu-audio-runtime,RECONSTRUCTED,BEHAVIORAL_SOURCE_MODEL,yes,src/ps2/progress28_structural_lift_recovered.c,UNPROVEN
0x00182910,snes_p11_00182910,memory-map,RECONSTRUCTED,BEHAVIORAL_SOURCE_MODEL,yes,src/snes9x/progress11_core_recovered.c,UNPROVEN
0x00182984,snes_p16_00182984,cpu-audio-runtime,RECONSTRUCTED,BEHAVIORAL_SOURCE_MODEL,yes,src/ps2/progress28_structural_lift_recovered.c,UNPROVEN
0x001832a4,snes_p13_runtime_block_init_001832a4,runtime,RECONSTRUCTED,BEHAVIORAL_SOURCE_MODEL,yes,src/ps2/progress24_core_helpers_recovered.c;src/snes9x/progress13_core_helpers_recovered.c,UNPROVEN
0x0018339c,snes_leaf_0018339c,address-leaf,RECONSTRUCTED,BEHAVIORAL_SOURCE_MODEL,yes,src/ps2/address_leaf_recovered.c,UNPROVEN
0x001833a4,snes_p13_write_record_001833a4,frontend,RECONSTRUCTED,BEHAVIORAL_SOURCE_MODEL,yes,src/snes9x/progress13_frontend_more_recovered.c;src/snes9x/sram_recovered.c,UNPROVEN
0x001834f0,snes_p13_read_record_001834f0,frontend,RECONSTRUCTED,BEHAVIORAL_SOURCE_MODEL,yes,src/snes9x/progress13_frontend_more_recovered.c;src/snes9x/sram_recovered.c,UNPROVEN
0x00183660,snes_leaf_00183660,address-leaf,RECONSTRUCTED,BEHAVIORAL_SOURCE_MODEL,yes,src/ps2/address_leaf_recovered.c;src/ps2/progress24_core_helpers_recovered.c;src/snes9x/sram_recovered.c,UNPROVEN
0x00183678,snes_dispatch_00183678,dispatch-leaf,RECONSTRUCTED,BEHAVIORAL_SOURCE_MODEL,yes,src/ps2/small_dispatch_recovered.c;src/snes9x/sram_recovered.c,UNPROVEN
0x001836d0,snes_p13_weekday_001836d0,runtime,RECONSTRUCTED,BEHAVIORAL_SOURCE_MODEL,yes,src/ps2/progress28_structural_lift_recovered.c;src/snes9x/progress13_runtime_more_recovered.c,UNPROVEN
0x00183778,snes_p13_days_in_month_00183778,runtime,RECONSTRUCTED,BEHAVIORAL_SOURCE_MODEL,yes,src/ps2/progress28_structural_lift_recovered.c;src/snes9x/progress13_runtime_more_recovered.c,UNPROVEN
0x001837cc,snes_p17_001837cc,cpu-audio-runtime,RECONSTRUCTED,BEHAVIORAL_SOURCE_MODEL,yes,src/ps2/progress28_structural_lift_recovered.c,UNPROVEN
0x00183aa4,snes_p16_00183aa4,cpu-audio-runtime,RECONSTRUCTED,BEHAVIORAL_SOURCE_MODEL,yes,src/ps2/progress28_structural_lift_recovered.c,UNPROVEN
0x00183bdc,snes_p11_00183bdc,renderer,RECONSTRUCTED,BEHAVIORAL_SOURCE_MODEL,yes,src/ps2/progress28_structural_lift_recovered.c;src/snes9x/progress11_core_recovered.c,UNPROVEN
0x00183c58,snes_p12_00183c58,state-transfer,RECONSTRUCTED,BEHAVIORAL_SOURCE_MODEL,yes,src/ps2/progress12_io_state_recovered.c;src/ps2/progress28_structural_lift_recovered.c;src/snes9x/sram_recovered.c,UNPROVEN
0x00183d40,snes_p12_00183d40,state-transfer,RECONSTRUCTED,BEHAVIORAL_SOURCE_MODEL,yes,src/ps2/progress12_io_state_recovered.c;src/ps2/progress28_structural_lift_recovered.c;src/snes9x/sram_recovered.c,UNPROVEN
0x00183e04,ConvertTile,renderer,RECONSTRUCTED,BEHAVIORAL_SOURCE_MODEL,yes,src/snes9x/tile_converter_recovered.c,UNPROVEN
0x0018428c,DrawTile,renderer,RECONSTRUCTED,BEHAVIORAL_SOURCE_MODEL,yes,src/ps2/progress28_structural_lift_recovered.c;src/snes9x/tile_draw_recovered.c,UNPROVEN
0x001845a8,DrawClippedTile,renderer,RECONSTRUCTED,BEHAVIORAL_SOURCE_MODEL,yes,src/ps2/progress28_structural_lift_recovered.c;src/snes9x/tile_draw_clipped_recovered.c,UNPROVEN
0x00184a40,DrawTilex2,renderer,RECONSTRUCTED,BEHAVIORAL_SOURCE_MODEL,yes,src/ps2/progress28_structural_lift_recovered.c;src/snes9x/tile_x2_recovered.c,UNPROVEN
0x00184d5c,DrawClippedTilex2,renderer,RECONSTRUCTED,BEHAVIORAL_SOURCE_MODEL,yes,src/ps2/progress28_structural_lift_recovered.c;src/snes9x/tile_scaled_remaining_recovered.c,UNPROVEN
0x001851f4,DrawTilex2x2,renderer,RECONSTRUCTED,BEHAVIORAL_SOURCE_MODEL,yes,src/ps2/progress28_structural_lift_recovered.c;src/snes9x/tile_scaled_remaining_recovered.c,UNPROVEN
0x00185510,DrawClippedTilex2x2,renderer,RECONSTRUCTED,BEHAVIORAL_SOURCE_MODEL,yes,src/ps2/progress28_structural_lift_recovered.c;src/snes9x/tile_scaled_remaining_recovered.c,UNPROVEN
0x001859a8,DrawLargePixel,renderer,RECONSTRUCTED,BEHAVIORAL_SOURCE_MODEL,yes,src/snes9x/draw_large_pixel_recovered.c,UNPROVEN
0x00185d8c,DrawTile16,renderer,RECONSTRUCTED,BEHAVIORAL_SOURCE_MODEL,yes,src/ps2/progress28_structural_lift_recovered.c;src/snes9x/cpu_shutdown_renderer_select_recovered.c;src/snes9x/tile_16bit_recovered.c,UNPROVEN
0x001860a8,DrawClippedTile16,renderer,RECONSTRUCTED,BEHAVIORAL_SOURCE_MODEL,yes,src/ps2/progress28_structural_lift_recovered.c;src/snes9x/cpu_shutdown_renderer_select_recovered.c;src/snes9x/tile_16bit_recovered.c,UNPROVEN
0x00186540,DrawTile16x2,renderer,RECONSTRUCTED,BEHAVIORAL_SOURCE_MODEL,yes,src/ps2/progress28_structural_lift_recovered.c;src/snes9x/tile_16bit_recovered.c,UNPROVEN
0x0018685c,DrawClippedTile16x2,renderer,RECONSTRUCTED,BEHAVIORAL_SOURCE_MODEL,yes,src/ps2/progress28_structural_lift_recovered.c;src/snes9x/tile_16bit_recovered.c,UNPROVEN
0x00186cf4,DrawTile16x2x2,renderer,RECONSTRUCTED,BEHAVIORAL_SOURCE_MODEL,yes,src/ps2/progress28_structural_lift_recovered.c;src/snes9x/tile_16bit_recovered.c,UNPROVEN
0x00187010,DrawClippedTile16x2x2,renderer,RECONSTRUCTED,BEHAVIORAL_SOURCE_MODEL,yes,src/ps2/progress28_structural_lift_recovered.c;src/snes9x/tile_16bit_recovered.c,UNPROVEN
0x001874a8,DrawLargePixel16,renderer,RECONSTRUCTED,BEHAVIORAL_SOURCE_MODEL,yes,src/snes9x/cpu_shutdown_renderer_select_recovered.c;src/snes9x/tile_large16_recovered.c,UNPROVEN
0x0018789c,DrawTile16Add,renderer,RECONSTRUCTED,BEHAVIORAL_SOURCE_MODEL,yes,src/snes9x/cpu_shutdown_renderer_select_recovered.c,UNPROVEN
0x00187bb8,DrawClippedTile16Add,renderer,RECONSTRUCTED,BEHAVIORAL_SOURCE_MODEL,yes,src/snes9x/cpu_shutdown_renderer_select_recovered.c,UNPROVEN
0x00188050,DrawTile16Add1_2,renderer,RECONSTRUCTED,BEHAVIORAL_SOURCE_MODEL,yes,src/snes9x/cpu_shutdown_renderer_select_recovered.c,UNPROVEN
0x0018836c,DrawClippedTile16Add1_2,renderer,RECONSTRUCTED,BEHAVIORAL_SOURCE_MODEL,yes,src/snes9x/cpu_shutdown_renderer_select_recovered.c,UNPROVEN
0x00188804,DrawTile16Sub,renderer,RECONSTRUCTED,BEHAVIORAL_SOURCE_MODEL,yes,src/snes9x/cpu_shutdown_renderer_select_recovered.c,UNPROVEN
0x00188b20,DrawClippedTile16Sub,renderer,RECONSTRUCTED,BEHAVIORAL_SOURCE_MODEL,yes,src/snes9x/cpu_shutdown_renderer_select_recovered.c,UNPROVEN
0x00188fb8,DrawTile16Sub1_2,renderer,RECONSTRUCTED,BEHAVIORAL_SOURCE_MODEL,yes,src/snes9x/cpu_shutdown_renderer_select_recovered.c,UNPROVEN
0x001892d4,DrawClippedTile16Sub1_2,renderer,RECONSTRUCTED,BEHAVIORAL_SOURCE_MODEL,yes,src/snes9x/cpu_shutdown_renderer_select_recovered.c,UNPROVEN
0x0018976c,DrawTile16FixedAdd1_2,renderer,RECONSTRUCTED,BEHAVIORAL_SOURCE_MODEL,yes,src/snes9x/cpu_shutdown_renderer_select_recovered.c,UNPROVEN
0x00189a88,DrawClippedTile16FixedAdd1_2,renderer,RECONSTRUCTED,BEHAVIORAL_SOURCE_MODEL,yes,src/snes9x/cpu_shutdown_renderer_select_recovered.c,UNPROVEN
0x00189f20,DrawTile16FixedSub1_2,renderer,RECONSTRUCTED,BEHAVIORAL_SOURCE_MODEL,yes,src/snes9x/cpu_shutdown_renderer_select_recovered.c,UNPROVEN
0x0018a23c,DrawClippedTile16FixedSub1_2,renderer,RECONSTRUCTED,BEHAVIORAL_SOURCE_MODEL,yes,src/snes9x/cpu_shutdown_renderer_select_recovered.c,UNPROVEN
0x0018a6d4,DrawLargePixel16Add,renderer,RECONSTRUCTED,BEHAVIORAL_SOURCE_MODEL,yes,src/snes9x/cpu_shutdown_renderer_select_recovered.c;src/snes9x/tile_large16_recovered.c,UNPROVEN
0x0018adb8,DrawLargePixel16Add1_2,renderer,RECONSTRUCTED,BEHAVIORAL_SOURCE_MODEL,yes,src/snes9x/cpu_shutdown_renderer_select_recovered.c;src/snes9x/tile_large16_recovered.c,UNPROVEN
0x0018b43c,DrawLargePixel16Sub,renderer,RECONSTRUCTED,BEHAVIORAL_SOURCE_MODEL,yes,src/snes9x/cpu_shutdown_renderer_select_recovered.c;src/snes9x/tile_large16_recovered.c,UNPROVEN
0x0018bac0,DrawLargePixel16Sub1_2,renderer,RECONSTRUCTED,BEHAVIORAL_SOURCE_MODEL,yes,src/snes9x/cpu_shutdown_renderer_select_recovered.c;src/snes9x/tile_large16_recovered.c,UNPROVEN
0x0018c124,get_tree,unzip,MATCHING,BEHAVIORAL_SOURCE_MODEL,yes,src/unzip/explode_recovered.c,MATCHING
0x0018c1f8,explode_lit8,unzip,RECONSTRUCTED,BEHAVIORAL_SOURCE_MODEL,yes,src/unzip/explode_recovered.c,UNPROVEN
0x0018c834,explode_lit4,unzip,RECONSTRUCTED,BEHAVIORAL_SOURCE_MODEL,yes,src/unzip/explode_recovered.c,UNPROVEN
0x0018ce70,explode_nolit8,unzip,RECONSTRUCTED,BEHAVIORAL_SOURCE_MODEL,yes,src/unzip/explode_recovered.c,UNPROVEN
0x0018d3c4,explode_nolit4,unzip,RECONSTRUCTED,BEHAVIORAL_SOURCE_MODEL,yes,src/unzip/explode_recovered.c,UNPROVEN
0x0018d918,explode,unzip,RECONSTRUCTED,BEHAVIORAL_SOURCE_MODEL,yes,src/ps2/progress28_structural_lift_recovered.c;src/unzip/explode_recovered.c,UNPROVEN
0x0018dc60,ReadByte,unzip,RECONSTRUCTED,BEHAVIORAL_SOURCE_MODEL,yes,src/unzip/explode_recovered.c,UNPROVEN
0x0018dd6c,huft_build,unzip,RECONSTRUCTED,BEHAVIORAL_SOURCE_MODEL,yes,src/unzip/explode_recovered.c,UNPROVEN
0x0018e2e0,huft_free,unzip,RECONSTRUCTED,BEHAVIORAL_SOURCE_MODEL,yes,src/unzip/explode_recovered.c,UNPROVEN
0x0018e318,flush,unzip,RECONSTRUCTED,BEHAVIORAL_SOURCE_MODEL,yes,src/unzip/explode_recovered.c,UNPROVEN
0x0018e3ac,flush_stack,unzip,RECONSTRUCTED,BEHAVIORAL_SOURCE_MODEL,yes,src/ps2/progress28_structural_lift_recovered.c;src/unzip/explode_recovered.c,UNPROVEN
0x0018e440,FillBitBuffer,unzip,RECONSTRUCTED,BEHAVIORAL_SOURCE_MODEL,yes,src/ps2/progress28_structural_lift_recovered.c;src/unzip/explode_recovered.c,UNPROVEN
0x0018e4c0,unReduce,unzip,RECONSTRUCTED,BEHAVIORAL_SOURCE_MODEL,yes,src/ps2/progress28_structural_lift_recovered.c;src/unzip/explode_recovered.c;src/unzip/unreduce_recovered.c,UNPROVEN
0x0018e92c,LoadFollowers,unzip,RECONSTRUCTED,BEHAVIORAL_SOURCE_MODEL,yes,src/unzip/unreduce_recovered.c,UNPROVEN
0x0018ea58,snes_p16_0018ea58,legacy-zip-zlib,RECONSTRUCTED,BEHAVIORAL_SOURCE_MODEL,yes,src/ps2/progress28_structural_lift_recovered.c,UNPROVEN
0x0018ea64,unShrink,unzip,RECONSTRUCTED,BEHAVIORAL_SOURCE_MODEL,yes,src/unzip/unshrink_recovered.c,UNPROVEN
0x0018eeb4,partial_clear,unzip,RECONSTRUCTED,BEHAVIORAL_SOURCE_MODEL,yes,src/ps2/progress28_structural_lift_recovered.c;src/unzip/unshrink_recovered.c,UNPROVEN
0x0018f010,unzlocal_getByte,unzip,RECONSTRUCTED,BEHAVIORAL_SOURCE_MODEL,yes,src/unzip/unshrink_recovered.c;src/unzip/unzip_api_recovered.c,UNPROVEN
0x0018f070,unzlocal_getShort,unzip,RECONSTRUCTED,BEHAVIORAL_SOURCE_MODEL,yes,src/ps2/progress28_structural_lift_recovered.c;src/unzip/unzip_api_recovered.c,UNPROVEN
0x0018f0ec,unzlocal_getLong,unzip,RECONSTRUCTED,BEHAVIORAL_SOURCE_MODEL,yes,src/ps2/progress28_structural_lift_recovered.c;src/unzip/unzip_api_recovered.c,UNPROVEN
0x0018f1b8,strcmpcasenosensitive_internal,unzip,RECONSTRUCTED,BEHAVIORAL_SOURCE_MODEL,yes,src/unzip/unzip_api_recovered.c,UNPROVEN
0x0018f240,unzStringFileNameCompare,unzip,RECONSTRUCTED,BEHAVIORAL_SOURCE_MODEL,yes,src/unzip/unzip_api_recovered.c,UNPROVEN
0x0018f27c,unzlocal_SearchCentralDir,unzip,RECONSTRUCTED,BEHAVIORAL_SOURCE_MODEL,yes,src/ps2/progress28_structural_lift_recovered.c;src/unzip/unzip_api_recovered.c,UNPROVEN
0x0018f408,unzOpen,unzip,RECONSTRUCTED,BEHAVIORAL_SOURCE_MODEL,yes,src/ps2/progress28_structural_lift_recovered.c,UNPROVEN
0x0018f5e0,unzClose,unzip,RECONSTRUCTED,BEHAVIORAL_SOURCE_MODEL,yes,src/ps2/progress28_structural_lift_recovered.c;src/unzip/unzip_api_recovered.c,UNPROVEN
0x0018f638,unzGetGlobalInfo,unzip,RECONSTRUCTED,BEHAVIORAL_SOURCE_MODEL,yes,src/unzip/unzip_api_recovered.c,UNPROVEN
0x0018f654,unzlocal_DosDateToTmuDate,unzip,RECONSTRUCTED,BEHAVIORAL_SOURCE_MODEL,yes,src/ps2/progress28_structural_lift_recovered.c;src/unzip/unzip_api_recovered.c,UNPROVEN
0x0018f6cc,unzlocal_GetCurrentFileInfoInternal,unzip,RECONSTRUCTED,BEHAVIORAL_SOURCE_MODEL,yes,src/ps2/progress28_structural_lift_recovered.c;src/unzip/unzip_api_recovered.c,UNPROVEN
0x0018faa4,snes_dispatch_0018faa4,dispatch-leaf,RECONSTRUCTED,BEHAVIORAL_SOURCE_MODEL,yes,src/ps2/progress28_structural_lift_recovered.c;src/ps2/small_dispatch_recovered.c,UNPROVEN
0x0018fab4,unzGetCurrentFileInfo,unzip,RECONSTRUCTED,BEHAVIORAL_SOURCE_MODEL,yes,src/unzip/unzip_api_recovered.c,UNPROVEN
0x0018faec,unzGoToFirstFile,unzip,RECONSTRUCTED,BEHAVIORAL_SOURCE_MODEL,yes,src/ps2/progress28_structural_lift_recovered.c;src/unzip/unzip_api_recovered.c,UNPROVEN
0x0018fb54,unzGoToNextFile,unzip,RECONSTRUCTED,BEHAVIORAL_SOURCE_MODEL,yes,src/ps2/progress28_structural_lift_recovered.c;src/unzip/unzip_api_recovered.c,UNPROVEN
0x0018fbfc,unzLocateFile,unzip,RECONSTRUCTED,BEHAVIORAL_SOURCE_MODEL,yes,src/ps2/progress28_structural_lift_recovered.c;src/unzip/unzip_api_recovered.c,UNPROVEN
0x0018fcec,unzlocal_CheckCurrentFileCoherencyHeader,unzip,RECONSTRUCTED,BEHAVIORAL_SOURCE_MODEL,yes,src/ps2/progress28_structural_lift_recovered.c,UNPROVEN
0x0018ff6c,unzOpenCurrentFile,unzip,RECONSTRUCTED,BEHAVIORAL_SOURCE_MODEL,yes,src/ps2/progress28_structural_lift_recovered.c,UNPROVEN
0x001900d4,unzReadCurrentFile,unzip,RECONSTRUCTED,BEHAVIORAL_SOURCE_MODEL,yes,src/ps2/progress28_structural_lift_recovered.c,UNPROVEN
0x00190458,unztell,unzip,RECONSTRUCTED,BEHAVIORAL_SOURCE_MODEL,yes,src/unzip/unzip_api_recovered.c,UNPROVEN
0x00190474,unzeof,unzip,RECONSTRUCTED,BEHAVIORAL_SOURCE_MODEL,yes,src/unzip/unzip_api_recovered.c,UNPROVEN
0x001904a0,unzGetLocalExtrafield,unzip,RECONSTRUCTED,BEHAVIORAL_SOURCE_MODEL,yes,src/unzip/unzip_api_recovered.c,UNPROVEN
0x00190578,unzCloseCurrentFile,unzip,RECONSTRUCTED,BEHAVIORAL_SOURCE_MODEL,yes,src/ps2/progress28_structural_lift_recovered.c;src/unzip/unzip_api_recovered.c,UNPROVEN
0x00190628,unzGetGlobalComment,unzip,RECONSTRUCTED,BEHAVIORAL_SOURCE_MODEL,yes,src/unzip/unzip_api_recovered.c,UNPROVEN
0x00190700,compress2,zlib,RECONSTRUCTED,BEHAVIORAL_SOURCE_MODEL,yes,src/unzip/unzip_api_recovered.c;src/zlib/zlib_buffer_api_recovered.c,UNPROVEN
0x001907cc,compress,zlib,RECONSTRUCTED,BEHAVIORAL_SOURCE_MODEL,yes,src/zlib/zlib_buffer_api_recovered.c,UNPROVEN
0x001907e8,uncompress,zlib,RECONSTRUCTED,BEHAVIORAL_SOURCE_MODEL,yes,src/zlib/zlib_buffer_api_recovered.c,UNPROVEN
0x001908bc,deflateInit_,zlib,RECONSTRUCTED,BEHAVIORAL_SOURCE_MODEL,yes,src/zlib/zlib_buffer_api_recovered.c,UNPROVEN
0x001908ec,deflateInit2_,zlib,RECONSTRUCTED,BEHAVIORAL_SOURCE_MODEL,yes,src/zlib/deflate_state_recovered.c;src/zlib/zlib_buffer_api_recovered.c,UNPROVEN
0x00190bb4,deflateSetDictionary,zlib,RECONSTRUCTED,BEHAVIORAL_SOURCE_MODEL,yes,src/zlib/deflate_state_recovered.c,UNPROVEN
0x00190d10,deflateReset,zlib,RECONSTRUCTED,BEHAVIORAL_SOURCE_MODEL,yes,src/zlib/deflate_state_recovered.c,UNPROVEN
0x00190dc0,deflateParams,zlib,RECONSTRUCTED,BEHAVIORAL_SOURCE_MODEL,yes,src/zlib/deflate_state_recovered.c,UNPROVEN
0x00190ec8,putShortMSB,zlib,RECONSTRUCTED,BEHAVIORAL_SOURCE_MODEL,yes,src/zlib/deflate_state_recovered.c,UNPROVEN
0x00190ef8,flush_pending,zlib,RECONSTRUCTED,BEHAVIORAL_SOURCE_MODEL,yes,src/zlib/deflate_state_recovered.c,UNPROVEN
0x00190fa0,deflate,zlib,RECONSTRUCTED,BEHAVIORAL_SOURCE_MODEL,yes,src/zlib/deflate_engine_recovered.c;src/zlib/deflate_state_recovered.c;src/zlib/gzio_recovered.c;src/zlib/zlib_buffer_api_recovered.c,UNPROVEN
0x00191308,deflateEnd,zlib,RECONSTRUCTED,BEHAVIORAL_SOURCE_MODEL,yes,src/zlib/deflate_state_recovered.c;src/zlib/zlib_buffer_api_recovered.c,UNPROVEN
0x00191400,deflateCopy,zlib,RECONSTRUCTED,BEHAVIORAL_SOURCE_MODEL,yes,src/zlib/deflate_state_recovered.c,UNPROVEN
0x0019165c,read_buf,zlib,RECONSTRUCTED,BEHAVIORAL_SOURCE_MODEL,yes,src/zlib/deflate_state_recovered.c,UNPROVEN
0x0019170c,lm_init,zlib,RECONSTRUCTED,BEHAVIORAL_SOURCE_MODEL,yes,src/zlib/deflate_state_recovered.c,UNPROVEN
0x001917b0,longest_match,zlib,RECONSTRUCTED,BEHAVIORAL_SOURCE_MODEL,yes,src/zlib/deflate_engine_recovered.c,UNPROVEN
0x001919a4,fill_window,zlib,RECONSTRUCTED,BEHAVIORAL_SOURCE_MODEL,yes,src/zlib/deflate_engine_recovered.c,UNPROVEN
0x00191b64,deflate_stored,zlib,RECONSTRUCTED,BEHAVIORAL_SOURCE_MODEL,yes,src/zlib/deflate_engine_recovered.c;src/zlib/deflate_state_recovered.c,UNPROVEN
0x00191d4c,deflate_fast,zlib,RECONSTRUCTED,BEHAVIORAL_SOURCE_MODEL,yes,src/zlib/deflate_engine_recovered.c;src/zlib/deflate_state_recovered.c,UNPROVEN
0x001921a8,deflate_slow,zlib,RECONSTRUCTED,BEHAVIORAL_SOURCE_MODEL,yes,src/zlib/deflate_engine_recovered.c;src/zlib/deflate_state_recovered.c,UNPROVEN
0x0019272c,inflateReset,zlib,RECONSTRUCTED,BEHAVIORAL_SOURCE_MODEL,yes,src/zlib/inflate_state_recovered.c,UNPROVEN
0x00192784,inflateEnd,zlib,RECONSTRUCTED,BEHAVIORAL_SOURCE_MODEL,yes,src/zlib/inflate_state_recovered.c;src/zlib/zlib_buffer_api_recovered.c,UNPROVEN
0x00192800,inflateInit2_,zlib,RECONSTRUCTED,BEHAVIORAL_SOURCE_MODEL,yes,src/ps2/progress28_structural_lift_recovered.c;src/zlib/inflate_state_recovered.c,UNPROVEN
0x00192948,inflateInit_,zlib,RECONSTRUCTED,BEHAVIORAL_SOURCE_MODEL,yes,src/zlib/inflate_state_recovered.c;src/zlib/zlib_buffer_api_recovered.c,UNPROVEN
0x0019296c,inflate,zlib,RECONSTRUCTED,BEHAVIORAL_SOURCE_MODEL,yes,src/ps2/progress28_structural_lift_recovered.c;src/zlib/inflate_state_recovered.c;src/zlib/zlib_buffer_api_recovered.c,UNPROVEN
0x00192e60,inflateSetDictionary,zlib,RECONSTRUCTED,BEHAVIORAL_SOURCE_MODEL,yes,src/zlib/inflate_state_recovered.c,UNPROVEN
0x00192f30,inflateSync,zlib,RECONSTRUCTED,BEHAVIORAL_SOURCE_MODEL,yes,src/zlib/inflate_state_recovered.c,UNPROVEN
0x0019304c,inflateSyncPoint,zlib,RECONSTRUCTED,BEHAVIORAL_SOURCE_MODEL,yes,src/zlib/inflate_state_recovered.c,UNPROVEN
0x00193094,get_crc_table,zlib,RECONSTRUCTED,BEHAVIORAL_SOURCE_MODEL,yes,src/zlib/crc32_recovered.c,UNPROVEN
0x001930a0,crc32,zlib,RECONSTRUCTED,BEHAVIORAL_SOURCE_MODEL,yes,src/ps2/progress28_structural_lift_recovered.c;src/zlib/crc32_recovered.c,UNPROVEN
0x00193290,snes_leaf_00193290,address-leaf,RECONSTRUCTED,BEHAVIORAL_SOURCE_MODEL,yes,src/ps2/address_leaf_recovered.c;src/zlib/gzio_recovered.c,UNPROVEN
0x00193298,gz_open,zlib,RECONSTRUCTED,BEHAVIORAL_SOURCE_MODEL,yes,src/zlib/gzio_recovered.c,UNPROVEN
0x00193564,gzopen,zlib,RECONSTRUCTED,BEHAVIORAL_SOURCE_MODEL,yes,src/ps2/progress28_structural_lift_recovered.c;src/zlib/gzio_recovered.c,UNPROVEN
0x00193580,gzdopen,zlib,RECONSTRUCTED,BEHAVIORAL_SOURCE_MODEL,yes,src/zlib/gzio_recovered.c,UNPROVEN
0x001935d8,gzsetparams,zlib,RECONSTRUCTED,BEHAVIORAL_SOURCE_MODEL,yes,src/zlib/gzio_recovered.c,UNPROVEN
0x00193674,get_byte,zlib,RECONSTRUCTED,BEHAVIORAL_SOURCE_MODEL,yes,src/zlib/gzio_recovered.c,UNPROVEN
0x0019371c,check_header,zlib,RECONSTRUCTED,BEHAVIORAL_SOURCE_MODEL,yes,src/zlib/gzio_recovered.c,UNPROVEN
0x00193914,destroy,zlib,RECONSTRUCTED,BEHAVIORAL_SOURCE_MODEL,yes,src/zlib/gzio_recovered.c,UNPROVEN
0x00193a34,gzread,zlib,RECONSTRUCTED,BEHAVIORAL_SOURCE_MODEL,yes,src/ps2/progress28_structural_lift_recovered.c;src/zlib/gzio_recovered.c,UNPROVEN
0x00193cd8,gzgetc,zlib,RECONSTRUCTED,BEHAVIORAL_SOURCE_MODEL,yes,src/zlib/gzio_recovered.c,UNPROVEN
0x00193d0c,gzgets,zlib,RECONSTRUCTED,BEHAVIORAL_SOURCE_MODEL,yes,src/zlib/gzio_recovered.c,UNPROVEN
0x00193dbc,gzwrite,zlib,RECONSTRUCTED,BEHAVIORAL_SOURCE_MODEL,yes,src/ps2/progress28_structural_lift_recovered.c;src/zlib/gzio_recovered.c,UNPROVEN
0x00193e8c,gzprintf,zlib,RECONSTRUCTED,BEHAVIORAL_SOURCE_MODEL,yes,src/zlib/gzio_recovered.c,UNPROVEN
0x00193f08,gzputc,zlib,RECONSTRUCTED,BEHAVIORAL_SOURCE_MODEL,yes,src/zlib/gzio_recovered.c,UNPROVEN
0x00193f44,gzputs,zlib,RECONSTRUCTED,BEHAVIORAL_SOURCE_MODEL,yes,src/zlib/gzio_recovered.c,UNPROVEN
0x00193f88,do_flush,zlib,RECONSTRUCTED,BEHAVIORAL_SOURCE_MODEL,yes,src/zlib/gzio_recovered.c,UNPROVEN
0x001940ac,gzflush,zlib,RECONSTRUCTED,BEHAVIORAL_SOURCE_MODEL,yes,src/zlib/gzio_recovered.c,UNPROVEN
0x001940ec,gzseek,zlib,RECONSTRUCTED,BEHAVIORAL_SOURCE_MODEL,yes,src/zlib/gzio_recovered.c,UNPROVEN
0x001942d4,gzrewind,zlib,RECONSTRUCTED,BEHAVIORAL_SOURCE_MODEL,yes,src/zlib/gzio_recovered.c,UNPROVEN
0x00194378,gztell,zlib,RECONSTRUCTED,BEHAVIORAL_SOURCE_MODEL,yes,src/zlib/gzio_recovered.c,UNPROVEN
0x00194398,gzeof,zlib,RECONSTRUCTED,BEHAVIORAL_SOURCE_MODEL,yes,src/zlib/gzio_recovered.c,UNPROVEN
0x001943c0,putLong,zlib,RECONSTRUCTED,BEHAVIORAL_SOURCE_MODEL,yes,src/zlib/gzio_recovered.c,UNPROVEN
0x0019441c,getLong,zlib,RECONSTRUCTED,BEHAVIORAL_SOURCE_MODEL,yes,src/zlib/gzio_recovered.c,UNPROVEN
0x00194498,gzclose,zlib,RECONSTRUCTED,BEHAVIORAL_SOURCE_MODEL,yes,src/ps2/progress28_structural_lift_recovered.c;src/zlib/gzio_recovered.c,UNPROVEN
0x0019450c,gzerror,zlib,RECONSTRUCTED,BEHAVIORAL_SOURCE_MODEL,yes,src/zlib/gzio_recovered.c,UNPROVEN
0x00194628,inflate_blocks_reset,zlib,RECONSTRUCTED,BEHAVIORAL_SOURCE_MODEL,yes,src/zlib/infblock_frontend_recovered.c,UNPROVEN
0x001946e8,inflate_blocks_new,zlib,RECONSTRUCTED,BEHAVIORAL_SOURCE_MODEL,yes,src/zlib/infblock_frontend_recovered.c,UNPROVEN
0x001947d0,inflate_blocks,zlib,RECONSTRUCTED,BEHAVIORAL_SOURCE_MODEL,yes,src/zlib/infblock_engine_recovered.c;src/zlib/infblock_frontend_recovered.c,UNPROVEN
0x00195280,inflate_blocks_free,zlib,RECONSTRUCTED,BEHAVIORAL_SOURCE_MODEL,yes,src/zlib/infblock_frontend_recovered.c,UNPROVEN
0x001952e8,inflate_set_dictionary,zlib,RECONSTRUCTED,BEHAVIORAL_SOURCE_MODEL,yes,src/zlib/infblock_frontend_recovered.c,UNPROVEN
0x0019532c,inflate_blocks_sync_point,zlib,RECONSTRUCTED,BEHAVIORAL_SOURCE_MODEL,yes,src/zlib/infblock_frontend_recovered.c,UNPROVEN
0x0019533c,inflate_codes_new,zlib,RECONSTRUCTED,BEHAVIORAL_SOURCE_MODEL,yes,src/zlib/infcodes_recovered.c,UNPROVEN
0x001953ac,inflate_codes,zlib,RECONSTRUCTED,BEHAVIORAL_SOURCE_MODEL,yes,src/zlib/infcodes_recovered.c,UNPROVEN
0x00195b10,inflate_codes_free,zlib,RECONSTRUCTED,BEHAVIORAL_SOURCE_MODEL,yes,src/zlib/infcodes_recovered.c,UNPROVEN
0x00195b3c,snes_p16_00195b3c,legacy-zip-zlib,RECONSTRUCTED,BEHAVIORAL_SOURCE_MODEL,yes,src/ps2/progress28_structural_lift_recovered.c,UNPROVEN
0x00195b40,inflate_fast,zlib,RECONSTRUCTED,BEHAVIORAL_SOURCE_MODEL,yes,src/zlib/inffast_recovered.c,UNPROVEN
0x00195f80,huft_build,zlib,RECONSTRUCTED,BEHAVIORAL_SOURCE_MODEL,yes,src/zlib/inftrees_recovered.c,UNPROVEN
0x001964d4,inflate_trees_bits,zlib,RECONSTRUCTED,BEHAVIORAL_SOURCE_MODEL,yes,src/zlib/inftrees_recovered.c,UNPROVEN
0x001965d4,inflate_trees_dynamic,zlib,RECONSTRUCTED,BEHAVIORAL_SOURCE_MODEL,yes,src/zlib/inftrees_recovered.c,UNPROVEN
0x001967b0,inflate_trees_fixed,zlib,RECONSTRUCTED,BEHAVIORAL_SOURCE_MODEL,yes,src/zlib/inftrees_recovered.c,UNPROVEN
0x001967e8,inflate_flush,zlib,RECONSTRUCTED,BEHAVIORAL_SOURCE_MODEL,yes,src/zlib/infutil_recovered.c,UNPROVEN
0x00196980,tr_static_init,zlib,RECONSTRUCTED,BEHAVIORAL_SOURCE_MODEL,yes,src/zlib/trees_recovered.c,UNPROVEN
0x00196988,_tr_init,zlib,RECONSTRUCTED,BEHAVIORAL_SOURCE_MODEL,yes,src/zlib/trees_recovered.c,UNPROVEN
0x00196a00,init_block,zlib,RECONSTRUCTED,BEHAVIORAL_SOURCE_MODEL,yes,src/zlib/trees_recovered.c,UNPROVEN
0x00196a94,pqdownheap,zlib,RECONSTRUCTED,BEHAVIORAL_SOURCE_MODEL,yes,src/zlib/trees_recovered.c,UNPROVEN
0x00196b98,gen_bitlen,zlib,RECONSTRUCTED,BEHAVIORAL_SOURCE_MODEL,yes,src/zlib/trees_recovered.c,UNPROVEN
0x00196e80,gen_codes,zlib,RECONSTRUCTED,BEHAVIORAL_SOURCE_MODEL,yes,src/zlib/trees_recovered.c,UNPROVEN
0x00196f24,build_tree,zlib,RECONSTRUCTED,BEHAVIORAL_SOURCE_MODEL,yes,src/zlib/trees_recovered.c,UNPROVEN
0x001971ec,scan_tree,zlib,RECONSTRUCTED,BEHAVIORAL_SOURCE_MODEL,yes,src/zlib/trees_recovered.c,UNPROVEN
0x001972f4,send_tree,zlib,RECONSTRUCTED,BEHAVIORAL_SOURCE_MODEL,yes,src/zlib/trees_recovered.c,UNPROVEN
0x00197874,build_bl_tree,zlib,RECONSTRUCTED,BEHAVIORAL_SOURCE_MODEL,yes,src/zlib/trees_recovered.c,UNPROVEN
0x00197910,send_all_trees,zlib,RECONSTRUCTED,BEHAVIORAL_SOURCE_MODEL,yes,src/zlib/trees_recovered.c,UNPROVEN
0x00197bf4,_tr_stored_block,zlib,RECONSTRUCTED,BEHAVIORAL_SOURCE_MODEL,yes,src/zlib/trees_recovered.c,UNPROVEN
0x00197cb0,_tr_align,zlib,RECONSTRUCTED,BEHAVIORAL_SOURCE_MODEL,yes,src/zlib/trees_recovered.c,UNPROVEN
0x00197f64,_tr_flush_block,zlib,RECONSTRUCTED,BEHAVIORAL_SOURCE_MODEL,yes,src/zlib/trees_recovered.c,UNPROVEN
0x001981e8,_tr_tally,zlib,RECONSTRUCTED,BEHAVIORAL_SOURCE_MODEL,yes,src/zlib/trees_recovered.c,UNPROVEN
0x00198308,compress_block,zlib,RECONSTRUCTED,BEHAVIORAL_SOURCE_MODEL,yes,src/zlib/trees_recovered.c,UNPROVEN
0x0019879c,set_data_type,zlib,RECONSTRUCTED,BEHAVIORAL_SOURCE_MODEL,yes,src/zlib/trees_recovered.c,UNPROVEN
0x00198840,bi_reverse,zlib,RECONSTRUCTED,BEHAVIORAL_SOURCE_MODEL,yes,src/zlib/trees_recovered.c,UNPROVEN
0x0019886c,bi_flush,zlib,RECONSTRUCTED,BEHAVIORAL_SOURCE_MODEL,yes,src/zlib/trees_recovered.c,UNPROVEN
0x00198904,bi_windup,zlib,RECONSTRUCTED,BEHAVIORAL_SOURCE_MODEL,yes,src/zlib/trees_recovered.c,UNPROVEN
0x0019897c,copy_block,zlib,RECONSTRUCTED,BEHAVIORAL_SOURCE_MODEL,yes,src/zlib/trees_recovered.c,UNPROVEN
0x00198a58,zlibVersion,zlib,RECONSTRUCTED,BEHAVIORAL_SOURCE_MODEL,yes,src/zlib/zutil_adler_recovered.c,UNPROVEN
0x00198a64,zError,zlib,RECONSTRUCTED,BEHAVIORAL_SOURCE_MODEL,yes,src/zlib/gzio_recovered.c;src/zlib/zutil_adler_recovered.c,UNPROVEN
0x00198a84,zcalloc,zlib,RECONSTRUCTED,BEHAVIORAL_SOURCE_MODEL,yes,src/zlib/deflate_state_recovered.c;src/zlib/inflate_state_recovered.c;src/zlib/zutil_adler_recovered.c,UNPROVEN
0x00198aa4,zcfree,zlib,RECONSTRUCTED,BEHAVIORAL_SOURCE_MODEL,yes,src/zlib/deflate_state_recovered.c;src/zlib/inflate_state_recovered.c;src/zlib/zutil_adler_recovered.c,UNPROVEN
0x00198ac0,adler32,zlib,RECONSTRUCTED,BEHAVIORAL_SOURCE_MODEL,yes,src/zlib/zutil_adler_recovered.c,UNPROVEN
0x00198c58,gsDriver_ctor_A,gslib,RECONSTRUCTED,BEHAVIORAL_SOURCE_MODEL,yes,src/ps2/gsdriver_recovered.c,UNPROVEN
0x00198cc8,gsDriver_ctor_B,gslib,RECONSTRUCTED,BEHAVIORAL_SOURCE_MODEL,yes,src/app/main_bootstrap.c;src/ps2/gsdriver_recovered.c;src/ps2/progress22_more_small_helpers_recovered.c;src/ps2/progress28_structural_lift_recovered.c,UNPROVEN
0x00198d38,gsDriver_dtor_A,gslib,RECONSTRUCTED,BEHAVIORAL_SOURCE_MODEL,yes,src/ps2/gsdriver_recovered.c,UNPROVEN
0x00198d58,gsDriver_dtor_B,gslib,RECONSTRUCTED,BEHAVIORAL_SOURCE_MODEL,yes,src/ps2/gsdriver_recovered.c,UNPROVEN
0x00198d78,gsDriver_setDisplayMode,gslib,RECONSTRUCTED,BEHAVIORAL_SOURCE_MODEL,yes,src/ps2/gsdriver_recovered.c;src/ps2/progress28_structural_lift_recovered.c,UNPROVEN
0x00199070,gsDriver_setDisplayPosition,gslib,RECONSTRUCTED,BEHAVIORAL_SOURCE_MODEL,yes,src/ps2/gsdriver_recovered.c;src/ps2/progress28_structural_lift_recovered.c,UNPROVEN
0x001990f8,gsDriver_clearScreen,gslib,RECONSTRUCTED,BEHAVIORAL_SOURCE_MODEL,yes,src/app/main_bootstrap.c;src/ps2/gsdriver_recovered.c;src/ps2/progress28_structural_lift_recovered.c,UNPROVEN
0x00199160,InitGraphField,gslib,RECONSTRUCTED,BEHAVIORAL_SOURCE_MODEL,yes,src/ps2/gsdriver_recovered.c,UNPROVEN
0x00199178,gsDriver_getFrameBufferBase,gslib,RECONSTRUCTED,BEHAVIORAL_SOURCE_MODEL,yes,src/ps2/gsdriver_recovered.c,UNPROVEN
0x00199198,gsDriver_getTextureBufferBase,gslib,RECONSTRUCTED,BEHAVIORAL_SOURCE_MODEL,yes,src/ps2/gsdriver_recovered.c;src/ps2/progress28_structural_lift_recovered.c,UNPROVEN
0x001991a0,gsDriver_getCurrentDisplayBuffer,gslib,RECONSTRUCTED,BEHAVIORAL_SOURCE_MODEL,yes,src/ps2/gsdriver_recovered.c,UNPROVEN
0x001991a8,gsDriver_getCurrentDrawBuffer,gslib,RECONSTRUCTED,BEHAVIORAL_SOURCE_MODEL,yes,src/ps2/gsdriver_recovered.c,UNPROVEN
0x001991b0,gsDriver_swapBuffers,gslib,RECONSTRUCTED,BEHAVIORAL_SOURCE_MODEL,yes,src/ps2/gsdriver_recovered.c;src/ps2/progress11_frontend_recovered.c;src/ps2/progress28_structural_lift_recovered.c,UNPROVEN
0x001991e8,gsDriver_isDrawBufferAvailable,gslib,RECONSTRUCTED,BEHAVIORAL_SOURCE_MODEL,yes,src/ps2/gsdriver_recovered.c;src/ps2/progress28_structural_lift_recovered.c,UNPROVEN
0x001991f8,gsDriver_isDisplayBufferAvailable,gslib,RECONSTRUCTED,BEHAVIORAL_SOURCE_MODEL,yes,src/ps2/gsdriver_recovered.c,UNPROVEN
0x00199208,gsDriver_setNextDrawBuffer,gslib,RECONSTRUCTED,BEHAVIORAL_SOURCE_MODEL,yes,src/ps2/gsdriver_recovered.c;src/ps2/progress28_structural_lift_recovered.c,UNPROVEN
0x00199268,gsDriver_DrawBufferComplete,gslib,RECONSTRUCTED,BEHAVIORAL_SOURCE_MODEL,yes,src/ps2/gsdriver_recovered.c;src/ps2/progress28_structural_lift_recovered.c,UNPROVEN
0x00199290,gsDriver_DisplayNextFrame,gslib,RECONSTRUCTED,BEHAVIORAL_SOURCE_MODEL,yes,src/ps2/gsdriver_recovered.c,UNPROVEN
0x001992f8,gsDriver_setDisplayBuffer,gslib,RECONSTRUCTED,BEHAVIORAL_SOURCE_MODEL,yes,src/ps2/gsdriver_recovered.c,UNPROVEN
0x00199360,gsDriver_setDrawBuffer,gslib,RECONSTRUCTED,BEHAVIORAL_SOURCE_MODEL,yes,src/ps2/gsdriver_recovered.c,UNPROVEN
0x001993c8,gsDriver_AddVSyncCallback,gslib,RECONSTRUCTED,BEHAVIORAL_SOURCE_MODEL,yes,src/ps2/gsdriver_recovered.c;src/ps2/progress28_structural_lift_recovered.c,UNPROVEN
0x00199420,gsDriver_RemoveVSyncCallback,gslib,RECONSTRUCTED,BEHAVIORAL_SOURCE_MODEL,yes,src/ps2/gsdriver_recovered.c;src/ps2/progress11_frontend_recovered.c,UNPROVEN
0x00199440,gsDriver_EnableVSyncCallbacks,gslib,RECONSTRUCTED,BEHAVIORAL_SOURCE_MODEL,yes,src/ps2/gsdriver_recovered.c,UNPROVEN
0x00199460,gsDriver_DisableVSyncCallbacks,gslib,RECONSTRUCTED,BEHAVIORAL_SOURCE_MODEL,yes,src/ps2/gsdriver_recovered.c;src/ps2/progress11_frontend_recovered.c,UNPROVEN
0x00199480,gsPipe_ctor_A,gslib,RECONSTRUCTED,BEHAVIORAL_SOURCE_MODEL,yes,src/ps2/gspipe_recovered.c,UNPROVEN
0x00199590,gsPipe_ctor_B,gslib,RECONSTRUCTED,BEHAVIORAL_SOURCE_MODEL,yes,src/ps2/gsdriver_recovered.c;src/ps2/gspipe_recovered.c,UNPROVEN
0x001996a0,gsPipe_dtor_A,gslib,RECONSTRUCTED,BEHAVIORAL_SOURCE_MODEL,yes,src/ps2/gspipe_recovered.c,UNPROVEN
0x001996d0,gsPipe_dtor_B,gslib,RECONSTRUCTED,BEHAVIORAL_SOURCE_MODEL,yes,src/ps2/gsdriver_recovered.c;src/ps2/gspipe_recovered.c,UNPROVEN
0x00199700,gsPipe_copy_ctor_A,gslib,RECONSTRUCTED,BEHAVIORAL_SOURCE_MODEL,yes,src/ps2/gspipe_recovered.c,UNPROVEN
0x00199720,gsPipe_copy_ctor_B,gslib,RECONSTRUCTED,BEHAVIORAL_SOURCE_MODEL,yes,src/ps2/gspipe_recovered.c,UNPROVEN
0x00199740,gsPipe_operator_assign,gslib,RECONSTRUCTED,BEHAVIORAL_SOURCE_MODEL,yes,src/ps2/gspipe_recovered.c,UNPROVEN
0x00199830,gsPipe_getPipeSize,gslib,RECONSTRUCTED,BEHAVIORAL_SOURCE_MODEL,yes,src/ps2/gs_fifo_recovered.c,UNPROVEN
0x00199838,gsPipe_InitPipe,gslib,RECONSTRUCTED,BEHAVIORAL_SOURCE_MODEL,yes,src/ps2/gs_fifo_recovered.c;src/ps2/gspipe_recovered.c,UNPROVEN
0x00199848,gsPipe_ReInit,gslib,RECONSTRUCTED,BEHAVIORAL_SOURCE_MODEL,yes,src/ps2/gspipe_recovered.c,UNPROVEN
0x00199898,gsPipe_getBytesLeft,gslib,RECONSTRUCTED,BEHAVIORAL_SOURCE_MODEL,yes,src/ps2/gs_fifo_recovered.c,UNPROVEN
0x001998b8,gsPipe_FlushCheck,gslib,RECONSTRUCTED,BEHAVIORAL_SOURCE_MODEL,yes,src/ps2/gs_fifo_recovered.c;src/ps2/gspipe_recovered.c,UNPROVEN
0x001998f8,gsPipe_Flush,gslib,RECONSTRUCTED,BEHAVIORAL_SOURCE_MODEL,yes,src/ps2/gs_fifo_recovered.c;src/ps2/gsdriver_recovered.c;src/ps2/gspipe_recovered.c;src/ps2/progress11_frontend_recovered.c;src/ps2/progress28_structural_lift_recovered.c,UNPROVEN
0x00199970,gsPipe_FlushInt,gslib,RECONSTRUCTED,BEHAVIORAL_SOURCE_MODEL,yes,src/ps2/gs_fifo_recovered.c,UNPROVEN
0x001999e8,gsPipe_setZBuffer,gslib,RECONSTRUCTED,BEHAVIORAL_SOURCE_MODEL,yes,src/ps2/gsdriver_recovered.c;src/ps2/gspipe_recovered.c,UNPROVEN
0x00199aa8,gsPipe_setZTestEnable,gslib,RECONSTRUCTED,BEHAVIORAL_SOURCE_MODEL,yes,src/ps2/gsdriver_recovered.c;src/ps2/gspipe_recovered.c;src/ps2/progress28_structural_lift_recovered.c,UNPROVEN
0x00199b80,gsPipe_setAlphaEnable,gslib,RECONSTRUCTED,BEHAVIORAL_SOURCE_MODEL,yes,src/ps2/gspipe_recovered.c;src/ps2/progress11_frontend_recovered.c;src/ps2/progress28_structural_lift_recovered.c,UNPROVEN
0x00199c58,gsPipe_setDither,gslib,RECONSTRUCTED,BEHAVIORAL_SOURCE_MODEL,yes,src/ps2/gsdriver_recovered.c;src/ps2/gspipe_recovered.c,UNPROVEN
0x00199cd0,gsPipe_setColClamp,gslib,RECONSTRUCTED,BEHAVIORAL_SOURCE_MODEL,yes,src/ps2/gsdriver_recovered.c;src/ps2/gspipe_recovered.c,UNPROVEN
0x00199d48,gsPipe_setPrModeCont,gslib,RECONSTRUCTED,BEHAVIORAL_SOURCE_MODEL,yes,src/ps2/gsdriver_recovered.c;src/ps2/gspipe_recovered.c,UNPROVEN
0x00199dc0,gsPipe_setDrawFrame,gslib,RECONSTRUCTED,BEHAVIORAL_SOURCE_MODEL,yes,src/ps2/gs_fifo_recovered.c;src/ps2/gsdriver_recovered.c,UNPROVEN
0x00199e58,gsPipe_setOrigin,gslib,RECONSTRUCTED,BEHAVIORAL_SOURCE_MODEL,yes,src/ps2/gsdriver_recovered.c;src/ps2/gspipe_recovered.c,UNPROVEN
0x00199ef8,gsPipe_setScissorRect,gslib,RECONSTRUCTED,BEHAVIORAL_SOURCE_MODEL,yes,src/ps2/gsdriver_recovered.c;src/ps2/gspipe_recovered.c;src/ps2/progress22_more_small_helpers_recovered.c;src/ps2/progress28_structural_lift_recovered.c,UNPROVEN
0x00199f88,gsPipe_TextureUpload,gslib,RECONSTRUCTED,BEHAVIORAL_SOURCE_MODEL,yes,src/ps2/gsfont_recovered.c;src/ps2/gspipe_recovered.c;src/ps2/progress28_structural_lift_recovered.c,UNPROVEN
0x0019a240,gsPipe_TextureDownload,gslib,RECONSTRUCTED,BEHAVIORAL_SOURCE_MODEL,yes,src/ps2/gspipe_recovered.c,UNPROVEN
0x0019a500,gsPipe_TextureFlush,gslib,RECONSTRUCTED,BEHAVIORAL_SOURCE_MODEL,yes,src/ps2/gspipe_recovered.c,UNPROVEN
0x0019a580,gsPipe_setFilterMethod,gslib,RECONSTRUCTED,BEHAVIORAL_SOURCE_MODEL,yes,src/ps2/gspipe_recovered.c;src/ps2/progress28_structural_lift_recovered.c,UNPROVEN
0x0019a588,gsPipe_TextureSet,gslib,RECONSTRUCTED,BEHAVIORAL_SOURCE_MODEL,yes,src/ps2/gsfont_recovered.c;src/ps2/gspipe_recovered.c;src/ps2/progress28_structural_lift_recovered.c,UNPROVEN
0x0019a748,gsPipe_Line,gslib,RECONSTRUCTED,BEHAVIORAL_SOURCE_MODEL,yes,src/ps2/gspipe_recovered.c;src/ps2/progress28_structural_lift_recovered.c,UNPROVEN
0x0019a838,gsPipe_TriangleLine,gslib,RECONSTRUCTED,BEHAVIORAL_SOURCE_MODEL,yes,src/ps2/gspipe_recovered.c,UNPROVEN
0x0019a9c0,gsPipe_TriangleFlat,gslib,RECONSTRUCTED,BEHAVIORAL_SOURCE_MODEL,yes,src/ps2/gspipe_recovered.c,UNPROVEN
0x0019aae8,gsPipe_TriangleGouraud,gslib,RECONSTRUCTED,BEHAVIORAL_SOURCE_MODEL,yes,src/ps2/gspipe_recovered.c,UNPROVEN
0x0019ac40,gsPipe_TriangleTexture,gslib,RECONSTRUCTED,BEHAVIORAL_SOURCE_MODEL,yes,src/ps2/gspipe_recovered.c,UNPROVEN
0x0019adf8,gsPipe_RectFlat,gslib,RECONSTRUCTED,BEHAVIORAL_SOURCE_MODEL,yes,src/ps2/gsdriver_recovered.c;src/ps2/gsfont_recovered.c;src/ps2/gspipe_recovered.c;src/ps2/progress11_frontend_recovered.c;src/ps2/progress28_structural_lift_recovered.c,UNPROVEN
0x0019af08,gsPipe_RectLine,gslib,RECONSTRUCTED,BEHAVIORAL_SOURCE_MODEL,yes,src/ps2/gspipe_recovered.c,UNPROVEN
0x0019b028,gsPipe_RectTexture,gslib,RECONSTRUCTED,BEHAVIORAL_SOURCE_MODEL,yes,src/ps2/gsfont_recovered.c;src/ps2/gspipe_recovered.c;src/ps2/progress28_structural_lift_recovered.c,UNPROVEN
0x0019b170,gsPipe_RectGouraud,gslib,RECONSTRUCTED,BEHAVIORAL_SOURCE_MODEL,yes,src/ps2/gspipe_recovered.c,UNPROVEN
0x0019b2c8,gsPipe_Point,gslib,RECONSTRUCTED,BEHAVIORAL_SOURCE_MODEL,yes,src/ps2/gspipe_recovered.c,UNPROVEN
0x0019b3a8,gsPipe_TriStripGouraud,gslib,RECONSTRUCTED,BEHAVIORAL_SOURCE_MODEL,yes,src/ps2/gspipe_recovered.c,UNPROVEN
0x0019b568,gsPipe_TriStripGouraudTexture,gslib,RECONSTRUCTED,BEHAVIORAL_SOURCE_MODEL,yes,src/ps2/gspipe_recovered.c,UNPROVEN
0x0019b7f0,gsFont_uploadFont,gslib,RECONSTRUCTED,BEHAVIORAL_SOURCE_MODEL,yes,src/ps2/gsfont_recovered.c;src/ps2/progress28_structural_lift_recovered.c,UNPROVEN
0x0019b948,gsFont_Print,gslib,RECONSTRUCTED,BEHAVIORAL_SOURCE_MODEL,yes,src/ps2/gsfont_recovered.c;src/ps2/progress22_more_small_helpers_recovered.c;src/ps2/progress28_structural_lift_recovered.c,UNPROVEN
0x0019bad0,gsFont_GetCurrLineLength,gslib,RECONSTRUCTED,BEHAVIORAL_SOURCE_MODEL,yes,src/ps2/gsfont_recovered.c,UNPROVEN
0x0019bb68,gsFont_PrintLine,gslib,RECONSTRUCTED,BEHAVIORAL_SOURCE_MODEL,yes,src/ps2/gsfont_recovered.c,UNPROVEN
0x0019bd38,VRstart_handler,gslib,MATCHING,BEHAVIORAL_SOURCE_MODEL,yes,src/ps2/gslib_hw_recovered.c,MATCHING
0x0019bd50,WaitForNextVRstart,gslib,MATCHING,BEHAVIORAL_SOURCE_MODEL,yes,src/ps2/gslib_hw_recovered.c,MATCHING
0x0019bd78,TestVRstart,gslib,MATCHING,BEHAVIORAL_SOURCE_MODEL,yes,src/ps2/gslib_hw_recovered.c,MATCHING
0x0019bd88,ClearVRcount,gslib,MATCHING,BEHAVIORAL_SOURCE_MODEL,yes,src/ps2/gslib_hw_recovered.c,MATCHING
0x0019bd98,DmaReset,gslib,MATCHING,BEHAVIORAL_SOURCE_MODEL,yes,src/ps2/gslib_hw_recovered.c,MATCHING
0x0019be20,SendDma02,gslib,MATCHING,BEHAVIORAL_SOURCE_MODEL,yes,src/ps2/gs_fifo_recovered.c;src/ps2/gslib_hw_recovered.c,MATCHING
0x0019be40,Dma02Wait,gslib,MATCHING,BEHAVIORAL_SOURCE_MODEL,yes,src/ps2/gs_fifo_recovered.c;src/ps2/gslib_hw_recovered.c,MATCHING
0x0019be70,CDVD_Init,cdvd,RECONSTRUCTED,BEHAVIORAL_SOURCE_MODEL,yes,src/app/main_bootstrap.c;src/ps2/cdvd_rpc_historical_recovered.c;src/ps2/cdvd_rpc_recovered.c;src/ps2/progress28_structural_lift_recovered.c,UNPROVEN
0x0019bf00,CDVD_DiskReady,cdvd,RECONSTRUCTED,BEHAVIORAL_SOURCE_MODEL,yes,src/ps2/cdvd_rpc_historical_recovered.c;src/ps2/cdvd_rpc_recovered.c,UNPROVEN
0x0019bf70,CDVD_FindFile,cdvd,RECONSTRUCTED,BEHAVIORAL_SOURCE_MODEL,yes,src/ps2/cdvd_rpc_historical_recovered.c;src/ps2/cdvd_rpc_recovered.c,UNPROVEN
0x0019c0d0,CDVD_Stop,cdvd,RECONSTRUCTED,BEHAVIORAL_SOURCE_MODEL,yes,src/ps2/cdvd_rpc_historical_recovered.c;src/ps2/cdvd_rpc_recovered.c;src/ps2/progress22_more_small_helpers_recovered.c;src/ps2/progress28_structural_lift_recovered.c,UNPROVEN
0x0019c128,CDVD_TrayReq,cdvd,RECONSTRUCTED,BEHAVIORAL_SOURCE_MODEL,yes,src/ps2/cdvd_rpc_historical_recovered.c;src/ps2/cdvd_rpc_recovered.c,UNPROVEN
0x0019c190,CDVD_getdir,cdvd,RECONSTRUCTED,BEHAVIORAL_SOURCE_MODEL,yes,src/ps2/cdvd_rpc_historical_recovered.c;src/ps2/cdvd_rpc_recovered.c,UNPROVEN
0x0019c2ac,CDVD_FlushCache,cdvd,RECONSTRUCTED,BEHAVIORAL_SOURCE_MODEL,yes,src/ps2/cdvd_rpc_historical_recovered.c;src/ps2/cdvd_rpc_recovered.c;src/ps2/progress28_structural_lift_recovered.c,UNPROVEN
0x0019c304,CDVD_GetSize,cdvd,RECONSTRUCTED,BEHAVIORAL_SOURCE_MODEL,yes,src/ps2/cdvd_rpc_historical_recovered.c;src/ps2/cdvd_rpc_recovered.c,UNPROVEN
0x0019c364,memcpy,libc,MATCHING,BEHAVIORAL_SOURCE_MODEL,yes,src/ps2/gspipe_recovered.c;src/ps2/libkernel_strings_recovered.c;src/ps2/progress28_structural_lift_recovered.c,MATCHING
0x0019c39c,memset,libc,MATCHING,BEHAVIORAL_SOURCE_MODEL,yes,src/ps2/libkernel_strings_recovered.c;src/ps2/progress28_structural_lift_recovered.c,MATCHING
0x0019c3d4,strcat,libc,MATCHING,BEHAVIORAL_SOURCE_MODEL,yes,src/ps2/libkernel_strings_recovered.c;src/ps2/progress28_structural_lift_recovered.c,MATCHING
0x0019c410,strncmp,libc,MATCHING,BEHAVIORAL_SOURCE_MODEL,yes,src/ps2/libc_text_recovered.c;src/ps2/libkernel_strings_recovered.c,MATCHING
0x0019c458,memcmp,libc,MATCHING,BEHAVIORAL_SOURCE_MODEL,yes,src/ps2/libkernel_strings_recovered.c;src/ps2/progress28_structural_lift_recovered.c,MATCHING
0x0019c4a0,memmove,libc,MATCHING,BEHAVIORAL_SOURCE_MODEL,yes,src/ps2/libkernel_strings_recovered.c;src/ps2/progress28_structural_lift_recovered.c;src/snes9x/sram_recovered.c,MATCHING
0x0019c528,strcpy,libc,MATCHING,BEHAVIORAL_SOURCE_MODEL,yes,src/ps2/libkernel_strings_recovered.c;src/ps2/progress28_structural_lift_recovered.c,MATCHING
0x0019c550,strncpy,libc,MATCHING,BEHAVIORAL_SOURCE_MODEL,yes,src/ps2/libkernel_strings_recovered.c;src/ps2/progress28_structural_lift_recovered.c,MATCHING
0x0019c5cc,snes_dispatch_0019c5cc,dispatch-leaf,RECONSTRUCTED,BEHAVIORAL_SOURCE_MODEL,yes,src/ps2/small_dispatch_recovered.c,UNPROVEN
0x0019c5e8,strlen,libc,MATCHING,BEHAVIORAL_SOURCE_MODEL,yes,src/ps2/libc_text_recovered.c;src/ps2/libkernel_strings_recovered.c;src/ps2/progress28_structural_lift_recovered.c,MATCHING
0x0019c610,strchr,libc,MATCHING,BEHAVIORAL_SOURCE_MODEL,yes,src/ps2/libc_text_recovered.c;src/ps2/libkernel_strings_recovered.c;src/ps2/progress28_structural_lift_recovered.c,MATCHING
0x0019c648,strcmp,libc,MATCHING,BEHAVIORAL_SOURCE_MODEL,yes,src/ps2/libkernel_strings_recovered.c,MATCHING
0x0019c688,SifBindRpc,sifrpc,RECONSTRUCTED,BEHAVIORAL_SOURCE_MODEL,yes,src/ps2/libkernel_client_init_recovered.c;src/ps2/libmc_recovered.c;src/ps2/progress28_structural_lift_recovered.c;src/ps2/sifrpc_recovered.c,UNPROVEN
0x0019c7b0,SifCallRpc,sifrpc,RECONSTRUCTED,BEHAVIORAL_SOURCE_MODEL,yes,src/ps2/libmc_recovered.c;src/ps2/sifrpc_recovered.c,UNPROVEN
0x0019c960,rpc_packet_free,sifrpc,RECONSTRUCTED,BEHAVIORAL_SOURCE_MODEL,yes,src/ps2/sifrpc_recovered.c,UNPROVEN
0x0019c978,_request_end,sifrpc,RECONSTRUCTED,BEHAVIORAL_SOURCE_MODEL,yes,src/ps2/sifrpc_recovered.c,UNPROVEN
0x0019ca0c,search_svdata,sifrpc,RECONSTRUCTED,BEHAVIORAL_SOURCE_MODEL,yes,src/ps2/sifrpc_recovered.c,UNPROVEN
0x0019ca54,_request_bind,sifrpc,RECONSTRUCTED,BEHAVIORAL_SOURCE_MODEL,yes,src/ps2/sifrpc_recovered.c,UNPROVEN
0x0019cb08,_request_call,sifrpc,RECONSTRUCTED,BEHAVIORAL_SOURCE_MODEL,yes,src/ps2/sifrpc_recovered.c,UNPROVEN
0x0019cba8,_request_rdata,sifrpc,RECONSTRUCTED,BEHAVIORAL_SOURCE_MODEL,yes,src/ps2/sifrpc_recovered.c,UNPROVEN
0x0019cc0c,SifInitRpc,sifrpc,RECONSTRUCTED,BEHAVIORAL_SOURCE_MODEL,yes,src/app/main_bootstrap.c;src/ps2/libkernel_client_init_recovered.c;src/ps2/libmc_recovered.c;src/ps2/progress28_structural_lift_recovered.c;src/ps2/sifrpc_recovered.c,UNPROVEN
0x0019cd4c,SifExitRpc,sifrpc,RECONSTRUCTED,BEHAVIORAL_SOURCE_MODEL,yes,src/ps2/sifrpc_recovered.c,UNPROVEN
0x0019cd70,_rpc_get_packet,sifrpc,RECONSTRUCTED,BEHAVIORAL_SOURCE_MODEL,yes,src/ps2/sifrpc_recovered.c,UNPROVEN
0x0019ce2c,_rpc_get_fpacket,sifrpc,RECONSTRUCTED,BEHAVIORAL_SOURCE_MODEL,yes,src/ps2/sifrpc_recovered.c,UNPROVEN
0x0019ce60,iWakeupThread,libkernel,MATCHING,BEHAVIORAL_SOURCE_MODEL,yes,src/ps2/libkernel_leaf_recovered.c;src/ps2/sifrpc_recovered.c,MATCHING
0x0019ce70,CreateSema,libkernel,MATCHING,BEHAVIORAL_SOURCE_MODEL,yes,src/ps2/libkernel_leaf_recovered.c;src/ps2/sifrpc_recovered.c,MATCHING
0x0019ce80,DeleteSema,libkernel,MATCHING,BEHAVIORAL_SOURCE_MODEL,yes,src/ps2/libkernel_leaf_recovered.c;src/ps2/sifrpc_recovered.c,MATCHING
0x0019ce90,iSignalSema,libkernel,MATCHING,BEHAVIORAL_SOURCE_MODEL,yes,src/ps2/fileio_recovered.c;src/ps2/libkernel_leaf_recovered.c;src/ps2/sifrpc_recovered.c,MATCHING
0x0019cea0,WaitSema,libkernel,MATCHING,BEHAVIORAL_SOURCE_MODEL,yes,src/ps2/fileio_recovered.c;src/ps2/libkernel_leaf_recovered.c;src/ps2/sifrpc_recovered.c,MATCHING
0x0019ceb0,FlushCache,libkernel,MATCHING,BEHAVIORAL_SOURCE_MODEL,yes,src/ps2/gs_fifo_recovered.c;src/ps2/libkernel_leaf_recovered.c;src/ps2/libmc_recovered.c,MATCHING
0x0019cec0,iFlushCache,libkernel,MATCHING,BEHAVIORAL_SOURCE_MODEL,yes,src/ps2/gs_fifo_recovered.c;src/ps2/libkernel_leaf_recovered.c,MATCHING
0x0019ced0,SifDmaStat,libkernel,MATCHING,BEHAVIORAL_SOURCE_MODEL,yes,src/ps2/libkernel_leaf_recovered.c;src/ps2/load_module_buffer.c,MATCHING
0x0019cee0,SifSetDma,libkernel,MATCHING,BEHAVIORAL_SOURCE_MODEL,yes,src/ps2/libkernel_leaf_recovered.c;src/ps2/load_module_buffer.c;src/ps2/loadfile_iop_recovered.c,MATCHING
0x0019cef0,SifSetReg,libkernel,MATCHING,BEHAVIORAL_SOURCE_MODEL,yes,src/ps2/libkernel_leaf_recovered.c;src/ps2/loadfile_iop_recovered.c;src/ps2/sifrpc_recovered.c,MATCHING
0x0019cf00,SifGetReg,libkernel,MATCHING,BEHAVIORAL_SOURCE_MODEL,yes,src/ps2/libkernel_leaf_recovered.c;src/ps2/loadfile_iop_recovered.c;src/ps2/sifrpc_recovered.c,MATCHING
0x0019cf10,SifWriteBackDCache,libkernel,RECONSTRUCTED,BEHAVIORAL_SOURCE_MODEL,yes,src/ps2/fileio_recovered.c;src/ps2/libkernel_leaf_recovered.c;src/ps2/libmc_recovered.c;src/ps2/loadfile_iop_recovered.c;src/ps2/sifrpc_recovered.c,UNPROVEN
0x0019cfc0,fioOpen,fileio,RECONSTRUCTED,BEHAVIORAL_SOURCE_MODEL,yes,src/ps2/fileio_recovered.c;src/ps2/progress22_more_small_helpers_recovered.c;src/ps2/progress28_structural_lift_recovered.c;src/snes9x/sram_recovered.c;src/zlib/gzio_recovered.c,UNPROVEN
0x0019d090,fioClose,fileio,RECONSTRUCTED,BEHAVIORAL_SOURCE_MODEL,yes,src/ps2/fileio_recovered.c;src/ps2/progress22_more_small_helpers_recovered.c;src/ps2/progress28_structural_lift_recovered.c;src/snes9x/sram_recovered.c;src/zlib/gzio_recovered.c,UNPROVEN
0x0019d120,fioRead,fileio,RECONSTRUCTED,BEHAVIORAL_SOURCE_MODEL,yes,src/ps2/fileio_recovered.c;src/ps2/progress22_more_small_helpers_recovered.c;src/ps2/progress28_structural_lift_recovered.c;src/snes9x/sram_recovered.c;src/zlib/gzio_recovered.c,UNPROVEN
0x0019d244,fioWrite,fileio,RECONSTRUCTED,BEHAVIORAL_SOURCE_MODEL,yes,src/ps2/fileio_recovered.c;src/ps2/progress28_structural_lift_recovered.c;src/ps2/stdio_wrappers_recovered.c;src/snes9x/sram_recovered.c;src/zlib/gzio_recovered.c,UNPROVEN
0x0019d360,fioLseek,fileio,RECONSTRUCTED,BEHAVIORAL_SOURCE_MODEL,yes,src/ps2/fileio_recovered.c;src/ps2/progress22_more_small_helpers_recovered.c;src/ps2/progress28_structural_lift_recovered.c;src/zlib/gzio_recovered.c,UNPROVEN
0x0019d410,fioMkdir,fileio,RECONSTRUCTED,BEHAVIORAL_SOURCE_MODEL,yes,src/ps2/fileio_recovered.c;src/ps2/progress28_structural_lift_recovered.c,UNPROVEN
0x0019d4b0,_fio_read_intr,fileio,RECONSTRUCTED,BEHAVIORAL_SOURCE_MODEL,yes,src/ps2/fileio_recovered.c,UNPROVEN
0x0019d534,fioPutc,fileio,RECONSTRUCTED,BEHAVIORAL_SOURCE_MODEL,yes,src/ps2/fileio_recovered.c;src/zlib/gzio_recovered.c,UNPROVEN
0x0019d558,fioGets,fileio,RECONSTRUCTED,BEHAVIORAL_SOURCE_MODEL,yes,src/ps2/fileio_recovered.c,UNPROVEN
0x0019d600,SifLoadModule,loadfile,RECONSTRUCTED,BEHAVIORAL_SOURCE_MODEL,yes,src/app/main_bootstrap.c;src/ps2/loadfile_iop_recovered.c;src/ps2/progress28_structural_lift_recovered.c,UNPROVEN
0x0019d620,SifLoadModuleBuffer,loadfile,RECONSTRUCTED,BEHAVIORAL_SOURCE_MODEL,yes,src/ps2/load_module_buffer.c;src/ps2/loadfile_iop_recovered.c,UNPROVEN
0x0019d63c,SifAllocIopHeap,iop,RECONSTRUCTED,BEHAVIORAL_SOURCE_MODEL,yes,src/ps2/load_module_buffer.c;src/ps2/loadfile_iop_recovered.c,UNPROVEN
0x0019d6b8,SifFreeIopHeap,iop,RECONSTRUCTED,BEHAVIORAL_SOURCE_MODEL,yes,src/ps2/load_module_buffer.c;src/ps2/loadfile_iop_recovered.c,UNPROVEN
0x0019d740,SifIopReset,iop,RECONSTRUCTED,BEHAVIORAL_SOURCE_MODEL,yes,src/app/main_bootstrap.c;src/ps2/loadfile_iop_recovered.c;src/ps2/progress28_structural_lift_recovered.c,UNPROVEN
0x0019d84c,fmtint,stdio,RECONSTRUCTED,BEHAVIORAL_SOURCE_MODEL,yes,src/ps2/ps2lib_formatter_recovered.c;src/ps2/stdio_wrappers_recovered.c,UNPROVEN
0x0019dba8,fmtstr,stdio,RECONSTRUCTED,BEHAVIORAL_SOURCE_MODEL,yes,src/ps2/ps2lib_formatter_recovered.c,UNPROVEN
0x0019dd28,fmtchar,stdio,RECONSTRUCTED,BEHAVIORAL_SOURCE_MODEL,yes,src/ps2/ps2lib_formatter_recovered.c,UNPROVEN
0x0019de10,dopr,stdio,RECONSTRUCTED,BEHAVIORAL_SOURCE_MODEL,yes,src/ps2/ps2lib_formatter_recovered.c,UNPROVEN
0x0019e274,snprintf_room_check,stdio,RECONSTRUCTED,BEHAVIORAL_SOURCE_MODEL,yes,src/ps2/ps2lib_formatter_recovered.c;src/ps2/stdio_wrappers_recovered.c,UNPROVEN
0x0019e288,snprintf_putc,stdio,RECONSTRUCTED,BEHAVIORAL_SOURCE_MODEL,yes,src/ps2/ps2lib_formatter_recovered.c;src/ps2/stdio_wrappers_recovered.c,UNPROVEN
0x0019e2e0,vsnprintf,stdio,RECONSTRUCTED,BEHAVIORAL_SOURCE_MODEL,yes,src/ps2/ps2lib_formatter_recovered.c;src/ps2/stdio_wrappers_recovered.c,UNPROVEN
0x0019e364,vsprintf,stdio,RECONSTRUCTED,BEHAVIORAL_SOURCE_MODEL,yes,src/ps2/stdio_wrappers_recovered.c,UNPROVEN
0x0019e388,printf,libc,RECONSTRUCTED,BEHAVIORAL_SOURCE_MODEL,yes,src/ps2/progress28_structural_lift_recovered.c;src/ps2/stdio_wrappers_recovered.c,UNPROVEN
0x0019e3d0,sprintf,libc,RECONSTRUCTED,BEHAVIORAL_SOURCE_MODEL,yes,src/ps2/progress28_structural_lift_recovered.c;src/ps2/stdio_wrappers_recovered.c,UNPROVEN
0x0019e414,puts_like,libc,RECONSTRUCTED,BEHAVIORAL_SOURCE_MODEL,yes,src/app/main_bootstrap.c;src/ps2/progress28_structural_lift_recovered.c;src/ps2/stdio_wrappers_recovered.c,UNPROVEN
0x0019e474,heap_mem_fit,libkernel,RECONSTRUCTED,BEHAVIORAL_SOURCE_MODEL,yes,src/ps2/libkernel_heap_recovered.c,UNPROVEN
0x0019e4b4,malloc,libkernel,RECONSTRUCTED,BEHAVIORAL_SOURCE_MODEL,yes,src/ps2/libkernel_heap_recovered.c;src/ps2/progress28_structural_lift_recovered.c,UNPROVEN
0x0019e648,calloc,libkernel,RECONSTRUCTED,BEHAVIORAL_SOURCE_MODEL,yes,src/ps2/libkernel_heap_recovered.c,UNPROVEN
0x0019e698,memalign,libkernel,RECONSTRUCTED,BEHAVIORAL_SOURCE_MODEL,yes,src/ps2/gspipe_recovered.c;src/ps2/libkernel_heap_recovered.c;src/ps2/progress22_more_small_helpers_recovered.c;src/ps2/progress28_structural_lift_recovered.c,UNPROVEN
0x0019e784,free,libkernel,RECONSTRUCTED,BEHAVIORAL_SOURCE_MODEL,yes,src/ps2/gspipe_recovered.c;src/ps2/libkernel_heap_recovered.c;src/ps2/progress28_structural_lift_recovered.c,UNPROVEN
0x0019e860,strcasecmp,libc,RECONSTRUCTED,BEHAVIORAL_SOURCE_MODEL,yes,src/ps2/libc_text_recovered.c;src/ps2/progress28_structural_lift_recovered.c,UNPROVEN
0x0019e8e4,strncasecmp,libc,RECONSTRUCTED,BEHAVIORAL_SOURCE_MODEL,yes,src/ps2/libc_text_recovered.c;src/ps2/progress28_structural_lift_recovered.c,UNPROVEN
0x0019e99c,strtok,libc,RECONSTRUCTED,BEHAVIORAL_SOURCE_MODEL,yes,src/ps2/libc_text_recovered.c;src/ps2/progress28_structural_lift_recovered.c,UNPROVEN
0x0019eaa4,strrchr,libc,RECONSTRUCTED,BEHAVIORAL_SOURCE_MODEL,yes,src/ps2/libc_text_recovered.c;src/ps2/progress28_structural_lift_recovered.c,UNPROVEN
0x0019eaf8,strstr,libc,RECONSTRUCTED,BEHAVIORAL_SOURCE_MODEL,yes,src/ps2/libc_text_recovered.c;src/ps2/progress28_structural_lift_recovered.c,UNPROVEN
0x0019eb80,strtol,libc,RECONSTRUCTED,BEHAVIORAL_SOURCE_MODEL,yes,src/ps2/libc_text_recovered.c;src/ps2/progress28_structural_lift_recovered.c,UNPROVEN
0x0019edac,tolower,ctype,RECONSTRUCTED,BEHAVIORAL_SOURCE_MODEL,yes,src/ps2/libc_text_recovered.c,UNPROVEN
0x0019eddc,toupper,ctype,RECONSTRUCTED,BEHAVIORAL_SOURCE_MODEL,yes,src/ps2/libc_text_recovered.c,UNPROVEN
0x0019ee0c,isupper,ctype,RECONSTRUCTED,BEHAVIORAL_SOURCE_MODEL,yes,src/ps2/libc_text_recovered.c,UNPROVEN
0x0019ee20,islower,ctype,RECONSTRUCTED,BEHAVIORAL_SOURCE_MODEL,yes,src/ps2/libc_text_recovered.c,UNPROVEN
0x0019ee34,isalpha,ctype,RECONSTRUCTED,BEHAVIORAL_SOURCE_MODEL,yes,src/ps2/libc_text_recovered.c;src/ps2/progress28_structural_lift_recovered.c,UNPROVEN
0x0019ee80,isdigit,ctype,RECONSTRUCTED,BEHAVIORAL_SOURCE_MODEL,yes,src/ps2/libc_text_recovered.c;src/ps2/progress28_structural_lift_recovered.c,UNPROVEN
0x0019ee94,isalnum,ctype,RECONSTRUCTED,BEHAVIORAL_SOURCE_MODEL,yes,src/ps2/libc_text_recovered.c,UNPROVEN
0x0019eee0,iscntrl,ctype,RECONSTRUCTED,BEHAVIORAL_SOURCE_MODEL,yes,src/ps2/libc_text_recovered.c,UNPROVEN
0x0019eefc,isgraph,ctype,RECONSTRUCTED,BEHAVIORAL_SOURCE_MODEL,yes,src/ps2/libc_text_recovered.c,UNPROVEN
0x0019ef3c,isprint,ctype,RECONSTRUCTED,BEHAVIORAL_SOURCE_MODEL,yes,src/ps2/libc_text_recovered.c,UNPROVEN
0x0019ef5c,ispunct,ctype,RECONSTRUCTED,BEHAVIORAL_SOURCE_MODEL,yes,src/ps2/libc_text_recovered.c,UNPROVEN
0x0019efac,isspace,ctype,RECONSTRUCTED,BEHAVIORAL_SOURCE_MODEL,yes,src/ps2/libc_text_recovered.c;src/ps2/progress28_structural_lift_recovered.c,UNPROVEN
0x0019efcc,isxdigit,ctype,RECONSTRUCTED,BEHAVIORAL_SOURCE_MODEL,yes,src/ps2/libc_text_recovered.c,UNPROVEN
0x0019f018,DIntr,libkernel,MATCHING,BEHAVIORAL_SOURCE_MODEL,yes,src/ps2/libkernel_heap_runtime_recovered.c;src/ps2/sifrpc_recovered.c,MATCHING
0x0019f060,EIntr,libkernel,MATCHING,BEHAVIORAL_SOURCE_MODEL,yes,src/ps2/libkernel_heap_runtime_recovered.c;src/ps2/sifrpc_recovered.c,MATCHING
0x0019f078,ps2_sbrk,libkernel,RECONSTRUCTED,BEHAVIORAL_SOURCE_MODEL,yes,src/ps2/libkernel_heap_recovered.c;src/ps2/libkernel_heap_runtime_recovered.c,UNPROVEN
0x0019f138,_SifSendCmd,sifcmd,RECONSTRUCTED,BEHAVIORAL_SOURCE_MODEL,yes,src/ps2/sifcmd_recovered.c,UNPROVEN
0x0019f264,SifSendCmd,sifcmd,RECONSTRUCTED,BEHAVIORAL_SOURCE_MODEL,yes,src/ps2/sifcmd_recovered.c,UNPROVEN
0x0019f2a0,iSifSendCmd,sifcmd,RECONSTRUCTED,BEHAVIORAL_SOURCE_MODEL,yes,src/ps2/sifcmd_recovered.c,UNPROVEN
0x0019f2dc,change_addr,sifcmd,RECONSTRUCTED,BEHAVIORAL_SOURCE_MODEL,yes,src/ps2/sifcmd_recovered.c,UNPROVEN
0x0019f2e8,set_sreg,sifcmd,RECONSTRUCTED,BEHAVIORAL_SOURCE_MODEL,yes,src/ps2/sifcmd_recovered.c,UNPROVEN
0x0019f304,SifInitCmd,sifcmd,RECONSTRUCTED,BEHAVIORAL_SOURCE_MODEL,yes,src/ps2/sifcmd_recovered.c,UNPROVEN
0x0019f510,SifExitCmd,sifcmd,RECONSTRUCTED,BEHAVIORAL_SOURCE_MODEL,yes,src/ps2/sifcmd_recovered.c,UNPROVEN
0x0019f544,SifAddCmdHandler,sifcmd,RECONSTRUCTED,BEHAVIORAL_SOURCE_MODEL,yes,src/ps2/sifcmd_recovered.c,UNPROVEN
0x0019f57c,SifGetSreg,sifcmd,RECONSTRUCTED,BEHAVIORAL_SOURCE_MODEL,yes,src/ps2/sifcmd_recovered.c,UNPROVEN
0x0019f5a0,AddDmacHandler,libkernel,RECONSTRUCTED,BEHAVIORAL_SOURCE_MODEL,yes,src/ps2/libkernel_leaf_recovered.c,UNPROVEN
0x0019f5b0,RemoveDmacHandler,libkernel,RECONSTRUCTED,BEHAVIORAL_SOURCE_MODEL,yes,src/ps2/libkernel_leaf_recovered.c,UNPROVEN
0x0019f5c0,EndOfHeap,libkernel,RECONSTRUCTED,BEHAVIORAL_SOURCE_MODEL,yes,src/ps2/libkernel_heap_runtime_recovered.c,UNPROVEN
0x0019f5d0,SifStopDma,libkernel,MATCHING,BEHAVIORAL_SOURCE_MODEL,yes,src/ps2/libkernel_leaf_recovered.c;src/ps2/loadfile_iop_recovered.c,MATCHING
0x0019f5e0,iSifSetDma,libkernel,MATCHING,BEHAVIORAL_SOURCE_MODEL,yes,src/ps2/libkernel_leaf_recovered.c,MATCHING
0x0019f5f0,SifSetDChain,libkernel,MATCHING,BEHAVIORAL_SOURCE_MODEL,yes,src/ps2/libkernel_leaf_recovered.c,MATCHING
0x0019f600,fioInit,fileio,RECONSTRUCTED,BEHAVIORAL_SOURCE_MODEL,yes,src/ps2/fileio_recovered.c;src/ps2/libkernel_client_init_recovered.c,UNPROVEN
0x0019f6e8,_fio_intr,fileio,RECONSTRUCTED,BEHAVIORAL_SOURCE_MODEL,yes,src/ps2/libkernel_client_init_recovered.c,UNPROVEN
0x0019f7e8,_SifLoadModule,loadfile,RECONSTRUCTED,BEHAVIORAL_SOURCE_MODEL,yes,src/ps2/loadfile_iop_recovered.c,UNPROVEN
0x0019f8f4,_SifLoadModuleBuffer,loadfile,RECONSTRUCTED,BEHAVIORAL_SOURCE_MODEL,yes,src/ps2/loadfile_iop_recovered.c,UNPROVEN
0x0019f9e8,SifInitIopHeap,iop,RECONSTRUCTED,BEHAVIORAL_SOURCE_MODEL,yes,src/ps2/libkernel_client_init_recovered.c;src/ps2/loadfile_iop_recovered.c,UNPROVEN
0x0019faa8,vprintf,libkernel,RECONSTRUCTED,BEHAVIORAL_SOURCE_MODEL,yes,src/ps2/stdio_wrappers_recovered.c,UNPROVEN
0x0019fb00,EnableDmac,libkernel,RECONSTRUCTED,BEHAVIORAL_SOURCE_MODEL,yes,src/ps2/sifcmd_recovered.c,UNPROVEN
0x0019fb78,DisableDmac,libkernel,RECONSTRUCTED,BEHAVIORAL_SOURCE_MODEL,yes,src/ps2/sifcmd_recovered.c,UNPROVEN
0x0019fbf0,_SifCmdIntHandler,sifcmd,RECONSTRUCTED,BEHAVIORAL_SOURCE_MODEL,yes,src/ps2/sifcmd_recovered.c,UNPROVEN
0x0019fcd0,_EnableDmac,libkernel,MATCHING,BEHAVIORAL_SOURCE_MODEL,yes,src/ps2/libkernel_leaf_recovered.c,MATCHING
0x0019fce0,_DisableDmac,libkernel,MATCHING,BEHAVIORAL_SOURCE_MODEL,yes,src/ps2/libkernel_leaf_recovered.c,MATCHING
0x0019fcf0,SignalSema,libkernel,MATCHING,BEHAVIORAL_SOURCE_MODEL,yes,src/ps2/libkernel_leaf_recovered.c,MATCHING
0x0019fd00,PollSema,libkernel,MATCHING,BEHAVIORAL_SOURCE_MODEL,yes,src/ps2/libkernel_leaf_recovered.c,MATCHING
0x0019fd10,iSifSetDChain,libkernel,MATCHING,BEHAVIORAL_SOURCE_MODEL,yes,src/ps2/libkernel_leaf_recovered.c;src/ps2/sifcmd_recovered.c,MATCHING
0x0019fd20,SifLoadFileInit,loadfile,RECONSTRUCTED,BEHAVIORAL_SOURCE_MODEL,yes,src/ps2/libkernel_client_init_recovered.c;src/ps2/loadfile_iop_recovered.c,UNPROVEN
0x0019fddc,cosf,mathfp,MATCHING,BEHAVIORAL_SOURCE_MODEL,yes,src/ps2/newlib_mathfp_recovered.c;src/ps2/progress28_structural_lift_recovered.c,MATCHING
0x001a0024,sinf,mathfp,MATCHING,BEHAVIORAL_SOURCE_MODEL,yes,src/ps2/newlib_mathfp_recovered.c;src/ps2/progress28_structural_lift_recovered.c,MATCHING
0x001a0254,tanf,mathfp,MATCHING,BEHAVIORAL_SOURCE_MODEL,yes,src/ps2/newlib_mathfp_recovered.c;src/ps2/progress28_structural_lift_recovered.c,MATCHING
0x001a045c,atanf,mathfp,MATCHING,BEHAVIORAL_SOURCE_MODEL,yes,src/ps2/newlib_mathfp_recovered.c;src/ps2/progress28_structural_lift_recovered.c,MATCHING
0x001a06a0,sqrtf,mathfp,MATCHING,BEHAVIORAL_SOURCE_MODEL,yes,src/ps2/newlib_mathfp_recovered.c,MATCHING
0x001a06b0,fabsf,mathfp,MATCHING,BEHAVIORAL_SOURCE_MODEL,yes,src/ps2/newlib_mathfp_recovered.c;src/ps2/progress28_structural_lift_recovered.c,MATCHING
0x001a06c0,numtestf,mathfp,MATCHING,BEHAVIORAL_SOURCE_MODEL,yes,src/ps2/newlib_mathfp_recovered.c,MATCHING
0x001a0740,mcGetInfoApdx,libmc,RECONSTRUCTED,BEHAVIORAL_SOURCE_MODEL,yes,src/ps2/libmc_recovered.c,UNPROVEN
0x001a07c8,mcReadFixAlign,libmc,RECONSTRUCTED,BEHAVIORAL_SOURCE_MODEL,yes,src/ps2/libmc_recovered.c,UNPROVEN
0x001a0870,mcStoreDir,libmc,RECONSTRUCTED,BEHAVIORAL_SOURCE_MODEL,yes,src/ps2/libmc_recovered.c,UNPROVEN
0x001a08ec,mcInit,libmc,RECONSTRUCTED,BEHAVIORAL_SOURCE_MODEL,yes,src/app/main_bootstrap.c;src/ps2/libmc_recovered.c;src/ps2/progress28_structural_lift_recovered.c,UNPROVEN
0x001a0a68,mcGetInfo,libmc,RECONSTRUCTED,BEHAVIORAL_SOURCE_MODEL,yes,src/ps2/libmc_recovered.c;src/ps2/progress28_structural_lift_recovered.c,UNPROVEN
0x001a0ba0,mcOpen,libmc,RECONSTRUCTED,BEHAVIORAL_SOURCE_MODEL,yes,src/ps2/libmc_recovered.c,UNPROVEN
0x001a0c7c,mcClose,libmc,RECONSTRUCTED,BEHAVIORAL_SOURCE_MODEL,yes,src/ps2/libmc_recovered.c,UNPROVEN
0x001a0d2c,mcSeek,libmc,RECONSTRUCTED,BEHAVIORAL_SOURCE_MODEL,yes,src/ps2/libmc_recovered.c,UNPROVEN
0x001a0df0,mcRead,libmc,RECONSTRUCTED,BEHAVIORAL_SOURCE_MODEL,yes,src/ps2/libmc_recovered.c,UNPROVEN
0x001a0ee8,mcWrite,libmc,RECONSTRUCTED,BEHAVIORAL_SOURCE_MODEL,yes,src/ps2/libmc_recovered.c,UNPROVEN
0x001a1020,mcFlush,libmc,RECONSTRUCTED,BEHAVIORAL_SOURCE_MODEL,yes,src/ps2/libmc_recovered.c,UNPROVEN
0x001a10d0,mcMkDir,libmc,RECONSTRUCTED,BEHAVIORAL_SOURCE_MODEL,yes,src/ps2/libmc_recovered.c,UNPROVEN
0x001a10fc,mcChdir,libmc,RECONSTRUCTED,BEHAVIORAL_SOURCE_MODEL,yes,src/ps2/libmc_recovered.c,UNPROVEN
0x001a1204,mcGetDir,libmc,RECONSTRUCTED,BEHAVIORAL_SOURCE_MODEL,yes,src/ps2/libmc_recovered.c;src/ps2/progress28_structural_lift_recovered.c,UNPROVEN
0x001a130c,mcSetFileInfo,libmc,RECONSTRUCTED,BEHAVIORAL_SOURCE_MODEL,yes,src/ps2/libmc_recovered.c,UNPROVEN
0x001a147c,mcDelete,libmc,RECONSTRUCTED,BEHAVIORAL_SOURCE_MODEL,yes,src/ps2/libmc_recovered.c;src/ps2/progress28_structural_lift_recovered.c,UNPROVEN
0x001a1554,mcFormat,libmc,RECONSTRUCTED,BEHAVIORAL_SOURCE_MODEL,yes,src/ps2/libmc_recovered.c,UNPROVEN
0x001a1610,mcUnformat,libmc,RECONSTRUCTED,BEHAVIORAL_SOURCE_MODEL,yes,src/ps2/libmc_recovered.c,UNPROVEN
0x001a16cc,mcGetEntSpace,libmc,RECONSTRUCTED,BEHAVIORAL_SOURCE_MODEL,yes,src/ps2/libmc_recovered.c,UNPROVEN
0x001a17a4,mcRename,libmc,RECONSTRUCTED,BEHAVIORAL_SOURCE_MODEL,yes,src/ps2/libmc_recovered.c,UNPROVEN
0x001a18c0,mcChangeThreadPriority,libmc,RECONSTRUCTED,BEHAVIORAL_SOURCE_MODEL,yes,src/ps2/libmc_recovered.c,UNPROVEN
0x001a1974,mcSync,libmc,RECONSTRUCTED,BEHAVIORAL_SOURCE_MODEL,yes,src/ps2/libmc_recovered.c;src/ps2/progress28_structural_lift_recovered.c,UNPROVEN
0x001a1a54,strcpy_sjis,libmc,RECONSTRUCTED,BEHAVIORAL_SOURCE_MODEL,yes,src/ps2/libmc_recovered.c;src/ps2/progress28_structural_lift_recovered.c,UNPROVEN
0x001a1af4,SifCheckStatRpc,sifrpc,RECONSTRUCTED,BEHAVIORAL_SOURCE_MODEL,yes,src/ps2/libmc_recovered.c,UNPROVEN
0x001a1b20,__muldi3,libgcc,RECONSTRUCTED,BEHAVIORAL_SOURCE_MODEL,yes,src/ps2/libgcc_runtime_recovered.c;src/ps2/progress28_structural_lift_recovered.c,UNPROVEN
0x001a1b98,__floatdisf,libgcc,RECONSTRUCTED,BEHAVIORAL_SOURCE_MODEL,yes,src/ps2/libgcc_runtime_recovered.c;src/ps2/progress28_structural_lift_recovered.c,UNPROVEN
0x001a1c98,__fixunsdfdi,libgcc,RECONSTRUCTED,BEHAVIORAL_SOURCE_MODEL,yes,src/ps2/libgcc_runtime_recovered.c;src/ps2/progress28_structural_lift_recovered.c,UNPROVEN
0x001a1db8,__divdi3,libgcc,RECONSTRUCTED,BEHAVIORAL_SOURCE_MODEL,yes,src/ps2/libgcc_runtime_recovered.c;src/ps2/progress28_structural_lift_recovered.c,UNPROVEN
0x001a1f08,__udivmoddi4_div_clone,libgcc,RECONSTRUCTED,BEHAVIORAL_SOURCE_MODEL,no,,UNPROVEN
0x001a25b0,__udivdi3,libgcc,RECONSTRUCTED,BEHAVIORAL_SOURCE_MODEL,yes,src/ps2/libgcc_runtime_recovered.c,UNPROVEN
0x001a25d0,__udivmoddi4_udiv_clone,libgcc,RECONSTRUCTED,BEHAVIORAL_SOURCE_MODEL,no,,UNPROVEN
0x001a2c78,__umoddi3,libgcc,RECONSTRUCTED,BEHAVIORAL_SOURCE_MODEL,yes,src/ps2/libgcc_runtime_recovered.c,UNPROVEN
0x001a2c98,__udivmoddi4_umod_clone,libgcc,RECONSTRUCTED,BEHAVIORAL_SOURCE_MODEL,no,,UNPROVEN
0x001a3340,fptodp,libgcc,RECONSTRUCTED,BEHAVIORAL_SOURCE_MODEL,yes,src/ps2/libgcc_runtime_recovered.c;src/ps2/progress28_structural_lift_recovered.c,UNPROVEN
0x001a3380,_fpadd_parts_d,libgcc,RECONSTRUCTED,BEHAVIORAL_SOURCE_MODEL,yes,src/ps2/progress15_softdouble_add_recovered.c,UNPROVEN
0x001a35b0,dpadd,libgcc,RECONSTRUCTED,BEHAVIORAL_SOURCE_MODEL,yes,src/ps2/libgcc_runtime_recovered.c;src/ps2/progress28_structural_lift_recovered.c,UNPROVEN
0x001a3610,dpsub,libgcc,RECONSTRUCTED,BEHAVIORAL_SOURCE_MODEL,yes,src/ps2/libgcc_runtime_recovered.c;src/ps2/progress28_structural_lift_recovered.c,UNPROVEN
0x001a3680,dpmul,libgcc,RECONSTRUCTED,BEHAVIORAL_SOURCE_MODEL,yes,src/ps2/libgcc_runtime_recovered.c;src/ps2/progress28_structural_lift_recovered.c,UNPROVEN
0x001a36e0,snes_p16_001a36e0,gcc-runtime,RECONSTRUCTED,BEHAVIORAL_SOURCE_MODEL,yes,src/ps2/progress28_structural_lift_recovered.c,UNPROVEN
0x001a3950,dpdiv,libgcc,RECONSTRUCTED,BEHAVIORAL_SOURCE_MODEL,yes,src/ps2/libgcc_runtime_recovered.c;src/ps2/progress28_structural_lift_recovered.c,UNPROVEN
0x001a39b0,snes_p16_001a39b0,gcc-runtime,RECONSTRUCTED,BEHAVIORAL_SOURCE_MODEL,yes,src/ps2/progress28_structural_lift_recovered.c,UNPROVEN
0x001a3ad8,dpcmp,libgcc,RECONSTRUCTED,BEHAVIORAL_SOURCE_MODEL,yes,src/ps2/libgcc_runtime_recovered.c;src/ps2/progress28_structural_lift_recovered.c,UNPROVEN
0x001a3b30,litodp,libgcc,RECONSTRUCTED,BEHAVIORAL_SOURCE_MODEL,yes,src/ps2/libgcc_runtime_recovered.c;src/ps2/progress28_structural_lift_recovered.c,UNPROVEN
0x001a3bf0,dptoli,libgcc,RECONSTRUCTED,BEHAVIORAL_SOURCE_MODEL,yes,src/ps2/libgcc_runtime_recovered.c;src/ps2/progress28_structural_lift_recovered.c,UNPROVEN
0x001a3c90,__make_dp,libgcc,RECONSTRUCTED,BEHAVIORAL_SOURCE_MODEL,yes,src/ps2/progress13_libgcc_softfloat_recovered.c,UNPROVEN
0x001a3cc0,dptofp,libgcc,RECONSTRUCTED,BEHAVIORAL_SOURCE_MODEL,yes,src/ps2/libgcc_runtime_recovered.c;src/ps2/progress28_structural_lift_recovered.c,UNPROVEN
0x001a3d18,dptoul,libgcc,RECONSTRUCTED,BEHAVIORAL_SOURCE_MODEL,yes,src/ps2/libgcc_runtime_recovered.c;src/ps2/progress28_structural_lift_recovered.c,UNPROVEN
0x001a3dc0,size_of_encoded_value,unwind,MATCHING,BEHAVIORAL_SOURCE_MODEL,yes,src/ps2/gcc_unwind_pe_recovered.c;src/ps2/progress28_structural_lift_recovered.c,MATCHING
0x001a3e30,base_of_encoded_value,unwind,MATCHING,BEHAVIORAL_SOURCE_MODEL,yes,src/ps2/gcc_unwind_pe_recovered.c;src/ps2/progress28_structural_lift_recovered.c,MATCHING
0x001a3ee8,read_uleb128,unwind,MATCHING,BEHAVIORAL_SOURCE_MODEL,yes,src/ps2/gcc_unwind_pe_recovered.c;src/ps2/progress28_structural_lift_recovered.c,MATCHING
0x001a3f28,read_sleb128,unwind,MATCHING,BEHAVIORAL_SOURCE_MODEL,yes,src/ps2/gcc_unwind_pe_recovered.c;src/ps2/progress28_structural_lift_recovered.c,MATCHING
0x001a3f88,read_encoded_value_with_base,unwind,RECONSTRUCTED,BEHAVIORAL_SOURCE_MODEL,yes,src/ps2/gcc_unwind_pe_recovered.c;src/ps2/progress28_structural_lift_recovered.c,UNPROVEN
0x001a40e8,_Unwind_GetLanguageSpecificData,unwind,MATCHING,BEHAVIORAL_SOURCE_MODEL,yes,src/ps2/gcc_unwind_pe_recovered.c;src/ps2/progress28_structural_lift_recovered.c,MATCHING
0x001a40f0,_Unwind_GetRegionStart,unwind,MATCHING,BEHAVIORAL_SOURCE_MODEL,no,,MATCHING
0x001a40f8,_Unwind_GetDataRelBase,unwind,MATCHING,BEHAVIORAL_SOURCE_MODEL,no,,MATCHING
0x001a4100,_Unwind_GetTextRelBase,unwind,RECONSTRUCTED,BEHAVIORAL_SOURCE_MODEL,yes,src/ps2/gcc_unwind_pe_recovered.c,UNPROVEN
0x001a4108,extract_cie_info,unwind,RECONSTRUCTED,BEHAVIORAL_SOURCE_MODEL,yes,src/ps2/progress28_structural_lift_recovered.c,UNPROVEN
0x001a42b8,execute_stack_op,unwind,RECONSTRUCTED,BEHAVIORAL_SOURCE_MODEL,yes,src/ps2/progress28_structural_lift_recovered.c,UNPROVEN
0x001a4848,execute_cfa_program,unwind,RECONSTRUCTED,BEHAVIORAL_SOURCE_MODEL,yes,src/ps2/progress28_structural_lift_recovered.c,UNPROVEN
0x001a4d78,snes_p16_001a4d78,gcc-runtime,RECONSTRUCTED,BEHAVIORAL_SOURCE_MODEL,yes,src/ps2/progress28_structural_lift_recovered.c,UNPROVEN
0x001a4ef0,__frame_state_for,unwind,RECONSTRUCTED,BEHAVIORAL_SOURCE_MODEL,yes,src/ps2/progress28_structural_lift_recovered.c,UNPROVEN
0x001a4fe0,snes_p17_001a4fe0,gcc-runtime,RECONSTRUCTED,BEHAVIORAL_SOURCE_MODEL,yes,src/ps2/progress28_structural_lift_recovered.c,UNPROVEN
0x001a51d0,snes_dispatch_001a51d0,dispatch-leaf,RECONSTRUCTED,BEHAVIORAL_SOURCE_MODEL,yes,src/ps2/progress28_structural_lift_recovered.c;src/ps2/small_dispatch_recovered.c,UNPROVEN
0x001a5228,snes_p16_001a5228,gcc-runtime,RECONSTRUCTED,BEHAVIORAL_SOURCE_MODEL,yes,src/ps2/progress28_structural_lift_recovered.c,UNPROVEN
0x001a52d0,snes_p16_001a52d0,gcc-runtime,RECONSTRUCTED,BEHAVIORAL_SOURCE_MODEL,yes,src/ps2/progress28_structural_lift_recovered.c,UNPROVEN
0x001a54c8,snes_p16_001a54c8,gcc-runtime,RECONSTRUCTED,BEHAVIORAL_SOURCE_MODEL,yes,src/ps2/progress28_structural_lift_recovered.c,UNPROVEN
0x001a55a8,_Unwind_RaiseException,unwind,RECONSTRUCTED,BEHAVIORAL_SOURCE_MODEL,yes,src/ps2/progress28_structural_lift_recovered.c,UNPROVEN
0x001a57e8,snes_p16_001a57e8,gcc-runtime,RECONSTRUCTED,BEHAVIORAL_SOURCE_MODEL,yes,src/ps2/progress28_structural_lift_recovered.c,UNPROVEN
0x001a5918,_Unwind_ForcedUnwind,unwind,RECONSTRUCTED,BEHAVIORAL_SOURCE_MODEL,yes,src/ps2/progress28_structural_lift_recovered.c,UNPROVEN
0x001a5ac0,_Unwind_Resume,unwind,RECONSTRUCTED,BEHAVIORAL_SOURCE_MODEL,yes,src/ps2/progress28_structural_lift_recovered.c,UNPROVEN
0x001a5c58,_Unwind_DeleteException,unwind,RECONSTRUCTED,BEHAVIORAL_SOURCE_MODEL,yes,src/ps2/progress13_cpp_personality_recovered.c,UNPROVEN
0x001a5c80,_Unwind_GetGR,unwind,RECONSTRUCTED,BEHAVIORAL_SOURCE_MODEL,yes,src/ps2/gcc_unwind_pe_recovered.c,UNPROVEN
0x001a5c98,_Unwind_SetGR,unwind,RECONSTRUCTED,BEHAVIORAL_SOURCE_MODEL,yes,src/ps2/gcc_unwind_pe_recovered.c;src/ps2/progress28_structural_lift_recovered.c,UNPROVEN
0x001a5cb0,_Unwind_GetIP,unwind,RECONSTRUCTED,BEHAVIORAL_SOURCE_MODEL,yes,src/ps2/gcc_unwind_pe_recovered.c;src/ps2/progress28_structural_lift_recovered.c,UNPROVEN
0x001a5cb8,_Unwind_SetIP,unwind,RECONSTRUCTED,BEHAVIORAL_SOURCE_MODEL,yes,src/ps2/gcc_unwind_pe_recovered.c;src/ps2/progress28_structural_lift_recovered.c,UNPROVEN
0x001a5cc0,size_of_encoded_value_fde,unwind-fde,RECONSTRUCTED,BEHAVIORAL_SOURCE_MODEL,yes,src/ps2/progress28_structural_lift_recovered.c,UNPROVEN
0x001a5d30,read_uleb128_fde,unwind-fde,RECONSTRUCTED,BEHAVIORAL_SOURCE_MODEL,no,,UNPROVEN
0x001a5d70,read_sleb128_fde,unwind-fde,RECONSTRUCTED,BEHAVIORAL_SOURCE_MODEL,no,,UNPROVEN
0x001a5dd0,read_encoded_value_with_base_fde,unwind-fde,RECONSTRUCTED,BEHAVIORAL_SOURCE_MODEL,yes,src/ps2/progress28_structural_lift_recovered.c,UNPROVEN
0x001a5f30,__register_frame_info_bases,unwind-fde,RECONSTRUCTED,BEHAVIORAL_SOURCE_MODEL,no,,UNPROVEN
0x001a5f80,__register_frame_info,unwind-fde,RECONSTRUCTED,BEHAVIORAL_SOURCE_MODEL,no,,UNPROVEN
0x001a5fa0,__register_frame,unwind-fde,RECONSTRUCTED,BEHAVIORAL_SOURCE_MODEL,yes,src/ps2/gcc_fde_runtime_recovered.c,UNPROVEN
0x001a5ff0,__register_frame_info_table_bases,unwind-fde,RECONSTRUCTED,BEHAVIORAL_SOURCE_MODEL,no,,UNPROVEN
0x001a6038,__register_frame_info_table,unwind-fde,RECONSTRUCTED,BEHAVIORAL_SOURCE_MODEL,no,,UNPROVEN
0x001a6058,__register_frame_table,unwind-fde,RECONSTRUCTED,BEHAVIORAL_SOURCE_MODEL,yes,src/ps2/gcc_fde_runtime_recovered.c,UNPROVEN
0x001a6090,__deregister_frame_info_bases,unwind-fde,RECONSTRUCTED,BEHAVIORAL_SOURCE_MODEL,no,,UNPROVEN
0x001a6168,__deregister_frame_info,unwind-fde,RECONSTRUCTED,BEHAVIORAL_SOURCE_MODEL,no,,UNPROVEN
0x001a6188,__deregister_frame,unwind-fde,RECONSTRUCTED,BEHAVIORAL_SOURCE_MODEL,yes,src/ps2/gcc_fde_runtime_recovered.c,UNPROVEN
0x001a61c0,fde_base_from_object,unwind-fde,RECONSTRUCTED,BEHAVIORAL_SOURCE_MODEL,yes,src/ps2/progress28_structural_lift_recovered.c,UNPROVEN
0x001a6240,fde_get_cie_encoding,unwind-fde,RECONSTRUCTED,BEHAVIORAL_SOURCE_MODEL,yes,src/ps2/progress28_structural_lift_recovered.c,UNPROVEN
0x001a64e8,snes_p16_001a64e8,gcc-runtime,RECONSTRUCTED,BEHAVIORAL_SOURCE_MODEL,yes,src/ps2/progress28_structural_lift_recovered.c,UNPROVEN
0x001a6770,snes_p16_001a6770,gcc-runtime,RECONSTRUCTED,BEHAVIORAL_SOURCE_MODEL,yes,src/ps2/progress28_structural_lift_recovered.c,UNPROVEN
0x001a68f0,snes_p16_001a68f0,gcc-runtime,RECONSTRUCTED,BEHAVIORAL_SOURCE_MODEL,yes,src/ps2/progress28_structural_lift_recovered.c,UNPROVEN
0x001a6a70,snes_p16_001a6a70,gcc-runtime,RECONSTRUCTED,BEHAVIORAL_SOURCE_MODEL,yes,src/ps2/progress28_structural_lift_recovered.c,UNPROVEN
0x001a6c18,snes_p16_001a6c18,gcc-runtime,RECONSTRUCTED,BEHAVIORAL_SOURCE_MODEL,yes,src/ps2/progress28_structural_lift_recovered.c,UNPROVEN
0x001a6f30,_Unwind_Find_FDE,unwind-fde,RECONSTRUCTED,BEHAVIORAL_SOURCE_MODEL,yes,src/ps2/progress28_structural_lift_recovered.c,UNPROVEN
0x001a70c0,snes_p17_001a70c0,gcc-runtime,RECONSTRUCTED,BEHAVIORAL_SOURCE_MODEL,yes,src/ps2/progress28_structural_lift_recovered.c,UNPROVEN
0x001a7438,snes_p16_001a7438,gcc-runtime,RECONSTRUCTED,BEHAVIORAL_SOURCE_MODEL,yes,src/ps2/progress28_structural_lift_recovered.c,UNPROVEN
0x001a7580,__floatdidf,libgcc,RECONSTRUCTED,BEHAVIORAL_SOURCE_MODEL,yes,src/snes9x/progress13_runtime_more_recovered.c,UNPROVEN
0x001a7638,snes_p16_001a7638,gcc-runtime,RECONSTRUCTED,BEHAVIORAL_SOURCE_MODEL,yes,src/ps2/progress21_small_helpers_recovered.c;src/ps2/progress28_structural_lift_recovered.c,UNPROVEN
0x001a7788,snes_p16_001a7788,gcc-runtime,RECONSTRUCTED,BEHAVIORAL_SOURCE_MODEL,yes,src/ps2/progress21_small_helpers_recovered.c;src/ps2/progress28_structural_lift_recovered.c,UNPROVEN
0x001a7e30,__unpack_f,libgcc,RECONSTRUCTED,BEHAVIORAL_SOURCE_MODEL,yes,src/ps2/progress13_libgcc_softfloat_recovered.c,UNPROVEN
0x001a7f10,__make_fp,libgcc,RECONSTRUCTED,BEHAVIORAL_SOURCE_MODEL,yes,src/ps2/progress13_libgcc_softfloat_recovered.c,UNPROVEN
0x001a7f40,__pack_d,libgcc,RECONSTRUCTED,BEHAVIORAL_SOURCE_MODEL,yes,src/ps2/progress13_libgcc_softfloat_recovered.c,UNPROVEN
0x001a80d0,__unpack_d,libgcc,RECONSTRUCTED,BEHAVIORAL_SOURCE_MODEL,yes,src/ps2/progress13_libgcc_softfloat_recovered.c,UNPROVEN
0x001a81b8,__fpcmp_parts_d,libgcc,RECONSTRUCTED,BEHAVIORAL_SOURCE_MODEL,yes,src/ps2/progress13_libgcc_softfloat_recovered.c,UNPROVEN
0x001a82c0,__pack_f,libgcc,RECONSTRUCTED,BEHAVIORAL_SOURCE_MODEL,yes,src/ps2/progress13_libgcc_softfloat_recovered.c,UNPROVEN
0x001a8420,padGetDmaStr,libpad,RECONSTRUCTED,BEHAVIORAL_SOURCE_MODEL,yes,src/ps2/libpad_recovered.c,UNPROVEN
0x001a8484,padInit,libpad,RECONSTRUCTED,BEHAVIORAL_SOURCE_MODEL,yes,src/ps2/libpad_recovered.c;src/ps2/progress15_pad_init_recovered.c,UNPROVEN
0x001a8614,padEnd,libpad,RECONSTRUCTED,BEHAVIORAL_SOURCE_MODEL,yes,src/ps2/libpad_recovered.c,UNPROVEN
0x001a8690,padPortOpen,libpad,RECONSTRUCTED,BEHAVIORAL_SOURCE_MODEL,yes,src/ps2/libpad_recovered.c,UNPROVEN
0x001a87b0,padPortClose,libpad,RECONSTRUCTED,BEHAVIORAL_SOURCE_MODEL,yes,src/ps2/libpad_recovered.c,UNPROVEN
0x001a8864,padRead,libpad,RECONSTRUCTED,BEHAVIORAL_SOURCE_MODEL,yes,src/ps2/libpad_recovered.c;src/ps2/progress28_structural_lift_recovered.c,UNPROVEN
0x001a88a8,padGetState,libpad,RECONSTRUCTED,BEHAVIORAL_SOURCE_MODEL,yes,src/ps2/libpad_recovered.c;src/ps2/progress28_structural_lift_recovered.c,UNPROVEN
0x001a8918,padGetReqState,libpad,RECONSTRUCTED,BEHAVIORAL_SOURCE_MODEL,yes,src/ps2/libpad_recovered.c,UNPROVEN
0x001a8938,padSetReqState,libpad,RECONSTRUCTED,BEHAVIORAL_SOURCE_MODEL,yes,src/ps2/libpad_recovered.c,UNPROVEN
0x001a896c,padStateInt2String,libpad,RECONSTRUCTED,BEHAVIORAL_SOURCE_MODEL,yes,src/ps2/libpad_recovered.c,UNPROVEN
0x001a89ac,padReqStateInt2String,libpad,RECONSTRUCTED,BEHAVIORAL_SOURCE_MODEL,yes,src/ps2/libpad_recovered.c,UNPROVEN
0x001a89e4,padGetPortMax,libpad,RECONSTRUCTED,BEHAVIORAL_SOURCE_MODEL,yes,src/ps2/libpad_recovered.c,UNPROVEN
0x001a8a4c,padGetSlotMax,libpad,RECONSTRUCTED,BEHAVIORAL_SOURCE_MODEL,yes,src/ps2/libpad_recovered.c,UNPROVEN
0x001a8abc,padGetModVersion,libpad,RECONSTRUCTED,BEHAVIORAL_SOURCE_MODEL,yes,src/ps2/libpad_recovered.c,UNPROVEN
0x001a8b24,padInfoMode,libpad,RECONSTRUCTED,BEHAVIORAL_SOURCE_MODEL,yes,src/ps2/libpad_recovered.c,UNPROVEN
0x001a8c20,padSetMainMode,libpad,RECONSTRUCTED,BEHAVIORAL_SOURCE_MODEL,yes,src/ps2/libpad_recovered.c,UNPROVEN
0x001a8ce0,padInfoPressMode,libpad,RECONSTRUCTED,BEHAVIORAL_SOURCE_MODEL,yes,src/ps2/libpad_recovered.c,UNPROVEN
0x001a8d0c,padEnterPressMode,libpad,RECONSTRUCTED,BEHAVIORAL_SOURCE_MODEL,yes,src/ps2/libpad_recovered.c,UNPROVEN
0x001a8d28,padExitPressMode,libpad,RECONSTRUCTED,BEHAVIORAL_SOURCE_MODEL,yes,src/ps2/libpad_recovered.c,UNPROVEN
0x001a8d44,padGetButtonMask,libpad,RECONSTRUCTED,BEHAVIORAL_SOURCE_MODEL,yes,src/ps2/libpad_recovered.c,UNPROVEN
0x001a8dbc,padSetButtonInfo,libpad,RECONSTRUCTED,BEHAVIORAL_SOURCE_MODEL,yes,src/ps2/libpad_recovered.c,UNPROVEN
0x001a8e74,padInfoAct,libpad,RECONSTRUCTED,BEHAVIORAL_SOURCE_MODEL,yes,src/ps2/libpad_recovered.c,UNPROVEN
0x001a8f08,padSetActAlign,libpad,RECONSTRUCTED,BEHAVIORAL_SOURCE_MODEL,yes,src/ps2/libpad_recovered.c,UNPROVEN
0x001a8fe4,padSetActDirect,libpad,RECONSTRUCTED,BEHAVIORAL_SOURCE_MODEL,yes,src/ps2/libpad_recovered.c,UNPROVEN
0x001a9080,padGetConnection,libpad,RECONSTRUCTED,BEHAVIORAL_SOURCE_MODEL,yes,src/ps2/libpad_recovered.c,UNPROVEN
0x001a90f8,operator_delete,cpp-runtime,MATCHING,BEHAVIORAL_SOURCE_MODEL,yes,src/ps2/cpp_runtime_recovered.c;src/ps2/progress28_structural_lift_recovered.c,MATCHING
0x001a9118,operator_delete_array,cpp-runtime,MATCHING,BEHAVIORAL_SOURCE_MODEL,yes,src/ps2/cpp_runtime_recovered.c;src/ps2/progress28_structural_lift_recovered.c,MATCHING
0x001a9138,size_of_encoded_value_eh_personality,cpp-eh,MATCHING,BEHAVIORAL_SOURCE_MODEL,no,,MATCHING
0x001a91b0,base_of_encoded_value_eh_personality,cpp-eh,RECONSTRUCTED,BEHAVIORAL_SOURCE_MODEL,yes,src/ps2/progress28_structural_lift_recovered.c,UNPROVEN
0x001a9268,read_uleb128_eh_personality,cpp-eh,MATCHING,BEHAVIORAL_SOURCE_MODEL,yes,src/ps2/progress28_structural_lift_recovered.c,MATCHING
0x001a92a8,read_sleb128_eh_personality,cpp-eh,MATCHING,BEHAVIORAL_SOURCE_MODEL,yes,src/ps2/progress28_structural_lift_recovered.c,MATCHING
0x001a9308,read_encoded_value_with_base_eh_personality,cpp-eh,RECONSTRUCTED,BEHAVIORAL_SOURCE_MODEL,yes,src/ps2/progress28_structural_lift_recovered.c,UNPROVEN
0x001a9488,parse_lsda_header,cpp-eh,RECONSTRUCTED,BEHAVIORAL_SOURCE_MODEL,yes,src/ps2/progress13_cpp_personality_recovered.c;src/ps2/progress28_structural_lift_recovered.c,UNPROVEN
0x001a9588,get_ttype_entry,cpp-eh,RECONSTRUCTED,BEHAVIORAL_SOURCE_MODEL,yes,src/ps2/progress13_cpp_personality_recovered.c;src/ps2/progress28_structural_lift_recovered.c,UNPROVEN
0x001a95f8,get_adjusted_ptr,cpp-eh,RECONSTRUCTED,BEHAVIORAL_SOURCE_MODEL,yes,src/ps2/progress13_cpp_personality_recovered.c;src/ps2/progress28_structural_lift_recovered.c,UNPROVEN
0x001a9698,check_exception_spec,cpp-eh,RECONSTRUCTED,BEHAVIORAL_SOURCE_MODEL,yes,src/ps2/progress13_cpp_personality_recovered.c;src/ps2/progress28_structural_lift_recovered.c,UNPROVEN
0x001a9728,__gxx_personality_v0,cpp-eh,RECONSTRUCTED,BEHAVIORAL_SOURCE_MODEL,yes,src/ps2/progress28_structural_lift_recovered.c,UNPROVEN
0x001a9b88,__cxa_call_unexpected,cpp-eh,RECONSTRUCTED,BEHAVIORAL_SOURCE_MODEL,yes,src/ps2/progress28_structural_lift_recovered.c,UNPROVEN
0x001a9ca8,__terminate,cpp-eh,MATCHING,BEHAVIORAL_SOURCE_MODEL,yes,src/ps2/progress13_cpp_eh_recovered.c;src/ps2/progress28_structural_lift_recovered.c,MATCHING
0x001a9cf0,std_terminate,cpp-eh,MATCHING,BEHAVIORAL_SOURCE_MODEL,yes,src/ps2/cpp_runtime_recovered.c,MATCHING
0x001a9d08,__unexpected,cpp-eh,MATCHING,BEHAVIORAL_SOURCE_MODEL,yes,src/ps2/progress28_structural_lift_recovered.c,MATCHING
0x001a9d20,std_unexpected,cpp-eh,MATCHING,BEHAVIORAL_SOURCE_MODEL,no,,MATCHING
0x001a9d38,std_set_terminate,cpp-eh,MATCHING,BEHAVIORAL_SOURCE_MODEL,no,,MATCHING
0x001a9d48,std_set_unexpected,cpp-eh,MATCHING,BEHAVIORAL_SOURCE_MODEL,no,,MATCHING
0x001a9d58,__gxx_exception_cleanup,cpp-eh,RECONSTRUCTED,BEHAVIORAL_SOURCE_MODEL,yes,src/ps2/progress13_cpp_eh_recovered.c,UNPROVEN
0x001a9db8,__cxa_throw,cpp-eh,RECONSTRUCTED,BEHAVIORAL_SOURCE_MODEL,yes,src/ps2/progress13_cpp_eh_recovered.c;src/ps2/progress28_structural_lift_recovered.c,UNPROVEN
0x001a9e40,__cxa_rethrow,cpp-eh,RECONSTRUCTED,BEHAVIORAL_SOURCE_MODEL,yes,src/ps2/progress13_cpp_eh_recovered.c;src/ps2/progress28_structural_lift_recovered.c,UNPROVEN
0x001a9e88,operator_new,cpp,RECONSTRUCTED,BEHAVIORAL_SOURCE_MODEL,yes,src/app/main_bootstrap.c;src/ps2/progress13_cpp_eh_recovered.c;src/ps2/progress22_more_small_helpers_recovered.c;src/ps2/progress28_structural_lift_recovered.c,UNPROVEN
0x001a9f68,operator_new_array,cpp-runtime,RECONSTRUCTED,BEHAVIORAL_SOURCE_MODEL,yes,src/ps2/cpp_runtime_recovered.c;src/ps2/progress28_structural_lift_recovered.c,UNPROVEN
0x001a9fa8,std_type_info_destructor_D2,cpp-rtti,MATCHING,BEHAVIORAL_SOURCE_MODEL,yes,src/ps2/libsupcxx_rtti_recovered.c,MATCHING
0x001a9fb8,std_type_info_destructor_D1,cpp-rtti,MATCHING,BEHAVIORAL_SOURCE_MODEL,yes,src/ps2/libsupcxx_rtti_recovered.c,MATCHING
0x001a9fc8,std_type_info_destructor_D0,cpp-rtti,MATCHING,BEHAVIORAL_SOURCE_MODEL,yes,src/ps2/libsupcxx_rtti_recovered.c,MATCHING
0x001a9ff0,std_bad_cast_destructor_D2,cpp-rtti,MATCHING,BEHAVIORAL_SOURCE_MODEL,yes,src/ps2/libsupcxx_rtti_recovered.c,MATCHING
0x001aa018,std_bad_cast_destructor_D1,cpp-rtti,MATCHING,BEHAVIORAL_SOURCE_MODEL,yes,src/ps2/libsupcxx_rtti_recovered.c,MATCHING
0x001aa040,std_bad_cast_destructor_D0,cpp-rtti,MATCHING,BEHAVIORAL_SOURCE_MODEL,yes,src/ps2/libsupcxx_rtti_recovered.c,MATCHING
0x001aa078,std_bad_typeid_destructor_D2,cpp-rtti,MATCHING,BEHAVIORAL_SOURCE_MODEL,yes,src/ps2/libsupcxx_rtti_recovered.c,MATCHING
0x001aa0a0,std_bad_typeid_destructor_D1,cpp-rtti,MATCHING,BEHAVIORAL_SOURCE_MODEL,yes,src/ps2/libsupcxx_rtti_recovered.c,MATCHING
0x001aa0c8,std_bad_typeid_destructor_D0,cpp-rtti,MATCHING,BEHAVIORAL_SOURCE_MODEL,yes,src/ps2/libsupcxx_rtti_recovered.c,MATCHING
0x001aa100,std_type_info_is_pointer_p,cpp-rtti,MATCHING,BEHAVIORAL_SOURCE_MODEL,yes,src/ps2/libsupcxx_rtti_recovered.c,MATCHING
0x001aa108,std_type_info_is_function_p,cpp-rtti,MATCHING,BEHAVIORAL_SOURCE_MODEL,yes,src/ps2/libsupcxx_rtti_recovered.c,MATCHING
0x001aa110,std_type_info_do_catch,cpp-rtti,MATCHING,BEHAVIORAL_SOURCE_MODEL,yes,src/ps2/libsupcxx_rtti_recovered.c,MATCHING
0x001aa128,std_type_info_do_upcast,cpp-rtti,MATCHING,BEHAVIORAL_SOURCE_MODEL,yes,src/ps2/libsupcxx_rtti_recovered.c,MATCHING
0x001aa130,class_type_info_destructor_D2,cpp-rtti,MATCHING,BEHAVIORAL_SOURCE_MODEL,yes,src/ps2/libsupcxx_rtti_recovered.c,MATCHING
0x001aa158,class_type_info_destructor_D1,cpp-rtti,MATCHING,BEHAVIORAL_SOURCE_MODEL,yes,src/ps2/libsupcxx_rtti_recovered.c,MATCHING
0x001aa180,class_type_info_destructor_D0,cpp-rtti,MATCHING,BEHAVIORAL_SOURCE_MODEL,yes,src/ps2/libsupcxx_rtti_recovered.c,MATCHING
0x001aa1b8,si_class_type_info_destructor_D2,cpp-rtti,MATCHING,BEHAVIORAL_SOURCE_MODEL,yes,src/ps2/libsupcxx_rtti_recovered.c,MATCHING
0x001aa1e0,si_class_type_info_destructor_D1,cpp-rtti,MATCHING,BEHAVIORAL_SOURCE_MODEL,yes,src/ps2/libsupcxx_rtti_recovered.c,MATCHING
0x001aa208,si_class_type_info_destructor_D0,cpp-rtti,MATCHING,BEHAVIORAL_SOURCE_MODEL,yes,src/ps2/libsupcxx_rtti_recovered.c,MATCHING
0x001aa240,vmi_class_type_info_destructor_D2,cpp-rtti,MATCHING,BEHAVIORAL_SOURCE_MODEL,yes,src/ps2/libsupcxx_rtti_recovered.c,MATCHING
0x001aa268,vmi_class_type_info_destructor_D1,cpp-rtti,MATCHING,BEHAVIORAL_SOURCE_MODEL,yes,src/ps2/libsupcxx_rtti_recovered.c,MATCHING
0x001aa290,vmi_class_type_info_destructor_D0,cpp-rtti,MATCHING,BEHAVIORAL_SOURCE_MODEL,yes,src/ps2/libsupcxx_rtti_recovered.c,MATCHING
0x001aa2c8,class_type_info_do_catch,cpp-rtti,RECONSTRUCTED,BEHAVIORAL_SOURCE_MODEL,yes,src/ps2/libsupcxx_rtti_recovered.c,UNPROVEN
0x001aa320,class_type_info_do_upcast_wrapper,cpp-rtti,RECONSTRUCTED,BEHAVIORAL_SOURCE_MODEL,yes,src/ps2/libsupcxx_rtti_recovered.c,UNPROVEN
0x001aa390,class_type_info_do_find_public_src,cpp-rtti,MATCHING,BEHAVIORAL_SOURCE_MODEL,yes,src/ps2/libsupcxx_rtti_recovered.c,MATCHING
0x001aa3a8,si_class_type_info_do_find_public_src,cpp-rtti,RECONSTRUCTED,BEHAVIORAL_SOURCE_MODEL,yes,src/ps2/libsupcxx_rtti_recovered.c,UNPROVEN
0x001aa400,vmi_class_type_info_do_find_public_src,cpp-rtti,RECONSTRUCTED,BEHAVIORAL_SOURCE_MODEL,yes,src/ps2/progress28_structural_lift_recovered.c,UNPROVEN
0x001aa548,class_type_info_do_dyncast,cpp-rtti,RECONSTRUCTED,BEHAVIORAL_SOURCE_MODEL,yes,src/ps2/libsupcxx_rtti_recovered.c,UNPROVEN
0x001aa590,si_class_type_info_do_dyncast,cpp-rtti,RECONSTRUCTED,BEHAVIORAL_SOURCE_MODEL,yes,src/ps2/libsupcxx_rtti_recovered.c,UNPROVEN
0x001aa638,vmi_class_type_info_do_dyncast,cpp-rtti,RECONSTRUCTED,BEHAVIORAL_SOURCE_MODEL,yes,src/ps2/progress28_structural_lift_recovered.c,UNPROVEN
0x001aab20,class_type_info_do_upcast,cpp-rtti,RECONSTRUCTED,BEHAVIORAL_SOURCE_MODEL,yes,src/ps2/libsupcxx_rtti_recovered.c;src/ps2/progress28_structural_lift_recovered.c,UNPROVEN
0x001aab58,si_class_type_info_do_upcast,cpp-rtti,RECONSTRUCTED,BEHAVIORAL_SOURCE_MODEL,yes,src/ps2/libsupcxx_rtti_recovered.c,UNPROVEN
0x001aabd8,vmi_class_type_info_do_upcast,cpp-rtti,RECONSTRUCTED,BEHAVIORAL_SOURCE_MODEL,yes,src/ps2/progress28_structural_lift_recovered.c,UNPROVEN
0x001aae70,__dynamic_cast,cpp-rtti,RECONSTRUCTED,BEHAVIORAL_SOURCE_MODEL,yes,src/ps2/progress28_structural_lift_recovered.c,UNPROVEN
0x001aafb8,__cxa_allocate_exception,cpp-eh,RECONSTRUCTED,BEHAVIORAL_SOURCE_MODEL,yes,src/ps2/libsupcxx_rtti_recovered.c;src/ps2/progress28_structural_lift_recovered.c,UNPROVEN
0x001ab080,__cxa_free_exception,cpp-eh,RECONSTRUCTED,BEHAVIORAL_SOURCE_MODEL,yes,src/ps2/libsupcxx_rtti_recovered.c,UNPROVEN
0x001ab0f0,__cxa_begin_catch,cpp-eh,RECONSTRUCTED,BEHAVIORAL_SOURCE_MODEL,yes,src/ps2/libsupcxx_rtti_recovered.c;src/ps2/progress28_structural_lift_recovered.c,UNPROVEN
0x001ab158,__cxa_end_catch,cpp-eh,RECONSTRUCTED,BEHAVIORAL_SOURCE_MODEL,yes,src/ps2/libsupcxx_rtti_recovered.c,UNPROVEN
0x001ab200,std_uncaught_exception,cpp-eh,MATCHING,BEHAVIORAL_SOURCE_MODEL,yes,src/ps2/libsupcxx_rtti_recovered.c,MATCHING
0x001ab228,std_exception_destructor_D2,cpp-eh,MATCHING,BEHAVIORAL_SOURCE_MODEL,no,,MATCHING
0x001ab238,std_exception_destructor_D1,cpp-eh,MATCHING,BEHAVIORAL_SOURCE_MODEL,no,,MATCHING
0x001ab248,std_exception_destructor_D0,cpp-eh,MATCHING,BEHAVIORAL_SOURCE_MODEL,no,,MATCHING
0x001ab270,std_bad_exception_destructor_D2,cpp-eh,MATCHING,BEHAVIORAL_SOURCE_MODEL,yes,src/ps2/libsupcxx_rtti_recovered.c,MATCHING
0x001ab298,std_bad_exception_destructor_D1,cpp-eh,MATCHING,BEHAVIORAL_SOURCE_MODEL,yes,src/ps2/libsupcxx_rtti_recovered.c,MATCHING
0x001ab2c0,std_bad_exception_destructor_D0,cpp-eh,MATCHING,BEHAVIORAL_SOURCE_MODEL,yes,src/ps2/libsupcxx_rtti_recovered.c,MATCHING
0x001ab2f8,std_exception_what,cpp-eh,MATCHING,BEHAVIORAL_SOURCE_MODEL,yes,src/ps2/libsupcxx_rtti_recovered.c,MATCHING
0x001ab308,__cxa_get_globals_fast,cpp-eh,MATCHING,BEHAVIORAL_SOURCE_MODEL,yes,src/ps2/libsupcxx_rtti_recovered.c;src/ps2/progress28_structural_lift_recovered.c,MATCHING
0x001ab318,__cxa_get_globals,cpp-eh,MATCHING,BEHAVIORAL_SOURCE_MODEL,yes,src/ps2/libsupcxx_rtti_recovered.c,MATCHING
0x001ab328,std_set_new_handler,cpp-runtime,MATCHING,BEHAVIORAL_SOURCE_MODEL,yes,src/ps2/libsupcxx_rtti_recovered.c,MATCHING
0x001ab338,std_bad_alloc_destructor_D2,cpp-runtime,MATCHING,BEHAVIORAL_SOURCE_MODEL,yes,src/ps2/libsupcxx_rtti_recovered.c,MATCHING
0x001ab360,std_bad_alloc_destructor_D1,cpp-runtime,MATCHING,BEHAVIORAL_SOURCE_MODEL,yes,src/ps2/libsupcxx_rtti_recovered.c,MATCHING
0x001ab388,std_bad_alloc_destructor_D0,cpp-runtime,MATCHING,BEHAVIORAL_SOURCE_MODEL,yes,src/ps2/libsupcxx_rtti_recovered.c,MATCHING
0x001ab3c0,SyncDCache,ps2,RECONSTRUCTED,BEHAVIORAL_SOURCE_MODEL,yes,src/ps2/ee_cache_recovered.c,UNPROVEN
0x001ab440,iSyncDCache,ps2,RECONSTRUCTED,BEHAVIORAL_SOURCE_MODEL,yes,src/ps2/ee_cache_recovered.c,UNPROVEN
0x001ab4e8,S9xGetMemPointer,memory,RECONSTRUCTED,BEHAVIORAL_SOURCE_MODEL,yes,src/ps2/progress28_structural_lift_recovered.c;src/snes9x/getset_recovered.c,UNPROVEN
0x001ab63c,S9xGetByte,memory,RECONSTRUCTED,BEHAVIORAL_SOURCE_MODEL,yes,src/ps2/progress28_structural_lift_recovered.c;src/snes9x/getset_recovered.c,UNPROVEN
0x001ab900,S9xSetByte,memory,RECONSTRUCTED,BEHAVIORAL_SOURCE_MODEL,yes,src/ps2/progress28_structural_lift_recovered.c;src/snes9x/getset_recovered.c,UNPROVEN
0x001abc28,S9xGetWord,memory,RECONSTRUCTED,BEHAVIORAL_SOURCE_MODEL,yes,src/ps2/progress28_structural_lift_recovered.c;src/snes9x/getset_recovered.c,UNPROVEN
0x001ac024,S9xSetPCBase,memory,RECONSTRUCTED,BEHAVIORAL_SOURCE_MODEL,yes,src/ps2/progress28_structural_lift_recovered.c;src/snes9x/getset_recovered.c,UNPROVEN
0x001ac190,S9xSetWord,memory,RECONSTRUCTED,BEHAVIORAL_SOURCE_MODEL,yes,src/snes9x/getset_recovered.c,UNPROVEN
0x001ac604,CPUShutdown,memory,RECONSTRUCTED,BEHAVIORAL_SOURCE_MODEL,yes,src/snes9x/cpu_shutdown_renderer_select_recovered.c,UNPROVEN
0x001ac734,GetBasePointer,memory,RECONSTRUCTED,BEHAVIORAL_SOURCE_MODEL,yes,src/ps2/progress28_structural_lift_recovered.c;src/snes9x/getset_recovered.c,UNPROVEN
0x001ac838,SelectTileRenderer,renderer,RECONSTRUCTED,BEHAVIORAL_SOURCE_MODEL,yes,src/ps2/progress28_structural_lift_recovered.c;src/snes9x/cpu_shutdown_renderer_select_recovered.c,UNPROVEN
0x001ac994,S9xAPUGetByte,audio,RECONSTRUCTED,BEHAVIORAL_SOURCE_MODEL,yes,src/snes9x/apumem_recovered.c,UNPROVEN
0x001aca50,S9xAPUSetByte,audio,RECONSTRUCTED,BEHAVIORAL_SOURCE_MODEL,yes,src/snes9x/apumem_recovered.c,UNPROVEN
0x001acb3c,S9xAPUGetByteZ,audio,RECONSTRUCTED,BEHAVIORAL_SOURCE_MODEL,yes,src/snes9x/apumem_recovered.c,UNPROVEN
0x001acbf0,S9xAPUSetByteZ,audio,RECONSTRUCTED,BEHAVIORAL_SOURCE_MODEL,yes,src/snes9x/apumem_recovered.c,UNPROVEN
0x001acd04,WRITE_4PIXELS,renderer,RECONSTRUCTED,BEHAVIORAL_SOURCE_MODEL,yes,src/snes9x/tile_pixel_helpers_recovered.c,UNPROVEN
0x001ace28,WRITE_4PIXELS_FLIPPED,renderer,RECONSTRUCTED,BEHAVIORAL_SOURCE_MODEL,yes,src/snes9x/tile_pixel_helpers_recovered.c,UNPROVEN
0x001acf4c,WRITE_4PIXELSx2,renderer,RECONSTRUCTED,BEHAVIORAL_SOURCE_MODEL,yes,src/snes9x/tile_x2_recovered.c,UNPROVEN
0x001ad090,WRITE_4PIXELS_FLIPPEDx2,renderer,RECONSTRUCTED,BEHAVIORAL_SOURCE_MODEL,yes,src/snes9x/tile_x2_recovered.c,UNPROVEN
0x001ad1d4,WRITE_4PIXELSx2x2,renderer,RECONSTRUCTED,BEHAVIORAL_SOURCE_MODEL,yes,src/snes9x/tile_scaled_remaining_recovered.c,UNPROVEN
0x001ad398,WRITE_4PIXELS_FLIPPEDx2x2,renderer,RECONSTRUCTED,BEHAVIORAL_SOURCE_MODEL,yes,src/snes9x/tile_scaled_remaining_recovered.c,UNPROVEN
0x001ad55c,WRITE_4PIXELS16,renderer,RECONSTRUCTED,BEHAVIORAL_SOURCE_MODEL,yes,src/snes9x/tile_16bit_recovered.c,UNPROVEN
0x001ad684,WRITE_4PIXELS16_FLIPPED,renderer,RECONSTRUCTED,BEHAVIORAL_SOURCE_MODEL,yes,src/snes9x/tile_16bit_recovered.c,UNPROVEN
0x001ad7ac,WRITE_4PIXELS16x2,renderer,RECONSTRUCTED,BEHAVIORAL_SOURCE_MODEL,yes,src/snes9x/tile_16bit_recovered.c,UNPROVEN
0x001ad8f4,WRITE_4PIXELS16_FLIPPEDx2,renderer,RECONSTRUCTED,BEHAVIORAL_SOURCE_MODEL,yes,src/snes9x/tile_16bit_recovered.c,UNPROVEN
0x001ada3c,WRITE_4PIXELS16x2x2,renderer,RECONSTRUCTED,BEHAVIORAL_SOURCE_MODEL,yes,src/snes9x/tile_16bit_recovered.c,UNPROVEN
0x001adc34,WRITE_4PIXELS16_FLIPPEDx2x2,renderer,RECONSTRUCTED,BEHAVIORAL_SOURCE_MODEL,yes,src/snes9x/tile_16bit_recovered.c,UNPROVEN
0x001ade2c,WRITE_4PIXELS16_ADD,renderer,RECONSTRUCTED,BEHAVIORAL_SOURCE_MODEL,yes,src/snes9x/tile_color_math_recovered.c,UNPROVEN
0x001ae2c0,WRITE_4PIXELS16_FLIPPED_ADD,renderer,RECONSTRUCTED,BEHAVIORAL_SOURCE_MODEL,yes,src/snes9x/tile_color_math_recovered.c,UNPROVEN
0x001ae754,WRITE_4PIXELS16_ADD1_2,renderer,RECONSTRUCTED,BEHAVIORAL_SOURCE_MODEL,yes,src/snes9x/tile_color_math_recovered.c,UNPROVEN
0x001aeb58,WRITE_4PIXELS16_FLIPPED_ADD1_2,renderer,RECONSTRUCTED,BEHAVIORAL_SOURCE_MODEL,yes,src/snes9x/tile_color_math_recovered.c,UNPROVEN
0x001aef5c,WRITE_4PIXELS16_SUB,renderer,RECONSTRUCTED,BEHAVIORAL_SOURCE_MODEL,yes,src/snes9x/tile_color_math_recovered.c,UNPROVEN
0x001af310,WRITE_4PIXELS16_FLIPPED_SUB,renderer,RECONSTRUCTED,BEHAVIORAL_SOURCE_MODEL,yes,src/snes9x/tile_color_math_recovered.c,UNPROVEN
0x001af6c4,WRITE_4PIXELS16_SUB1_2,renderer,RECONSTRUCTED,BEHAVIORAL_SOURCE_MODEL,yes,src/snes9x/tile_color_math_recovered.c,UNPROVEN
0x001afa88,WRITE_4PIXELS16_FLIPPED_SUB1_2,renderer,RECONSTRUCTED,BEHAVIORAL_SOURCE_MODEL,yes,src/snes9x/tile_color_math_recovered.c,UNPROVEN
0x001afe4c,WRITE_4PIXELS16_ADDF1_2,renderer,RECONSTRUCTED,BEHAVIORAL_SOURCE_MODEL,yes,src/snes9x/tile_color_math_recovered.c,UNPROVEN
0x001b008c,WRITE_4PIXELS16_FLIPPED_ADDF1_2,renderer,RECONSTRUCTED,BEHAVIORAL_SOURCE_MODEL,yes,src/snes9x/tile_color_math_recovered.c,UNPROVEN
0x001b02cc,WRITE_4PIXELS16_SUBF1_2,renderer,RECONSTRUCTED,BEHAVIORAL_SOURCE_MODEL,yes,src/snes9x/tile_color_math_recovered.c,UNPROVEN
0x001b052c,WRITE_4PIXELS16_FLIPPED_SUBF1_2,renderer,RECONSTRUCTED,BEHAVIORAL_SOURCE_MODEL,yes,src/snes9x/tile_color_math_recovered.c,UNPROVEN
0x001b0790,gsDriver_getTexSizeFromInt,gslib,RECONSTRUCTED,BEHAVIORAL_SOURCE_MODEL,yes,src/ps2/gsfont_recovered.c,UNPROVEN
