address,source_file,evidence,notes
0x001019a8,src/ps2/progress25_small_core_helpers_recovered.c,analysis/functions/progress16_r5900_pseudocode.c.txt,Progress 25 typed GS asset upload helper migrated from committed R5900 decompile
0x00101b64,src/ps2/progress25_small_core_helpers_recovered.c,analysis/functions/progress16_r5900_pseudocode.c.txt,Progress 25 typed GS panel composition helper migrated from committed R5900 decompile
0x00101e8c,src/ps2/progress11_frontend_recovered.c,analysis/functions/progress16_r5900_pseudocode.c.txt,Progress 20 typed GS flush VSINT wait and swap helper migrated from committed R5900 decompile
0x00103b34,src/ps2/progress22_more_small_helpers_recovered.c,analysis/functions/progress16_r5900_pseudocode.c.txt,Progress 22 typed frontend message-slide helper migrated from committed R5900 decompile
0x00103cd4,src/ps2/progress21_small_helpers_recovered.c,analysis/functions/progress16_r5900_pseudocode.c.txt,Progress 21 typed browser TOC display-name helper migrated from committed R5900 decompile
0x00104234,src/ps2/progress22_more_small_helpers_recovered.c,analysis/functions/progress16_r5900_pseudocode.c.txt,Progress 22 typed aligned file-buffer loader migrated from committed R5900 decompile
0x001057fc,src/ps2/path_helpers_recovered.c,analysis/functions/path_config_00105750.asm,Progress 18 typed save-state path helper recovered from target call sequence
0x00105898,src/ps2/path_helpers_recovered.c,analysis/functions/path_config_00105750.asm,Progress 19 typed S9xSyncSpeed behavioral source recovered from target control flow
0x001059cc,src/ps2/path_helpers_recovered.c,analysis/functions/path_config_00105750.asm,Progress 19 typed PS2 device-aware _makepath recovered from target calls
0x00105ae8,src/ps2/path_helpers_recovered.c,analysis/functions/path_config_00105750.asm,Progress 19 typed PS2 device-aware _splitpath recovered from target calls
0x00106c08,src/ps2/progress21_small_helpers_recovered.c,analysis/functions/progress16_r5900_pseudocode.c.txt,Progress 21 typed memory-card save-state slot parser migrated from committed R5900 decompile
0x0010a264,src/snes9x/native_bulk_2xsai.cpp,analysis/functions/native_bulk_2xsai_exact_6888.tsv,_Z9Bilinear4jjjjjj; 372 complete linked historical instruction bytes; remaining candidates are tracked in native_bulk_census.tsv
0x0010b7f8,src/snes9x/native_bulk_apu.cpp,analysis/functions/native_bulk_apu_exact_3152.tsv,S9xGetAPUDSP; 172 complete linked historical instruction bytes; remaining candidates are tracked in native_bulk_census.tsv
0x00115b58,src/snes9x/cpu_reset.cpp,analysis/functions/cpu_reset_exact_956.tsv,Complete historical Snes9x 1.41-1 S9xReset; 312 complete raw historical bytes and fully linked historical-reference match; all shared-state field addends preserved
0x00129250,src/snes9x/native_cpu_opcodes.cpp,analysis/functions/native_cpu_opcodes_exact_77476.tsv,_Z4ADC8v; 464 complete linked historical instruction bytes; other opcode/helper routines tracked outside the frozen 1041-function audit
0x0012b3e8,src/snes9x/native_hdma.cpp,analysis/functions/native_hdma_exact_1468.tsv,"Original native HDMA setup/scanline source; complete historical instructions and linked reference, frozen normalized MATCH witness; shared native state and tables, 64-bit CPU cycle accounting and native memory/register ABI; no independent complete private target digest claimed"
0x0012c02c,src/snes9x/dsp_table_init.c,analysis/functions/dsp_table_init_exact_272.tsv,Historical Snes9x DSP1 table initialization with proved V51 PS2 float adaptation; all 272 provider-linked target bytes and 20 known relocations; original tables and native runtime/math providers retained
0x0012c188,src/snes9x/native_bulk_dsp1.cpp,analysis/functions/native_bulk_dsp1_exact_10892.tsv,_Z12DSP1_InversessPsS_; 284 complete linked historical instruction bytes; module-local identity and legacy symbol aliases checked independently
0x0012c2dc,src/snes9x/native_bulk_dsp1.cpp,analysis/functions/native_bulk_dsp1_exact_10892.tsv,_Z6SinInts; 188 complete linked historical instruction bytes; module-local identity and legacy symbol aliases checked independently
0x0012c398,src/snes9x/native_bulk_dsp1.cpp,analysis/functions/native_bulk_dsp1_exact_10892.tsv,_Z6CosInts; 172 complete linked historical instruction bytes; module-local identity and legacy symbol aliases checked independently
0x0012d334,src/snes9x/native_bulk_dsp1.cpp,analysis/functions/native_bulk_dsp1_exact_10892.tsv,_Z7DSPOp01v; 376 complete linked historical instruction bytes; module-local identity and legacy symbol aliases checked independently
0x0012d4ac,src/snes9x/native_bulk_dsp1.cpp,analysis/functions/native_bulk_dsp1_exact_10892.tsv,_Z7DSPOp11v; 376 complete linked historical instruction bytes; module-local identity and legacy symbol aliases checked independently
0x0012d624,src/snes9x/native_bulk_dsp1.cpp,analysis/functions/native_bulk_dsp1_exact_10892.tsv,_Z7DSPOp21v; 376 complete linked historical instruction bytes; module-local identity and legacy symbol aliases checked independently
0x0012e5b8,src/snes9x/native_bulk_dsp1.cpp,analysis/functions/native_bulk_dsp1_exact_10892.tsv,_Z9DSP2_Op0Dv; 208 complete linked historical instruction bytes; module-local identity and legacy symbol aliases checked independently
0x001305a0,src/snes9x/native_fxemu.cpp,analysis/functions/native_fxemu_exact_3456.tsv,"Complete original native Super FX module; frozen 3456-byte complete raw source window and all 21 fully linked historical functions; frozen 2280-byte linked original state/dispatch-cell target, no duplicate GSU storage or fresh private-image code comparison"
0x001306f8,src/snes9x/native_fxemu.cpp,analysis/functions/native_fxemu_exact_3456.tsv,"Complete original native Super FX module; frozen 3456-byte complete raw source window and all 21 fully linked historical functions; frozen 2280-byte linked original state/dispatch-cell target, no duplicate GSU storage or fresh private-image code comparison"
0x001309c4,src/snes9x/native_fxemu.cpp,analysis/functions/native_fxemu_exact_3456.tsv,"Complete original native Super FX module; frozen 3456-byte complete raw source window and all 21 fully linked historical functions; frozen 2280-byte linked original state/dispatch-cell target, no duplicate GSU storage or fresh private-image code comparison"
0x0015cce4,src/snes9x/native_controllers.cpp,analysis/functions/native_controller_chip_io_exact_1548.tsv,_Z17ProcessSuperScopev; original native ABI and shared state retained; 276 complete instruction bytes proved at linked-historical-reference level
0x0015d334,src/snes9x/ppu_reset.cpp,analysis/functions/superfx_execution_exact_184.tsv,Original native Super FX execution/IRQ bridge; all 184 provider-linked target bytes and original PS2 Settings field offsets; canonical native FxEmulate(uint32) and CPU IRQ setter replace remaining CPU-loop address anchor
0x0015e298,src/snes9x/native_sa1.cpp,analysis/functions/native_sa1_exact_6172.tsv,"S9xGetSA1; linked-historical-reference; original native ABI/shared state; complete instruction, linked reference and opcode-table geometry checks"
0x0015ecec,src/snes9x/native_sa1.cpp,analysis/functions/native_sa1_exact_6172.tsv,"_Z15S9xSA1CharConv2v; linked-historical-reference; original native ABI/shared state; complete instruction, linked reference and opcode-table geometry checks"
0x0015eeac,src/snes9x/native_sa1.cpp,analysis/functions/native_sa1_exact_6172.tsv,"_Z9S9xSA1DMAv; linked-historical-reference; original native ABI/shared state; complete instruction, linked reference and opcode-table geometry checks"
0x0016ded4,src/snes9x/native_sa1_execution.cpp,analysis/functions/native_sa1_execution_exact_552.tsv,"_Z16S9xSA1Opcode_IRQv; all selected raw instructions and fully linked historical reference match; original SA-1 state and dispatch preserved, no independent full target-code hash claimed"
0x00174564,src/snes9x/native_bulk_soundux.cpp,analysis/functions/native_bulk_soundux_exact_4076.tsv,_Z15S9xSetSoundADSRiiiiii; 180 complete linked historical instruction bytes; remaining candidates are tracked in native_bulk_census.tsv
0x00174728,src/snes9x/native_sound_controls.cpp,analysis/functions/native_sound_controls_exact_452.tsv,"Original native audio echo-delay/write and sound frequency; all 452 provider-linked target bytes, original sound/channel/noise provider geometry, exact PS2 float intermediate preserved"
0x00177cec,src/ps2/progress23_audio_helpers_recovered.c,analysis/functions/progress16_r5900_pseudocode.c.txt,Progress 23 typed audio runtime initialization wrapper migrated from committed R5900 decompile
0x00177db0,src/snes9x/native_bulk_soundux.cpp,analysis/functions/native_bulk_soundux_exact_4076.tsv,_Z15S9xSetSoundModeii; 172 complete linked historical instruction bytes; remaining candidates are tracked in native_bulk_census.tsv
0x001a7638,src/ps2/progress21_small_helpers_recovered.c,analysis/functions/progress16_r5900_pseudocode.c.txt,Progress 21 typed signed DI remainder wrapper migrated from committed R5900 decompile
0x00127b78,src/snes9x/native_cpu_interrupts.cpp,analysis/functions/native_cpu_interrupts_exact_1296.tsv,"_Z13S9xOpcode_IRQv; all 648 raw instruction bytes and fully linked historical reference match; shared CPU state and original C++ ABI preserved; frozen normalized target witness, no independent full target-code hash claimed"
0x00127e00,src/snes9x/native_cpu_interrupts.cpp,analysis/functions/native_cpu_interrupts_exact_1296.tsv,"_Z13S9xOpcode_NMIv; all 648 raw instruction bytes and fully linked historical reference match; shared CPU state and original C++ ABI preserved; frozen normalized target witness, no independent full target-code hash claimed"
0x0012bd48,src/snes9x/native_dma.cpp,analysis/functions/native_dma_exact_7668.tsv,_Z13REGISTER_2122h; complete native instructions and provider-linked checks; shared state and original allocation ABI
0x0012cbd8,src/ps2/progress27_large_state_cpu_batch_recovered.c,analysis/functions/progress16_r5900_pseudocode.c.txt,Progress 27 typed DSP floating transform helper migrated from committed R5900 decompile
0x00150ccc,src/snes9x/native_bulk_memmap.cpp,analysis/functions/native_bulk_memmap_exact_1924.tsv,_ZN7CMemory10ScoreHiROMEh; 332 complete linked historical instruction bytes; remaining candidates are tracked in native_bulk_census.tsv
0x00150e18,src/snes9x/native_bulk_memmap.cpp,analysis/functions/native_bulk_memmap_exact_1924.tsv,_ZN7CMemory10ScoreLoROMEh; 316 complete linked historical instruction bytes; remaining candidates are tracked in native_bulk_census.tsv
0x00150f54,src/ps2/progress27_large_state_cpu_batch_recovered.c,analysis/functions/progress16_r5900_pseudocode.c.txt,Progress 27 typed CMemory safe-string sanitizer migrated from committed R5900 decompile
0x0016efa0,src/snes9x/native_sa1_execution.cpp,analysis/functions/native_sa1_execution_exact_552.tsv,"S9xSA1MainLoop; all selected raw instructions and fully linked historical reference match; original SA-1 state and dispatch preserved, no independent full target-code hash claimed"
0x0016f10c,src/snes9x/native_sa1_opcodes.cpp,analysis/functions/native_sa1_opcodes_exact_67008.tsv,_Z4ADC8v; 464 complete linked historical instruction bytes; native helper body emitted from native_sa1_opcode_state.h; remaining opcode entries tracked separately outside frozen 1041-function manifest
0x0017028c,src/snes9x/native_bulk_snaporig.cpp,analysis/functions/native_bulk_snaporig_exact_3904.tsv,_Z9ReadBlockPKcPviS1_; 268 complete linked historical instruction bytes; module-local identity and legacy symbol aliases checked independently
0x0017124c,src/snes9x/native_bulk_snapshot.cpp,analysis/functions/native_bulk_snapshot_exact_5368.tsv,S9xUnfreezeGame; 252 complete linked historical instruction bytes; module-local identity and legacy symbol aliases checked independently
0x00171e0c,src/snes9x/native_bulk_snapshot.cpp,analysis/functions/native_bulk_snapshot_exact_5368.tsv,_Z12FreezeStructPvPcS_P10FreezeDatai; 872 complete linked historical instruction bytes; module-local identity and legacy symbol aliases checked independently
0x001721ec,src/snes9x/native_bulk_snapshot.cpp,analysis/functions/native_bulk_snapshot_exact_5368.tsv,_Z14UnfreezeStructPvPcS_P10FreezeDatai; 960 complete linked historical instruction bytes; module-local identity and legacy symbol aliases checked independently
0x001725ac,src/snes9x/native_bulk_snapshot.cpp,analysis/functions/native_bulk_snapshot_exact_5368.tsv,_Z13UnfreezeBlockPvPcPhi; 320 complete linked historical instruction bytes; module-local identity and legacy symbol aliases checked independently
0x001726ec,src/ps2/progress27_large_state_cpu_batch_recovered.c,analysis/functions/progress16_r5900_pseudocode.c.txt,Progress 27 typed fixed-layout runtime dump writer migrated from committed R5900 decompile
0x00100008,src/ps2/progress28_structural_lift_recovered.c,analysis/functions/progress17_r5900_pseudocode.c.txt,Progress 28 target-width buildable low-level C lift from P17 R5900 decompile; warnings/control flow preserved; no machine-code matching claim
0x001000e0,src/ps2/progress28_structural_lift_recovered.c,analysis/functions/progress17_r5900_pseudocode.c.txt,Progress 28 target-width buildable low-level C lift from P17 R5900 decompile; warnings/control flow preserved; no machine-code matching claim
0x00100114,src/ps2/progress28_structural_lift_recovered.c,analysis/functions/progress17_r5900_pseudocode.c.txt,Progress 28 target-width buildable low-level C lift from P17 R5900 decompile; warnings/control flow preserved; no machine-code matching claim
0x0010038c,src/ps2/progress28_structural_lift_recovered.c,analysis/functions/progress16_r5900_pseudocode.c.txt,Progress 28 target-width buildable low-level C lift from P16 R5900 decompile; warnings/control flow preserved; no machine-code matching claim
0x001005ec,src/ps2/progress28_structural_lift_recovered.c,analysis/functions/progress16_r5900_pseudocode.c.txt,Progress 28 target-width buildable low-level C lift from P16 R5900 decompile; warnings/control flow preserved; no machine-code matching claim
0x001008dc,src/ps2/progress28_structural_lift_recovered.c,analysis/functions/progress16_r5900_pseudocode.c.txt,Progress 28 target-width buildable low-level C lift from P16 R5900 decompile; warnings/control flow preserved; no machine-code matching claim
0x00100e78,src/ps2/progress28_structural_lift_recovered.c,analysis/functions/progress16_r5900_pseudocode.c.txt,Progress 28 target-width buildable low-level C lift from P16 R5900 decompile; warnings/control flow preserved; no machine-code matching claim
0x00101ef0,src/ps2/progress28_structural_lift_recovered.c,analysis/functions/progress16_r5900_pseudocode.c.txt,Progress 28 target-width buildable low-level C lift from P16 R5900 decompile; warnings/control flow preserved; no machine-code matching claim
0x001029c4,src/ps2/progress28_structural_lift_recovered.c,analysis/functions/progress16_r5900_pseudocode.c.txt,Progress 28 target-width buildable low-level C lift from P16 R5900 decompile; warnings/control flow preserved; no machine-code matching claim
0x00102ab0,src/ps2/progress28_structural_lift_recovered.c,analysis/functions/progress17_r5900_pseudocode.c.txt,Progress 28 target-width buildable low-level C lift from P17 R5900 decompile; warnings/control flow preserved; no machine-code matching claim
0x00103314,src/ps2/progress28_structural_lift_recovered.c,analysis/functions/progress16_r5900_pseudocode.c.txt,Progress 28 target-width buildable low-level C lift from P16 R5900 decompile; warnings/control flow preserved; no machine-code matching claim
0x00103dd4,src/ps2/progress28_structural_lift_recovered.c,analysis/functions/progress16_r5900_pseudocode.c.txt,Progress 28 target-width buildable low-level C lift from P16 R5900 decompile; warnings/control flow preserved; no machine-code matching claim
0x00104418,src/ps2/progress28_structural_lift_recovered.c,analysis/functions/progress16_r5900_pseudocode.c.txt,Progress 28 target-width buildable low-level C lift from P16 R5900 decompile; warnings/control flow preserved; no machine-code matching claim
0x00104f18,src/ps2/progress28_structural_lift_recovered.c,analysis/functions/progress17_r5900_pseudocode.c.txt,Progress 28 target-width buildable low-level C lift from P17 R5900 decompile; warnings/control flow preserved; no machine-code matching claim
0x00105e48,src/ps2/progress28_structural_lift_recovered.c,analysis/functions/progress17_r5900_pseudocode.c.txt,Progress 28 target-width buildable low-level C lift from P17 R5900 decompile; warnings/control flow preserved; no machine-code matching claim
0x001060dc,src/ps2/progress28_structural_lift_recovered.c,analysis/functions/progress16_r5900_pseudocode.c.txt,Progress 28 target-width buildable low-level C lift from P16 R5900 decompile; warnings/control flow preserved; no machine-code matching claim
0x001064c0,src/ps2/progress28_structural_lift_recovered.c,analysis/functions/progress16_r5900_pseudocode.c.txt,Progress 28 target-width buildable low-level C lift from P16 R5900 decompile; warnings/control flow preserved; no machine-code matching claim
0x0010689c,src/ps2/progress28_structural_lift_recovered.c,analysis/functions/progress16_r5900_pseudocode.c.txt,Progress 28 target-width buildable low-level C lift from P16 R5900 decompile; warnings/control flow preserved; no machine-code matching claim
0x00106ca0,src/ps2/progress28_structural_lift_recovered.c,analysis/functions/progress16_r5900_pseudocode.c.txt,Progress 28 target-width buildable low-level C lift from P16 R5900 decompile; warnings/control flow preserved; no machine-code matching claim
0x00107358,src/ps2/progress28_structural_lift_recovered.c,analysis/functions/progress16_r5900_pseudocode.c.txt,Progress 28 target-width buildable low-level C lift from P16 R5900 decompile; warnings/control flow preserved; no machine-code matching claim
0x00108a9c,src/ps2/progress28_structural_lift_recovered.c,analysis/functions/progress16_r5900_pseudocode.c.txt,Progress 28 target-width buildable low-level C lift from P16 R5900 decompile; warnings/control flow preserved; no machine-code matching claim
0x0010a934,src/snes9x/apu_reset.cpp,analysis/functions/apu_reset_exact_1044.tsv,"Original native Snes9x APU reset; all 1044 provider-linked target bytes and 51 known relocations; retains raw historical state-field addends, shared boot ROM/cycle tables, and native sound-callee ABI"
0x0010ad48,src/snes9x/native_bulk_apu.cpp,analysis/functions/native_bulk_apu_exact_3152.tsv,S9xSetAPUDSP; 1576 complete linked historical instruction bytes; original callbacks and readonly placement checked without relocation masks
0x0010b370,src/snes9x/native_bulk_apu.cpp,analysis/functions/native_bulk_apu_exact_3152.tsv,_Z14S9xFixEnvelopeihhh; 500 complete linked historical instruction bytes; remaining candidates are tracked in native_bulk_census.tsv
0x0010b564,src/snes9x/native_bulk_apu.cpp,analysis/functions/native_bulk_apu_exact_3152.tsv,S9xSetAPUControl; 456 complete linked historical instruction bytes; remaining candidates are tracked in native_bulk_census.tsv
0x0010b8a4,src/snes9x/c4_math.cpp,analysis/functions/c4_math_exact_2652.tsv,Historical Snes9x 1.41-1 C4TransfWireFrame with target-proved V75 float/math adaptation; all 808 provider-linked target bytes reproduced; original 64-bit double constants and shared state preserved
0x0010bbcc,src/snes9x/c4_math.cpp,analysis/functions/c4_math_exact_2652.tsv,Historical Snes9x 1.41-1 C4TransfWireFrame2 with target-proved V75 float/math adaptation; all 768 provider-linked target bytes reproduced; original 64-bit double constants and shared state preserved
0x0010becc,src/snes9x/c4_math.cpp,analysis/functions/c4_math_exact_2652.tsv,Historical Snes9x 1.41-1 C4CalcWireFrame with target-proved V75 float/math adaptation; all 456 provider-linked target bytes reproduced; original 64-bit double constants and shared state preserved
0x0010c094,src/snes9x/c4_math.cpp,analysis/functions/c4_math_exact_2652.tsv,Historical Snes9x 1.41-1 C4Op1F with target-proved V75 float/math adaptation; all 224 provider-linked target bytes reproduced; original 64-bit double constants and shared state preserved
0x0010c1f8,src/snes9x/c4_math.cpp,analysis/functions/c4_math_exact_2652.tsv,Historical Snes9x 1.41-1 C4Op0D with target-proved V75 float/math adaptation; all 264 provider-linked target bytes reproduced; original 64-bit double constants and shared state preserved
0x0010c340,src/ps2/c4convoam.S,analysis/functions/c4convoam_exact_952.tsv,Byte-exact C4ConvOAM EE reconstruction; 952/952 raw bytes with zero relocations; Snes9x 1.41-1 readable C provenance retained separately
0x0010c6f8,src/ps2/c4doscalerotate.S,analysis/functions/c4doscalerotate_exact_1208.tsv,Byte-exact C4DoScaleRotate EE reconstruction; 1208/1208 raw bytes with zero relocations; Snes9x 1.41-1 readable C provenance retained separately
0x0010cbb0,src/snes9x/native_c4_raster.cpp,analysis/functions/native_c4_raster_exact_1120.tsv,linked-historical-reference; native C4 ABI; exact historical instructions and relocation addends; independently pinned source and frozen target witness.
0x0010cdcc,src/snes9x/c4drawwireframe.cpp,analysis/matching/hunt1041-v77-validated-c4draw-1.tsv,Exact historical Snes9x 1.41-1 C4DrawWireFrame source; EE GCC 3.2.2 V77 proof closes 472/472 bytes outside 15 relocation fields
0x0010cfa4,src/ps2/c4transformlines.S,analysis/functions/c4transformlines_exact_772.tsv,Byte-exact C4TransformLines EE reconstruction; 772/772 raw bytes with zero relocations; Snes9x 1.41-1 readable C provenance retained separately
0x0010d2a8,src/snes9x/native_c4_wave.cpp,analysis/functions/native_c4_wave_exact_584.tsv,Complete provider-linked target code and 80-byte bitmap table; original wave packed loads; isolated mips-local-t5-before-t4 compiler profile; four independently verified table addends.
0x0010d4f0,src/snes9x/native_c4_raster.cpp,analysis/functions/native_c4_raster_exact_1120.tsv,provider-linked-target; native C4 ABI; exact historical instructions and relocation addends; independently pinned source and frozen target witness.
0x0010d734,src/ps2/progress28_structural_lift_recovered.c,analysis/functions/progress16_r5900_pseudocode.c.txt,Progress 28 target-width buildable low-level C lift from P16 R5900 decompile; warnings/control flow preserved; no machine-code matching claim
0x0010d7dc,src/ps2/s9xsetc4.S,analysis/functions/s9xsetc4_exact_2912.tsv,Byte-exact S9xSetC4 EE reconstruction; 2912/2912 raw bytes with zero relocations; Snes9x 1.41-1 readable C provenance retained separately
0x00114544,src/snes9x/cheats2.cpp,analysis/functions/cheats2_exact_1768.tsv,Historical Snes9x 1.41-1 _Z16S9xLoadCheatFilePKc source; 304 bytes proved (provider-linked); original PS2 behavior preserved
0x00114818,src/snes9x/native_clip.cpp,analysis/functions/native_clip_exact_4572.tsv,ComputeClipWindows; all 4572 complete linked target bytes; historical signed 32-bit qsort ABI; two public comparators excluded from target-body claim
0x00115a18,src/snes9x/cpu_reset.cpp,analysis/functions/cpu_reset_exact_956.tsv,Complete historical Snes9x 1.41-1 _Z11S9xResetCPUv; 320 complete raw historical bytes and fully linked historical-reference match; all shared-state field addends preserved
0x00115db0,src/snes9x/cpu_execution.cpp,analysis/functions/cpu_execution_exact_2448.tsv,Complete historical Snes9x 1.41-1 S9xMainLoop; 888 complete raw historical bytes and fully linked historical-reference match; all shared-state field addends preserved
0x001161a8,src/snes9x/cpu_execution.cpp,analysis/functions/cpu_execution_exact_2448.tsv,Complete historical Snes9x 1.41-1 S9xDoHBlankProcessing; 1432 complete raw historical bytes and fully linked historical-reference match; all shared-state field addends preserved
0x00129420,src/snes9x/native_cpu_opcodes.cpp,analysis/functions/native_cpu_opcodes_exact_77476.tsv,_Z5ADC16v; 676 complete linked historical instruction bytes; other opcode/helper routines tracked outside the frozen 1041-function audit
0x001296c4,src/snes9x/native_cpu_opcodes.cpp,analysis/functions/native_cpu_opcodes_exact_77476.tsv,_Z5SBC16v; 632 complete linked historical instruction bytes; other opcode/helper routines tracked outside the frozen 1041-function audit
0x0012993c,src/snes9x/native_cpu_opcodes.cpp,analysis/functions/native_cpu_opcodes_exact_77476.tsv,_Z4SBC8v; 440 complete linked historical instruction bytes; other opcode/helper routines tracked outside the frozen 1041-function audit
0x00129af4,src/snes9x/native_dma.cpp,analysis/functions/native_dma_exact_7668.tsv,S9xDoDMA partition 1/2; complete native instructions and provider-linked checks; shared state and original allocation ABI
0x0012a400,src/snes9x/native_dma.cpp,analysis/functions/native_dma_exact_7668.tsv,S9xDoDMA partition 2/2; complete native instructions and provider-linked checks; shared state and original allocation ABI
0x0012b498,src/snes9x/native_hdma.cpp,analysis/functions/native_hdma_exact_1468.tsv,"Original native HDMA setup/scanline source; complete historical instructions and linked reference, frozen normalized MATCH witness; shared native state and tables, 64-bit CPU cycle accounting and native memory/register ABI; no independent complete private target digest claimed"
0x0012ba5c,src/snes9x/native_dma.cpp,analysis/functions/native_dma_exact_7668.tsv,_Z13REGISTER_2104h; complete native instructions and provider-linked checks; shared state and original allocation ABI
0x0012bf5c,src/ps2/progress28_structural_lift_recovered.c,analysis/functions/progress16_r5900_pseudocode.c.txt,Progress 28 target-width buildable low-level C lift from P16 R5900 decompile; warnings/control flow preserved; no machine-code matching claim
0x0012c444,src/snes9x/native_bulk_dsp1.cpp,analysis/functions/native_bulk_dsp1_exact_10892.tsv,_Z7DSPOp04v; 100 complete linked historical instruction bytes; module-local identity and legacy symbol aliases checked independently
0x0012c4a8,src/snes9x/native_bulk_dsp1.cpp,analysis/functions/native_bulk_dsp1_exact_10892.tsv,_Z7DSPOp0Cv; 176 complete linked historical instruction bytes; module-local identity and legacy symbol aliases checked independently
0x0012c558,src/ps2/progress28_structural_lift_recovered.c,analysis/functions/progress17_r5900_pseudocode.c.txt,Progress 28 target-width buildable low-level C lift from P17 R5900 decompile; warnings/control flow preserved; no machine-code matching claim
0x0012ce18,src/snes9x/native_bulk_dsp1.cpp,analysis/functions/native_bulk_dsp1_exact_10892.tsv,_Z7DSPOp0Av; 580 complete linked historical instruction bytes; original callbacks and readonly placement checked without relocation masks
0x0012d05c,src/ps2/progress28_structural_lift_recovered.c,analysis/functions/progress17_r5900_pseudocode.c.txt,Progress 28 target-width buildable low-level C lift from P17 R5900 decompile; warnings/control flow preserved; no machine-code matching claim
0x0012dc1c,src/snes9x/native_bulk_dsp1.cpp,analysis/functions/native_bulk_dsp1_exact_10892.tsv,_Z7DSPOp14v; 452 complete linked historical instruction bytes; module-local identity and legacy symbol aliases checked independently
0x0012e04c,src/ps2/progress28_structural_lift_recovered.c,analysis/functions/progress16_r5900_pseudocode.c.txt,Progress 28 target-width buildable low-level C lift from P16 R5900 decompile; warnings/control flow preserved; no machine-code matching claim
0x0012e0cc,src/snes9x/native_bulk_dsp1.cpp,analysis/functions/native_bulk_dsp1_exact_10892.tsv,_Z7DSPOp1Cv; 504 complete linked historical instruction bytes; module-local identity and legacy symbol aliases checked independently
0x0012fef0,src/snes9x/native_fxemu.cpp,analysis/functions/native_fxemu_exact_3456.tsv,"Complete original native Super FX module; frozen 3456-byte complete raw source window and all 21 fully linked historical functions; frozen 2280-byte linked original state/dispatch-cell target, no duplicate GSU storage or fresh private-image code comparison"
0x00130134,src/snes9x/native_fxemu.cpp,analysis/functions/native_fxemu_exact_3456.tsv,"Complete original native Super FX module; frozen 3456-byte complete raw source window and all 21 fully linked historical functions; frozen 2280-byte linked original state/dispatch-cell target, no duplicate GSU storage or fresh private-image code comparison"
0x0014311c,src/ps2/progress28_structural_lift_recovered.c,analysis/functions/progress16_r5900_pseudocode.c.txt,Progress 28 target-width buildable low-level C lift from P16 R5900 decompile; warnings/control flow preserved; no machine-code matching claim
0x00143390,src/snes9x/native_gfx.cpp,analysis/functions/native_gfx_exact_55256.tsv,RenderLine; 284 complete linked historical instruction bytes; other opcode/helper routines tracked outside the frozen 1041-function audit
0x001434ac,src/ps2/progress28_structural_lift_recovered.c,analysis/functions/progress17_r5900_pseudocode.c.txt,Progress 28 target-width buildable low-level C lift from P17 R5900 decompile; warnings/control flow preserved; no machine-code matching claim
0x0014368c,src/snes9x/native_gfx.cpp,analysis/functions/native_gfx_exact_55256.tsv,_Z11S9xSetupOBJv; 332 complete linked historical instruction bytes; other opcode/helper routines tracked outside the frozen 1041-function audit
0x001437d8,src/snes9x/native_gfx.cpp,analysis/functions/native_gfx_exact_55256.tsv,_Z8DrawOBJShh; 1700 complete linked historical instruction bytes; other opcode/helper routines tracked outside the frozen 1041-function audit
0x00143e7c,src/snes9x/native_gfx.cpp,analysis/functions/native_gfx_exact_55256.tsv,_Z20DrawBackgroundMosaicjjhh; 1392 complete linked historical instruction bytes; other opcode/helper routines tracked outside the frozen 1041-function audit
0x001443ec,src/snes9x/native_gfx.cpp,analysis/functions/native_gfx_exact_55256.tsv,_Z20DrawBackgroundOffsetjjhh; 1772 complete linked historical instruction bytes; other opcode/helper routines tracked outside the frozen 1041-function audit
0x00144ad8,src/snes9x/native_gfx.cpp,analysis/functions/native_gfx_exact_55256.tsv,_Z19DrawBackgroundMode5jjhh; 2008 complete linked historical instruction bytes; other opcode/helper routines tracked outside the frozen 1041-function audit
0x00145240,src/ps2/progress28_structural_lift_recovered.c,analysis/functions/progress17_r5900_pseudocode.c.txt,Progress 28 target-width buildable low-level C lift from P17 R5900 decompile; warnings/control flow preserved; no machine-code matching claim
0x001452b0,src/snes9x/native_gfx.cpp,analysis/functions/native_gfx_exact_55256.tsv,_Z14DrawBackgroundjjhh; 2392 complete linked historical instruction bytes; other opcode/helper routines tracked outside the frozen 1041-function audit
0x00145c08,src/snes9x/native_gfx.cpp,analysis/functions/native_gfx_exact_55256.tsv,_Z21DrawBGMode7BackgroundPhi; 1440 complete linked historical instruction bytes; other opcode/helper routines tracked outside the frozen 1041-function audit
0x001461a8,src/snes9x/native_gfx.cpp,analysis/functions/native_gfx_exact_55256.tsv,_Z23DrawBGMode7Background16Phi; 1400 complete linked historical instruction bytes; other opcode/helper routines tracked outside the frozen 1041-function audit
0x00146720,src/snes9x/native_gfx.cpp,analysis/functions/native_gfx_exact_55256.tsv,_Z26DrawBGMode7Background16AddPhi; 1868 complete linked historical instruction bytes; other opcode/helper routines tracked outside the frozen 1041-function audit
0x00146e6c,src/snes9x/native_gfx.cpp,analysis/functions/native_gfx_exact_55256.tsv,_Z29DrawBGMode7Background16Add1_2Phi; 1804 complete linked historical instruction bytes; other opcode/helper routines tracked outside the frozen 1041-function audit
0x00147578,src/snes9x/native_gfx.cpp,analysis/functions/native_gfx_exact_55256.tsv,_Z26DrawBGMode7Background16SubPhi; 1776 complete linked historical instruction bytes; other opcode/helper routines tracked outside the frozen 1041-function audit
0x00147c68,src/snes9x/native_gfx.cpp,analysis/functions/native_gfx_exact_55256.tsv,_Z29DrawBGMode7Background16Sub1_2Phi; 1744 complete linked historical instruction bytes; other opcode/helper routines tracked outside the frozen 1041-function audit
0x00148394,src/snes9x/native_gfx.cpp,analysis/functions/native_gfx_exact_55256.tsv,_Z25DrawBGMode7Background16_iPhi; 4116 complete linked historical instruction bytes; other opcode/helper routines tracked outside the frozen 1041-function audit
0x001493a8,src/snes9x/native_gfx.cpp,analysis/functions/native_gfx_exact_55256.tsv,_Z28DrawBGMode7Background16Add_iPhi; 5084 complete linked historical instruction bytes; other opcode/helper routines tracked outside the frozen 1041-function audit
0x0014a784,src/snes9x/native_gfx.cpp,analysis/functions/native_gfx_exact_55256.tsv,_Z31DrawBGMode7Background16Add1_2_iPhi; 4920 complete linked historical instruction bytes; other opcode/helper routines tracked outside the frozen 1041-function audit
0x0014babc,src/snes9x/native_gfx.cpp,analysis/functions/native_gfx_exact_55256.tsv,_Z28DrawBGMode7Background16Sub_iPhi; 4968 complete linked historical instruction bytes; other opcode/helper routines tracked outside the frozen 1041-function audit
0x0014ce24,src/snes9x/native_gfx.cpp,analysis/functions/native_gfx_exact_55256.tsv,_Z31DrawBGMode7Background16Sub1_2_iPhi; 4892 complete linked historical instruction bytes; other opcode/helper routines tracked outside the frozen 1041-function audit
0x0014e140,src/snes9x/native_gfx.cpp,analysis/functions/native_gfx_exact_55256.tsv,_Z12RenderScreenPhhhh; 1768 complete linked historical instruction bytes; other opcode/helper routines tracked outside the frozen 1041-function audit
0x0014e828,src/snes9x/native_gfx.cpp,analysis/functions/native_gfx_exact_55256.tsv,_Z11DisplayCharPhh; 420 complete linked historical instruction bytes; other opcode/helper routines tracked outside the frozen 1041-function audit
0x0014eaa4,src/snes9x/native_gfx.cpp,analysis/functions/native_gfx_exact_55256.tsv,_Z16S9xDisplayStringPKc; 432 complete linked historical instruction bytes; other opcode/helper routines tracked outside the frozen 1041-function audit
0x0014ec54,src/snes9x/native_gfx.cpp,analysis/functions/native_gfx_exact_55256.tsv,S9xUpdateScreen; 6712 complete linked historical instruction bytes; other opcode/helper routines tracked outside the frozen 1041-function audit
0x0015068c,src/ps2/progress28_structural_lift_recovered.c,analysis/functions/progress17_r5900_pseudocode.c.txt,Progress 28 target-width buildable low-level C lift from P17 R5900 decompile; warnings/control flow preserved; no machine-code matching claim
0x00150b1c,src/snes9x/native_bulk_memmap.cpp,analysis/functions/native_bulk_memmap_exact_1924.tsv,_Z30ForceInterleave1OverrideSnes9xi; 372 complete linked historical instruction bytes; remaining candidates are tracked in native_bulk_census.tsv
0x001513bc,src/ps2/progress28_structural_lift_recovered.c,analysis/functions/progress17_r5900_pseudocode.c.txt,Progress 28 target-width buildable low-level C lift from P17 R5900 decompile; warnings/control flow preserved; no machine-code matching claim
0x001520b8,src/snes9x/native_rom_deinterleave.cpp,analysis/functions/native_rom_deinterleave_exact_552.tsv,Native ABI source recovery; complete provider-linked target instructions; independent historical source and frozen target witnesses; verified diagnostic string placement.
0x001522d8,src/ps2/progress28_structural_lift_recovered.c,analysis/functions/progress16_r5900_pseudocode.c.txt,Progress 28 target-width buildable low-level C lift from P16 R5900 decompile; warnings/control flow preserved; no machine-code matching claim
0x001538b0,src/snes9x/native_rom_maps.cpp,analysis/functions/native_rom_maps_exact_12816.tsv,_ZN7CMemory8LoROMMapEv; 1268 complete instruction bytes proved at linked-historical-reference level; genuine native method ABI and original shared memory providers retained
0x00153da4,src/snes9x/native_rom_maps.cpp,analysis/functions/native_rom_maps_exact_12816.tsv,_ZN7CMemory10BSLoROMMapEv; 1084 complete instruction bytes proved at linked-historical-reference level; genuine native method ABI and original shared memory providers retained
0x001541e0,src/snes9x/native_rom_maps.cpp,analysis/functions/native_rom_maps_exact_12816.tsv,_ZN7CMemory8HiROMMapEv; 940 complete instruction bytes proved at provider-linked-target level; genuine native method ABI and original shared memory providers retained
0x0015458c,src/snes9x/native_rom_maps.cpp,analysis/functions/native_rom_maps_exact_12816.tsv,_ZN7CMemory11TalesROMMapEh; 1176 complete instruction bytes proved at provider-linked-target level; genuine native method ABI and original shared memory providers retained
0x00154a24,src/snes9x/native_rom_maps.cpp,analysis/functions/native_rom_maps_exact_12816.tsv,_ZN7CMemory11AlphaROMMapEv; 520 complete instruction bytes proved at linked-historical-reference level; genuine native method ABI and original shared memory providers retained
0x00154c2c,src/snes9x/native_rom_maps.cpp,analysis/functions/native_rom_maps_exact_12816.tsv,_ZN7CMemory13SuperFXROMMapEv; 880 complete instruction bytes proved at linked-historical-reference level; genuine native method ABI and original shared memory providers retained
0x00154f9c,src/snes9x/native_rom_maps.cpp,analysis/functions/native_rom_maps_exact_12816.tsv,_ZN7CMemory9SA1ROMMapEv; 920 complete instruction bytes proved at linked-historical-reference level; genuine native method ABI and original shared memory providers retained
0x00155334,src/snes9x/native_rom_maps.cpp,analysis/functions/native_rom_maps_exact_12816.tsv,_ZN7CMemory13LoROM24MBSMapEv; 856 complete instruction bytes proved at linked-historical-reference level; genuine native method ABI and original shared memory providers retained
0x0015568c,src/snes9x/native_rom_maps.cpp,analysis/functions/native_rom_maps_exact_12816.tsv,_ZN7CMemory19SufamiTurboLoROMMapEv; 952 complete instruction bytes proved at linked-historical-reference level; genuine native method ABI and original shared memory providers retained
0x00155a44,src/snes9x/native_rom_maps.cpp,analysis/functions/native_rom_maps_exact_12816.tsv,_ZN7CMemory16SRAM512KLoROMMapEv; 604 complete instruction bytes proved at linked-historical-reference level; genuine native method ABI and original shared memory providers retained
0x00155ca0,src/snes9x/native_rom_maps.cpp,analysis/functions/native_rom_maps_exact_12816.tsv,_ZN7CMemory10BSHiROMMapEv; 1144 complete instruction bytes proved at linked-historical-reference level; genuine native method ABI and original shared memory providers retained
0x00156118,src/snes9x/native_rom_maps.cpp,analysis/functions/native_rom_maps_exact_12816.tsv,_ZN7CMemory13JumboLoROMMapEv; 1020 complete instruction bytes proved at linked-historical-reference level; genuine native method ABI and original shared memory providers retained
0x00156514,src/snes9x/native_rom_maps.cpp,analysis/functions/native_rom_maps_exact_12816.tsv,_ZN7CMemory15SPC7110HiROMMapEv; 880 complete instruction bytes proved at linked-historical-reference level; genuine native method ABI and original shared memory providers retained
0x00156a04,src/snes9x/memmap_methods.cpp,analysis/functions/memmap_methods_exact_1168.tsv,Historical Snes9x 1.41-1 _ZN7CMemory12KartContentsEv source; 520 bytes match outside 58 known relocation fields; original behavior and target-proven PS2 Settings layout retained
0x00156c60,src/ps2/progress28_structural_lift_recovered.c,analysis/functions/progress16_r5900_pseudocode.c.txt,Progress 28 target-width buildable low-level C lift from P16 R5900 decompile; warnings/control flow preserved; no machine-code matching claim
0x001584d0,src/ps2/progress28_structural_lift_recovered.c,analysis/functions/progress16_r5900_pseudocode.c.txt,Progress 28 target-width buildable low-level C lift from P16 R5900 decompile; warnings/control flow preserved; no machine-code matching claim
0x00158b74,src/snes9x/obc1.cpp,analysis/functions/otherchips_exact_1616.tsv,Historical Snes9x 1.41-1 SetOBC1 source; 1116 bytes proved (provider-linked); target state shared and original PS2 behavior preserved
0x00159058,src/snes9x/native_ppu_registers.cpp,analysis/functions/native_ppu_registers_exact_13580.tsv,_Z15S9xUpdateHTimerv; linked-historical-reference; original native ABI/shared state; complete historical instruction and provider-linked checks
0x00159268,src/snes9x/native_ppu_registers.cpp,analysis/functions/native_ppu_registers_exact_13580.tsv,S9xSetPPU; linked-historical-reference; original native ABI/shared state; complete historical instruction and provider-linked checks
0x0015a5f0,src/snes9x/native_ppu_registers.cpp,analysis/functions/native_ppu_registers_exact_13580.tsv,S9xGetPPU; provider-linked-target; original native ABI/shared state; complete historical instruction and provider-linked checks
0x0015ad6c,src/snes9x/native_ppu_registers.cpp,analysis/functions/native_ppu_registers_exact_13580.tsv,S9xSetCPU; provider-linked-target; original native ABI/shared state; complete historical instruction and provider-linked checks
0x0015bc70,src/snes9x/native_ppu_registers.cpp,analysis/functions/native_ppu_registers_exact_13580.tsv,S9xGetCPU; linked-historical-reference; original native ABI/shared state; complete historical instruction and provider-linked checks
0x0015c124,src/snes9x/ppu_reset.cpp,analysis/functions/ppu_reset_exact_3372.tsv,"Original native PPU body; complete raw historical instructions, fully linked historical reference and frozen normalized MATCH witness; full shared GLOBALS and brightness-table digests, exact PS2 Settings field layout and native callee ABI retained"
0x0015c624,src/snes9x/ppu_reset.cpp,analysis/functions/ppu_reset_exact_3372.tsv,"Original native PPU body; complete raw historical instructions, fully linked historical reference and frozen normalized MATCH witness; full shared GLOBALS and brightness-table digests, exact PS2 Settings field layout and native callee ABI retained"
0x0015cae0,src/snes9x/ppu_reset.cpp,analysis/functions/ppu_reset_exact_3372.tsv,"Original native PPU body; complete raw historical instructions, fully linked historical reference and frozen normalized MATCH witness; full shared GLOBALS and brightness-table digests, exact PS2 Settings field layout and native callee ABI retained"
0x0015cea4,src/snes9x/native_controllers.cpp,analysis/functions/native_controller_chip_io_exact_1548.tsv,_Z19S9xUpdateJustifiersv; original native ABI and shared state retained; 536 complete instruction bytes proved at linked-historical-reference level
0x0015d0bc,src/snes9x/native_controllers.cpp,analysis/functions/native_controller_chip_io_exact_1548.tsv,S9xUpdateJoypads; original native ABI and shared state retained; 632 complete instruction bytes proved at provider-linked-target level
0x0015d3ec,src/snes9x/native_ppu_registers.cpp,analysis/functions/native_ppu_registers_exact_13580.tsv,_Z13REGISTER_2104h; linked-historical-reference; original native ABI/shared state; complete historical instruction and provider-linked checks
0x0015d6d8,src/snes9x/native_ppu_registers.cpp,analysis/functions/native_ppu_registers_exact_13580.tsv,_Z13REGISTER_2122h; provider-linked-target; original native ABI/shared state; complete historical instruction and provider-linked checks
0x0015dab4,src/snes9x/native_sa1.cpp,analysis/functions/native_sa1_exact_6172.tsv,"_Z20S9xSA1SetBWRAMMemMaph; linked-historical-reference; original native ABI/shared state; complete instruction, linked reference and opcode-table geometry checks"
0x0015dc84,src/snes9x/native_sa1.cpp,analysis/functions/native_sa1_exact_6172.tsv,"S9xSA1GetByte; linked-historical-reference; original native ABI/shared state; complete instruction, linked reference and opcode-table geometry checks"
0x0015de68,src/snes9x/native_sa1.cpp,analysis/functions/native_sa1_exact_6172.tsv,"S9xSA1SetByte; linked-historical-reference; original native ABI/shared state; complete instruction, linked reference and opcode-table geometry checks"
0x0015e40c,src/snes9x/native_sa1.cpp,analysis/functions/native_sa1_exact_6172.tsv,"S9xSetSA1; linked-historical-reference; original native ABI/shared state; complete instruction, linked reference and opcode-table geometry checks"
0x0016f2dc,src/snes9x/native_sa1_opcodes.cpp,analysis/functions/native_sa1_opcodes_exact_67008.tsv,_Z5ADC16v; 676 complete linked historical instruction bytes; native helper body emitted from native_sa1_opcode_state.h; remaining opcode entries tracked separately outside frozen 1041-function manifest
0x0016f580,src/snes9x/native_sa1_opcodes.cpp,analysis/functions/native_sa1_opcodes_exact_67008.tsv,_Z5SBC16v; 632 complete linked historical instruction bytes; native helper body emitted from native_sa1_opcode_state.h; remaining opcode entries tracked separately outside frozen 1041-function manifest
0x0016f7f8,src/snes9x/native_sa1_opcodes.cpp,analysis/functions/native_sa1_opcodes_exact_67008.tsv,_Z4SBC8v; 440 complete linked historical instruction bytes; native helper body emitted from native_sa1_opcode_state.h; remaining opcode entries tracked separately outside frozen 1041-function manifest
0x00170398,src/snes9x/native_bulk_snaporig.cpp,analysis/functions/native_bulk_snaporig_exact_3904.tsv,_Z16ReadOrigSnapshotPv; 3528 complete linked historical instruction bytes; module-local identity and legacy symbol aliases checked independently
0x00171348,src/snes9x/native_bulk_snapshot.cpp,analysis/functions/native_bulk_snapshot_exact_5368.tsv,_Z6FreezePv; 952 complete linked historical instruction bytes; module-local identity and legacy symbol aliases checked independently
0x00171700,src/snes9x/native_bulk_snapshot.cpp,analysis/functions/native_bulk_snapshot_exact_5368.tsv,_Z8UnfreezePv; 1768 complete linked historical instruction bytes; module-local identity and legacy symbol aliases checked independently
0x001728d4,src/ps2/progress28_structural_lift_recovered.c,analysis/functions/progress17_r5900_pseudocode.c.txt,Progress 28 target-width buildable low-level C lift from P17 R5900 decompile; warnings/control flow preserved; no machine-code matching claim
0x00174350,src/snes9x/native_bulk_soundux.cpp,analysis/functions/native_bulk_soundux_exact_4076.tsv,_Z28S9xFixSoundAfterSnapshotLoadv; 384 complete linked historical instruction bytes; remaining candidates are tracked in native_bulk_census.tsv
0x00174898,src/snes9x/native_bulk_soundux.cpp,analysis/functions/native_bulk_soundux_exact_4076.tsv,_Z14AltDecodeBlockP7Channel; 764 complete linked historical instruction bytes; remaining candidates are tracked in native_bulk_census.tsv
0x00174b94,src/snes9x/native_bulk_soundux.cpp,analysis/functions/native_bulk_soundux_exact_4076.tsv,_Z15AltDecodeBlock2P7Channel; 1104 complete linked historical instruction bytes; remaining candidates are tracked in native_bulk_census.tsv
0x00174fe4,src/ps2/progress28_structural_lift_recovered.c,analysis/functions/progress17_r5900_pseudocode.c.txt,Progress 28 target-width buildable low-level C lift from P17 R5900 decompile; warnings/control flow preserved; no machine-code matching claim
0x00175300,src/ps2/progress28_structural_lift_recovered.c,analysis/functions/progress17_r5900_pseudocode.c.txt,Progress 28 target-width buildable low-level C lift from P17 R5900 decompile; warnings/control flow preserved; no machine-code matching claim
0x00175cb4,src/ps2/progress28_structural_lift_recovered.c,analysis/functions/progress16_r5900_pseudocode.c.txt,Progress 28 target-width buildable low-level C lift from P16 R5900 decompile; warnings/control flow preserved; no machine-code matching claim
0x00176594,src/ps2/progress28_structural_lift_recovered.c,analysis/functions/progress16_r5900_pseudocode.c.txt,Progress 28 target-width buildable low-level C lift from P16 R5900 decompile; warnings/control flow preserved; no machine-code matching claim
0x00177a84,src/snes9x/native_sound_reset.cpp,analysis/functions/native_sound_reset_exact_844.tsv,Original native audio code; all 228 echo-enable bytes and the complete 616-byte reset/playback composite target span (436-byte S9xResetSound plus 180-byte S9xSetPlaybackRate); target float intermediate and original shared state/channel geometry retained
0x00177e6c,src/ps2/progress28_structural_lift_recovered.c,analysis/functions/progress16_r5900_pseudocode.c.txt,Progress 28 target-width buildable low-level C lift from P16 R5900 decompile; warnings/control flow preserved; no machine-code matching claim
0x001806a4,src/ps2/progress28_structural_lift_recovered.c,analysis/functions/progress17_r5900_pseudocode.c.txt,Progress 28 target-width buildable low-level C lift from P17 R5900 decompile; warnings/control flow preserved; no machine-code matching claim
0x00180b80,src/ps2/progress28_structural_lift_recovered.c,analysis/functions/progress16_r5900_pseudocode.c.txt,Progress 28 target-width buildable low-level C lift from P16 R5900 decompile; warnings/control flow preserved; no machine-code matching claim
0x001813f0,src/snes9x/spc7110_access.cpp,analysis/functions/spc7110_access_exact_4596.tsv,Historical Snes9x 1.41-1 S9xGetSPC7110 with V72 target adaptation; 1980 instruction bytes reproduced (linked-historical-reference); fully linked historical comparison checks all provider/state/table addends
0x00181bac,src/snes9x/spc7110_access.cpp,analysis/functions/spc7110_access_exact_4596.tsv,Historical Snes9x 1.41-1 _Z13S9xSetSPC7110ht with V72 target adaptation; 2480 instruction bytes reproduced (provider-linked-target); fully linked historical comparison checks all provider/state/table addends
0x00182638,src/snes9x/spc7110_helpers.cpp,analysis/functions/spc7110_exact_1784.tsv,"Historical Snes9x 1.41-1 _Z12S9xUpdateRTCv with V72/V74 target adaptation; all 728 provider-linked target bytes reproduced; original shared state, field widths and disabled clock preserved"
0x00182984,src/ps2/progress28_structural_lift_recovered.c,analysis/functions/progress16_r5900_pseudocode.c.txt,Progress 28 target-width buildable low-level C lift from P16 R5900 decompile; warnings/control flow preserved; no machine-code matching claim
0x001837cc,src/snes9x/srtc.cpp,analysis/functions/calendar_memory_exact_2300.tsv,Historical source restored; _Z17S9xUpdateSrtcTimev; all provider-linked target bytes match public listing
0x00183aa4,src/snes9x/srtc.cpp,analysis/functions/calendar_memory_exact_2300.tsv,Historical source restored; _Z10S9xSetSRTCht; all provider-linked target bytes match public listing
0x0018ea58,src/ps2/progress28_structural_lift_recovered.c,analysis/functions/progress16_r5900_pseudocode.c.txt,Progress 28 target-width buildable low-level C lift from P16 R5900 decompile; warnings/control flow preserved; no machine-code matching claim
0x0018f408,src/ps2/progress28_structural_lift_recovered.c,analysis/functions/progress17_r5900_pseudocode.c.txt,Progress 28 target-width buildable low-level C lift from P17 R5900 decompile; warnings/control flow preserved; no machine-code matching claim
0x0018f6cc,src/ps2/progress28_structural_lift_recovered.c,analysis/functions/progress17_r5900_pseudocode.c.txt,Progress 28 target-width buildable low-level C lift from P17 R5900 decompile; warnings/control flow preserved; no machine-code matching claim
0x0018fcec,src/ps2/progress28_structural_lift_recovered.c,analysis/functions/progress17_r5900_pseudocode.c.txt,Progress 28 target-width buildable low-level C lift from P17 R5900 decompile; warnings/control flow preserved; no machine-code matching claim
0x0018ff6c,src/ps2/progress28_structural_lift_recovered.c,analysis/functions/progress17_r5900_pseudocode.c.txt,Progress 28 target-width buildable low-level C lift from P17 R5900 decompile; warnings/control flow preserved; no machine-code matching claim
0x001900d4,src/ps2/progress28_structural_lift_recovered.c,analysis/functions/progress17_r5900_pseudocode.c.txt,Progress 28 target-width buildable low-level C lift from P17 R5900 decompile; warnings/control flow preserved; no machine-code matching claim
0x00195b3c,src/ps2/progress28_structural_lift_recovered.c,analysis/functions/progress16_r5900_pseudocode.c.txt,Progress 28 target-width buildable low-level C lift from P16 R5900 decompile; warnings/control flow preserved; no machine-code matching claim
0x001a36e0,src/ps2/progress28_structural_lift_recovered.c,analysis/functions/progress16_r5900_pseudocode.c.txt,Progress 28 target-width buildable low-level C lift from P16 R5900 decompile; warnings/control flow preserved; no machine-code matching claim
0x001a39b0,src/ps2/progress28_structural_lift_recovered.c,analysis/functions/progress16_r5900_pseudocode.c.txt,Progress 28 target-width buildable low-level C lift from P16 R5900 decompile; warnings/control flow preserved; no machine-code matching claim
0x001a4108,src/ps2/progress28_structural_lift_recovered.c,analysis/functions/progress17_r5900_pseudocode.c.txt,Progress 28 target-width buildable low-level C lift from P17 R5900 decompile; warnings/control flow preserved; no machine-code matching claim
0x001a42b8,src/ps2/progress28_structural_lift_recovered.c,analysis/functions/progress17_r5900_pseudocode.c.txt,Progress 28 target-width buildable low-level C lift from P17 R5900 decompile; warnings/control flow preserved; no machine-code matching claim
0x001a4848,src/ps2/progress28_structural_lift_recovered.c,analysis/functions/progress17_r5900_pseudocode.c.txt,Progress 28 target-width buildable low-level C lift from P17 R5900 decompile; warnings/control flow preserved; no machine-code matching claim
0x001a4d78,src/ps2/progress28_structural_lift_recovered.c,analysis/functions/progress16_r5900_pseudocode.c.txt,Progress 28 target-width buildable low-level C lift from P16 R5900 decompile; warnings/control flow preserved; no machine-code matching claim
0x001a4ef0,src/ps2/progress28_structural_lift_recovered.c,analysis/functions/progress17_r5900_pseudocode.c.txt,Progress 28 target-width buildable low-level C lift from P17 R5900 decompile; warnings/control flow preserved; no machine-code matching claim
0x001a4fe0,src/ps2/progress28_structural_lift_recovered.c,analysis/functions/progress17_r5900_pseudocode.c.txt,Progress 28 target-width buildable low-level C lift from P17 R5900 decompile; warnings/control flow preserved; no machine-code matching claim
0x001a5228,src/ps2/progress28_structural_lift_recovered.c,analysis/functions/progress16_r5900_pseudocode.c.txt,Progress 28 target-width buildable low-level C lift from P16 R5900 decompile; warnings/control flow preserved; no machine-code matching claim
0x001a52d0,src/ps2/progress28_structural_lift_recovered.c,analysis/functions/progress16_r5900_pseudocode.c.txt,Progress 28 target-width buildable low-level C lift from P16 R5900 decompile; warnings/control flow preserved; no machine-code matching claim
0x001a54c8,src/ps2/progress28_structural_lift_recovered.c,analysis/functions/progress16_r5900_pseudocode.c.txt,Progress 28 target-width buildable low-level C lift from P16 R5900 decompile; warnings/control flow preserved; no machine-code matching claim
0x001a55a8,src/ps2/progress28_structural_lift_recovered.c,analysis/functions/progress17_r5900_pseudocode.c.txt,Progress 28 target-width buildable low-level C lift from P17 R5900 decompile; warnings/control flow preserved; no machine-code matching claim
0x001a57e8,src/ps2/progress28_structural_lift_recovered.c,analysis/functions/progress16_r5900_pseudocode.c.txt,Progress 28 target-width buildable low-level C lift from P16 R5900 decompile; warnings/control flow preserved; no machine-code matching claim
0x001a5918,src/ps2/progress28_structural_lift_recovered.c,analysis/functions/progress17_r5900_pseudocode.c.txt,Progress 28 target-width buildable low-level C lift from P17 R5900 decompile; warnings/control flow preserved; no machine-code matching claim
0x001a5ac0,src/ps2/progress28_structural_lift_recovered.c,analysis/functions/progress17_r5900_pseudocode.c.txt,Progress 28 target-width buildable low-level C lift from P17 R5900 decompile; warnings/control flow preserved; no machine-code matching claim
0x001a64e8,src/ps2/progress28_structural_lift_recovered.c,analysis/functions/progress16_r5900_pseudocode.c.txt,Progress 28 target-width buildable low-level C lift from P16 R5900 decompile; warnings/control flow preserved; no machine-code matching claim
0x001a6770,src/ps2/progress28_structural_lift_recovered.c,analysis/functions/progress16_r5900_pseudocode.c.txt,Progress 28 target-width buildable low-level C lift from P16 R5900 decompile; warnings/control flow preserved; no machine-code matching claim
0x001a68f0,src/ps2/progress28_structural_lift_recovered.c,analysis/functions/progress16_r5900_pseudocode.c.txt,Progress 28 target-width buildable low-level C lift from P16 R5900 decompile; warnings/control flow preserved; no machine-code matching claim
0x001a6a70,src/ps2/progress28_structural_lift_recovered.c,analysis/functions/progress16_r5900_pseudocode.c.txt,Progress 28 target-width buildable low-level C lift from P16 R5900 decompile; warnings/control flow preserved; no machine-code matching claim
0x001a6c18,src/ps2/progress28_structural_lift_recovered.c,analysis/functions/progress16_r5900_pseudocode.c.txt,Progress 28 target-width buildable low-level C lift from P16 R5900 decompile; warnings/control flow preserved; no machine-code matching claim
0x001a6f30,src/ps2/progress28_structural_lift_recovered.c,analysis/functions/progress17_r5900_pseudocode.c.txt,Progress 28 target-width buildable low-level C lift from P17 R5900 decompile; warnings/control flow preserved; no machine-code matching claim
0x001a70c0,src/ps2/progress28_structural_lift_recovered.c,analysis/functions/progress17_r5900_pseudocode.c.txt,Progress 28 target-width buildable low-level C lift from P17 R5900 decompile; warnings/control flow preserved; no machine-code matching claim
0x001a7438,src/ps2/progress28_structural_lift_recovered.c,analysis/functions/progress16_r5900_pseudocode.c.txt,Progress 28 target-width buildable low-level C lift from P16 R5900 decompile; warnings/control flow preserved; no machine-code matching claim
0x001a7788,src/ps2/progress28_structural_lift_recovered.c,analysis/functions/progress16_r5900_pseudocode.c.txt,Progress 28 target-width buildable low-level C lift from P16 R5900 decompile; warnings/control flow preserved; no machine-code matching claim
0x001a9728,src/ps2/progress28_structural_lift_recovered.c,analysis/functions/progress17_r5900_pseudocode.c.txt,Progress 28 target-width buildable low-level C lift from P17 R5900 decompile; warnings/control flow preserved; no machine-code matching claim
0x001a9b88,src/ps2/progress28_structural_lift_recovered.c,analysis/functions/progress17_r5900_pseudocode.c.txt,Progress 28 target-width buildable low-level C lift from P17 R5900 decompile; warnings/control flow preserved; no machine-code matching claim
0x001aa400,src/ps2/progress28_structural_lift_recovered.c,analysis/functions/progress17_r5900_pseudocode.c.txt,Progress 28 target-width buildable low-level C lift from P17 R5900 decompile; warnings/control flow preserved; no machine-code matching claim
0x001aa638,src/ps2/progress28_structural_lift_recovered.c,analysis/functions/progress17_r5900_pseudocode.c.txt,Progress 28 target-width buildable low-level C lift from P17 R5900 decompile; warnings/control flow preserved; no machine-code matching claim
0x001aabd8,src/ps2/progress28_structural_lift_recovered.c,analysis/functions/progress17_r5900_pseudocode.c.txt,Progress 28 target-width buildable low-level C lift from P17 R5900 decompile; warnings/control flow preserved; no machine-code matching claim
0x001aae70,src/ps2/progress28_structural_lift_recovered.c,analysis/functions/progress17_r5900_pseudocode.c.txt,Progress 28 target-width buildable low-level C lift from P17 R5900 decompile; warnings/control flow preserved; no machine-code matching claim
0x001ab63c,src/snes9x/s9xgetbyte.cpp,analysis/matching/hunt500plus-v11-validated-4.tsv,Historical Snes9x 1.40 S9xGetByte source; EE GCC 3.2.2 proof closes 708/708 linked target bytes with 49 text relocations at 0x001ab63c
0x001ab900,src/snes9x/s9xsetbyte.cpp,analysis/matching/hunt500plus-v11-validated-4.tsv,Historical Snes9x 1.40 S9xSetByte source; EE GCC 3.2.2 proof closes 808/808 provider-linked target bytes with 53 text relocations at 0x001ab900
0x001abc28,src/snes9x/s9xgetword.cpp,analysis/matching/hunt1041-v48-validated-25.tsv,Snes9x 1.41-1 S9xGetWord source with target-proved packed R5900 direct access; EE GCC 3.2.2 proof closes 1020/1020 provider-linked target bytes with 62 text relocations at 0x001abc28
0x001ac994,src/snes9x/apumem.cpp,analysis/functions/apumem_exact_880.tsv,Isolated historical Snes9x 1.42 apumem.h body; frozen object fingerprint and provider-linked target listing match byte-for-byte; historical Z/non-Z name differs from audit label.
0x001aca50,src/snes9x/apumem.cpp,analysis/functions/apumem_exact_880.tsv,Isolated historical Snes9x 1.42 apumem.h body; frozen object fingerprint and provider-linked target listing match byte-for-byte; historical Z/non-Z name differs from audit label.
0x001acb3c,src/snes9x/apumem.cpp,analysis/functions/apumem_exact_880.tsv,Isolated historical Snes9x 1.42 apumem.h body; frozen object fingerprint and provider-linked target listing match byte-for-byte; historical Z/non-Z name differs from audit label.
0x001acbf0,src/snes9x/apumem.cpp,analysis/functions/apumem_exact_880.tsv,Isolated historical Snes9x 1.42 apumem.h body; frozen object fingerprint and provider-linked target listing match byte-for-byte; historical Z/non-Z name differs from audit label.
0x0010768c,src/ps2/sjpcm_rpc.c,analysis/functions/audio_rpc_exact_2892.tsv,Historical source restored; proven identity SjPCM_Play; target bytes/relocations preserved
0x001076e4,src/ps2/sjpcm_rpc.c,analysis/functions/audio_rpc_exact_2892.tsv,Historical source restored; proven identity SjPCM_Pause; target bytes/relocations preserved
0x0010773c,src/ps2/sjpcm_rpc.c,analysis/functions/audio_rpc_exact_2892.tsv,Historical source restored; proven identity SjPCM_Setvol; target bytes/relocations preserved
0x001077f8,src/ps2/sjpcm_rpc.c,analysis/functions/audio_rpc_exact_2892.tsv,Historical source restored; proven identity SjPCM_Init; target bytes/relocations preserved
0x001078f8,src/ps2/sjpcm_rpc.c,analysis/functions/audio_rpc_exact_2892.tsv,Historical source restored; proven identity SjPCM_Enqueue; target bytes/relocations preserved
0x00107b1c,src/ps2/sjpcm_rpc.c,analysis/functions/audio_rpc_exact_2892.tsv,Historical source restored; proven identity SjPCM_Quit; target bytes/relocations preserved
0x00107b7c,src/ps2/amigamod_rpc.c,analysis/functions/audio_rpc_exact_2892.tsv,Historical source restored; proven identity amigaModInit; target bytes/relocations preserved
0x00107c64,src/ps2/amigamod_rpc.c,analysis/functions/audio_rpc_exact_2892.tsv,Historical source restored; proven identity amigaModLoad; target bytes/relocations preserved
0x00107d44,src/ps2/amigamod_rpc.c,analysis/functions/audio_rpc_exact_2892.tsv,Historical source restored; proven identity amigaModPlay; target bytes/relocations preserved
0x00107db4,src/ps2/amigamod_rpc.c,analysis/functions/audio_rpc_exact_2892.tsv,Historical source restored; proven identity amigaModPause; target bytes/relocations preserved
0x00107e14,src/ps2/amigamod_rpc.c,analysis/functions/audio_rpc_exact_2892.tsv,Historical source restored; proven identity amigaModSetVolume; target bytes/relocations preserved
0x00107f18,src/ps2/amigamod_rpc.c,analysis/functions/audio_rpc_exact_2892.tsv,Historical source restored; proven identity amigaModQuit; target bytes/relocations preserved
0x001ac838,src/snes9x/selecttilerenderer.cpp,analysis/functions/selecttilerenderer_exact_348.tsv,Historical source restored; proven identity _Z18SelectTileRendererh; target bytes/relocations preserved
0x001825e4,src/snes9x/rtc_days.cpp,analysis/functions/calendar_memory_exact_2300.tsv,Historical source restored; _Z17S9xRTCDaysInMonthii; all provider-linked target bytes match public listing
0x00183660,src/snes9x/srtc.cpp,analysis/functions/calendar_memory_exact_2300.tsv,Historical source restored; _Z12S9xResetSRTCv; all provider-linked target bytes match public listing
0x00183678,src/snes9x/srtc.cpp,analysis/functions/calendar_memory_exact_2300.tsv,Historical source restored; _Z16S9xHardResetSRTCv; all provider-linked target bytes match public listing
0x001836d0,src/snes9x/srtc.cpp,analysis/functions/calendar_memory_exact_2300.tsv,Historical source restored; _Z23S9xSRTCComputeDayOfWeekv; all provider-linked target bytes match public listing
0x00183778,src/snes9x/srtc.cpp,analysis/functions/calendar_memory_exact_2300.tsv,Historical source restored; _Z19S9xSRTCDaysInMmonthii; all provider-linked target bytes match public listing
0x00183bdc,src/snes9x/srtc.cpp,analysis/functions/calendar_memory_exact_2300.tsv,Historical source restored; _Z10S9xGetSRTCt; all provider-linked target bytes match public listing
0x00183c58,src/snes9x/srtc.cpp,analysis/functions/calendar_memory_exact_2300.tsv,Historical source restored; _Z19S9xSRTCPreSaveStatev; all provider-linked target bytes match public listing
0x00183d40,src/snes9x/srtc.cpp,analysis/functions/calendar_memory_exact_2300.tsv,Historical source restored; _Z20S9xSRTCPostLoadStatev; all provider-linked target bytes match public listing
0x001ac734,src/snes9x/getbasepointer.cpp,analysis/functions/calendar_memory_exact_2300.tsv,Historical source restored; _Z14GetBasePointerj; all provider-linked target bytes match public listing
0x001140e0,src/snes9x/cheats2.cpp,analysis/functions/cheats2_exact_1768.tsv,Historical Snes9x 1.41-1 _Z16S9xInitCheatDatav source; 56 bytes proved (historical-object); original PS2 behavior preserved
0x00114118,src/snes9x/cheats2.cpp,analysis/functions/cheats2_exact_1768.tsv,Historical Snes9x 1.41-1 _Z11S9xAddCheathhjh source; 180 bytes proved (provider-linked); original PS2 behavior preserved
0x00114328,src/snes9x/cheats2.cpp,analysis/functions/cheats2_exact_1768.tsv,Historical Snes9x 1.41-1 _Z14S9xRemoveCheatj source; 116 bytes proved (provider-linked); original PS2 behavior preserved
0x0011439c,src/snes9x/cheats2.cpp,analysis/functions/cheats2_exact_1768.tsv,Historical Snes9x 1.41-1 _Z13S9xApplyCheatj source; 176 bytes proved (provider-linked); original PS2 behavior preserved
0x0011444c,src/snes9x/cheats2.cpp,analysis/functions/cheats2_exact_1768.tsv,Historical Snes9x 1.41-1 _Z14S9xApplyCheatsv source; 132 bytes proved (provider-linked); original PS2 behavior preserved
0x001144d0,src/snes9x/cheats2.cpp,analysis/functions/cheats2_exact_1768.tsv,Historical Snes9x 1.41-1 _Z15S9xRemoveCheatsv source; 116 bytes proved (provider-linked); original PS2 behavior preserved
0x001535c0,src/snes9x/memmap_methods.cpp,analysis/functions/memmap_methods_exact_1168.tsv,Historical Snes9x 1.41-1 _ZN7CMemory11FixROMSpeedEv source; 72 bytes match outside 2 known relocation fields; original behavior and target-proven PS2 Settings layout retained
0x00153608,src/snes9x/memmap_methods.cpp,analysis/functions/memmap_methods_exact_1168.tsv,Historical Snes9x 1.41-1 _ZN7CMemory15WriteProtectROMEv source; 108 bytes match outside 1 known relocation fields; original behavior and target-proven PS2 Settings layout retained
0x00156884,src/snes9x/memmap_methods.cpp,analysis/functions/memmap_methods_exact_1168.tsv,Historical Snes9x 1.41-1 _ZN7CMemory11SPC7110SramEh source; 64 bytes match outside 2 known relocation fields; original behavior and target-proven PS2 Settings layout retained
0x001568c4,src/snes9x/memmap_methods.cpp,analysis/functions/memmap_methods_exact_1168.tsv,Historical Snes9x 1.41-1 _ZN7CMemory10TVStandardEv source; 36 bytes match outside 6 known relocation fields; original behavior and target-proven PS2 Settings layout retained
0x00156914,src/snes9x/memmap_methods.cpp,analysis/functions/memmap_methods_exact_1168.tsv,Historical Snes9x 1.41-1 _ZN7CMemory7MapTypeEv source; 32 bytes match outside 4 known relocation fields; original behavior and target-proven PS2 Settings layout retained
0x00156934,src/snes9x/memmap_methods.cpp,analysis/functions/memmap_methods_exact_1168.tsv,Historical Snes9x 1.41-1 _ZN7CMemory13StaticRAMSizeEv source; 96 bytes match outside 9 known relocation fields; original behavior and target-proven PS2 Settings layout retained
0x00156994,src/snes9x/memmap_methods.cpp,analysis/functions/memmap_methods_exact_1168.tsv,Historical Snes9x 1.41-1 _ZN7CMemory4SizeEv source; 112 bytes match outside 7 known relocation fields; original behavior and target-proven PS2 Settings layout retained
0x00156c0c,src/snes9x/memmap_methods.cpp,analysis/functions/memmap_methods_exact_1168.tsv,Historical Snes9x 1.41-1 _ZN7CMemory7MapModeEv source; 72 bytes match outside 5 known relocation fields; original behavior and target-proven PS2 Settings layout retained
0x00158b5c,src/snes9x/obc1.cpp,analysis/functions/otherchips_exact_1616.tsv,Historical Snes9x 1.41-1 GetOBC1 source; 24 bytes proved (historical-object); target state shared and original PS2 behavior preserved
0x00158fd0,src/snes9x/obc1.cpp,analysis/functions/otherchips_exact_1616.tsv,Historical Snes9x 1.41-1 GetBasePointerOBC1 source; 12 bytes proved (historical-object); target state shared and original PS2 behavior preserved
0x00158fdc,src/snes9x/obc1.cpp,analysis/functions/otherchips_exact_1616.tsv,Historical Snes9x 1.41-1 GetMemPointerOBC1 source; 20 bytes proved (historical-object); target state shared and original PS2 behavior preserved
0x00158ff0,src/snes9x/obc1.cpp,analysis/functions/otherchips_exact_1616.tsv,Historical Snes9x 1.41-1 ResetOBC1 source; 104 bytes proved (historical-object); target state shared and original PS2 behavior preserved
0x0016f9b0,src/snes9x/sdd1_map.cpp,analysis/functions/otherchips_exact_1616.tsv,Historical Snes9x 1.41-1 _Z19S9xSetSDD1MemoryMapjj source; 104 bytes proved (provider-linked); target state shared and original PS2 behavior preserved
0x0016fa18,src/snes9x/sdd1_map.cpp,analysis/functions/otherchips_exact_1616.tsv,Historical Snes9x 1.41-1 _Z12S9xResetSDD1v source; 100 bytes proved (provider-linked); target state shared and original PS2 behavior preserved
0x0016fa7c,src/snes9x/sdd1_map.cpp,analysis/functions/otherchips_exact_1616.tsv,Historical Snes9x 1.41-1 _Z20S9xSDD1PostLoadStatev source; 72 bytes proved (historical-object); target state shared and original PS2 behavior preserved
0x0016fb04,src/snes9x/sdd1_log_save.cpp,analysis/functions/sdd1_logs_exact_324.tsv,Historical Snes9x 1.41-1 _Z21S9xSDD1SaveLoggedDatav with PS2 FIO; 176 provider-linked target bytes and frozen V51 object fingerprint reproduced; raw read-byte counters preserved
0x0016fbb4,src/snes9x/sdd1_log_load.cpp,analysis/functions/sdd1_logs_exact_324.tsv,Historical Snes9x 1.41-1 _Z21S9xSDD1LoadLoggedDatav with PS2 FIO; 148 provider-linked target bytes and frozen V51 object fingerprint reproduced; raw read-byte counters preserved
0x0016fc48,src/snes9x/seta_dispatch.cpp,analysis/functions/seta_helpers_exact_440.tsv,Historical Snes9x 1.41-1 S9xGetSetaDSP original source; 36 bytes reproduced (historical-object); shared SETA/Memory state and target floating-point truncation retained
0x0016fc6c,src/snes9x/seta_dispatch.cpp,analysis/functions/seta_helpers_exact_440.tsv,Historical Snes9x 1.41-1 S9xSetSetaDSP original source; 36 bytes reproduced (historical-object); shared SETA/Memory state and target floating-point truncation retained
0x0016fcd4,src/snes9x/st010_helpers.cpp,analysis/functions/seta_helpers_exact_440.tsv,Historical Snes9x 1.41-1 _Z10St010_Op03sssRiS_ original source; 52 bytes reproduced (historical-object); shared SETA/Memory state and target floating-point truncation retained
0x0016fd08,src/snes9x/st010_helpers.cpp,analysis/functions/seta_helpers_exact_440.tsv,Historical Snes9x 1.41-1 _Z12St010_RotatesssRsS_ original source; 248 bytes reproduced (provider-linked); shared SETA/Memory state and target floating-point truncation retained
0x00182910,src/snes9x/spc7110_helpers.cpp,analysis/functions/spc7110_exact_1784.tsv,"Historical Snes9x 1.41-1 Get7110BasePtr with V72/V74 target adaptation; all 116 provider-linked target bytes reproduced; original shared state, field widths and disabled clock preserved"
0x001832a4,src/snes9x/spc7110_helpers.cpp,analysis/functions/spc7110_exact_1784.tsv,"Historical Snes9x 1.41-1 _Z15S9xSpc7110Resetv with V72/V74 target adaptation; all 248 provider-linked target bytes reproduced; original shared state, field widths and disabled clock preserved"
0x001833a4,src/snes9x/spc7110_rtc_io.cpp,analysis/functions/spc7110_exact_1784.tsv,"Historical Snes9x 1.41-1 _Z17S9xSaveSPC7110RTCP10SPC7110RTC with V72/V74 target adaptation; all 332 provider-linked target bytes reproduced; original shared state, field widths and disabled clock preserved"
0x001834f0,src/snes9x/spc7110_rtc_io.cpp,analysis/functions/spc7110_exact_1784.tsv,"Historical Snes9x 1.41-1 _Z17S9xLoadSPC7110RTCP10SPC7110RTC with V72/V74 target adaptation; all 360 provider-linked target bytes reproduced; original shared state, field widths and disabled clock preserved"
0x0018255c,src/snes9x/spc7110_access.cpp,analysis/functions/spc7110_access_exact_4596.tsv,Historical Snes9x 1.41-1 S9xGetSPC7110Byte with V72 target adaptation; 136 instruction bytes reproduced (provider-linked-target); fully linked historical comparison checks all provider/state/table addends
0x001159f4,src/snes9x/cpu_reset.cpp,analysis/functions/cpu_reset_exact_956.tsv,Complete historical Snes9x 1.41-1 _Z15S9xResetSuperFXv; 36 complete raw historical bytes and fully linked historical-reference match; all shared-state field addends preserved
0x00116128,src/snes9x/cpu_execution.cpp,analysis/functions/cpu_execution_exact_2448.tsv,Complete historical Snes9x 1.41-1 S9xSetIRQ; 76 complete raw historical bytes and fully linked historical-reference match; all shared-state field addends preserved
0x00116174,src/snes9x/cpu_execution.cpp,analysis/functions/cpu_execution_exact_2448.tsv,Complete historical Snes9x 1.41-1 S9xClearIRQ; 52 complete raw historical bytes and fully linked historical-reference match; all shared-state field addends preserved
0x0010c300,src/snes9x/native_chip_resets.cpp,analysis/functions/native_chip_resets_exact_416.tsv,"Historical Snes9x 1.41-1 S9xInitC4; 40 complete raw historical bytes, linked-historical-reference; real native shared-state implementation closes a CPU reset contract"
0x0012b9a4,src/snes9x/native_chip_resets.cpp,analysis/functions/native_chip_resets_exact_416.tsv,"Historical Snes9x 1.41-1 S9xResetDMA; 184 complete raw historical bytes, provider-linked-target; real native shared-state implementation closes a CPU reset contract"
0x0015d8ec,src/snes9x/native_chip_resets.cpp,analysis/functions/native_chip_resets_exact_416.tsv,"Historical Snes9x 1.41-1 S9xSA1Init; 192 complete raw historical bytes, provider-linked-target; real native shared-state implementation closes a CPU reset contract"
0x0012e688,src/snes9x/dsp_dispatch.cpp,analysis/functions/dsp_dispatch_exact_200.tsv,"Complete historical Snes9x 1.41-1 _Z11S9xInitDSP1v; 60 historical instruction and fully linked historical-reference bytes; original shared DSP state, initialization byte and native function-pointer slots retained"
0x0012e6c4,src/snes9x/dsp_dispatch.cpp,analysis/functions/dsp_dispatch_exact_200.tsv,"Complete historical Snes9x 1.41-1 S9xResetDSP1; 64 historical instruction and fully linked historical-reference bytes; original shared DSP state, initialization byte and native function-pointer slots retained"
0x0012e704,src/snes9x/dsp_dispatch.cpp,analysis/functions/dsp_dispatch_exact_200.tsv,"Complete historical Snes9x 1.41-1 S9xGetDSP; 36 historical instruction and fully linked historical-reference bytes; original shared DSP state, initialization byte and native function-pointer slots retained"
0x0012e728,src/snes9x/dsp_dispatch.cpp,analysis/functions/dsp_dispatch_exact_200.tsv,"Complete historical Snes9x 1.41-1 S9xSetDSP; 40 historical instruction and fully linked historical-reference bytes; original shared DSP state, initialization byte and native function-pointer slots retained"
0x00174120,src/snes9x/native_sound_reset.cpp,analysis/functions/native_sound_reset_exact_844.tsv,Original native audio code; all 228 echo-enable bytes and the complete 616-byte reset/playback composite target span (436-byte S9xResetSound plus 180-byte S9xSetPlaybackRate); target float intermediate and original shared state/channel geometry retained
0x0017422c,src/snes9x/native_sound_controls.cpp,analysis/functions/native_sound_controls_exact_452.tsv,"Original native audio echo-delay/write and sound frequency; all 452 provider-linked target bytes, original sound/channel/noise provider geometry, exact PS2 float intermediate preserved"
0x001742b4,src/snes9x/native_sound_controls.cpp,analysis/functions/native_sound_controls_exact_452.tsv,"Original native audio echo-delay/write and sound frequency; all 452 provider-linked target bytes, original sound/channel/noise provider geometry, exact PS2 float intermediate preserved"
0x001591a8,src/snes9x/ppu_reset.cpp,analysis/functions/ppu_reset_exact_3372.tsv,"Original native PPU BGR555 palette/controller helper; all provider-linked public target bytes; full shared GLOBALS and brightness-table digests, exact PS2 Settings field layout and native callee ABI retained"
0x0015cdf8,src/snes9x/ppu_reset.cpp,analysis/functions/ppu_reset_exact_3372.tsv,"Original native PPU BGR555 palette/controller helper; all provider-linked public target bytes; full shared GLOBALS and brightness-table digests, exact PS2 Settings field layout and native callee ABI retained"
0x0012fe5c,src/snes9x/native_fxemu.cpp,analysis/functions/native_fxemu_exact_3456.tsv,"Complete original native Super FX module; frozen 3456-byte complete raw source window and all 21 fully linked historical functions; frozen 2280-byte linked original state/dispatch-cell target, no duplicate GSU storage or fresh private-image code comparison"
0x0012fe9c,src/snes9x/native_fxemu.cpp,analysis/functions/native_fxemu_exact_3456.tsv,"Complete original native Super FX module; frozen 3456-byte complete raw source window and all 21 fully linked historical functions; frozen 2280-byte linked original state/dispatch-cell target, no duplicate GSU storage or fresh private-image code comparison"
0x0012feb4,src/snes9x/native_fxemu.cpp,analysis/functions/native_fxemu_exact_3456.tsv,"Complete original native Super FX module; frozen 3456-byte complete raw source window and all 21 fully linked historical functions; frozen 2280-byte linked original state/dispatch-cell target, no duplicate GSU storage or fresh private-image code comparison"
0x0012febc,src/snes9x/native_fxemu.cpp,analysis/functions/native_fxemu_exact_3456.tsv,"Complete original native Super FX module; frozen 3456-byte complete raw source window and all 21 fully linked historical functions; frozen 2280-byte linked original state/dispatch-cell target, no duplicate GSU storage or fresh private-image code comparison"
0x0012fec4,src/snes9x/native_fxemu.cpp,analysis/functions/native_fxemu_exact_3456.tsv,"Complete original native Super FX module; frozen 3456-byte complete raw source window and all 21 fully linked historical functions; frozen 2280-byte linked original state/dispatch-cell target, no duplicate GSU storage or fresh private-image code comparison"
0x001308f8,src/snes9x/native_fxemu.cpp,analysis/functions/native_fxemu_exact_3456.tsv,"Complete original native Super FX module; frozen 3456-byte complete raw source window and all 21 fully linked historical functions; frozen 2280-byte linked original state/dispatch-cell target, no duplicate GSU storage or fresh private-image code comparison"
0x0015d9ac,src/snes9x/native_sa1.cpp,analysis/functions/native_sa1_exact_6172.tsv,"_Z11S9xSA1Resetv; provider-linked-target; original native ABI/shared state; complete instruction, linked reference and opcode-table geometry checks"
0x0015db74,src/snes9x/native_sa1.cpp,analysis/functions/native_sa1_exact_6172.tsv,"S9xFixSA1AfterSnapshotLoad; provider-linked-target; original native ABI/shared state; complete instruction, linked reference and opcode-table geometry checks"
0x0015de14,src/snes9x/native_sa1.cpp,analysis/functions/native_sa1_exact_6172.tsv,"S9xSA1GetWord; provider-linked-target; original native ABI/shared state; complete instruction, linked reference and opcode-table geometry checks"
0x0015e034,src/snes9x/native_sa1.cpp,analysis/functions/native_sa1_exact_6172.tsv,"S9xSA1SetWord; provider-linked-target; original native ABI/shared state; complete instruction, linked reference and opcode-table geometry checks"
0x0015e07c,src/snes9x/native_sa1.cpp,analysis/functions/native_sa1_exact_6172.tsv,"S9xSA1SetPCBase; provider-linked-target; original native ABI/shared state; complete instruction, linked reference and opcode-table geometry checks"
0x0015e190,src/snes9x/native_sa1.cpp,analysis/functions/native_sa1_exact_6172.tsv,"S9xSA1ExecuteDuringSleep; linked-historical-reference; original native ABI/shared state; complete instruction, linked reference and opcode-table geometry checks"
0x0015e198,src/snes9x/native_sa1.cpp,analysis/functions/native_sa1_exact_6172.tsv,"_Z15S9xSetSA1MemMapjh; provider-linked-target; original native ABI/shared state; complete instruction, linked reference and opcode-table geometry checks"
0x0015f030,src/snes9x/native_sa1.cpp,analysis/functions/native_sa1_exact_6172.tsv,"_Z28S9xSA1ReadVariableLengthDatahh; provider-linked-target; original native ABI/shared state; complete instruction, linked reference and opcode-table geometry checks"
0x0015f15c,src/snes9x/native_sa1.cpp,analysis/functions/native_sa1_exact_6172.tsv,"_Z15S9xSA1FixCyclesv; provider-linked-target; original native ABI/shared state; complete instruction, linked reference and opcode-table geometry checks"
0x00101880,src/snes9x/native_controllers.cpp,analysis/functions/native_controller_chip_io_exact_1548.tsv,_Z18JustifierOffscreenv; original native ABI and shared state retained; 8 complete instruction bytes proved at provider-linked-target level
0x00101888,src/snes9x/native_controllers.cpp,analysis/functions/native_controller_chip_io_exact_1548.tsv,_Z16JustifierButtonsRj; original native ABI and shared state retained; 8 complete instruction bytes proved at provider-linked-target level
0x00104e48,src/snes9x/native_controllers.cpp,analysis/functions/native_controller_chip_io_exact_1548.tsv,S9xReadSuperScopePosition; original native ABI and shared state retained; 8 complete instruction bytes proved at provider-linked-target level
0x0010c328,src/snes9x/native_chip_io.cpp,analysis/functions/native_controller_chip_io_exact_1548.tsv,S9xGetC4; original native ABI and shared state retained; 24 complete instruction bytes proved at linked-historical-reference level
0x001701fc,src/snes9x/native_chip_io.cpp,analysis/functions/native_controller_chip_io_exact_1548.tsv,S9xGetST018; original native ABI and shared state retained; 8 complete instruction bytes proved at provider-linked-target level
0x00170204,src/snes9x/native_chip_io.cpp,analysis/functions/native_controller_chip_io_exact_1548.tsv,S9xSetST018; original native ABI and shared state retained; 40 complete instruction bytes proved at linked-historical-reference level
0x00104e50,src/snes9x/native_controllers.cpp,analysis/functions/native_controller_chip_io_exact_1548.tsv,S9xReadMousePosition; original native callback ABI preserved; complete eight-byte target behavior; PPU reset now uses the canonical callback
0x001056b0,src/snes9x/native_rom_deinterleave.cpp,analysis/functions/native_rom_deinterleave_exact_552.tsv,Native ABI source recovery; complete provider-linked target instructions; independent historical source and frozen target witnesses; verified diagnostic string placement.
0x00101904,src/ps2/native_sound_callback.c,analysis/functions/native_sound_callback_exact_8.tsv,Native S9xGenerateSound C ABI and original PS2 no-op; eight complete target bytes; independently frozen raw-equal leaf and archive-pinned declaration/caller.
0x00153674,src/snes9x/native_rom_maps.cpp,analysis/functions/native_rom_maps_exact_12816.tsv,_ZN7CMemory6MapRAMEv; 268 complete instruction bytes proved at linked-historical-reference level; genuine native method ABI and original shared memory providers retained
0x00153780,src/snes9x/native_rom_maps.cpp,analysis/functions/native_rom_maps_exact_12816.tsv,_ZN7CMemory11MapExtraRAMEv; 304 complete instruction bytes proved at linked-historical-reference level; genuine native method ABI and original shared memory providers retained
0x0016f0a0,src/snes9x/native_sa1_opcodes.cpp,analysis/functions/native_sa1_opcodes_exact_67008.tsv,_Z15S9xSA1FixCyclesv; 108 complete linked historical instruction bytes; native helper body emitted from native_sa1_opcode_state.h; remaining opcode entries tracked separately outside frozen 1041-function manifest
0x001291e4,src/snes9x/native_cpu_opcodes.cpp,analysis/functions/native_cpu_opcodes_exact_77476.tsv,_Z12S9xFixCyclesv; 108 complete linked historical instruction bytes; other opcode/helper routines tracked outside the frozen 1041-function audit
0x00130c78,src/snes9x/native_fx_opcodes.cpp,analysis/functions/native_fx_opcodes_exact_73372.tsv,_Z8fx_cachev; 144 complete linked historical instruction bytes; other opcode/helper routines tracked outside the frozen 1041-function audit
0x0014080c,src/snes9x/native_fx_opcodes.cpp,analysis/functions/native_fx_opcodes_exact_73372.tsv,_Z9fx_dec_r7v; 68 complete linked historical instruction bytes; other opcode/helper routines tracked outside the frozen 1041-function audit
0x00142a78,src/snes9x/native_gfx.cpp,analysis/functions/native_gfx_exact_55256.tsv,S9xGraphicsInit; 1436 complete linked historical instruction bytes; other opcode/helper routines tracked outside the frozen 1041-function audit
0x0014308c,src/snes9x/native_gfx.cpp,analysis/functions/native_gfx_exact_55256.tsv,S9xBuildDirectColourMaps; 144 complete linked historical instruction bytes; other opcode/helper routines tracked outside the frozen 1041-function audit
0x00148338,src/snes9x/native_gfx.cpp,analysis/functions/native_gfx_exact_55256.tsv,_Z13Q_INTERPOLATEjjjj; 92 complete linked historical instruction bytes; other opcode/helper routines tracked outside the frozen 1041-function audit
0x00183e04,src/snes9x/native_bulk_tile.cpp,analysis/functions/native_bulk_tile_exact_48552.tsv,_Z11ConvertTilePhj; 1160 complete linked historical instruction bytes; remaining candidates are tracked in native_bulk_census.tsv
0x0018428c,src/snes9x/native_bulk_tile.cpp,analysis/functions/native_bulk_tile_exact_48552.tsv,_Z8DrawTilejjjj; 796 complete linked historical instruction bytes; remaining candidates are tracked in native_bulk_census.tsv
0x001acd04,src/snes9x/native_bulk_tile.cpp,analysis/functions/native_bulk_tile_exact_48552.tsv,_Z13WRITE_4PIXELSjPh; 292 complete linked historical instruction bytes; remaining candidates are tracked in native_bulk_census.tsv
0x001ace28,src/snes9x/native_bulk_tile.cpp,analysis/functions/native_bulk_tile_exact_48552.tsv,_Z21WRITE_4PIXELS_FLIPPEDjPh; 292 complete linked historical instruction bytes; remaining candidates are tracked in native_bulk_census.tsv
0x001845a8,src/snes9x/native_bulk_tile.cpp,analysis/functions/native_bulk_tile_exact_48552.tsv,_Z15DrawClippedTilejjjjjj; 1176 complete linked historical instruction bytes; remaining candidates are tracked in native_bulk_census.tsv
0x00184a40,src/snes9x/native_bulk_tile.cpp,analysis/functions/native_bulk_tile_exact_48552.tsv,_Z10DrawTilex2jjjj; 796 complete linked historical instruction bytes; remaining candidates are tracked in native_bulk_census.tsv
0x001acf4c,src/snes9x/native_bulk_tile.cpp,analysis/functions/native_bulk_tile_exact_48552.tsv,_Z15WRITE_4PIXELSx2jPh; 324 complete linked historical instruction bytes; remaining candidates are tracked in native_bulk_census.tsv
0x001ad090,src/snes9x/native_bulk_tile.cpp,analysis/functions/native_bulk_tile_exact_48552.tsv,_Z23WRITE_4PIXELS_FLIPPEDx2jPh; 324 complete linked historical instruction bytes; remaining candidates are tracked in native_bulk_census.tsv
0x00184d5c,src/snes9x/native_bulk_tile.cpp,analysis/functions/native_bulk_tile_exact_48552.tsv,_Z17DrawClippedTilex2jjjjjj; 1176 complete linked historical instruction bytes; remaining candidates are tracked in native_bulk_census.tsv
0x001851f4,src/snes9x/native_bulk_tile.cpp,analysis/functions/native_bulk_tile_exact_48552.tsv,_Z12DrawTilex2x2jjjj; 796 complete linked historical instruction bytes; remaining candidates are tracked in native_bulk_census.tsv
0x001ad1d4,src/snes9x/native_bulk_tile.cpp,analysis/functions/native_bulk_tile_exact_48552.tsv,_Z17WRITE_4PIXELSx2x2jPh; 452 complete linked historical instruction bytes; remaining candidates are tracked in native_bulk_census.tsv
0x001ad398,src/snes9x/native_bulk_tile.cpp,analysis/functions/native_bulk_tile_exact_48552.tsv,_Z25WRITE_4PIXELS_FLIPPEDx2x2jPh; 452 complete linked historical instruction bytes; remaining candidates are tracked in native_bulk_census.tsv
0x00185510,src/snes9x/native_bulk_tile.cpp,analysis/functions/native_bulk_tile_exact_48552.tsv,_Z19DrawClippedTilex2x2jjjjjj; 1176 complete linked historical instruction bytes; remaining candidates are tracked in native_bulk_census.tsv
0x001859a8,src/snes9x/native_bulk_tile.cpp,analysis/functions/native_bulk_tile_exact_48552.tsv,_Z14DrawLargePixeljjjjjj; 996 complete linked historical instruction bytes; remaining candidates are tracked in native_bulk_census.tsv
0x00185d8c,src/snes9x/native_bulk_tile.cpp,analysis/functions/native_bulk_tile_exact_48552.tsv,_Z10DrawTile16jjjj; 796 complete linked historical instruction bytes; remaining candidates are tracked in native_bulk_census.tsv
0x001ad55c,src/snes9x/native_bulk_tile.cpp,analysis/functions/native_bulk_tile_exact_48552.tsv,_Z15WRITE_4PIXELS16jPh; 296 complete linked historical instruction bytes; remaining candidates are tracked in native_bulk_census.tsv
0x001ad684,src/snes9x/native_bulk_tile.cpp,analysis/functions/native_bulk_tile_exact_48552.tsv,_Z23WRITE_4PIXELS16_FLIPPEDjPh; 296 complete linked historical instruction bytes; remaining candidates are tracked in native_bulk_census.tsv
0x001860a8,src/snes9x/native_bulk_tile.cpp,analysis/functions/native_bulk_tile_exact_48552.tsv,_Z17DrawClippedTile16jjjjjj; 1176 complete linked historical instruction bytes; remaining candidates are tracked in native_bulk_census.tsv
0x00186540,src/snes9x/native_bulk_tile.cpp,analysis/functions/native_bulk_tile_exact_48552.tsv,_Z12DrawTile16x2jjjj; 796 complete linked historical instruction bytes; remaining candidates are tracked in native_bulk_census.tsv
0x001ad7ac,src/snes9x/native_bulk_tile.cpp,analysis/functions/native_bulk_tile_exact_48552.tsv,_Z17WRITE_4PIXELS16x2jPh; 328 complete linked historical instruction bytes; remaining candidates are tracked in native_bulk_census.tsv
0x001ad8f4,src/snes9x/native_bulk_tile.cpp,analysis/functions/native_bulk_tile_exact_48552.tsv,_Z25WRITE_4PIXELS16_FLIPPEDx2jPh; 328 complete linked historical instruction bytes; remaining candidates are tracked in native_bulk_census.tsv
0x0018685c,src/snes9x/native_bulk_tile.cpp,analysis/functions/native_bulk_tile_exact_48552.tsv,_Z19DrawClippedTile16x2jjjjjj; 1176 complete linked historical instruction bytes; remaining candidates are tracked in native_bulk_census.tsv
0x00186cf4,src/snes9x/native_bulk_tile.cpp,analysis/functions/native_bulk_tile_exact_48552.tsv,_Z14DrawTile16x2x2jjjj; 796 complete linked historical instruction bytes; remaining candidates are tracked in native_bulk_census.tsv
0x001ada3c,src/snes9x/native_bulk_tile.cpp,analysis/functions/native_bulk_tile_exact_48552.tsv,_Z19WRITE_4PIXELS16x2x2jPh; 504 complete linked historical instruction bytes; remaining candidates are tracked in native_bulk_census.tsv
0x001adc34,src/snes9x/native_bulk_tile.cpp,analysis/functions/native_bulk_tile_exact_48552.tsv,_Z27WRITE_4PIXELS16_FLIPPEDx2x2jPh; 504 complete linked historical instruction bytes; remaining candidates are tracked in native_bulk_census.tsv
0x00187010,src/snes9x/native_bulk_tile.cpp,analysis/functions/native_bulk_tile_exact_48552.tsv,_Z21DrawClippedTile16x2x2jjjjjj; 1176 complete linked historical instruction bytes; remaining candidates are tracked in native_bulk_census.tsv
0x001874a8,src/snes9x/native_bulk_tile.cpp,analysis/functions/native_bulk_tile_exact_48552.tsv,_Z16DrawLargePixel16jjjjjj; 1012 complete linked historical instruction bytes; remaining candidates are tracked in native_bulk_census.tsv
0x0018789c,src/snes9x/native_bulk_tile.cpp,analysis/functions/native_bulk_tile_exact_48552.tsv,_Z13DrawTile16Addjjjj; 796 complete linked historical instruction bytes; remaining candidates are tracked in native_bulk_census.tsv
0x001ade2c,src/snes9x/native_bulk_tile.cpp,analysis/functions/native_bulk_tile_exact_48552.tsv,_Z19WRITE_4PIXELS16_ADDjPh; 1172 complete linked historical instruction bytes; remaining candidates are tracked in native_bulk_census.tsv
0x001ae2c0,src/snes9x/native_bulk_tile.cpp,analysis/functions/native_bulk_tile_exact_48552.tsv,_Z27WRITE_4PIXELS16_FLIPPED_ADDjPh; 1172 complete linked historical instruction bytes; remaining candidates are tracked in native_bulk_census.tsv
0x00187bb8,src/snes9x/native_bulk_tile.cpp,analysis/functions/native_bulk_tile_exact_48552.tsv,_Z20DrawClippedTile16Addjjjjjj; 1176 complete linked historical instruction bytes; remaining candidates are tracked in native_bulk_census.tsv
0x00188050,src/snes9x/native_bulk_tile.cpp,analysis/functions/native_bulk_tile_exact_48552.tsv,_Z16DrawTile16Add1_2jjjj; 796 complete linked historical instruction bytes; remaining candidates are tracked in native_bulk_census.tsv
0x001ae754,src/snes9x/native_bulk_tile.cpp,analysis/functions/native_bulk_tile_exact_48552.tsv,_Z22WRITE_4PIXELS16_ADD1_2jPh; 1028 complete linked historical instruction bytes; remaining candidates are tracked in native_bulk_census.tsv
0x001aeb58,src/snes9x/native_bulk_tile.cpp,analysis/functions/native_bulk_tile_exact_48552.tsv,_Z30WRITE_4PIXELS16_FLIPPED_ADD1_2jPh; 1028 complete linked historical instruction bytes; remaining candidates are tracked in native_bulk_census.tsv
0x0018836c,src/snes9x/native_bulk_tile.cpp,analysis/functions/native_bulk_tile_exact_48552.tsv,_Z23DrawClippedTile16Add1_2jjjjjj; 1176 complete linked historical instruction bytes; remaining candidates are tracked in native_bulk_census.tsv
0x00188804,src/snes9x/native_bulk_tile.cpp,analysis/functions/native_bulk_tile_exact_48552.tsv,_Z13DrawTile16Subjjjj; 796 complete linked historical instruction bytes; remaining candidates are tracked in native_bulk_census.tsv
0x001aef5c,src/snes9x/native_bulk_tile.cpp,analysis/functions/native_bulk_tile_exact_48552.tsv,_Z19WRITE_4PIXELS16_SUBjPh; 948 complete linked historical instruction bytes; remaining candidates are tracked in native_bulk_census.tsv
0x001af310,src/snes9x/native_bulk_tile.cpp,analysis/functions/native_bulk_tile_exact_48552.tsv,_Z27WRITE_4PIXELS16_FLIPPED_SUBjPh; 948 complete linked historical instruction bytes; remaining candidates are tracked in native_bulk_census.tsv
0x00188b20,src/snes9x/native_bulk_tile.cpp,analysis/functions/native_bulk_tile_exact_48552.tsv,_Z20DrawClippedTile16Subjjjjjj; 1176 complete linked historical instruction bytes; remaining candidates are tracked in native_bulk_census.tsv
0x00188fb8,src/snes9x/native_bulk_tile.cpp,analysis/functions/native_bulk_tile_exact_48552.tsv,_Z16DrawTile16Sub1_2jjjj; 796 complete linked historical instruction bytes; remaining candidates are tracked in native_bulk_census.tsv
0x001af6c4,src/snes9x/native_bulk_tile.cpp,analysis/functions/native_bulk_tile_exact_48552.tsv,_Z22WRITE_4PIXELS16_SUB1_2jPh; 964 complete linked historical instruction bytes; remaining candidates are tracked in native_bulk_census.tsv
0x001afa88,src/snes9x/native_bulk_tile.cpp,analysis/functions/native_bulk_tile_exact_48552.tsv,_Z30WRITE_4PIXELS16_FLIPPED_SUB1_2jPh; 964 complete linked historical instruction bytes; remaining candidates are tracked in native_bulk_census.tsv
0x001892d4,src/snes9x/native_bulk_tile.cpp,analysis/functions/native_bulk_tile_exact_48552.tsv,_Z23DrawClippedTile16Sub1_2jjjjjj; 1176 complete linked historical instruction bytes; remaining candidates are tracked in native_bulk_census.tsv
0x0018976c,src/snes9x/native_bulk_tile.cpp,analysis/functions/native_bulk_tile_exact_48552.tsv,_Z21DrawTile16FixedAdd1_2jjjj; 796 complete linked historical instruction bytes; remaining candidates are tracked in native_bulk_census.tsv
0x001afe4c,src/snes9x/native_bulk_tile.cpp,analysis/functions/native_bulk_tile_exact_48552.tsv,_Z23WRITE_4PIXELS16_ADDF1_2jPh; 576 complete linked historical instruction bytes; remaining candidates are tracked in native_bulk_census.tsv
0x001b008c,src/snes9x/native_bulk_tile.cpp,analysis/functions/native_bulk_tile_exact_48552.tsv,_Z31WRITE_4PIXELS16_FLIPPED_ADDF1_2jPh; 576 complete linked historical instruction bytes; remaining candidates are tracked in native_bulk_census.tsv
0x00189a88,src/snes9x/native_bulk_tile.cpp,analysis/functions/native_bulk_tile_exact_48552.tsv,_Z28DrawClippedTile16FixedAdd1_2jjjjjj; 1176 complete linked historical instruction bytes; remaining candidates are tracked in native_bulk_census.tsv
0x00189f20,src/snes9x/native_bulk_tile.cpp,analysis/functions/native_bulk_tile_exact_48552.tsv,_Z21DrawTile16FixedSub1_2jjjj; 796 complete linked historical instruction bytes; remaining candidates are tracked in native_bulk_census.tsv
0x001b02cc,src/snes9x/native_bulk_tile.cpp,analysis/functions/native_bulk_tile_exact_48552.tsv,_Z23WRITE_4PIXELS16_SUBF1_2jPh; 608 complete linked historical instruction bytes; remaining candidates are tracked in native_bulk_census.tsv
0x001b052c,src/snes9x/native_bulk_tile.cpp,analysis/functions/native_bulk_tile_exact_48552.tsv,_Z31WRITE_4PIXELS16_FLIPPED_SUBF1_2jPh; 608 complete linked historical instruction bytes; remaining candidates are tracked in native_bulk_census.tsv
0x0018a23c,src/snes9x/native_bulk_tile.cpp,analysis/functions/native_bulk_tile_exact_48552.tsv,_Z28DrawClippedTile16FixedSub1_2jjjjjj; 1176 complete linked historical instruction bytes; remaining candidates are tracked in native_bulk_census.tsv
0x0018a6d4,src/snes9x/native_bulk_tile.cpp,analysis/functions/native_bulk_tile_exact_48552.tsv,_Z19DrawLargePixel16Addjjjjjj; 1764 complete linked historical instruction bytes; remaining candidates are tracked in native_bulk_census.tsv
0x0018adb8,src/snes9x/native_bulk_tile.cpp,analysis/functions/native_bulk_tile_exact_48552.tsv,_Z22DrawLargePixel16Add1_2jjjjjj; 1668 complete linked historical instruction bytes; remaining candidates are tracked in native_bulk_census.tsv
0x0018b43c,src/snes9x/native_bulk_tile.cpp,analysis/functions/native_bulk_tile_exact_48552.tsv,_Z19DrawLargePixel16Subjjjjjj; 1668 complete linked historical instruction bytes; remaining candidates are tracked in native_bulk_census.tsv
0x0018bac0,src/snes9x/native_bulk_tile.cpp,analysis/functions/native_bulk_tile_exact_48552.tsv,_Z22DrawLargePixel16Sub1_2jjjjjj; 1636 complete linked historical instruction bytes; remaining candidates are tracked in native_bulk_census.tsv
0x0010a7fc,src/snes9x/native_bulk_2xsai.cpp,analysis/functions/native_bulk_2xsai_exact_6888.tsv,_Z9GetResultjjjj; 68 complete linked historical instruction bytes; remaining candidates are tracked in native_bulk_census.tsv
0x0010a768,src/snes9x/native_bulk_2xsai.cpp,analysis/functions/native_bulk_2xsai_exact_6888.tsv,_Z10GetResult1jjjjj; 68 complete linked historical instruction bytes; remaining candidates are tracked in native_bulk_census.tsv
0x0010a7ac,src/snes9x/native_bulk_2xsai.cpp,analysis/functions/native_bulk_2xsai_exact_6888.tsv,_Z10GetResult2jjjjj; 80 complete linked historical instruction bytes; remaining candidates are tracked in native_bulk_census.tsv
0x0010a18c,src/snes9x/native_bulk_2xsai.cpp,analysis/functions/native_bulk_2xsai_exact_6888.tsv,_Z8Bilinearjjj; 216 complete linked historical instruction bytes; remaining candidates are tracked in native_bulk_census.tsv
0x0012c13c,src/snes9x/native_bulk_dsp1.cpp,analysis/functions/native_bulk_dsp1_exact_10892.tsv,_Z7DSPOp00v; 36 complete linked historical instruction bytes; module-local identity and legacy symbol aliases checked independently
0x0012c160,src/snes9x/native_bulk_dsp1.cpp,analysis/functions/native_bulk_dsp1_exact_10892.tsv,_Z7DSPOp20v; 40 complete linked historical instruction bytes; module-local identity and legacy symbol aliases checked independently
0x0012c2a4,src/snes9x/native_bulk_dsp1.cpp,analysis/functions/native_bulk_dsp1_exact_10892.tsv,_Z7DSPOp10v; 56 complete linked historical instruction bytes; module-local identity and legacy symbol aliases checked independently
0x0012de60,src/snes9x/native_bulk_dsp1.cpp,analysis/functions/native_bulk_dsp1_exact_10892.tsv,_Z7DSPOp0Bv; 80 complete linked historical instruction bytes; module-local identity and legacy symbol aliases checked independently
0x0012deb0,src/snes9x/native_bulk_dsp1.cpp,analysis/functions/native_bulk_dsp1_exact_10892.tsv,_Z7DSPOp1Bv; 80 complete linked historical instruction bytes; module-local identity and legacy symbol aliases checked independently
0x0012df50,src/snes9x/native_bulk_dsp1.cpp,analysis/functions/native_bulk_dsp1_exact_10892.tsv,_Z7DSPOp08v; 96 complete linked historical instruction bytes; module-local identity and legacy symbol aliases checked independently
0x0012dfb0,src/snes9x/native_bulk_dsp1.cpp,analysis/functions/native_bulk_dsp1_exact_10892.tsv,_Z7DSPOp18v; 76 complete linked historical instruction bytes; module-local identity and legacy symbol aliases checked independently
0x0012dffc,src/snes9x/native_bulk_dsp1.cpp,analysis/functions/native_bulk_dsp1_exact_10892.tsv,_Z7DSPOp38v; 80 complete linked historical instruction bytes; module-local identity and legacy symbol aliases checked independently
0x0012e2c4,src/snes9x/native_bulk_dsp1.cpp,analysis/functions/native_bulk_dsp1_exact_10892.tsv,_Z7DSPOp0Fv; 12 complete linked historical instruction bytes; module-local identity and legacy symbol aliases checked independently
0x0012e2d0,src/snes9x/native_bulk_dsp1.cpp,analysis/functions/native_bulk_dsp1_exact_10892.tsv,_Z7DSPOp2Fv; 16 complete linked historical instruction bytes; module-local identity and legacy symbol aliases checked independently
0x0012e2e0,src/snes9x/native_bulk_dsp1.cpp,analysis/functions/native_bulk_dsp1_exact_10892.tsv,_Z9DSP2_Op05v; 148 complete linked historical instruction bytes; module-local identity and legacy symbol aliases checked independently
0x0012e374,src/snes9x/native_bulk_dsp1.cpp,analysis/functions/native_bulk_dsp1_exact_10892.tsv,_Z9DSP2_Op01v; 500 complete linked historical instruction bytes; module-local identity and legacy symbol aliases checked independently
0x0012e568,src/snes9x/native_bulk_dsp1.cpp,analysis/functions/native_bulk_dsp1_exact_10892.tsv,_Z9DSP2_Op06v; 80 complete linked historical instruction bytes; module-local identity and legacy symbol aliases checked independently
0x0010a840,src/snes9x/native_bulk_apu.cpp,analysis/functions/native_bulk_apu_exact_3152.tsv,S9xInitAPU; 124 complete linked historical instruction bytes; remaining candidates are tracked in native_bulk_census.tsv
0x0010a8bc,src/snes9x/native_bulk_apu.cpp,analysis/functions/native_bulk_apu_exact_3152.tsv,S9xDeinitAPU; 120 complete linked historical instruction bytes; remaining candidates are tracked in native_bulk_census.tsv
0x0010b72c,src/snes9x/native_bulk_apu.cpp,analysis/functions/native_bulk_apu_exact_3152.tsv,S9xSetAPUTimer; 204 complete linked historical instruction bytes; remaining candidates are tracked in native_bulk_census.tsv
0x00150c90,src/snes9x/native_bulk_memmap.cpp,analysis/functions/native_bulk_memmap_exact_1924.tsv,_ZN7CMemory8AllASCIIEPhi; 60 complete linked historical instruction bytes; remaining candidates are tracked in native_bulk_census.tsv
0x00151360,src/snes9x/native_bulk_memmap.cpp,analysis/functions/native_bulk_memmap_exact_1924.tsv,_ZN7CMemory12FreeSDD1DataEv; 92 complete linked historical instruction bytes; remaining candidates are tracked in native_bulk_census.tsv
0x00158974,src/snes9x/native_bulk_memmap.cpp,analysis/functions/native_bulk_memmap_exact_1924.tsv,_Z6is_bsxPh; 228 complete linked historical instruction bytes; remaining candidates are tracked in native_bulk_census.tsv
0x001534b8,src/snes9x/native_bulk_memmap.cpp,analysis/functions/native_bulk_memmap_exact_1924.tsv,_ZN7CMemory8SaveSRAMEPKc; 264 complete linked historical instruction bytes; remaining candidates are tracked in native_bulk_census.tsv
0x00158a58,src/snes9x/native_bulk_memmap.cpp,analysis/functions/native_bulk_memmap_exact_1924.tsv,_Z7bs_namePh; 228 complete linked historical instruction bytes; remaining candidates are tracked in native_bulk_census.tsv
0x00158b3c,src/snes9x/native_bulk_memmap.cpp,analysis/functions/native_bulk_memmap_exact_1924.tsv,_Z10check_charj; 32 complete linked historical instruction bytes; remaining candidates are tracked in native_bulk_census.tsv
0x00173dfc,src/snes9x/native_bulk_soundux.cpp,analysis/functions/native_bulk_soundux_exact_4076.tsv,_Z20S9xAPUSetEndOfSampleiP7Channel; 80 complete linked historical instruction bytes; remaining candidates are tracked in native_bulk_census.tsv
0x00173e4c,src/snes9x/native_bulk_soundux.cpp,analysis/functions/native_bulk_soundux_exact_4076.tsv,_Z13S9xAPUSetEndXi; 32 complete linked historical instruction bytes; remaining candidates are tracked in native_bulk_census.tsv
0x00173e6c,src/snes9x/native_bulk_soundux.cpp,analysis/functions/native_bulk_soundux_exact_4076.tsv,_Z13S9xSetEnvRateP7Channelmii; 184 complete linked historical instruction bytes; remaining candidates are tracked in native_bulk_census.tsv
0x00173f24,src/snes9x/native_bulk_soundux.cpp,analysis/functions/native_bulk_soundux_exact_4076.tsv,_Z18S9xSetEnvelopeRateimii; 44 complete linked historical instruction bytes; remaining candidates are tracked in native_bulk_census.tsv
0x00173f50,src/snes9x/native_bulk_soundux.cpp,analysis/functions/native_bulk_soundux_exact_4076.tsv,_Z17S9xSetSoundVolumeiss; 160 complete linked historical instruction bytes; remaining candidates are tracked in native_bulk_census.tsv
0x00173ff0,src/snes9x/native_bulk_soundux.cpp,analysis/functions/native_bulk_soundux_exact_4076.tsv,_Z18S9xSetMasterVolumess; 172 complete linked historical instruction bytes; remaining candidates are tracked in native_bulk_census.tsv
0x0017409c,src/snes9x/native_bulk_soundux.cpp,analysis/functions/native_bulk_soundux_exact_4076.tsv,_Z16S9xSetEchoVolumess; 132 complete linked historical instruction bytes; remaining candidates are tracked in native_bulk_census.tsv
0x00174204,src/snes9x/native_bulk_soundux.cpp,analysis/functions/native_bulk_soundux_exact_4076.tsv,_Z18S9xSetEchoFeedbacki; 40 complete linked historical instruction bytes; remaining candidates are tracked in native_bulk_census.tsv
0x001742e8,src/snes9x/native_bulk_soundux.cpp,analysis/functions/native_bulk_soundux_exact_4076.tsv,_Z31S9xSetFrequencyModulationEnableh; 16 complete linked historical instruction bytes; remaining candidates are tracked in native_bulk_census.tsv
0x001742f8,src/snes9x/native_bulk_soundux.cpp,analysis/functions/native_bulk_soundux_exact_4076.tsv,_Z17S9xSetSoundKeyOffi; 88 complete linked historical instruction bytes; remaining candidates are tracked in native_bulk_census.tsv
0x001744d0,src/snes9x/native_bulk_soundux.cpp,analysis/functions/native_bulk_soundux_exact_4076.tsv,_Z23S9xSetFilterCoefficientii; 148 complete linked historical instruction bytes; remaining candidates are tracked in native_bulk_census.tsv
0x00174618,src/snes9x/native_bulk_soundux.cpp,analysis/functions/native_bulk_soundux_exact_4076.tsv,_Z20S9xSetEnvelopeHeightii; 140 complete linked historical instruction bytes; remaining candidates are tracked in native_bulk_census.tsv
0x001746a4,src/snes9x/native_bulk_soundux.cpp,analysis/functions/native_bulk_soundux_exact_4076.tsv,_Z20S9xGetEnvelopeHeighti; 124 complete linked historical instruction bytes; remaining candidates are tracked in native_bulk_census.tsv
0x00174720,src/snes9x/native_bulk_soundux.cpp,analysis/functions/native_bulk_soundux_exact_4076.tsv,_Z17S9xSetSoundSampleit; 8 complete linked historical instruction bytes; remaining candidates are tracked in native_bulk_census.tsv
0x00174830,src/snes9x/native_bulk_soundux.cpp,analysis/functions/native_bulk_soundux_exact_4076.tsv,_Z16S9xSetSoundHertzii; 48 complete linked historical instruction bytes; remaining candidates are tracked in native_bulk_census.tsv
0x00174860,src/snes9x/native_bulk_soundux.cpp,analysis/functions/native_bulk_soundux_exact_4076.tsv,_Z15S9xSetSoundTypeii; 28 complete linked historical instruction bytes; remaining candidates are tracked in native_bulk_census.tsv
0x0017487c,src/snes9x/native_bulk_soundux.cpp,analysis/functions/native_bulk_soundux_exact_4076.tsv,_Z15S9xSetSoundMuteh; 28 complete linked historical instruction bytes; remaining candidates are tracked in native_bulk_census.tsv
0x0019c5cc,src/snes9x/native_bulk_snapshot.cpp,analysis/functions/native_bulk_snapshot_exact_5368.tsv,Snapshot; 28 complete linked historical instruction bytes; module-local identity and legacy symbol aliases checked independently
0x001711e8,src/snes9x/native_bulk_snapshot.cpp,analysis/functions/native_bulk_snapshot_exact_5368.tsv,S9xFreezeGame; 72 complete linked historical instruction bytes; module-local identity and legacy symbol aliases checked independently
0x00171de8,src/snes9x/native_bulk_snapshot.cpp,analysis/functions/native_bulk_snapshot_exact_5368.tsv,_Z10FreezeSizeii; 36 complete linked historical instruction bytes; module-local identity and legacy symbol aliases checked independently
0x0012d79c,src/snes9x/native_bulk_dsp1.cpp,analysis/functions/native_bulk_dsp1_exact_10892.tsv,_Z7DSPOp0Dv; 192 complete linked historical instruction bytes; module-local identity and legacy symbol aliases checked independently
0x0012d85c,src/snes9x/native_bulk_dsp1.cpp,analysis/functions/native_bulk_dsp1_exact_10892.tsv,_Z7DSPOp1Dv; 192 complete linked historical instruction bytes; module-local identity and legacy symbol aliases checked independently
0x0012d91c,src/snes9x/native_bulk_dsp1.cpp,analysis/functions/native_bulk_dsp1_exact_10892.tsv,_Z7DSPOp2Dv; 192 complete linked historical instruction bytes; module-local identity and legacy symbol aliases checked independently
0x0012d9dc,src/snes9x/native_bulk_dsp1.cpp,analysis/functions/native_bulk_dsp1_exact_10892.tsv,_Z7DSPOp03v; 192 complete linked historical instruction bytes; module-local identity and legacy symbol aliases checked independently
0x0012da9c,src/snes9x/native_bulk_dsp1.cpp,analysis/functions/native_bulk_dsp1_exact_10892.tsv,_Z7DSPOp13v; 192 complete linked historical instruction bytes; module-local identity and legacy symbol aliases checked independently
0x0012db5c,src/snes9x/native_bulk_dsp1.cpp,analysis/functions/native_bulk_dsp1_exact_10892.tsv,_Z7DSPOp23v; 192 complete linked historical instruction bytes; module-local identity and legacy symbol aliases checked independently
0x00173c24,src/snes9x/native_bulk_snapshot.cpp,analysis/functions/native_bulk_snapshot_exact_5368.tsv,_Z12S9xFixCyclesv; 108 complete linked historical instruction bytes; module-local identity and legacy symbol aliases checked independently
0x00171160,src/snes9x/native_bulk_snaporig.cpp,analysis/functions/native_bulk_snaporig_exact_3904.tsv,_Z12S9xFixCyclesv; 108 complete linked historical instruction bytes; module-local identity and legacy symbol aliases checked independently
0x0012dde0,src/snes9x/native_bulk_dsp1.cpp,analysis/functions/native_bulk_dsp1_exact_10892.tsv,_Z7DSPOp0Ev; 128 complete linked historical instruction bytes; original callbacks and readonly placement checked without relocation masks
